url,ai_class,confidence
http://asthma.bsd.uchicago.edu/sample-page/asthma/how-asthma-works,Human,100
http://blog.rismedia.com/2023/what-is-a-mortgage-and-how-does-it-work,AI,99.9
http://breastlink.com/breast-cancer-101/common-breast-problems,Human,99.9
http://degette.house.gov/issues/price-insulin,Human,99.95
http://diabetescaucus-degette.house.gov/insulin-pricing,Human,99.95
http://midwestapologetics.org/blog/support/how-weight-loss-diabetes-drugs-can-jrkl-help-control-weight-and-manage-diabetes,Human,100
http://ucnet.universityofcalifornia.edu/benefits/home-family/identity-theft-protection,Human,99.61
http://www.401khelpcenter.com/401k_education/401k_fees_and_expenses.html,Human,99.95
http://www.centralcreditregister.ie/borrower-area/start-your-application,Human,99.95
http://www.cfservicesinc.com/blog/nine-compelling-benefits-of-a-roth-ira.html,Human,99.9
http://www.cochrane.org/cd001848,Human,99.85000000000001
http://www.genesiswealth-stifel.com/social-security-understanding-spousal-benefits-divorced-spouses.htm,Human,99.66000000000001
http://www.holdenmoss.com/blogs/best-identity-theft-protection-services-for-2025--features--reviews---tips,Human,94.38
http://www.hud.gov/helping-americans/loans,Human,99.9
http://www.ontario.ca/page/how-recognize-and-protect-yourself-identity-theft,Human,99.95
http://www.osha.gov/coronavirus/control-prevention,Human,99.95
http://www.paramountlifeinsurance.com/life-insurance/how-much-does-life-insurance-cost.html,Human,100
http://www.peba.sc.gov/scrs,Human,99.51
http://www.sign.ac.uk/our-guidelines/pharmacological-management-of-migraine,Human,99.95
http://www.sikorskycu.org/checking-savings/retirement-savings,Human,99.9
http://www.wwmedgroup.com/blog/what-are-the-signs-of-a-heart-attack,Human,99.85000000000001
http://www2.harpercollege.edu/mhealy/eco211/lectures/labrmkts/unionetc.htm,Human,99.9
https://111.wales.nhs.uk/selfassessments/symptomcheckers,Human,99.95
https://24hrer.com/high-blood-pressure-risks,Human,99.95
https://401go.com/how-business-owners-can-use-a-401k-to-retire-early,AI,99.76
https://401go.com/what-does-a-new-401k-plan-actually-cost,Human,99.95
https://401kspecialistmag.com/biggest-best-401k-plan-america,Human,99.95
https://401kspecialistmag.com/how-much-americans-need-to-feel-financially-comfortable-in-2025,Human,99.95
https://4socialsecuritydisability.com/specific-impairments/depression-anxiety,Human,100
https://a1mortgage.com/what-are-the-benefits-of-having-a-mortgage,AI,73.63
https://aafa.org/asthma/asthma-symptoms,Human,99.9
https://aafa.org/asthma/asthma-treatment,Human,99.9
https://aafa.org/asthma/asthma-triggers-causes,Human,99.9
https://aafa.org/asthma/asthma-triggers-causes/air-pollution-smog-asthma,Human,99.8
https://aaronhall.com/understanding-the-trademark-registration-examination-process-2,AI,99.95
https://abc7.com/lowering-high-blood-pressure-natural-ways-medication-dr-daniel-munoz/13696730,Human,99.95
https://abcnews.go.com/business/social-security-fund-run-dry-sooner-previously-expected/story,Human,99.9
https://abcnews.go.com/health/1-3-teens-prediabetes-new-cdc-data-shows/story,Human,99.9
https://abcnews.go.com/health/expect-upcoming-cdc-vaccine-advisory-committee-meeting-rfk/story,Human,99.9
https://abcnews.go.com/politics/student-loan-interest-charges-kick-back-roughly-8/story,Human,99.9
https://abcnews4.com/news/nation-world/retirees-could-see-benefits-cut-sooner-social-security-insolvency-report-shows-medicare-government-old-age-disability-entitlements-congress-federal-debt,Human,99.46000000000001
https://abekuhl.com/5-signs-you-may-be-headed-for-divorce,Human,99.56
https://about.kaiserpermanente.org/commitments-and-impact/public-policy/our-key-issues/health-care-reform,Human,97.8
https://about.kaiserpermanente.org/expertise-and-impact/public-policy/our-key-issues/health-care-reform,Human,97.8
https://abramsinc.com/2-million-dollar-life-insurance-policy-no-exam,Human,99.76
https://acaai.org/asthma/symptoms/asthma-attack,Human,95.8
https://academic.oup.com/edrv/article-abstract/43/5/763/6511028,Human,99.9
https://acc.vn/en/is-arthritis-dangerous,Human,100
https://accelerateip.com/what-is-a-trademark-and-why-do-you-need-one,AI,100
https://accessmedicine.mhmedical.com/content.aspx,Human,99.85000000000001
https://achillesneurology.com/conditions/migraines,AI,99.95
https://aci.health.nsw.gov.au/networks/eci/clinical/tools/neurology/headache/migraine,Human,99.9
https://acsjournals.onlinelibrary.wiley.com/doi/full/10.3322/canjclin.53.4.227,Human,99.51
https://activepath.com/resources/5-benefits-of-generalized-anxiety-disorder-treatment,Human,99.9
https://ada.com/conditions/arthritis,Human,99.95
https://ada.com/conditions/migraine-headache,Human,99.9
https://ada.com/covid/covid-19-arthritis,Human,99.9
https://ada.com/covid/covid-19-symptom-diabetes,Human,99.85000000000001
https://adaa.org,Human,99.85000000000001
https://adaa.org/find-help/support/mental-health-apps,Human,99.9
https://adaa.org/learn-from-us/from-the-experts/blog-posts/consumer/panic-attack-or-heart-attack,Human,99.85000000000001
https://adaa.org/learn-from-us/from-the-experts/blog-posts/consumer/why-anxiety-should-not-be-feared,Human,99.95
https://adaa.org/living-with-anxiety/ask-and-learn/ask-expert/how-can-i-tell-if-i%e2%80%99m-having-panic-attack-or-heart-atta,Human,99.9
https://adaa.org/living-with-anxiety/managing-anxiety/exercise-stress-and-anxiety,Human,99.8
https://adaa.org/understanding-anxiety/generalized-anxiety-disorder-gad/managing-stress-and-anxiety,Human,99.9
https://adaa.org/understanding-anxiety/generalized-anxiety-disorder-gad/symptoms,Human,99.95
https://adaa.org/understanding-anxiety/panic-disorder-agoraphobia/symptoms,Human,99.9
https://addictionrehabtreatment.com/mental-health/anxiety/signs-and-symptoms-of-anxiety,Human,99.56
https://adjuvalegal.com/signs-of-divorce-warning-signs-your-marriage,Human,99.41
https://admin316.com/401k-providers-list,Human,99.41
https://admissions.uni.edu/financial-aid/financial-literacy/credit-report,Human,99.71
https://advancedcvcenter.com/panic-attack-vs-heart-attack,AI,100
https://advancedpsychiatryassociates.com/resources/blog/the-effects-of-anxiety-and-depression-on-your-physical-health,Human,99.32
https://aflcio.org/what-unions-do/social-economic-justice/minimum-wage,Human,99.95
https://afmorganlaw.com/social-security-bankruptcy,AI,99.8
https://africacdc.org/news-item/africa-cdc-weekly-brief-7-13-july-2025,AI,66.94
https://africacdc.org/news-item/africa-launches-continental-strategy-to-decentralize-diagnostics-and-accelerate-outbreak-response,Human,88.33
https://ago.wv.gov/consumerprotection/pages/identity-theft-prevention.aspx,Human,99.8
https://aidendo.com,Human,99.61
https://aihcp.net/2024/06/06/resistant-treatment-depression-innovative-methods-and-therapies,AI,100
https://albert.com/blog/what-is-identity-theft-protection,AI,100
https://albionforest.co.uk/mortgages-for-debt-consolidation,Human,99.71
https://alec.org/article/minimum-wages-benefits-many-consequences,Human,100
https://aliciaclarkpsyd.com/7-ways-anxiety-benefits-life,Human,100
https://aliciaclarkpsyd.com/defining-what-is-anxiety,Human,100
https://alignretire.com/employee-education-financial-wellness,Human,99.9
https://alivehealthstl.com/what-is-anxiety,AI,100
https://allaboutcookies.org/best-antivirus-with-firewall-protection,Human,99.46000000000001
https://allaboutcookies.org/best-identity-theft-protection-service,Human,99.76
https://allaboutcookies.org/check-your-credit-score-for-free,Human,99.8
https://allaboutcookies.org/identity-theft-prevention/best,Human,99.11999999999999
https://allaboutcookies.org/is-identity-theft-protection-worth-it,Human,91.46
https://allcarefamilymed.com/services/food-poisoning,AI,85.39999999999999
https://allergyasthmanetwork.org/health-a-z/pulmonary-hypertension,Human,99.56
https://allergyasthmanetwork.org/what-is-asthma,Human,99.61
https://allergyasthmanetwork.org/what-is-asthma/nocturnal-asthma,Human,99.46000000000001
https://americanaddictioncenters.org/alcohol/risks-effects-dangers/anxiety,Human,99.95
https://americanaddictioncenters.org/alcohol/risks-effects-dangers/depression,Human,100
https://americanaddictioncenters.org/neurontin-abuse/gabapentin-cause-withdrawal-symptoms,Human,99.8
https://americanheadachesociety.org/resources/primary-care/migraine-quick-guides,Human,99.71
https://americanheadachesociety.org/resources/primary-care/patient-guides,Human,99.9
https://americankneepaincenters.com/knee-pain-treatment,AI,100
https://americanmigrainefoundation.org/patient-guides,Human,99.66000000000001
https://americanmigrainefoundation.org/resource-library/migraine-and-stroke,Human,99.95
https://americanmigrainefoundation.org/resource-library/top-10-migraine-triggers,Human,99.9
https://americanmigrainefoundation.org/resource-library/what-is-migraine,Human,99.11999999999999
https://americanmigrainefoundation.org/resources,Human,99.11999999999999
https://americor.com/blog/glossary/what-is-a-mortgage,AI,100
https://ameriestate.com/estate-planning/wills-power-attorney,Human,99.9
https://amfmtreatment.com/what-we-treat/depression/can-depression-be-cured,Human,99.32
https://aminiconant.com/when-should-you-start-the-trademark-process,Human,99.37
https://andersonadvisors.com/blog/how-to-become-a-millionaire-through-a-roth-ira,Human,97.41
https://andersonhospital.org/news-events/news/uncontrolled-diabetes-can-affect-your-whole-body,AI,80.62
https://andrewfischerlaw.com/signs-your-marriage-may-be-headed-for-divorce,Human,63.18
https://answers.childrenshospital.org/diabetes-covid-19,Human,99.95
https://answers.justia.com/question/2023/10/03/how-do-i-trademark-a-logo-and-brand-name-982601,Human,99.51
https://anxietyunited.com/the-advantages-of-anxiety,Human,99.66000000000001
https://apers.org,Human,99.22
https://apmcounseling.org/top-5-benefits-of-therapy-for-anxiety-relief,AI,100
https://apnews.com/article/biden-insulin-prices-cap-campaign-impact-f969191c3c5178c91cc973a1b89c2200,Human,99.85000000000001
https://apnews.com/article/cdc-vaccine-advisers-covid19-rsv-a85baa8a9296fd857af5ce33ae3b6cfd,Human,99.85000000000001
https://apnews.com/article/social-security-medicare-trust-fund-trump-74e13292f510739724a555d7ded7c1a3,Human,99.85000000000001
https://apnews.com/article/student-loan-forgiveness-program-explained-d248f3b049c292856bb1c74be6aedef2,Human,99.9
https://apnews.com/article/student-loan-forgiveness-public-service-trump-145f6a07a477e5c82f4374bc89e1eea7,Human,99.85000000000001
https://apnews.com/video/army-veteran-and-us-citizen-arrested-in-california-immigration-raid-warns-it-could-happen-to-anyone-b88ed65083dd4d74ba9471af8f977314,Human,99.9
https://apprisewealth.com/news/7-benefits-of-a-roth-ira,Human,99.27
https://aragonmentalhealth.com/anxiety-harmful-health,Human,99.95
https://arapackelaw.com/trademarks/diy-trademark-lawyer,Human,99.85000000000001
https://arapackelaw.com/trademarks/how-do-trademarks-work,Human,99.07000000000001
https://arapackelaw.com/trademarks/what-does-trademark-mean,Human,99.51
https://arapc.com,Human,98.78
https://archerim.com/when-you-should-or-should-not-max-out-your-401k,Human,99.61
https://archetype.health/blogs/post/a-quick-guide-to-migraine-headaches,Human,99.56
https://archive.cdc.gov/www_cdc_gov/diabetes/library/reports/reportcard/diabetes-and-covid19.html,Human,99.17
https://archive.cdc.gov/www_cdc_gov/sixeighteen/bloodpressure/index.htm,Human,99.95
https://archivog.com/1573-3998/index,Human,99.9
https://ariglobal.com/minimizing-risks-and-disruptions-what-bankruptcy-insurance,Human,98.0
https://ariglobal.com/understanding-insolvency-risk-what-every-business-should-know,Human,97.17
https://arizonapain.com/running-with-knee-arthritis,Human,100
https://arthritis.ca/about-arthritis/arthritis-risk-factors,Human,99.9
https://arthritis.ca/about-arthritis/arthritis-types-(a-z)/types/osteoarthritis/osteoarthritis-treatment,Human,99.9
https://arthritis.ca/about-arthritis/arthritis-types-(a-z)/types/rheumatoid-arthritis/rheumatoid-arthritis-treatment-options,Human,99.9
https://arthritis.ca/about-arthritis/signs-of-arthritis,Human,99.9
https://arthritis.ca/about-arthritis/what-is-arthritis,Human,99.95
https://arthritis.ca/about-arthritis/what-is-arthritis/the-truth-about-arthritis,Human,99.9
https://arthritisandinjurycare.com/what-is-arthritis-2,Human,100
https://arthritisaustralia.com.au/what-is-arthritis/types-of-arthritis,Human,99.8
https://arthritisaustralia.com.au/what-is-arthritis/understanding-arthritis,Human,99.8
https://ascls.org/health-care-reform,Human,97.85000000000001
https://ascopubs.org/doi/10.1200/jco-25-00148,Human,99.61
https://askjan.org/disabilities/migraines.cfm,Human,99.8
https://aspr.hhs.gov/pages/home.aspx,Human,99.95
https://asthma.ca/get-help/understanding-asthma,Human,99.9
https://asthma.net/living/high-blood-pressure,Human,99.95
https://asthmapregnancytoolkit.org.au/treatable-traits/extrapulmonary/hypertension,Human,99.85000000000001
https://au.reachout.com/mental-health-issues/anxiety/what-is-anxiety,Human,99.9
https://austincardiac.com/cardiovascular-diseases/heart-attack,Human,99.56
https://australianprescriber.tg.org.au/articles/what-is-hypertension.html,Human,100
https://aviaryrecoverycenter.com/blog/alternatives-to-opioid-painkillers,Human,99.95
https://avicennacardiology.com/blog/can-anxiety-cause-high-blood-pressure,Human,97.71
https://avicennacardiology.com/blog/is-hypertension-a-cardiovascular-disease,Human,97.02
https://avicennacardiology.com/blog/normal-blood-pressure-and-a-heart-attack,Human,97.36
https://avicennacardiology.com/blog/panic-attack-vs-heart-attack,Human,96.58
https://awbfirm.com/pages/legal-guide-why-using-legalzoom-to-register-your-trademark-is-a-terrible-idea,Human,99.9
https://awealthofcommonsense.com/2024/05/is-social-security-going-bankrupt,Human,99.9
https://azbigmedia.com/business/financial-management/do-i-need-a-roth-ira,Human,96.92
https://backfithealth.com/panic-attack-vs-heart-attack-do-you-know-the-difference,Human,99.76
https://balinlaw.com/services/disabling-conditions/depression,Human,99.51
https://bankruptcyroundtable.law.harvard.edu/2022/11/15/bankruptcy-remote-structuring-reallocating-risk-through-law,Human,99.9
https://baptisthealth.net/baptist-health-news/panic-attack-symptoms-vs-heart-attack-know-the-difference,Human,99.9
https://barnesgroupbenefits.com/financial-protection/id-theft-protection,Human,100
https://bbrfoundation.org/content/recovery-story-relief-decades-treatment-resistant-depression-comes-metabolite-replacement,Human,99.95
https://bcfo.org/what-are-the-risk-factors-for-breast-cancer,Human,99.66000000000001
https://bcofa.com/medication-therapy-options-for-diabetes,Human,100
https://bcrisktool.cancer.gov,Human,99.9
https://bcrisktool.cancer.gov/calculator.html,Human,99.9
https://beckerlawllc.com/registering-a-trademark-internationally-why-registering-your-trademark-in-the-u-s-isnt-enough,Human,99.71
https://behavioralhealthnews.org/social-security-matters-major-depression-and-disability,Human,99.95
https://being.app/blog/anxiety-and-blood-pressure-everything-you-need-to-know,Human,99.9
https://bencarrascolaw.com/top-signs-you-need-a-divorce-navigating-through-relationship-red-flags,AI,100
https://benefits.carle.org/additional-benefits/identity-theft-protection,Human,99.9
https://benefits.com/social-security-disability/social-security-disability-depression-anxiety,Human,99.61
https://benefits.usg.edu/money-and-financial-protection/identity-protection,Human,99.71
https://benefitslink.com/boards/topic/19694-roth-ira,Human,100
https://benefitslink.com/boards/topic/20488-roth-ira-disadvantages,Human,100
https://benefitslink.com/boards/topic/23087-fees-for-management-of-roth-ira,Human,99.95
https://benefitslink.com/boards/topic/25089-roth-ira-fees-expense-ratios,Human,100
https://benefitslink.com/boards/topic/34518-should-i-open-a-roth-ira,Human,100
https://benefitslink.com/boards/topic/48531-401k-plan-selection,Human,99.95
https://benthamscience.com/public/journals/current-diabetes-reviews,Human,99.8
https://benthamscience.com/public/journals/current-diabetes-reviews/indexing-agencies,Human,99.76
https://berardiimmigrationlaw.com/understanding-the-key-agencies-in-u-s-immigration-department-of-state-customs-and-border-protection-and-uscis,AI,99.8
https://bestcare.org/news/know-your-numbers-high-blood-pressure-risks,Human,99.95
https://bestcompany.com/identity-theft,Human,99.9
https://bestlifeonline.com/best-time-to-take-blood-pressure-medicine,Human,99.9
https://bestpractice.bmj.com/topics/en-gb/203,Human,99.02
https://bestpractice.bmj.com/topics/en-us/203,Human,99.07000000000001
https://besttrademarkservices.com/read-more/1,AI,100
https://bettermoneyhabits.bankofamerica.com/en/credit/how-credit-score-is-calculated,Human,99.9
https://bettermoneyhabits.bankofamerica.com/en/home-ownership/how-credit-affects-mortgage-rate,Human,99.9
https://bettermoneyhabits.bankofamerica.com/en/retirement/401k-benefits-and-information,Human,99.95
https://beyondtype1.org/diabetes-access-survey-costs,Human,99.8
https://bhba.org/cle/the-u-s-immigration-system-in-a-nutshell,Human,99.76
https://bidenwhitehouse.archives.gov/publicserviceloanforgiveness,Human,99.95
https://bigapollospectra.com/blog/silent-heart-attack-vs-panic-attack-identify-the-warning-signs,Human,99.95
https://bigfuture.collegeboard.org/pay-for-college/get-help-paying-for-college/college-loans/what-are-federal-student-loans,Human,99.95
https://biomedpharmajournal.org/vol16no2/gestational-diabetes-a-review,Human,98.97
https://bizee.com/articles/business-management/how-to-use-trademarks,AI,96.0
https://bjsm.bmj.com/content/57/18/1203,Human,99.76
https://blink.ucsd.edu/technology/security/identity-theft/index.html,Human,98.49
https://blog.cefaly.com/migraine-101-glossary,Human,100
https://blog.defend-id.com/2025/03/04/identity-theft-protection-employee-benefit-2,AI,99.95
https://blog.earkick.com/3-reasons-why-anxiety-is-good,Human,100
https://blog.harvardfcu.org/the-costs-of-a-low-credit-score,Human,100
https://blog.mainstaytherapy.com/2019/12/the-benefits-of-anxiety.html,Human,100
https://blog.marble.co/immigration/how-the-immigration-system-works,Human,100
https://blog.massmutual.com/insurance/life-insurance-cost,Human,99.9
https://blog.massmutual.com/planning/401k-definition-and-basics,Human,99.95
https://blog.massmutual.com/planning/what-divorcees-should-consider-when-filing-for-social-security,Human,99.9
https://blog.mdpi.com/2022/10/10/hidden-benefits-anxiety,Human,99.32
https://blog.mercy.com/anxiety-definition-signs-symptoms,Human,99.85000000000001
https://blog.morethanpayroll.com/blog/what-is-a-401k-and-how-does-it-work,AI,99.95
https://blog.ochsner.org/articles/9-warning-signs-of-a-heart-attack-from-your-body-a-month-before,Human,99.9
https://blog.ochsner.org/articles/is-your-arm-pain-a-sign-of-a-heart-attack,Human,99.9
https://blog.prismahealth.org/what-are-the-symptoms-of-a-heart-attack,Human,100
https://blog.prismahealth.org/what-increases-my-breast-cancer-risk,Human,100
https://blog.ssa.gov/do-you-qualify-for-social-security-spouses-benefits-2,Human,99.95
https://blog.turbotax.intuit.com/health-care/healthcare-reform-glossary-key-terms-explained-13100,Human,99.37
https://blog.virginiacancer.com/how-breast-cancer-treatment-has-become-more-conservative-and-effective,Human,99.85000000000001
https://blog.walgreens.com/health/heart-health/heart-attack-causes-symptoms-treatments-and-prevention.html,Human,97.89999999999999
https://blog.walgreens.com/health/heart-health/heart-disease-information.html,Human,98.63
https://blogs.wysa.io/blog/self/dealing-with-anxiety-everyday-tips,Human,99.95
https://bltg-ip.com/7-tips-for-hiring-a-professional-trademark-attorney,Human,99.95
https://bluenethospitals.com/health-library/heart-attack,Human,99.8
https://bmbhspsych.com/facts/how-does-anxiety-affect-your-daily-life-insights-and-solutions,AI,100
https://bmcendocrdisord.biomedcentral.com/articles/10.1186/s12902-025-01997-y,Human,82.23
https://bmcgeriatr.biomedcentral.com/articles/10.1186/s12877-025-06204-0,Human,99.51
https://bmcprimcare.biomedcentral.com/articles/10.1186/s12875-021-01445-5,Human,99.95
https://bmcprimcare.biomedcentral.com/articles/10.1186/s12875-024-02277-9,Human,99.95
https://bmcpsychology.biomedcentral.com/articles/10.1186/s40359-025-02815-9,Human,100
https://bmcwomenshealth.biomedcentral.com/articles/10.1186/s12905-025-03887-w,Human,99.17
https://bnd.nd.gov/studentloanportal,Human,99.9
https://bnf.nice.org.uk/drugs/propranolol-hydrochloride,Human,99.95
https://bnf.nice.org.uk/treatment-summaries/type-2-diabetes,Human,99.95
https://boiseketamineclinic.com/can-depression-be-cured,AI,100
https://boisestate.pressbooks.pub/buslaw/chapter/secured-transactions-and-bankruptcy,Human,99.56
https://bolster.ai/glossary/brand-protection-agency,AI,100
https://boomerretirementbriefs.com/social-security-not-going-bankrupt-2,Human,100
https://bostonbar.org/journal/stay-alert-tips-for-dealing-with-bankruptcy-issues-in-civil-litigation,Human,94.58
https://bpac.org.nz/2021/diabetes-review.aspx,Human,99.95
https://bpincontrol.in/causes-of-high-blood-pressure/connection-between-asthma-and-bp,Human,99.9
https://brainhealthusa.com/the-benefits-of-anxiety-and-anxiousness,Human,99.95
https://brainly.com/question/14813614,Human,99.95
https://bramlettpartners.com/blog/what-is-a-mortgage-home-loan-basics-for-beginners,Human,99.95
https://breast-cancer-research.biomedcentral.com/articles/10.1186/s13058-025-02061-2,Human,99.8
https://breastcancernow.org/about-breast-cancer/awareness/breast-cancer-in-families/family-history-assessing-your-breast-cancer-risk,Human,99.51
https://breastcancernow.org/about-breast-cancer/awareness/breast-cancer-risk-factors-and-causes,Human,99.71
https://breastcancernow.org/about-breast-cancer/awareness/signs-and-symptoms-of-breast-cancer,Human,99.95
https://breastcancernow.org/about-breast-cancer/diagnosis/primary-breast-cancer-prognosis,Human,99.56
https://breastcancernow.org/about-breast-cancer/secondary-breast-cancer/secondary-breast-cancer-symptoms,Human,99.32
https://breeze-wellbeing.com/blog/anxiety,Human,99.8
https://brianjacobstherapy.com/blog/5-symptoms-of-anxiety-and-how-to-treat-it,Human,99.85000000000001
https://broadleafresults.com/blog/trends/the-impact-of-minimum-wage-increases-on-the-economy-and-labor-market,Human,98.92999999999999
https://brownfirm.law/practice-areas/estate-planning/last-will-and-testament,AI,100
https://buddypunch.com/blog/pros-and-cons-of-raising-the-minimum-wage,AI,99.9
https://budget.house.gov/press-release/social-security-and-medicare-continue-on-path-to-insolvency-trustees-confirm,Human,99.9
https://builtin.com/company-culture/companies-with-best-401k-match,Human,99.85000000000001
https://busamed.co.za/articles/long-term-effects-of-unmanaged-hypertension,AI,100
https://business.phila.gov/register-a-trademark,Human,100
https://businesscreditreports.com/pricing,Human,95.89999999999999
https://businessservices.wisc.edu/accounting/tax-compliance-and-reporting/nonresident-aliens,Human,100
https://buythenbuild.com/real-risk-buying-businesses,Human,100
https://byjus.com/biology/hypertension,Human,99.9
https://cahealthadvocates.org/health-care-reform,Human,99.51
https://calahealth.com/tremor-resources/general-tremor/anxiety-tremors-and-shaky-hands,Human,99.95
https://californiafamilylawgroup.com/blog/5-signs-its-time-to-get-a-divorce,Human,99.51
https://calmatters.org/economy/2025/07/immigration-raids-california-jobs,Human,99.9
https://calmatters.org/health/2025/07/student-loan-foregiveness-trump-bill,Human,99.95
https://calmerry.com/blog/anxiety/panic-attack-vs-heart-attack,AI,87.45
https://calusarecovery.com/blog/panic-attack-vs-heart-attack,Human,95.41
https://cam.cochrane.org/diabetes,Human,99.95
https://cancer.ca/en/cancer-information/cancer-types/breast/prognosis-and-survival,Human,99.9
https://cancer.ca/en/cancer-information/cancer-types/breast/risks,Human,99.8
https://cancer.ca/en/cancer-information/cancer-types/breast/signs-and-symptoms,Human,80.81
https://cancer.stonybrookmedicine.edu/breast-cancer-team/typesofbreastcancer,Human,99.37
https://canceronco.com/blogs/symptoms-of-breast-cancer,AI,100
https://cannondisability.com/blog/disability-benefits-for-depression-listing-12-04,Human,99.46000000000001
https://capstonelegalstrategies.com/what-to-know-about-trademark-registration-and-protection,Human,99.85000000000001
https://capstonewealthpartners.com/how-does-student-loan-forgiveness-work,Human,100
https://cardinalatwork.stanford.edu/benefits-rewards/health-life-plans/optional-benefits/identity-theft-protection,Human,99.37
https://cardinalatwork.stanford.edu/benefits-rewards/sweeteners/identity-theft-protection-services,Human,99.22
https://cardiocarellc.com/blog/blood-pressure-management-during-pregnancy-preventing-complications-now-and-reducing-future-cardiac-risk,Human,99.85000000000001
https://cardiologycare.nyc/blog/panic-attack-vs-heart-attack,Human,99.46000000000001
https://carry.com/learn/companies-with-biggest-401k-employer-match,Human,99.85000000000001
https://carry.com/learn/comparing-solo-401k-providers,Human,99.95
https://carry.com/learn/solo-401k-plan-cost,Human,99.9
https://carry.com/learn/what-is-a-401k,Human,99.85000000000001
https://caveylaw.com/medical-conditions/social-security-disability/depression,Human,99.8
https://ccvna.com/major-heart-attack-symptoms,Human,99.11999999999999
https://cdphe.colorado.gov/covid-19,Human,99.51
https://celiac.org/about-celiac-disease/what-is-celiac-disease,Human,99.02
https://central-scholarship.org/blog/whats-the-deal-with-student-loan-forgiveness,Human,99.95
https://centricbh.com/can-anxiety-cause-high-blood-pressure,Human,99.95
https://centromedicoabc.com/en/digital-magazine/what-is-hypertension,Human,99.07000000000001
https://cesphn.org.au/news/diabetes,Human,98.58
https://championsmortgageteam.com/uncategorized/benefits-of-mortgage-loan-you-should-know,AI,100
https://championsmortgageteam.com/uncategorized/mortgage-loan-advantages-you-should-know-about,AI,100
https://charlestonallergy.com/what-are-inhalers-how-do-they-work,Human,99.95
https://choosefi.com/review/vanguard-review,Human,99.41
https://choosepremiere.com/benefits-of-a-mortgage,Human,93.51
https://christopherboonemd.com/blog/5-effective-treatments-for-osteoarthritis,Human,99.61
https://citizenpath.com/form-i-864-guide,Human,99.85000000000001
https://civicfcu.org/insure/life-insurance/whole-life-insurance,Human,99.85000000000001
https://clario.co/blog/identity-theft-protection-services,Human,99.76
https://clark.com/personal-finance-credit/investing-retirement/how-much-should-your-401k-cost,Human,99.61
https://clark.com/personal-finance-credit/investing-retirement/know-your-401k-fees,Human,99.71
https://clearsurance.com/blog/how-much-does-life-insurance-cost,Human,97.36
https://cleartax.in/s/trademark,Human,99.41
https://cleartax.in/s/trademark-registration-procedure-india,Human,99.71
https://clearwaypain.com/what-exactly-is-arthritis,Human,99.95
https://clinicalinfo.hiv.gov/en/glossary/hypertension,Human,89.99000000000001
https://cmdocdestruction.com/top-identity-fraud-protection-services-reviewed,AI,100
https://cmgnewyork.com/blogs/insights/understanding-federal-student-loan-repayment,Human,99.71
https://coincodecap.com/best-identity-theft-protection-services,Human,98.05
https://college-ic.ca,Human,99.61
https://colonialpenn.com,Human,99.71
https://columbialawreview.org/content/fake-trademark-specimens-an-empirical-analysis,Human,99.8
https://commonslibrary.parliament.uk/research-briefings/cbp-10267,Human,99.95
https://commonwealthbeacon.org/opinion/the-cost-of-insulin-is-skyrocketing,Human,99.76
https://community.aafa.org/db/ask-the-allergist/record/is-asthma-related-to-high-blood-pressure,Human,99.56
https://community.carta.com/discussion/recommendations-for-401k-providers-1,Human,99.9
https://community.debtcollective.org/t/looking-for-guidance-on-group-initiatives-to-forgive-student-loan-debt/5583,AI,99.95
https://community.patient.info/t/anxiety-and-high-blood-pressure/563504,Human,100
https://community.patient.info/t/anxiety-meds-thoughts-opinions/582392,Human,100
https://community.patient.info/t/anxiety-symptoms-side-effects/599646,Human,100
https://community.patient.info/t/high-blood-pressure-and-anxiety/399063,Human,100
https://community.patient.info/t/what-are-anxiety-disorders-risk-factors-and-triggers/775235,Human,100
https://community.patient.info/t/what-are-the-early-signs-of-diabetes/712551,Human,100
https://community.personalfinanceclub.com/t/roth-ira-question-related-to-fees/1231/1,Human,99.95
https://communityinvestment.lacity.gov/student-debt-relief-and-loan-forgiveness,Human,99.61
https://comparelegalforms.com/trademark-engine-review,Human,99.95
https://compassionbehavioralhealth.com/the-link-between-anxiety-disorder-and-sleep-problems,Human,97.46000000000001
https://connect.mayoclinic.org/discussion/anxiety-12,Human,100
https://connect.mayoclinic.org/discussion/diet-woes-too-much-conflicting-diets,Human,99.95
https://connect.mayoclinic.org/discussion/what-is-your-experience-with-anxiety,Human,99.95
https://consensus.app/home/blog/topic-review-anxiety,Human,100
https://consultqd.clevelandclinic.org/effects-of-covid-19-on-blood-sugar-and-type-2-diabetes,Human,99.9
https://consumer.ftc.gov/articles/credit-freeze-or-fraud-alert-whats-right-your-credit-report,Human,97.31
https://consumer.ftc.gov/articles/credit-scores,Human,99.46000000000001
https://consumer.ftc.gov/articles/free-credit-reports,Human,99.56
https://consumer.ftc.gov/articles/how-get-out-debt,Human,99.56
https://consumer.ftc.gov/articles/reverse-mortgages,Human,99.46000000000001
https://consumer.ftc.gov/articles/what-know-about-identity-theft,Human,99.51
https://consumer.ftc.gov/articles/what-know-about-medical-identity-theft,Human,99.46000000000001
https://consumer.ftc.gov/consumer-alerts/2021/09/ftc-warns-diabetes-treatment-sellers-cease-and-desist-questionable-claims,Human,99.66000000000001
https://consumer.ftc.gov/features/identity-theft,Human,99.51
https://consumer.gov/credit/your-credit-history-explained,AI,97.56
https://consumer.gov/scams-identity-theft/identity-theft-protect-yourself,Human,99.85000000000001
https://content.ces.ncsu.edu/the-last-will-and-testament-a-primer,Human,99.85000000000001
https://content.naic.org,Human,99.41
https://content.naic.org/healthcare-reform,Human,97.56
https://contentcatnip.com/2025/04/09/book-review-anxiety-rx-by-dr-russell-kennedy,Human,100
https://contextualconsulting.co.uk/knowledge/mental-health/anxiety-and-act,AI,99.76
https://continentalhospitals.com/blog/silent-signs-of-a-heart-attack-dont-ignore-these-symptoms,AI,100
https://corewellhealth.org/care-and-specialties/heart-and-vascular/heart-attack,Human,98.54
https://coronavirus.health.ny.gov/home,Human,99.71
https://corporatefinanceinstitute.com/resources/commercial-real-estate/mortgage,Human,99.41
https://corporatefinanceinstitute.com/resources/wealth-management/roth-ira,Human,99.46000000000001
https://cortesimmigration.com/temporary-visa-to-us-citizenship-path-permanent-residency,AI,100
https://counselforcreators.com/log/trademark-registration-process,Human,100
https://covid19.ncdhhs.gov/newdate,Human,99.9
https://cpi-pain.com/your-need-to-know-guide-to-managing-migraines,Human,99.95
https://cpr1.com/food-poisoning-treatment,Human,96.73
https://cpraedcourse.com/blog/warning-signs-of-a-heart-attack,AI,84.23
https://creakyjoints.org/education/arthritis/symptoms,Human,99.07000000000001
https://creakyjoints.org/living-with-arthritis/symptoms/arthritis-in-hands,Human,99.61
https://creakyjoints.org/patientguidelines/guide-to-managing-migraine-disease,Human,99.9
https://creativeplanning.com/insights/financial-planning/forces-shaping-retirement,Human,98.58
https://credit.org,Human,99.95
https://crownschool.uchicago.edu/news-events/magazine/evolution-health-care-reform,Human,99.46000000000001
https://crownschool.uchicago.edu/student-life/advocates-forum/minimum-wage-and-means-tested-benefits-raising-wage-and-raising,Human,99.27
https://ctstate.edu/admissions-registration/financial-aid,Human,99.8
https://cupe.ca/five-reasons-higher-minimum-wage-helps-us-all,Human,99.76
https://cvgcares.com/what-is-hypertension,Human,99.85000000000001
https://cyber.harvard.edu/metaschool/fisher/domain/tm.htm,Human,99.95
https://cyberinsider.com/identity-theft-protection,Human,99.17
https://cyberinsider.com/identity-theft-protection/reviews/lifelock,Human,98.54
https://cybernews.com/identity-theft-protection/business,Human,99.95
https://cyprusjmedsci.com/articles/a-review-are-some-diet-models-beneficial-or-harmful-for-type-ii-diabetes-mellitus/cjms.2023.2023-9,Human,99.9
https://danversdocs.com/the-causes-and-dangers-of-high-blood-pressure,Human,99.9
https://datcp.wi.gov/pages/programs_services/identitytheft.aspx,Human,99.46000000000001
https://dbtofsouthjersey.com/anxiety,AI,77.98
https://dechtmanwealth.com/insights/blog/the-benefits-of-a-roth-ira,Human,99.95
https://definiti.com,Human,99.9
https://delacerdateam.com/advantages-and-disadvantages-of-the-mortgage-loan,Human,99.95
https://demanddeborah.org/articles/what-is-a-heart-attack,Human,98.97
https://democrats-edworkforce.house.gov/download/fact-sheet-raising-the-minimum-wage-is-good-for-workers-business-and-the-economy-,Human,97.17
https://democrats-edworkforce.house.gov/media/press-releases/democrats-experts-small-business-owners-highlight-economic-benefits-of-raising-the-minimum-wage-at-forum,Human,99.95
https://department.va.gov/privacy/identity-theft,AI,57.08
https://depression.informedchoices.ca/understanding-depression/what-happens-to-depression-without-treatment,Human,99.95
https://dfi.wa.gov/section-main-pages/how-reverse-mortgages-work,Human,99.85000000000001
https://diabetes.jmir.org/themes/440,Human,97.95
https://diabetes.org,Human,99.76
https://diabetes.org/about-diabetes/complications,Human,99.76
https://diabetes.org/about-diabetes/type-2,Human,99.71
https://diabetes.org/about-diabetes/warning-signs-symptoms,Human,99.71
https://diabetes.org/diabetes-financial-impact/manage-diabetes-care-costs,Human,99.76
https://diabetes.org/diabetes-risk-test,Human,99.95
https://diabetes.org/getting-sick-with-diabetes/coronavirus-covid-19/covid-19-faq,Human,99.76
https://diabetes.org/getting-sick-with-diabetes/coronavirus-covid-19/how-coronavirus-impacts-people-with-diabetes,Human,99.66000000000001
https://diabetes.org/health-wellness/medication-treatments,Human,99.61
https://diabetes.org/health-wellness/medication/oral-other-injectable-diabetes-medications,Human,99.76
https://diabetes.org/newsroom/press-releases/american-diabetes-association-releases-standards-care-diabetes-2025,Human,99.71
https://diabetes.org/newsroom/press-releases/new-american-diabetes-association-report-finds-annual-costs-diabetes-be,Human,99.95
https://diabetes.org/tools-resources/affordable-insulin,Human,99.8
https://diabetes.org/tools-resources/affordable-insulin/state-insulin-copay-caps,Human,99.71
https://diabetesatlas.org,Human,99.07000000000001
https://diabetesjournals.org/care/article/26/3/725/29197/the-diabetes-risk-scorea-practical-tool-to-predict,Human,99.61
https://diabetesonthenet.com/journal-diabetes-nursing/the-diabetes-review-a-guide-to-the-basics-updated-december-2020,Human,100
https://diabetesvoice.org/en/news/usa-still-no-clarity-on-rising-insulin-costs,Human,100
https://diabetologia-journal.org/reviews,Human,99.9
https://diatribe.org/understanding-diabetes/diabetes-and-health-complications-what-know-what-do-what-ask,Human,99.61
https://dictionary.cambridge.org/us/dictionary/english/immigration,Human,99.85000000000001
https://dictionary.cambridge.org/us/dictionary/english/last-will-and-testament,Human,99.9
https://dictionary.nolo.com/last-will-and-testament-term.html,Human,99.85000000000001
https://digital.gov/resources/u-s-trademark-law,Human,99.76
https://digitalcommons.iwu.edu/cgi/viewcontent.cgi,Human,98.58
https://digitalcommons.law.seattleu.edu/sulr/vol34/iss4/11,Human,99.8
https://direct.healthcare/blog/your-guide-to-relief-and-treatment-of-migraines,AI,100
https://directedira.com/pricing-and-forms,Human,99.85000000000001
https://disabilityassociates.com/social-security-disability-benefits-for-anxiety-and-depression,AI,100
https://disabilitydenials.com/blog/adrenal-gland-disorders-ssdi-benefits,Human,99.9
https://disabilitydenials.com/faqs/is-depression-a-disability,Human,95.30999999999999
https://disabilityhelpgroup.com/depression-qualifications-for-ssd,Human,99.85000000000001
https://disabilityhelpgroup.com/ssdi-qualifying-for-benefits,Human,93.36
https://disabilitylawfirm.com/practice-areas/disability-law/california-social-security-act-depression-and-anxiety-lawyer-downey,Human,99.27
https://disabilitylawgroup.com/blog/mental-health-and-ssdi-how-depression-and-anxiety-can-qualify-you-for-disability-benefits,AI,98.54
https://discoverymood.com/conditions/depression,Human,100
https://discuss.clearancejobsblog.com/t/high-risk-public-trust-chapter-13-bankruptcy/5009,Human,100
https://discussions.apple.com/thread/254880074,Human,99.8
https://districtfa.com/resources/how-a-backdoor-roth-ira-can-cost-you-money,Human,100
https://divorce.com/blog/signs-of-divorce,Human,99.95
https://dmh.lacounty.gov/about/healthcare-reform,Human,98.83
https://dmv.colorado.gov/change-your-name-your-credential,Human,99.9
https://dmv.nv.gov/realid.htm,Human,99.95
https://dmv.ny.gov/driver-license/change-information-on-dmv-photo-documents,Human,99.95
https://dodgeandcox.com/individual-investor/us/en/resources/traditional-vs-roth-iras.html,Human,99.37
https://dofi.ibz.be/en,Human,98.88
https://doh.wa.gov,Human,99.27
https://doh.wa.gov/emergencies/covid-19/masks-and-face-coverings,Human,99.27
https://doh.wa.gov/public-health-provider-resources/healthcare-reform,Human,99.37
https://doh.wa.gov/you-and-your-family/illness-and-disease-z/heart-disease/heart-attack,Human,99.41
https://doh.wa.gov/you-and-your-family/illness-and-disease-z/heart-disease/heart-attack/stroke-and-heart-attack-signs-and-symptoms-multiple-languages,Human,99.56
https://doi.nv.gov/healthcare-reform,Human,100
https://dol.ny.gov/minimum-wage-0,Human,99.85000000000001
https://dol.ny.gov/public-student-loan-forgiveness,Human,99.95
https://dontpanicdothis.com/benefits-of-anxiety,Human,99.66000000000001
https://dor.mo.gov/driver-license/issuance/id-requirements.html,Human,98.97
https://dos.ny.gov/check-your-credit-reports-regularly-free,Human,99.95
https://dos.ny.gov/identity-theft-prevention-and-mitigation-program,Human,99.95
https://dos.ny.gov/protecting-yourself-identity-theft,Human,99.95
https://doyledivorcelaw.com/blog/warning-signs-might-headed-divorce,Human,99.8
https://dph.georgia.gov,Human,99.76
https://dph.illinois.gov,Human,99.95
https://dph.illinois.gov/topics-services/diseases-and-conditions/heart-stroke/heart-attack.html,Human,98.92999999999999
https://dr-rameez88.medium.com/does-anxiety-increase-blood-pressure-89eca8b22722,AI,100
https://drannbuscho.com/signs-that-your-partner-may-want-a-divorce,Human,100
https://drburkeortho.com/can-arthritis-kill-you,AI,100
https://drburkeortho.com/understand-the-dangers-of-untreated-arthritis-pain,Human,99.95
https://drc.bmj.com,Human,99.76
https://drdisabilitylaw.com/types-of-impairments/depression,Human,97.71
https://drexel.edu/hunger-free-center/research/briefs-and-reports/minimum-wage-is-not-enough,Human,99.11999999999999
https://drgooddeed.com/blog/arthritis-how-it-affects-you,Human,99.9
https://drhipandknee.com/what-is-arthritis,Human,99.95
https://drjayanam.com/blogs/breast-cancer-treatment-without-surgeries,Human,99.95
https://drjayanam.com/blogs/is-stage-2-breast-cancer-curable,Human,100
https://drvijaykaranreddy.com/blog/is-breast-cancer-100-curable,AI,100
https://early-bird.msudenver.edu/know-your-benefits-protect-sensitive-information-with-discounted-legal-and-identity-theft-services,Human,99.95
https://easydrugcard.com/healthy-living-tips-blog/conditions/food-poisoning-symptoms-and-treatment,Human,99.9
https://econofact.org/who-benefits-from-a-higher-minimum-wage,Human,99.95
https://ed.ted.com/lessons/how-does-asthma-work-christopher-e-gaw/digdeeper,Human,99.95
https://edinburghtherapyservice.com/blog/depression-red-flags,AI,99.95
https://edisonhhc.com/prescription-medication-for-arthritis,Human,100
https://education.savvymoney.com/savvymoney-daily/what-you-need-to-know-about-student-loan-forgiveness,Human,99.95
https://educationhub.blog.gov.uk/2023/03/get-the-facts-on-student-loans,Human,100
https://educounting.com/how-does-a-mortgage-work,AI,100
https://eforms.com/wills,Human,99.85000000000001
https://eftsure.com/blog/finance-glossary/what-is-identity-theft-protection,Human,99.46000000000001
https://eghealthcare.net/5-risks-associated-with-joint-pain,Human,99.41
https://elitekingwood.com/high-blood-pressure-risks,Human,99.95
https://elpis-healthcare.com/blogs/does-anxiety-cause-high-blood-pressure,Human,99.85000000000001
https://emedicine.medscape.com/article/1142556-guidelines,Human,97.85000000000001
https://emedicine.medscape.com/article/1142556-overview,Human,98.29
https://emedicine.medscape.com/article/117853-treatment,Human,98.14
https://emedicine.medscape.com/article/175569-medication,Human,97.56
https://emedicine.medscape.com/article/175569-overview,Human,99.71
https://emedicine.medscape.com/article/241381-guidelines,Human,97.27
https://emedicine.medscape.com/article/241381-overview,Human,96.92
https://emedicine.medscape.com/article/286759-treatment,Human,99.22
https://emedicine.medscape.com/article/296301-overview,Human,98.39
https://employees.usc.edu/benefits-perks/retirement-benefits/retirement-provider-comparison,Human,99.9
https://employer.ilsecurechoice.com/illinoisertpl/auth/sessioncreate/viewcollectemplogin.cs,Human,99.95
https://empower-breast.com/patient-portal,Human,92.63
https://en.wikipedia.org/wiki/401(k),Human,99.66000000000001
https://en.wikipedia.org/wiki/adultery,Human,98.88
https://en.wikipedia.org/wiki/anxiety,Human,92.86999999999999
https://en.wikipedia.org/wiki/anxiety_disorder,Human,97.85000000000001
https://en.wikipedia.org/wiki/arthritis,Human,95.7
https://en.wikipedia.org/wiki/asthma,Human,98.72999999999999
https://en.wikipedia.org/wiki/bankruptcy_risk_score,Human,99.9
https://en.wikipedia.org/wiki/breast_cancer,Human,98.1
https://en.wikipedia.org/wiki/cardiac_asthma,Human,99.95
https://en.wikipedia.org/wiki/cardiovascular_disease,Human,97.66
https://en.wikipedia.org/wiki/ciguatera_fish_poisoning,Human,98.63
https://en.wikipedia.org/wiki/complications_of_diabetes,Human,99.8
https://en.wikipedia.org/wiki/credit_score,Human,99.41
https://en.wikipedia.org/wiki/credit_score_in_the_united_states,Human,99.9
https://en.wikipedia.org/wiki/depression_in_childhood_and_adolescence,Human,99.85000000000001
https://en.wikipedia.org/wiki/diabetes,Human,98.34
https://en.wikipedia.org/wiki/escitalopram,Human,97.61
https://en.wikipedia.org/wiki/generalized_anxiety_disorder,Human,96.48
https://en.wikipedia.org/wiki/headache,Human,98.34
https://en.wikipedia.org/wiki/health_care_reform,Human,99.85000000000001
https://en.wikipedia.org/wiki/healthcare_reform_in_the_united_states,Human,99.95
https://en.wikipedia.org/wiki/heart_failure,Human,98.1
https://en.wikipedia.org/wiki/high-risk_pregnancy,Human,99.85000000000001
https://en.wikipedia.org/wiki/history_of_depression,Human,99.95
https://en.wikipedia.org/wiki/hypertension,Human,97.22
https://en.wikipedia.org/wiki/identity_theft,Human,99.46000000000001
https://en.wikipedia.org/wiki/immigration,Human,94.87
https://en.wikipedia.org/wiki/immigration_law,Human,98.78
https://en.wikipedia.org/wiki/immigration_policy_of_the_united_states,Human,99.9
https://en.wikipedia.org/wiki/index_fund,Human,99.56
https://en.wikipedia.org/wiki/invasive_carcinoma_of_no_special_type,Human,99.66000000000001
https://en.wikipedia.org/wiki/labile_hypertension,Human,100
https://en.wikipedia.org/wiki/major_depressive_disorder,Human,98.29
https://en.wikipedia.org/wiki/migraine,Human,94.97
https://en.wikipedia.org/wiki/minimum_wage,Human,99.17
https://en.wikipedia.org/wiki/mortgage,Human,97.95
https://en.wikipedia.org/wiki/mortgage_law,Human,97.41
https://en.wikipedia.org/wiki/myocardial_infarction,Human,98.05
https://en.wikipedia.org/wiki/osteoarthritis,Human,97.46000000000001
https://en.wikipedia.org/wiki/panic_attack,Human,98.88
https://en.wikipedia.org/wiki/panic_disorder,Human,99.41
https://en.wikipedia.org/wiki/rheumatoid_arthritis,Human,96.63000000000001
https://en.wikipedia.org/wiki/risk_factors_for_breast_cancer,Human,99.51
https://en.wikipedia.org/wiki/s%26p_500,Human,99.8
https://en.wikipedia.org/wiki/student_loan,Human,99.51
https://en.wikipedia.org/wiki/student_loans_in_the_united_states,Human,99.9
https://en.wikipedia.org/wiki/trademark,Human,99.02
https://en.wikipedia.org/wiki/type_2_diabetes,Human,97.95
https://en.wikipedia.org/wiki/will_and_testament,Human,98.92999999999999
https://encorefiduciary.com/the-big-change-in-the-401k-averages-book-recordkeeping-statistics,Human,99.07000000000001
"https://encyclopedia.nm.org/conditions/diabetes/85,p00330",Human,98.39
"https://encyclopedia.nm.org/library/diseasesconditions/adult/85,p00787",Human,98.63
https://equitablegrowth.org/raising-minimum-wage-ripples-workforce,Human,99.32
https://equitablegrowth.org/the-consequences-of-higher-labor-standards-in-full-service-restaurants,Human,99.8
https://equitablegrowth.org/the-importance-of-raising-the-minimum-wage-to-boost-broad-based-u-s-economic-growth,Human,99.37
https://erdemhospital.com/blog/4-heart-attack-symptoms,Human,99.95
https://erikabotha.com/blog/15-signs-your-marriage-is-headed-toward-divorce,AI,100
https://erofdallastx.com/blog/a-complete-guide-for-migraine-causes-and-treatment,Human,95.21
https://eruc.riverview.org/2021/11/20/food-poisoning-treatment-er-or-urgent-care,Human,99.95
https://erwealth.com/podcastblog/what-are-the-benefits-of-a-roth-ira,Human,99.9
https://eschooltoday.com/heart-disease-basics/what-is-a-heart-attack.html,Human,100
https://esquiretrademarks.com/trademark-process,Human,100
https://estateplanningattorney-claremont.com/m.wills-and-trusts-lawyer.html,Human,99.95
https://euc.ufhealthjax.org/blog/2022/november/food-poisoning-treatment-er-or-urgent-care-,Human,98.44000000000001
https://europa.eu/youreurope/business/running-business/intellectual-property/trade-marks/index_en.htm,Human,99.76
https://evansmedicalgroup.com/understanding-arthritis,AI,100
https://everfi.com/blog/workplace-training/how-minimum-wage-increases-affect-all-employees-pay,Human,99.9
https://everytexan.org/our-work/policy-areas/health-care/health-insurance-coverage/aca-healthcare-reform,Human,99.95
https://executiveheadlines.com/cyber-security/best-identity-theft-protection-services,Human,99.17
https://explorable.com/e/physical-psychological-risks-of-anxiety,Human,99.71
https://expresserabilene.com/blog/heart-attack-vs-severe-anxiety-key-differences,AI,100
https://expresserabilene.com/blog/what-effects-does-hypertension-have-on-your-body,Human,99.9
https://extension.okstate.edu/fact-sheets/transitioning-through-divorce-the-six-types-of-divorce.html,Human,99.46000000000001
https://factcheck.afp.com/doc.afp.com.36ff6qj,Human,99.61
https://facty.com/conditions/arthritis/10-symptoms-of-arthritis,Human,99.37
https://facty.com/conditions/cancer/10-symptoms-of-breast-cancer,Human,99.37
https://fairwaydivorce.com/resources/blog/8-warning-signs-of-divorce,Human,99.95
https://familydoctor.org/condition/food-poisoning,Human,99.76
https://familydoctor.org/condition/heart-attack,Human,99.37
https://familydoctor.org/condition/high-blood-pressure,Human,99.46000000000001
https://familydoctor.org/condition/migraine,Human,99.02
https://famli.colorado.gov/individuals-and-families/how-famli-works/how-famli-leave-can-be-used,Human,99.22
https://faq.usps.com/s/article/at-home-covid-19-test-kits,Human,97.17
https://farzadlaw.com/signs-you-are-ready-for-divorce,Human,100
https://fastercapital.com/topics/how-do-index-funds-work.html,Human,100
https://fedscoop.com/irss-data-sharing-deal-with-ice-will-lead-to-dangerous-mistakes-digital-rights-group-argues,Human,99.9
https://ffbenefits.ffga.com/laporteisd/identity-theft,Human,99.8
https://fherehab.com/anxiety/signs-symptoms,Human,99.71
https://fibrecu.com/accounts/savings/all-savings-accounts/roth-ira,AI,71.44
https://ficoforums.myfico.com/t5/general-credit-topics/best-identity-theft-protection-insurance/td-p/5054817,Human,100
https://ficoforums.myfico.com/t5/student-loans/how-does-student-loan-works/td-p/855634,Human,100
https://fidelitylife.com/life-insurance-basics/life-insurance-101/how-much-does-life-insurance-cost,Human,99.22
https://fidelitylife.com/life-insurance-basics/term-life-insurance-101/term-life-insurance-rates-chart,Human,99.9
https://fieldandhicks.com/four-functions-of-will-formalities-such-as-witnesses,Human,100
https://finaid.org/loans/forgiveness,Human,99.56
https://finaid.vt.edu/financialaidpackage.html,Human,98.97
https://finance.yahoo.com/news/1-change-could-increase-401-084900974.html,Human,99.32
https://finance.yahoo.com/news/4-reasons-not-save-roth-111800958.html,Human,99.27
https://finance.yahoo.com/news/401-k-worth-181247337.html,Human,99.41
https://finance.yahoo.com/news/advantages-having-mortgage-041057224.html,Human,98.97
https://finance.yahoo.com/news/average-401-k-balance-last-220000830.html,Human,99.32
https://finance.yahoo.com/news/does-last-testament-actually-154736035.html,Human,99.46000000000001
https://finance.yahoo.com/news/lose-money-roth-ira-130229906.html,Human,99.37
https://finance.yahoo.com/personal-finance/investing/article/what-is-a-401k-how-does-a-401k-work-190841827.html,Human,99.17
https://finance.yahoo.com/personal-finance/mortgages/article/mortgage-rates-by-credit-score-185409590.html,Human,99.66000000000001
https://finance.yahoo.com/personal-finance/mortgages/article/one-extra-mortgage-payment-per-year-185030812.html,Human,99.71
https://finance.yahoo.com/personal-finance/mortgages/article/what-is-a-mortgage-212429727.html,Human,99.66000000000001
https://finance.yahoo.com/personal-finance/student-loans/article/do-i-qualify-for-student-loan-forgiveness-194501496.html,Human,99.76
https://finance.yahoo.com/video/roth-ira-benefit-retirement-savings-212146209.html,Human,98.83
https://finance.yahoo.com/video/why-social-security-trust-fund-100007012.html,Human,99.56
https://financebuzz.com/lies-about-your-401k-july-2025,Human,99.37
https://financefuturists.com/pros-and-cons-of-a-roth-ira,Human,99.56
https://financialaid.berkeley.edu/center-for-financial-wellness/financial-literacy-hub/understanding-credit,Human,99.27
https://financialaid.oregonstate.edu/federal-student-loan-forgiveness,Human,99.85000000000001
https://financialrights.org.au/factsheet/bankruptcy,Human,99.11999999999999
https://finbold.com/guide/index-funds,Human,99.9
https://finmasters.com/best-identity-theft-protection-services,Human,98.39
https://fireflyin.org/resources/news-library/social-security-benefits-for-depression,Human,99.61
https://firstfocus.org/update/six-reasons-why-children-benefit-from-a-minimum-wage-increase,Human,99.95
https://firstsiteguide.com/best-trademark-registration-services,Human,50.1
https://flag.dol.gov/programs/prevailingwages,Human,99.85000000000001
https://flowcog.com/401k-fees-calculator,Human,99.61
https://fmbklaw.com/faqs/can-i-collect-half-of-my-exs-social-security-after-we-divorce,Human,99.95
https://foothillsneurology.com/migraine-101-is-your-headache-a-migraine,Human,96.97
https://formemedicalcenter.com/blog/symptoms-and-treatments-of-arthritis,AI,100
https://fortune.com/2025/03/26/ira-retirement-savings-money-personal-finance-investment-roth-401k,Human,99.95
https://fortune.com/longform/insulin-cost-diabetes-treatment,Human,99.95
https://fortunly.com/financial-services/best-identity-theft-protection,Human,99.37
https://forum.diabetes.org.uk/boards/threads/annual-diabetes-review.114360,Human,99.95
https://forum.psychlinks.ca/threads/panic-attack-agoraphobia-generalized-anxiety-disorder-overviews.15619,Human,99.76
https://forum.tudiabetes.org/t/burned-out/89899,Human,100
https://forum.whitecoatinvestor.com/retirement-accounts/471767-cheapest-most-functional-diy-small-business-401k,Human,99.95
https://forum.whitecoatinvestor.com/retirement-accounts/6309-401k-fee-comparison-for-3-38-fiduciary-and-advisory-fee,Human,100
https://forums.onlinebookclub.org/viewtopic.php,Human,98.92999999999999
https://forums.smallbusinesscomputing.com/showthread.php,Human,99.95
https://founderslegal.com/what-is-the-process-of-getting-a-trademark-a-step-by-step-timeline,Human,98.78
https://foxsanantonio.com/features/health-matters/the-dangers-of-diabetes-and-ways-to-prevent-it,Human,99.9
https://frax.shef.ac.uk/frax/tool.aspx,Human,99.51
https://freefincal.com,Human,99.76
https://frontier.com/helpcenter/internet/what-is-identity-protection,Human,98.83
https://fundcentres.landg.com/en/uk/institutional/fund-centre/unit-trust/global-technology-index-trust,Human,99.95
https://fundrise.com/help/articles/360032879431-what-are-the-fees-associated-with-investing-through-my-ira,Human,99.85000000000001
https://fwilliamslegal.com/differences-between-a-living-will-and-a-last-will-and-testament,Human,99.85000000000001
https://g2risksolutions.com/bankruptcy-risk-solutions,Human,82.71
https://gcsp.ots-staging.com/arthritis-risk-factors-explained-what-you-can-do-to-minimize-your-risk,Human,96.63000000000001
https://genesight.com/blog/patient/5-consequences-of-not-treating-depression,Human,99.95
https://genesischiropracticohio.com/a-beginners-guide-to-migraine,Human,99.9
https://georgia.gov/write-will,Human,99.85000000000001
https://getshieldsecurity.com/blog/top-10-holiday-cybersecurity-tips,AI,100
https://gfclinic.com/recognizing-a-heart-attack-signs-and-symptoms-to-look-for,AI,74.76
https://gia.miami/rehab-blog/can-depression-be-cured,Human,99.8
https://gieg-law.com/5-signs-of-approval-for-social-security-disability,AI,100
https://gilbertimc.com/blogs/b/top-5-arthritis-treatment-options,Human,99.76
https://ginasthma.org,Human,99.9
https://give.brighamandwomens.org/7-differences-between-men-and-women,Human,100
https://glennimmigration.com/immigration-resources/us-immigration-explained,AI,100
https://go.gale.com/ps/i.do,Human,99.85000000000001
https://goddardandassociates.net/healthcare-reform,Human,99.9
https://golayer.io/blog/finance/what-is-a-401k,AI,100
https://goldenwealthcapital.com/blog/the-top-401k-providers-proven-list-from-a-401-k-expert,Human,100
https://goldpenguin.org/blog/the-best-solo-401k-providers,Human,99.61
https://gondimlaw.com/a-guide-to-obtaining-a-green-card-in-the-united-states,AI,100
https://goodbyeanxietyhellojoy.com/benefits-of-anxiety,Human,99.95
https://greatergood.berkeley.edu/article/item/how_we_misunderstand_anxiety_and_miss_out_on_its_benefits,Human,99.85000000000001
https://greatergood.berkeley.edu/article/item/when_is_divorce_good_for_women,Human,99.8
https://greatwatersfinancial.com/how-your-401k-fees-could-be-eating-away-at-your-retirement,Human,100
https://greemantoomey.com/social-security-disability-and-depression,Human,99.9
https://greenlight.com/learning-center/loans/how-do-student-loans-work,Human,99.9
https://griffinfunding.com/blog/mortgage/why-should-i-buy-a-house,Human,99.32
https://groww.in/mutual-funds/other-schemes/index-funds,Human,99.9
https://groww.in/p/exchange-traded-funds,Human,99.76
https://grwpc.com/practices/litigation,AI,100
https://guardianlit.com/what-is-a-bankruptcy-score,AI,100
https://guide.mybmcbenefits.com/benefits/identity-theft,Human,99.95
https://guides.dss.gov.au/social-security-guide/6/7/3/05,Human,99.8
https://guides.lib.berkeley.edu/migration,Human,99.95
https://guides.lib.uci.edu/immigrants/whatis,Human,99.9
https://guides.sll.texas.gov/wills-and-directives,Human,95.30999999999999
https://gusto.com,Human,97.31
https://gutweinlaw.com/informed-ip/essential-guide-to-trademarks,Human,100
https://gwp.law/immigrants-and-the-irs,AI,99.85000000000001
https://gws.sandbox.iam.s.uw.edu/how-much-does-life-insurance-cost,AI,100
https://hanfangclinic.com/migraines-relief-strategies,AI,100
https://harborlawfirm.com/what-is-last-will-comprehensive-guide,Human,99.95
https://harris-sliwoski.com/blog/how-to-choose-your-united-states-trademark-lawyer,AI,100
https://hartmanslaw.com/requirements-for-trademark-registration-with-the-uspto,AI,100
https://hatsuno.com/how-does-asthma-work,AI,97.56
https://hbr.org/2021/06/research-when-a-higher-minimum-wage-leads-to-lower-compensation,Human,99.9
https://hbr.org/2024/11/an-anxious-persons-guide-to-managing-anxiety,Human,99.85000000000001
https://hcpsc.org/diabetes-covid-19,Human,98.14
https://headacheaustralia.org.au/headachetypes/migraine-complications,Human,96.78
https://headspace.org.au/explore-topics/for-young-people/anxiety,Human,100
https://headspace.org.au/professionals-and-educators/health-professionals/resources/anxiety-assessment,Human,100
https://healingworksfoundation.org/resource/treating-migraines-pocket-guide,Human,99.85000000000001
https://healsens.com/what-is-hypertension,Human,99.95
https://health.clevelandclinic.org/benefits-of-anxiety,Human,99.95
https://health.clevelandclinic.org/covid-guidelines,Human,99.95
https://health.clevelandclinic.org/early-signs-of-a-heart-attack,Human,99.95
https://health.clevelandclinic.org/the-difference-between-panic-attacks-and-heart-attacks,Human,99.95
https://health.clevelandclinic.org/what-causes-vomiting-and-what-should-you-do-about-it,Human,99.95
https://health.hawaii.gov,Human,99.66000000000001
https://health.howstuffworks.com/diseases-conditions/asthma,Human,99.17
https://health.howstuffworks.com/diseases-conditions/cardiovascular/heart/what-happens-during-a-heart-attack.htm,Human,99.95
https://health.howstuffworks.com/diseases-conditions/headache/migraine.htm,Human,99.95
https://health.maryland.gov,Human,99.8
https://health.ucdavis.edu/blog/cultivating-health/6-common-types-of-arthritis-and-related-conditions-symptoms-causes-and-risk-factors/2024/04,Human,99.9
https://health.ucdavis.edu/blog/cultivating-health/8-ways-to-reduce-your-risk-of-heart-disease/2024/02,Human,99.95
https://health.ucdavis.edu/blog/cultivating-health/migraine-causes-symptoms-treatments-and-more/2022/12,Human,99.8
https://health.ucdavis.edu/blog/cultivating-health/social-medias-impact-our-mental-health-and-tips-to-use-it-safely/2024/05,Human,99.95
https://health.ucdavis.edu/blog/cultivating-health/sudden-cardiac-arrest-and-heart-attack-how-to-perform-cpr-and-use-an-aed/2023/01,Human,100
https://health.ucdavis.edu/blog/cultivating-health/symptoms-of-anxiety-and-how-to-know-when-you-need-help/2024/08,Human,99.51
https://health.ucdavis.edu/conditions/asthma,Human,99.46000000000001
https://health.umms.org/2022/10/27/anxiety-and-high-blood-pressure,Human,99.9
https://health.unl.edu/4-home-remedies-upset-stomach-plus-6-things-avoid,Human,99.95
https://health.usnews.com/conditions/bone-and-joint-disease/arthritis,Human,99.85000000000001
https://healthaid.lemonaidhealth.com/anxiety/symptoms,Human,100
https://healthcare.utah.edu/cardiovascular/conditions/hypertension/how-to-lower-high-blood-pressure,Human,99.85000000000001
https://healthcare.utah.edu/healthfeed/2024/06/do-migraine-glasses-work,Human,99.9
https://healthcare.utah.edu/the-scope/health-library/all/2022/12/how-long-until-food-poisoning-takes-effect,Human,99.95
https://healthcarentsickcare.com/blogs/video/what-happens-during-a-heart-attack,AI,99.9
https://healthcarereform.vermont.gov,Human,99.9
https://healthcoreclinic.org/2022/08/04/panic-attack-vs-heart-attack,Human,99.76
https://healthhub.hif.com.au/mental-health/10-on-the-spot-strategies-to-beat-anxiety,Human,100
https://healthify.nz/health-a-z/m/migraine-severe-headache,Human,99.95
https://healthinfonet.ecu.edu.au/learn/health-topics/diabetes,Human,99.71
"https://healthlibrary.brighamandwomens.org/85,p00787",Human,98.14
"https://healthlibrary.brighamandwomens.org/conditions/diabetes/complications/85,p00330",Human,97.27
"https://healthlibrary.brighamandwomens.org/conditions/neuroscience/85,p00787",Human,98.49
"https://healthlibrary.inova.org/library/diseasesconditions/adult/oral/85,p00787",Human,97.95
"https://healthlibrary.osfhealthcare.org/85,p00787",Human,98.68
"https://healthlibrary.osfhealthcare.org/conditions/asthma/understanding/56,dm516",Human,99.32
"https://healthlibrary.overlakehospital.org/returningtocare/85,p00787",Human,98.24000000000001
https://healthmatch.io/anxiety/do-i-have-heart-problems-or-anxiety,Human,99.9
https://healthmatch.io/diabetes/diabetes-symptoms,Human,99.9
https://healthmatch.io/diabetes/what-is-the-best-treatment-for-diabetes,Human,99.76
https://healthmatch.io/high-blood-pressure/high-blood-pressure-when-nervous-or-stressed,Human,99.61
https://healthmatch.io/migraine/is-migraine-dangerous,Human,99.8
https://healthmatters.nyp.org/covid-19-and-diabetes-what-patients-should-know,Human,100
https://healthmatters.nyp.org/panic-attack-or-heart-attack-how-to-tell-the-difference,Human,99.85000000000001
https://healthunlocked.com/asthmalunguk-asthma/posts/151577192/blood-pressure-and-asthma-meds,Human,100
https://healthunlocked.com/bhf/posts/149005140/how-would-you-explain-a-heart-attack,Human,100
https://healthy.arkansas.gov,Human,99.61
https://healthy.kaiserpermanente.org/health-wellness/health-encyclopedia/he.anxiety-what-is-it.abp8497,Human,98.92999999999999
https://healthy.kaiserpermanente.org/health-wellness/health-encyclopedia/he.food-poisoning-and-safe-food-handling.te4626,Human,98.83
https://healthy.kaiserpermanente.org/health-wellness/healtharticle.warning-signs-heart-attack-women,Human,99.17
https://healthyaging.net/health/high-blood-pressure-dangers-hypertensions-effects-on-your-body,Human,99.95
https://hellodoctor.com.ph/heart-health/hypertension/anxiety-and-high-blood-pressure,Human,99.95
https://hellogiggles.com/what-is-anxiety,Human,99.95
https://help.guideline.com/en/articles/8648787-guideline-s-401-k-pricing-plans,Human,99.8
https://help.unchained.com/how-do-the-fees-for-the-unchained-ira-work,Human,99.46000000000001
https://hfsfcu.org/education/what-is-a-student-loan,Human,99.37
https://hgic.clemson.edu/factsheet/hypertension,Human,99.9
https://hhcbehavioralhealth.org/health-wellness/health-resources/health-library/detail,Human,99.85000000000001
https://hiims.in/cancer-disease,Human,99.95
https://hmccentre.com/migraines-causes-risk-factors-and-treatment,AI,94.82000000000001
https://hodgsonlawoffices.com/blog/seven-signs-you-are-ready-for-a-divorce,AI,99.76
https://hofmanngroup.org/usa-minimum-wage-hike-2025,AI,97.17
https://home-affairs.ec.europa.eu/policies/migration-and-asylum/eu-immigration-portal_en,Human,97.31
https://home.howstuffworks.com/real-estate/buying-home/mortgage.htm,Human,99.95
https://hopehousehealing.com/learn/what-is-anxiety,Human,99.66000000000001
https://hospital.uillinois.edu/primary-and-specialty-care/pulmonary/our-areas-of-expertise/asthma/how-asthma-works,Human,98.34
https://hospital.uillinois.edu/primary-and-specialty-care/pulmonary/our-areas-of-expertise/asthma/physical-effects,Human,97.85000000000001
https://hospitalturnarounds.com/healthcare-reform,AI,100
https://houstonheightser.com/panic-attack-or-heart-attack-go-to-er,AI,100
https://houstonlawreview.org/article/127509-an-empirical-evaluation-of-the-trademark-modernization-act,Human,99.9
https://hr.brown.edu/benefits-wellness/voluntary-benefits/mortgage-assistance-program,Human,99.8
https://hr.jhu.edu/benefits-worklife/health-life/other-insurance-benefits/identity-theft-protection,Human,99.11999999999999
https://hr.mit.edu/benefits/identity,Human,99.9
https://hr.osu.edu/benefits/pslf,Human,99.85000000000001
https://hr.psu.edu/current-employee/benefits/insurance/identity-theft-protection,Human,98.97
https://hr.ucdavis.edu/news/uc-introduces-employer-paid-identity-theft-protection,Human,98.34
https://hrcommedia-public.s3.amazonaws.com/video/howtodealwithanxiety/howtodealwithanxietyreviews-suuopct.html,AI,98.24000000000001
https://hrdqu.com/stress-management/what-are-potential-causes-and-risk-factors-of-anxiety,Human,99.95
https://hrt.org/health/when-anxiety-strikes-whos-at-risk-hows-it-treated,Human,100
https://hsph.harvard.edu/news/centennial-health-care-reform-hard,Human,99.95
https://hub.edubirdie.com/examples/the-benefits-of-raising-the-minimum-wage-an-essay,Human,99.76
https://humaninterest.com/learn/articles/401k-fees-too-high,Human,99.66000000000001
https://humaninterest.com/learn/articles/average-401k-fees,Human,99.41
https://humaninterest.com/learn/articles/best-401k-plan-features-from-your-provider,Human,99.66000000000001
https://humaninterest.com/learn/articles/contribute-401k-even-theres-no-match,Human,99.8
https://humaninterest.com/learn/articles/how-much-does-a-401k-cost-employers,Human,99.95
https://humaninterest.com/learn/articles/target-date-funds-401k,AI,89.64999999999999
https://humaninterest.com/learn/articles/types-of-401k-plans,Human,99.76
https://humaninterest.com/learn/articles/what-is-a-401k-how-does-it-work,Human,99.95
https://humaninterest.com/learn/articles/what-to-know-about-401k-benchmarking,Human,99.95
https://humaninterest.com/learn/guides/are-you-paying-too-much-for-your-401k,Human,99.9
https://humanresources.columbia.edu/identity-theft,Human,99.8
https://humbledollar.com/forum/roth-conversion-timing-and-amounts-to-maximize-benefits,Human,99.85000000000001
https://icer.org/assessment/diabetes-type-2-2019,Human,99.85000000000001
https://icfamilymedicine.com/can-hypertension-be-reversed-exploring-the-possibilities,Human,99.8
https://ichd-3.org/1-migraine,Human,99.76
https://ico.org.uk/for-the-public/identity-theft,Human,99.8
https://identitydefense.com,Human,99.9
https://idf.org/about-diabetes/covid-19-and-diabetes,Human,99.56
https://idf.org/about-diabetes/diabetes-complications,Human,99.66000000000001
https://idf.org/news/more-than-two-in-three-people-with-diabetes-already-have-complications-at-diagnosis,Human,99.66000000000001
https://idoi.illinois.gov/consumers/consumerinsurance/credit.html,Human,98.83
https://ieeexplore.ieee.org/document/10527269,Human,99.27
https://ifstudies.org/blog/the-adult-children-of-divorce-find-their-voice,Human,100
https://ihpi.umich.edu/news-events/news/high-out-pocket-costs-hindering-treatment-diabetes,Human,99.66000000000001
https://ilawyer.com.sg/divorce-101/8-signs-unhappy-marriage,Human,100
https://illinoislawforyou.com/blog/common-causes-divorce-illinois,Human,97.89999999999999
https://immi.homeaffairs.gov.au,Human,99.56
https://immi.homeaffairs.gov.au/help-support/who-can-help-with-your-application,Human,99.9
https://immigration.gov.ng/nis-history,AI,98.24000000000001
https://immigrationforum.org/article/irs-ice-immigration-data-sharing-agreement-explainer,Human,99.9
https://in.mavehealth.com/blogs/does-anxiety-cause-high-blood-pressure,AI,100
https://incomeinsider.org/what-is-a-401k,Human,98.1
https://indianexpress.com/article/health-wellness/panchayat-actor-aasif-khan-suffers-heart-attack-young-people-30s-10129223,Human,99.46000000000001
https://indianexpress.com/article/lifestyle/health/early-signs-heart-attack-show-up-a-month-in-advance-easy-to-miss-10109858,Human,99.41
https://inlibrary.uz/index.php/jasss/article/download/76786/78355/101792,Human,99.41
https://insight.kellogg.northwestern.edu/article/worker-productivity-minimum-wage-increase,Human,99.95
https://insight2wealth.com/blog/understanding-401k-fees,AI,100
https://institutional.fidelity.com/app/item/scic_p00000786/sep-ira-and-sole-proprietor-401k-plan-comparison.html,Human,99.9
https://insurance.utah.gov/fraud/identity-theft,Human,99.9
https://insurancenewsnet.com/oarticle/private-equity-is-coming-to-your-401k-are-the-rewards-worth-the-risk,Human,99.46000000000001
https://intermountainhealthcare.org/blogs/7-ways-to-overcome-depression-without-medication,Human,99.9
https://internal.mesa-nhlbi.org/about/procedures/tools/mesa-score-risk-calculator,Human,100
https://internalhealingandwellnessmd.com/groundbreaking-study-on-ivermectin-and-fenbendazole-in-cancer-treatment,AI,100
https://investor.lilly.com/news-releases/news-release-details/lilly-cuts-insulin-prices-70-and-caps-patient-insulin-out-pocket,Human,99.56
https://investor.vanguard.com,Human,99.9
https://investor.vanguard.com/401k-rollover,Human,99.8
https://investor.vanguard.com/accounts-plans/brokerage-accounts,Human,57.57
https://investor.vanguard.com/accounts-plans/iras,Human,99.8
https://investor.vanguard.com/accounts-plans/iras/roth-ira,Human,99.41
https://investor.vanguard.com/accounts-plans/small-business-retirement-plans/comparison,Human,99.95
https://investor.vanguard.com/corporate-portal,Human,99.76
https://investor.vanguard.com/investment-products/index-funds,Human,100
https://investor.vanguard.com/investor-resources-education/article/benefits-of-a-roth-ira,Human,99.95
https://investor.vanguard.com/investor-resources-education/article/how-to-set-up-backdoor-ira,Human,99.9
https://investor.vanguard.com/investor-resources-education/iras/roth-vs-traditional-ira,Human,99.56
https://investor.vanguard.com/investor-resources-education/social-security/benefits-for-divorced-spouse,Human,99.51
https://investor.vanguard.com/investor-resources-education/understanding-investment-types/what-is-an-index-fund,AI,99.8
https://ipractice.com/symptoms/anxiety-disorder/causes-effects,Human,99.95
https://irahelp.com/forum-post/12849-roth-ira-and-investment-management-fees,Human,99.95
https://irahelp.com/forum-post/17024-paying-ira-fees,Human,99.95
https://irahelp.com/slottreport/5-reasons-why-you-should-not-open-roth-ira,Human,99.61
https://ised-isde.canada.ca/site/canadian-intellectual-property-office/en/trademarks/trademarks-guide,Human,99.9
https://itd.idaho.gov/starcard/acceptable-documents.html,Human,99.66000000000001
https://ixneuro.com/migraine-guide,Human,99.95
https://jacksonurgentcare.com/illnesses/food-poisoning,Human,98.49
https://jafarilawgroup.com/how-do-you-register-a-trademark-a-step-by-step-guide,AI,100
https://jamanetwork.com/journals/jama-health-forum/fullarticle/2769147,Human,99.41
https://jamescrawfordlaw.com/insights/blog/family-law/divorce/when-to-get-a-divorce-watch-for-9-silent-signs-of-separation,AI,98.92999999999999
https://jamesmckenna.org/glossary/healthcare-reform,AI,100
https://jandils.com/blog/social-security-benefits-for-mental-illness,Human,99.85000000000001
https://jdigitaldiagnostics.com/1573-3998/index,Human,99.9
https://jhmhp.amegroups.org/article/view/7727/html,Human,99.9
https://jmedicalcasereports.biomedcentral.com/articles/10.1186/s13256-025-05215-0,Human,99.56
https://jobs.chipotle.com/benefits,Human,100
"https://johnshopkinshealthcare.staywellsolutionsonline.com/library/news/newsletters/child/85,p00330",Human,99.41
https://joinjuno.com/financial-literacy/student-loans/how-do-student-loans-work,Human,99.37
https://journal.chestnet.org/article/s0012-3692%2816%2940665-3/fulltext,Human,100
https://journalistsresource.org/economics/the-effects-of-raising-the-minimum-wage,Human,99.85000000000001
https://journals.lww.com/armh/fulltext/2020/08010/the_impact_of_covid_19_in_diabetic_patient.37.aspx,Human,99.8
https://journals.lww.com/co-endocrinology/fulltext/9900/emerging_treatment_options_for_adrenocortical.131.aspx,Human,99.85000000000001
https://journals.lww.com/jcge/fulltext/2011/04000/characteristics_of_nausea_and_its_effects_on.5.aspx,Human,99.76
https://journals.lww.com/jhypertension/abstract/2021/04001/prevalence_of_arterial_hypertension_and.375.aspx,Human,99.9
https://journals.lww.com/jhypertension/abstract/2024/09003/p229_influence_of_asthma_on_blood_pressure_of.101.aspx,Human,99.95
https://journals.lww.com/jhypertension/fulltext/2024/04000/association_between_anxiety_and_elevated_blood.9.aspx,Human,99.32
https://journals.plos.org/plosone/article,Human,98.97
https://journals.sagepub.com/doi/10.1177/21582440241305156,Human,99.46000000000001
https://journals.sagepub.com/doi/pdf/10.1177/000306515300100312,Human,99.9
https://joywallet.com/article/what-are-index-funds,Human,99.95
https://jpglegal.com,Human,99.9
https://jqklaw.com/uscis-tax-return-requirement,AI,100
https://katiecouric.com/health/mental-health/good-anxiety-benefits-calming-tips,Human,99.9
https://katiecouric.com/lifestyle/relationships/signs-your-marriage-is-over-divorce,Human,99.95
https://kdvr.com/news/nationalworld-news/what-is-a-migrant-what-is-ice-10-terms-to-help-you-understand-the-debate-over-immigration,Human,99.66000000000001
https://keenerlaw.com/depression-and-social-security-disability,Human,100
https://keirbradycounseling.com/anxiety-benefits,Human,100
https://kellydisabilitylaw.com/impairments/depression,AI,99.95
https://ketamineclinicofwesttexas.com/the-benefits-of-anxiety-and-nervousness,AI,100
https://kffhealthnews.org/news/article/high-prices-ozempic-mounjaro-wegovy-glp1s,Human,99.07000000000001
https://kfor.com/news/nexstar-media-wire/what-is-a-migrant-what-is-ice-10-terms-to-help-you-understand-the-debate-over-immigration,Human,99.71
https://khccares.com/blog/can-anxiety-cause-high-blood-pressure,AI,100
https://khealth.com/learn/hypertension/can-anxiety-cause-hypertension,Human,99.9
https://kids.britannica.com/kids/article/immigration/399508,Human,99.9
https://kidshealth.org/en/kids/asthma.html,Human,99.95
https://kidshealth.org/en/parents/anxiety-factsheet.html,Human,99.76
https://kidshealth.org/en/parents/food-poisoning.html,Human,99.95
https://kidshealth.org/en/teens/anxiety.html,Human,99.61
https://kidshealth.org/en/teens/asthma.html,AI,82.80999999999999
https://kidshealth.org/en/teens/food-poisoning.html,Human,99.02
https://kidshealth.org/en/teens/hypertension.html,Human,99.9
https://knowledge.wharton.upenn.edu/article/why-raising-the-minimum-wage-has-short-term-benefits-but-long-term-costs,Human,99.66000000000001
https://knowledge.wharton.upenn.edu/article/why-staying-in-your-401k-after-retirement-makes-sense,Human,99.71
https://knowridge.com/2025/07/heart-attack-or-anxiety-attack-how-to-tell-the-difference,AI,99.85000000000001
https://kpcu.com/resources/educational-articles/big-purchases/five-benefits-of-a-credit-union-mortgage,Human,96.24000000000001
https://lakecountyin.gov/departments/health/nursing-clinic/diseases-and-conditions/chronic/understanding-hypertension-high-blood-pressure,Human,99.95
https://landmarkcu.com/calculators/savings-retirement/roth-ira,Human,99.46000000000001
https://langanfinancialgroup.com/small-business-401k-fees-guide,Human,100
https://laopcenter.com/mental-health/symptoms/anxiety-disorder,AI,96.34
https://lapaindoc.com/5-symptoms-of-arthritis,Human,99.95
https://larsonbrown.law/2025/05/15/9251,AI,55.71
https://lasclev.org/what-are-some-of-the-dangers-in-filing-a-bankruptcy,Human,99.95
https://lasersonline.org,Human,99.37
https://lawlawfirm.com/the-most-recognized-indicators-of-an-impending-divorce,Human,99.95
https://lawsuit.org/elder/last-will-and-testament,Human,99.07000000000001
https://lazorrantas.com/blog/dont-be-blindsided-10-signs-of-divorce-to-watch-out-for,Human,99.61
https://lbcmortgage.com/how-much-does-a-bad-credit-score-cost,Human,99.41
https://learn.aiacontracts.com/articles/mitigating-the-risks-of-defaults-or-bankruptcies-on-a-project,Human,99.85000000000001
https://learn.g2.com/what-is-a-mortgage,Human,99.41
https://legacyassuranceplan.com/last-will-and-testament,Human,99.56
https://lendedu.com/blog/how-do-student-loans-work,Human,98.68
https://letsgethappi.com/benefits-of-anxiety,AI,100
https://libguides.nypl.org/trademarks/trademark_application,AI,76.07000000000001
https://libguides.utsa.edu/immigration,Human,99.95
https://lidowellnesscenter.com/xanax-for-anxiety,Human,98.72999999999999
https://lifecounselingorlando.com/what-are-signs-of-divorce,AI,100
https://lifelock.norton.com,Human,95.7
https://lifelock.norton.com/learn/credit-finance/free-credit-report-score-check,AI,99.71
https://lifelock.norton.com/learn/identity-theft-resources/aura-vs-lifelock,AI,99.66000000000001
https://lifelock.norton.com/learn/identity-theft-resources/identity-theft-insurance,Human,93.55
https://lifelock.norton.com/learn/identity-theft-resources/identity-theft-protection,AI,99.11999999999999
https://lifelock.norton.com/learn/identity-theft-resources/is-identity-theft-protection-worth-it,AI,97.89999999999999
https://lifemd.com/learn/symptoms-of-a-heart-attack,Human,99.85000000000001
https://lignosus.com/blog/hypertension-and-asthma-links-causes-and-everything-you-need-to-know,AI,99.95
https://lignosus.com/blog/understanding-the-connection-between-asthma-and-hypertension,AI,100
https://link.springer.com/article/10.1007/s00125-024-06102-x,Human,99.95
https://link.springer.com/article/10.1007/s00415-023-11880-2,Human,99.95
https://link.springer.com/article/10.1007/s11739-024-03554-2,AI,97.89999999999999
https://link.springer.com/article/10.1007/s11764-025-01870-w,AI,99.8
https://link.springer.com/article/10.1007/s11906-019-0972-5,Human,98.49
https://link.springer.com/article/10.1007/s40292-023-00584-3,Human,99.76
https://link.springer.com/chapter/10.1007/978-3-030-45103-5_22,Human,99.56
https://link.springer.com/chapter/10.1007/978-3-031-08162-0_7,Human,99.66000000000001
https://link.springer.com/chapter/10.1007/978-3-319-52851-9_13,Human,99.8
https://link.springer.com/journal/11892,Human,99.85000000000001
https://llcpedia.com/best-trademark-service,AI,100
https://longtonhealthcentre.co.uk/diabetic-review,Human,100
https://luminousvitalitybh.com/anxiety-complications,Human,99.9
https://macrae.ca/en/2024/12/12/intellectual-property-scams,AI,99.85000000000001
https://magazine.medlineplus.gov/article/4-types-of-common-anxiety-disorders,Human,98.97
https://magazine.medlineplus.gov/article/anxiety-what-you-need-to-know,Human,99.07000000000001
https://magazine.medlineplus.gov/article/new-options-for-treating-type-2-diabetes-in-kids-and-teens,Human,99.85000000000001
https://magview.com/ibis-risk-calculator,Human,98.88
https://majority.com/community/article/what-is-a-mortgage-a-beginners-guide,Human,99.71
https://manhattancardiology.com/blog/panic-attack-vs-heart-attack,Human,98.58
https://manhattancardiology.com/news/whats-the-connection-between-asthma-and-high-blood-pressure,Human,99.17
https://manhattanprimarycare.nyc/blog/can-anxiety-cause-high-blood-pressure,AI,99.9
https://mannbenham.com/isle-of-man-probate-frequently-asked-questions,Human,99.9
https://markdalefinancialmanagement.com/what-are-index-funds-and-how-do-they-work,Human,99.95
https://marriagerecoverycenter.com/how-to-tell-if-someone-is-a-narcissist,Human,82.08
https://massh.in/blogs/can-breast-cancer-be-cured-find-out-the-answer-here-today,Human,99.32
https://matchdisabilitylaw.com/mental-illness-ssa-disability-claims-what-you-need-to-know,AI,100
https://mayflax.com/can-depression-be-cured,Human,99.85000000000001
https://mdsearchlight.com/arthritis/arthritis,Human,92.43
https://mdspiro.com/whats-the-connection-between-asthma-and-high-blood-pressure,Human,99.9
https://med.stanford.edu/allergyandasthma/clinical-care/learn-about-asthma.html,Human,98.92999999999999
https://med.stanford.edu/depressiongenetics/mddandgenes.html,Human,99.76
https://med.uth.edu/internalmedicine/2023/06/27/whats-the-connection-between-asthma-and-high-blood-pressure,Human,99.9
https://medcircle.com/articles/depression,Human,99.9
https://mediate.com/faqs-about-mediation-to-stay-married,Human,99.9
https://medicareadvocacy.org/medicare-info/medicare-and-health-care-reform,Human,99.9
https://medigence.com/blog/treatment-options-for-arthritis,Human,99.17
https://mediqurgentcare.com/our-services/food-poisoning-treatment,Human,99.95
https://medium.com/beyond-lines/anxiety-an-honest-review-9a824bbf1747,Human,100
https://medium.com/illumination/how-my-smartwatch-saved-me-from-burnout-in-30-days-and-changed-everything-i-believed-about-tech-b9d52fd0d0e5,Human,99.8
https://medlineplus.gov/anxiety.html,Human,99.56
https://medlineplus.gov/arthritis.html,Human,99.66000000000001
https://medlineplus.gov/asthma.html,Human,99.9
https://medlineplus.gov/bloodglucose.html,Human,99.85000000000001
https://medlineplus.gov/breastcancer.html,Human,99.95
https://medlineplus.gov/diabetes.html,Human,99.85000000000001
https://medlineplus.gov/diabetescomplications.html,Human,99.95
https://medlineplus.gov/diabetesmedicines.html,Human,99.95
https://medlineplus.gov/druginfo/meds/a604008.html,Human,88.57000000000001
https://medlineplus.gov/druginfo/meds/a682864.html,Human,99.9
https://medlineplus.gov/druginfo/meds/a695033.html,Human,99.9
https://medlineplus.gov/druginfo/meds/a699015.html,Human,91.5
https://medlineplus.gov/ency/article/000141.htm,Human,99.95
https://medlineplus.gov/ency/article/000195.htm,Human,99.95
https://medlineplus.gov/ency/article/000468.htm,Human,99.95
https://medlineplus.gov/ency/article/000693.htm,Human,99.95
https://medlineplus.gov/ency/article/000709.htm,Human,99.85000000000001
https://medlineplus.gov/ency/article/000913.htm,Human,99.9
https://medlineplus.gov/ency/article/001652.htm,Human,99.8
https://medlineplus.gov/ency/article/007484.htm,Human,99.9
https://medlineplus.gov/ency/patientinstructions/000327.htm,Human,99.9
https://medlineplus.gov/ency/patientinstructions/000374.htm,Human,99.95
https://medlineplus.gov/genetics/condition/hypertension,Human,99.9
https://medlineplus.gov/heartattack.html,Human,100
https://medlineplus.gov/howtopreventheartdisease.html,Human,99.95
https://medlineplus.gov/migraine.html,Human,98.24000000000001
https://medlineplus.gov/rheumatoidarthritis.html,Human,99.95
https://medlineplus.gov/suddencardiacarrest.html,Human,99.95
https://medschool.ucla.edu/news-article/can-diabetes-be-reversed,Human,98.83
https://meetbeagle.com/resources/post/how-does-a-401-k-grow,Human,100
https://meetbeagle.com/resources/post/what-are-the-401-k-fees-that-you-are-paying,Human,99.76
https://meetfabric.com/blog/what-is-a-last-will-and-testament-and-who-needs-one,Human,99.9
https://meltonmcfadden.com/roth-ira-investment-strategies,Human,96.28999999999999
https://memorialhermann.org/services/conditions/diabetes/risk-factors-complications,Human,99.71
https://memorialhermann.org/services/conditions/heart-attack,Human,99.71
https://memorialhermann.org/services/specialties/diabetes/medications,Human,99.8
https://memphisdivorce.com/divorce/what-are-the-first-signs-of-divorce,Human,99.11999999999999
https://mentalhealth-uk.org/help-and-information/conditions/anxiety-disorders/symptoms,Human,99.95
https://mentalhealth-uk.org/help-and-information/conditions/anxiety-disorders/what-is-anxiety,Human,99.9
https://mentalhealth.banyantreatmentcenter.com/blog/short-and-long-term-effects-of-anxiety-on-the-body,Human,99.9
https://mentalhealth.org.nz/conditions/condition/anxiety,Human,99.95
https://mentalhealthhotline.org/warning-signs-of-anxiety,Human,97.11999999999999
https://mentalhealthmatch.com/articles/can-chronic-depression-be-cured,Human,99.95
https://mentalhealthproviders.org/health-care/how-to-recognize-heart-attack-vs-panic-attack,Human,99.9
"https://methodisthealthsystem.staywellsolutionsonline.com/library/diseasesconditions/adult/physicalmed/85,p00330",Human,98.05
https://mexicocity.cdmx.gob.mx/e/food-basics/food-poisoning-prevention-remedies,Human,99.9
https://meyka.com/blog/what-are-index-funds-how-do-they-work,AI,99.95
https://mhanational.org/conditions/anxiety,Human,99.9
https://mhanational.org/conditions/depression,Human,99.9
https://mhanational.org/resources/co-occurring-disorders-and-depression,Human,99.66000000000001
https://mhbp.com/identity-theft-program,Human,99.9
https://mhec.maryland.gov/preparing/pages/studentloandebtrelieftaxcredit.aspx,Human,99.9
https://mhehc.com/blog/the-ultimate-guide-to-understanding-migraine-types,AI,100
https://michiganross.umich.edu/news/new-study-explores-positives-raising-minimum-wage,Human,99.37
https://midamericaortho.com/blog/145-symptoms-causes-treatment-options-for-arthritis,Human,99.95
https://midvalleyhealthcare.com/patient-services/resources/blog/articleid/121/depression-symptoms-risk-factors-and-treatment,Human,99.32
https://midwestrecoverycenters.com/can-depression-be-cured,Human,99.85000000000001
https://migonline.com/blog/2024/11/19/the-impact-of-a-mortgage-on-your-financial-future,AI,99.95
https://migrainecanada.org,Human,99.76
https://migrainecanada.org/long-term-risks-of-migraine-preventive-treatments,Human,99.61
https://migrainecanada.org/management-treatment/preventive-treatments,Human,99.76
https://migrainecanada.org/my-treatment-for-migraine-works-but-the-pain-comes-back-in-a-few-hours-what-should-i-do,Human,99.85000000000001
https://migrainecanada.org/the-cause-of-migraine-the-electrical-and-chemical-sides-of-migraine,Human,99.8
https://migrainetrust.org/live-with-migraine/healthcare/diagnosis,Human,100
https://migrainetrust.org/live-with-migraine/healthcare/treatments/acute-medicines,Human,99.95
https://migrainetrust.org/live-with-migraine/self-management/common-triggers,Human,99.95
https://migrainetrust.org/live-with-migraine/self-management/keeping-a-migraine-diary,Human,99.8
https://migrainetrust.org/understand-migraine/stages-of-a-migraine-attack,Human,99.9
https://migrainetrust.org/understand-migraine/types-of-migraine,Human,99.8
https://migrainetrust.org/understand-migraine/types-of-migraine/chronic-migraine,Human,99.9
https://migrainetrust.org/understand-migraine/what-is-migraine,Human,99.76
https://migrationobservatory.ox.ac.uk/resources/briefings/who-counts-as-a-migrant-definitions-and-their-consequences,Human,99.95
https://millennialmoney.com/what-is-a-mortgage,Human,99.95
https://millionhearts.hhs.gov/data-reports/hypertension-prevalence.html,Human,99.95
https://millionhearts.hhs.gov/learn-prevent/risks.html,Human,99.56
https://minorityhealth.hhs.gov/heart-disease-and-blackafrican-americans,Human,95.26
https://mmp.maryland.gov/pages/1sttimeadvantage.aspx,Human,99.66000000000001
https://modernonco.orscience.ru/1573-3998/index,Human,99.9
https://mohela.studentaid.gov/dl/resourcecenter/loanforgivenessdischarge.aspx,Human,99.95
https://momentumptmt.com/headache-prevention-guide,Human,99.95
https://money.com/401k-fees-how-much-does-it-cost,Human,99.17
https://money.com/how-do-student-loans-work,Human,98.88
https://money.com/identity-theft-protection,Human,98.88
https://money.com/what-is-a-credit-score,Human,99.56
https://money.com/what-is-a-mortgage,Human,98.34
https://money.com/what-is-id-theft-insurance,Human,99.22
https://money.com/what-is-student-loan-refinancing,Human,99.37
https://money.howstuffworks.com/personal-finance/college-planning/financial-aid/student-loan.htm,Human,99.95
https://money.stackexchange.com/questions/10068/should-i-look-up-my-credit-report-or-score-before-applying-for-a-credit-card,Human,100
https://money.stackexchange.com/questions/117030/why-should-i-invest-so-much-in-401k,Human,99.95
https://money.stackexchange.com/questions/139254/how-are-investments-distributed-across-an-index,Human,100
https://money.stackexchange.com/questions/20638/what-are-the-advantages-of-paying-off-a-mortgage-quickly,Human,99.95
https://money.stackexchange.com/questions/35439/why-is-paying-mortgage-interest-considered-by-some-to-be-beneficial,Human,99.95
https://money.stackexchange.com/questions/70031/how-do-index-funds-actually-work,Human,100
https://money.stackexchange.com/questions/78242/does-a-roth-ira-offer-any-explicit-benefits-over-a-traditional-ira,Human,99.95
https://money.stackexchange.com/questions/79947/what-are-the-benefits-of-investing-to-ira-roth-ira-401k-in-comparison-to-inve,Human,99.95
https://moneysmart.gov.au/managing-debt/bankruptcy-and-debt-agreements,Human,99.61
https://moneysmart.gov.au/online-safety/identity-theft,Human,99.37
https://moneytips.com/loans/how-does-student-loan-forgiveness-work,Human,99.41
https://moneywise.com/loans/student-loans/how-do-student-loans-work,Human,99.85000000000001
https://moneywise.com/loans/student-loans/what-is-student-loan-forgiveness,Human,99.9
https://moneywise.com/mortgages/what-is-a-mortgage-explained,Human,99.9
https://moneyzine.com/investments/why-roth-ira-is-bad,Human,98.49
https://mortgagetech.ice.com/index,Human,99.8
https://moshtaellaw.com/thinking-about-divorce/divorce-early-signs,Human,99.76
https://mountainstateorthopedic.com/what-is-arthritis-symptoms-treatments-and-prevention,Human,99.95
https://movement.com,Human,99.85000000000001
https://msendpointmgr.com/2023/01/17/why-multi-factor-authentication-is-important,Human,99.95
https://mutualfund.adityabirlacapital.com/blog/what-is-an-index-funds,Human,99.95
https://mutualfundobserver.com/discuss/discussion/comment/52066,Human,99.95
https://mvmhealth.com/blog/what-is-arthritis-and-who-is-at-risk,Human,99.9
https://my.clevelandclinic.org/health/articles/11918-cholesterol-high-cholesterol-diseases,Human,99.95
https://my.clevelandclinic.org/health/articles/12070-oral-diabetes-medications,Human,99.9
https://my.clevelandclinic.org/health/articles/12176-diabetes-skin-conditions,Human,99.8
https://my.clevelandclinic.org/health/articles/17055-heart-attack-recovery--cardiac-rehabilitation,Human,99.8
https://my.clevelandclinic.org/health/diagnostics/breast-cancer-risk-assessment,Human,99.95
https://my.clevelandclinic.org/health/diseases/11874-stress,Human,99.9
https://my.clevelandclinic.org/health/diseases/12061-arthritis,Human,99.9
https://my.clevelandclinic.org/health/diseases/15601-resistant-hypertension,Human,99.95
https://my.clevelandclinic.org/health/diseases/15697-salmonella,Human,99.95
https://my.clevelandclinic.org/health/diseases/16560-postural-orthostatic-tachycardia-syndrome-pots,AI,61.42999999999999
https://my.clevelandclinic.org/health/diseases/16818-heart-attack-myocardial-infarction,Human,99.41
https://my.clevelandclinic.org/health/diseases/16898-coronary-artery-disease,Human,99.9
https://my.clevelandclinic.org/health/diseases/21167-food-poisoning,Human,99.95
https://my.clevelandclinic.org/health/diseases/21497-metastatic-breast-cancer,Human,99.61
https://my.clevelandclinic.org/health/diseases/21501-type-2-diabetes,Human,99.9
https://my.clevelandclinic.org/health/diseases/21630-silent-heart-attack,Human,99.95
https://my.clevelandclinic.org/health/diseases/21736-cardiac-arrest,Human,99.9
https://my.clevelandclinic.org/health/diseases/21840-hypertensive-heart-disease,Human,99.95
https://my.clevelandclinic.org/health/diseases/22024-primary-hypertension-formerly-known-as-essential-hypertension,Human,99.71
https://my.clevelandclinic.org/health/diseases/22602-cardiac-asthma,Human,99.8
https://my.clevelandclinic.org/health/diseases/23940-generalized-anxiety-disorder-gad,Human,99.61
https://my.clevelandclinic.org/health/diseases/24481-clinical-depression-major-depressive-disorder,AI,98.0
https://my.clevelandclinic.org/health/diseases/3986-breast-cancer,Human,99.85000000000001
https://my.clevelandclinic.org/health/diseases/4174-exercise-induced-asthma,Human,98.0
https://my.clevelandclinic.org/health/diseases/4314-hypertension-high-blood-pressure,Human,99.9
https://my.clevelandclinic.org/health/diseases/4451-panic-attack-panic-disorder,Human,99.8
https://my.clevelandclinic.org/health/diseases/4924-rheumatoid-arthritis,Human,99.95
https://my.clevelandclinic.org/health/diseases/5005-migraine-headaches,Human,99.71
https://my.clevelandclinic.org/health/diseases/5599-osteoarthritis,Human,99.95
https://my.clevelandclinic.org/health/diseases/6424-asthma,Human,99.61
https://my.clevelandclinic.org/health/diseases/7082-arthritis-of-the-wrist-and-hand,Human,99.95
https://my.clevelandclinic.org/health/diseases/7104-diabetes,Human,99.9
https://my.clevelandclinic.org/health/diseases/8328-breast-cancer-recurrence,Human,99.9
https://my.clevelandclinic.org/health/diseases/9290-depression,Human,99.9
https://my.clevelandclinic.org/health/diseases/9536-anxiety-disorders,Human,99.76
https://my.clevelandclinic.org/health/diseases/9638-chronic-migraine,Human,99.76
https://my.clevelandclinic.org/health/diseases/9762-borderline-personality-disorder-bpd,Human,99.85000000000001
https://my.clevelandclinic.org/health/diseases/cardiophobia,Human,99.85000000000001
https://my.clevelandclinic.org/health/drugs/20084-buspirone-tablets,Human,99.85000000000001
https://my.clevelandclinic.org/health/drugs/20089-sertraline-tablets,Human,99.56
https://my.clevelandclinic.org/health/drugs/20291-metoprolol-tablets,Human,98.92999999999999
https://my.clevelandclinic.org/health/symptoms/24637-polyphagia-hyperphagia,Human,99.9
https://my.clevelandclinic.org/health/treatments/24998-triptans,Human,99.9
https://my.clevelandclinic.org/health/treatments/9301-antidepressants-depression-medication,Human,94.34
https://my.clevelandclinic.org/watch/breast-cancer-warning-sign,Human,99.95
https://my.vanderbilthealth.com/symptoms-prediabetes,Human,100
https://myazlawyers.com/living-will-vs-last-will-testament-learning-the-differences,Human,98.68
https://mybenefitplans.makeityoursource.com/more-options/identity-theft-protection,Human,99.8
https://mybenefits.aon.com/atd/2024/voluntary/lifestyle-benefits/identity-theft,Human,99.95
https://mybillsbills.com/guide/bankruptcy-alternatives-there-are-risks,Human,99.95
https://mycreditunion.gov/manage-your-money/credit/credit-scores,Human,98.63
https://myhealth.alberta.ca/health/aftercareinformation/pages/conditions.aspx,Human,93.85
https://mymsaa.org/ms-information/symptoms/anxiety,Human,99.27
https://myoccu.org/personal/savings/iras,Human,99.66000000000001
https://myphiladelphiadisabilitylawyer.com/disabling-conditions/depression,Human,99.37
https://myphiladelphiadisabilitylawyer.com/social-security-disability-mental-health,Human,99.95
https://myplan.johnhancock.com/us/en,Human,99.8
https://mysolo401k.net/mycommunity/forums/discussion/%f0%9f%92%b0-sep-ira-fees-eating-me-alive-solo-401k-really-cheaper-long-term,AI,91.55
https://mysolo401k.net/mycommunity/forums/discussion/which-brokerage-account-is-best-for-solo-401k,Human,90.58
https://mysolo401k.net/mycommunity/forums/discussion/who-has-the-best-solo-401k,Human,97.89999999999999
https://nachonacho.com/product/betterment-deal,Human,99.9
https://nami-wake.org/how-to-qualify-for-social-security-disability-benefits-with-a-mental-illness,Human,99.61
https://namiiowa.org/how-someone-with-a-mental-health-condition-can-qualify-for-social-security-disability-benefits,Human,99.71
https://nashvillemh.com/blog/anxiety-and-blood-pressure,AI,100
https://nationaldisabilityalliance.com/types-of-disabilities/depression,Human,99.61
https://nationaldisabilityalliance.com/types-of-disabilities/mental-health,Human,99.95
https://nationalstudentdebtforgivenesscenter.com,Human,99.66000000000001
https://natlawreview.com/article/don-t-be-mark-trademark-scam-signs-scam,Human,94.97
https://ncdoj.gov/protecting-consumers/identity-theft,Human,98.83
https://ncdoj.gov/protecting-consumers/protecting-your-identity,Human,98.1
https://ncfundingcorp.com/how-does-a-mortgage-work-anyway,Human,100
https://nchstats.com/early-symptoms-of-heart-attacks,Human,92.82000000000001
https://nemoursbenefitsguide.com/benefits-options/financial/voluntary-identity-theft-protection,Human,99.46000000000001
https://networkhealth.com/grow-in-the-know/2024/02/handling-the-high-costs-of-type-2-diabetes-suggestions-for-savings,Human,98.97
https://neurolaunch.com/does-hypertension-cause-anxiety,AI,100
https://neurosymptoms.org/ar/media/pain-videos/migraine-how-does-it-work,Human,96.19
https://neurowellnessspa.com/what-is-anxiety,AI,53.080000000000005
https://news.berkeley.edu/2021/03/18/a-15-minimum-wage-would-cost-jobs-right-probably-not-economists-say,Human,99.85000000000001
https://news.feinberg.northwestern.edu/2015/10/21/blood-pressure-medication-cant-undo-all-damage,Human,100
https://news.gallup.com/opinion/polling-matters/468893/challenge-healthcare-reform.aspx,Human,98.88
https://news.harvard.edu/gazette/story/2025/02/eating-citrus-may-lower-depression-risk,Human,99.95
https://news.weill.cornell.edu/news/2024/09/study-reveals-how-covid-19-infection-can-cause-or-worsen-diabetes,Human,99.85000000000001
https://news.yahoo.com/treatments-type-2-diabetes-131330531.html,Human,99.95
https://newsletter.metafact.io/p/anxiety-review,Human,98.14
https://newsroom.heart.org/news/high-blood-pressure-treatment-in-pregnancy-is-safe-prevents-maternal-heart-risks,Human,99.95
https://newsroom.uw.edu/video-library/diabetic-patients-look-solutions-high-insulin-prices,Human,99.9
https://nextcare.com/health-resources/food-poisoning-understanding-treating-and-preventing-it,AI,77.10000000000001
https://nhsc.hrsa.gov/loan-repayment/nhsc-loan-repayment-program,Human,99.95
https://nmrc.com.ng/top-five-reasons-to-get-a-mortgage-loan,Human,99.41
https://nnroad.com/blog/401k-company-in-america,AI,100
https://nnroad.com/blog/unveiling-the-best-401k-provider-in-california-5-essential-insights,Human,99.8
https://nordprotect.com/what-is-identity-theft-protection,Human,98.44000000000001
https://nortonhealthcare.com/news/9-signs-you-may-be-having-a-heart-attack,Human,99.71
https://nortonhealthcare.com/news/average-age-heart-attack,Human,99.95
https://nortonhealthcare.com/news/panic-attack-heart-attack,Human,99.85000000000001
https://nras.org.uk/resource/possible-complications-and-related-conditions,Human,99.76
https://nutritionguide.pcrm.org/nutritionguide/view/nutrition_guide_for_clinicians/1342056/all/migraine,Human,99.9
https://nymag.com/intelligencer/article/what-to-know-about-the-latest-student-loan-forgiveness-plans.html,Human,99.66000000000001
https://nypost.com/2025/05/30/health/new-treatment-for-aggressive-breast-cancer-has-100-survival-rate,Human,99.9
https://nypost.com/2025/06/17/health/this-bad-habit-doubles-your-risk-of-dying-from-heart-disease-study,Human,99.71
https://nyulangone.org/conditions/heart-attack-with-no-blockage/diagnosis,Human,99.41
https://oag.ca.gov/consumers/general/credit-scores-credit-reports,Human,99.66000000000001
https://oag.ca.gov/idtheft,Human,98.34
https://oag.ca.gov/idtheft/facts/top-ten,Human,99.37
https://oag.dc.gov/consumer-protection/consumer-alert-consumer-credit,Human,99.9
https://obamawhitehouse.archives.gov/health-care-meeting/proposal/whatsnew/overview,Human,99.56
https://obamawhitehouse.archives.gov/healthreform/healthcare-overview,Human,99.76
https://ocwellnessphysicians.com/arthritis,Human,99.17
https://odh.ohio.gov/know-our-programs/hypertension,Human,99.37
https://odphp.health.gov/healthypeople,Human,99.9
https://odphp.health.gov/healthypeople/objectives-and-data/browse-objectives/arthritis,Human,99.56
https://odphp.health.gov/healthypeople/objectives-and-data/leading-health-indicators,Human,99.95
https://odphp.health.gov/myhealthfinder/health-conditions/diabetes/take-steps-prevent-type-2-diabetes,AI,71.63000000000001
https://ogletree.com/insights-resources/blog-posts/budget-reconciliation-bill-makes-employer-student-loan-payment-exclusion-permanent,Human,99.9
https://ohiocapitaljournal.com/2025/03/05/the-way-people-think-immigration-works-and-the-way-it-really-does,Human,99.85000000000001
https://oklahoma.gov/service/all-pages/required-documents.html,Human,99.95
https://okoyelaw.com/signs-your-marriage-will-end-in-divorce,AI,99.76
https://omrgml.medium.com/4-benifits-of-anxiety-b2ebd10a5226,Human,99.71
https://oncolifecentre.com/can-breast-cancer-be-cured,AI,99.95
https://ondafamilylaw.com/recognizing-signs-of-an-impending-divorce,AI,99.76
https://onepercentsteps.com,Human,99.9
https://onestop.utsa.edu/financialaid/types/loans,Human,99.85000000000001
https://orchard.com/blog/posts/how-do-mortgages-work,Human,99.95
https://originlaw.com/immigration-insights/overview-of-the-u-s-immigration-system,AI,98.92999999999999
https://orthoexperts.com/four-methods-of-arthritis-pain-relief,Human,100
https://orthoexperts.com/what-you-need-to-know-about-arthritis-symptoms,Human,100
https://orthoinfo.aaos.org/en/diseases--conditions/arthritis-an-overview,Human,99.8
https://orthoinfo.aaos.org/en/diseases--conditions/arthritis-of-the-foot-and-ankle,Human,99.76
https://orthoinfo.aaos.org/en/diseases--conditions/arthritis-of-the-knee,Human,99.11999999999999
https://orthop.washington.edu/patient-care/articles/arthritis/frequently-asked-questions-about-arthritis.html,Human,99.95
https://orthosportandspine.com/blog/5-major-warning-signs-of-arthritis,Human,99.66000000000001
https://otda.ny.gov/programs/disability-determinations,Human,99.95
https://outsidethenormcounseling.com/the-strengths-and-weaknesses-of-anxiety,AI,100
https://ownyourfuture.vanguard.com/content/en/main/help-center.html,Human,87.83999999999999
https://oxfordlawpllc.com/how-the-us-immigration-system-works,Human,99.95
https://pacificconciergephysician.com/drdiarra-newsletter/understanding-depression-causes-complications-and-treatment,AI,100
https://palmspringsbehavioralhealth.com/anxiety-or-heart-attack,AI,99.8
https://papers.ssrn.com/sol3/papers.cfm,Human,99.71
https://parade.com/1257369/jenniferlarson/signs-of-breast-cancer-in-women,Human,100
https://parklandmedicalcenter.com/blog/entry/5-heart-attack-risks-you-rarely-hear-about,Human,98.58
https://patentlawip.com/practice-areas/trademarks/trademark-applications-registration,Human,99.95
https://patialaheart.com/blog/understanding-how-hypertension-escalates-to-heart-attacks,AI,53.66
https://patient.info/bones-joints-muscles/arthritis,Human,99.85000000000001
https://patient.info/brain-nerves/migraine-leaflet/migraine-treatment-medication-and-prevention,Human,99.9
https://patient.info/forums/discuss/i-can-t-cope-with-my-generalized-anxiety-disorder-41650,Human,100
https://patient.info/news-and-features/am-i-having-a-heart-attack-or-a-panic-attack,Human,99.85000000000001
https://patient.info/news-and-features/what-are-the-symptoms-of-arthritis,Human,99.9
https://payroll.org/news-resources/news/news-detail/2025/07/18/missouri-repeals-paid-sick-leave-minimum-wage-increases-for-inflation,Human,99.11999999999999
https://pennstatehealthnews.org/2023/02/covid-19-survivors-risk-diabetes,Human,99.85000000000001
https://people.howstuffworks.com/immigration.htm,Human,99.95
https://perkins.org.au/honeybee-venom-kills-breast-cancer-cells,Human,99.95
https://personalbanking.bankofireland.com/borrow/mortgages,Human,99.61
https://personalfinance.costhelper.com/life-insurance.html,Human,99.95
https://pestakeholder.org/reports/private-equity-bankruptcy-tracker,Human,98.72999999999999
https://phelpshealth.org/news/latest-news/my-chest-pain-due-heart-attack-panic-attack-or-heartburn,Human,99.76
https://phinitytherapy.com/issues/relationships-issues,Human,100
https://physiciansthrive.com/10-benefits-of-a-roth-ira-2,Human,99.95
https://pitchbook.com/news/articles/trump-preparing-executive-order-open-401k-plans-private-market-assets,Human,99.76
https://plantrip.io/glossary/immigration,AI,100
https://plushcare.com/anxiety-treatment-online,Human,99.9
https://pm.amegroups.org/article/view/7213/html,Human,99.85000000000001
https://pmc.ncbi.nlm.nih.gov/articles/pmc10234733,Human,99.85000000000001
https://pmc.ncbi.nlm.nih.gov/articles/pmc10243231,Human,99.85000000000001
https://pmc.ncbi.nlm.nih.gov/articles/pmc10578145,Human,99.8
https://pmc.ncbi.nlm.nih.gov/articles/pmc10612137,Human,99.76
https://pmc.ncbi.nlm.nih.gov/articles/pmc10632231,Human,99.85000000000001
https://pmc.ncbi.nlm.nih.gov/articles/pmc10964279,Human,99.8
https://pmc.ncbi.nlm.nih.gov/articles/pmc11112088,Human,99.8
https://pmc.ncbi.nlm.nih.gov/articles/pmc11499200,Human,99.85000000000001
https://pmc.ncbi.nlm.nih.gov/articles/pmc11527681,Human,99.9
https://pmc.ncbi.nlm.nih.gov/articles/pmc12111186,Human,99.8
https://pmc.ncbi.nlm.nih.gov/articles/pmc12182154,Human,99.9
https://pmc.ncbi.nlm.nih.gov/articles/pmc1514477,Human,99.95
https://pmc.ncbi.nlm.nih.gov/articles/pmc2643192,Human,99.9
https://pmc.ncbi.nlm.nih.gov/articles/pmc2690202,Human,99.95
https://pmc.ncbi.nlm.nih.gov/articles/pmc2828629,Human,99.9
https://pmc.ncbi.nlm.nih.gov/articles/pmc3656338,Human,99.85000000000001
https://pmc.ncbi.nlm.nih.gov/articles/pmc3737484,Human,99.9
https://pmc.ncbi.nlm.nih.gov/articles/pmc4240626,Human,99.95
https://pmc.ncbi.nlm.nih.gov/articles/pmc4348138,Human,99.85000000000001
https://pmc.ncbi.nlm.nih.gov/articles/pmc4411016,Human,99.9
https://pmc.ncbi.nlm.nih.gov/articles/pmc4733405,Human,99.9
https://pmc.ncbi.nlm.nih.gov/articles/pmc4940672,Human,99.9
https://pmc.ncbi.nlm.nih.gov/articles/pmc4951626,Human,99.9
https://pmc.ncbi.nlm.nih.gov/articles/pmc4964851,Human,99.85000000000001
https://pmc.ncbi.nlm.nih.gov/articles/pmc5031072,Human,99.8
https://pmc.ncbi.nlm.nih.gov/articles/pmc5069435,Human,99.8
https://pmc.ncbi.nlm.nih.gov/articles/pmc5380140,Human,99.85000000000001
https://pmc.ncbi.nlm.nih.gov/articles/pmc5715522,Human,99.76
https://pmc.ncbi.nlm.nih.gov/articles/pmc5890865,Human,99.95
https://pmc.ncbi.nlm.nih.gov/articles/pmc5966045,Human,99.95
https://pmc.ncbi.nlm.nih.gov/articles/pmc6092031,Human,99.85000000000001
https://pmc.ncbi.nlm.nih.gov/articles/pmc6167242,Human,99.85000000000001
https://pmc.ncbi.nlm.nih.gov/articles/pmc6422329,Human,99.8
https://pmc.ncbi.nlm.nih.gov/articles/pmc6841742,Human,99.9
https://pmc.ncbi.nlm.nih.gov/articles/pmc6969655,Human,99.85000000000001
https://pmc.ncbi.nlm.nih.gov/articles/pmc7011085,Human,99.9
https://pmc.ncbi.nlm.nih.gov/articles/pmc7344412,Human,99.9
https://pmc.ncbi.nlm.nih.gov/articles/pmc7363503,Human,99.85000000000001
https://pmc.ncbi.nlm.nih.gov/articles/pmc7646207,Human,99.8
https://pmc.ncbi.nlm.nih.gov/articles/pmc7679769,Human,99.8
https://pmc.ncbi.nlm.nih.gov/articles/pmc7689317,Human,99.85000000000001
https://pmc.ncbi.nlm.nih.gov/articles/pmc7903505,Human,99.8
https://pmc.ncbi.nlm.nih.gov/articles/pmc8109634,Human,99.95
https://pmc.ncbi.nlm.nih.gov/articles/pmc8369920,Human,99.85000000000001
https://pmc.ncbi.nlm.nih.gov/articles/pmc8519716,Human,99.85000000000001
https://pmc.ncbi.nlm.nih.gov/articles/pmc8554438,Human,99.9
https://pmc.ncbi.nlm.nih.gov/articles/pmc8603328,Human,99.66000000000001
https://pmc.ncbi.nlm.nih.gov/articles/pmc8610877,Human,99.8
https://pmc.ncbi.nlm.nih.gov/articles/pmc8891603,Human,99.85000000000001
https://pmc.ncbi.nlm.nih.gov/articles/pmc8904749,Human,99.85000000000001
https://pmc.ncbi.nlm.nih.gov/articles/pmc8911114,Human,99.8
https://pmc.ncbi.nlm.nih.gov/articles/pmc9094639,Human,99.8
https://pmc.ncbi.nlm.nih.gov/articles/pmc9169030,Human,99.8
https://pmc.ncbi.nlm.nih.gov/articles/pmc9305755,Human,99.76
https://pmc.ncbi.nlm.nih.gov/articles/pmc9363150,Human,99.8
https://pmc.ncbi.nlm.nih.gov/articles/pmc9888545,Human,99.85000000000001
https://pmc.ncbi.nlm.nih.gov/articles/pmc9967788,Human,99.66000000000001
https://pnonline.com/archived/risks-of-depression,Human,99.95
https://podcasts.apple.com/ch/podcast/irs-to-share-personal-data-with-immigration-agents-to/id78304589,Human,99.76
https://policyfix.ca/2024/02/27/economic-benefits-of-increasing-the-minimum-wage,Human,99.8
https://policymattersohio.org/research/insulin-price-gouging-kills,Human,99.8
https://politicsofpoverty.oxfamamerica.org/6-simple-reasons-we-should-raise-the-minimum-wage,Human,98.83
https://pollo-tropical-public-assets.s3.amazonaws.com/video/essentialcbdextract/essentialcbdextractreviews-do24y.html,AI,99.07000000000001
https://pollo-tropical-public-assets.s3.amazonaws.com/video/glucoboostglp-1booster/glucoboostglp1boosterreviews-vpye5.html,AI,99.95
https://pollo-tropical-public-assets.s3.amazonaws.com/video/nervecalm/nervecalmcustomerreviews-dpe3m.html,AI,100
https://pollo-tropical-public-assets.s3.amazonaws.com/video/terracalm/terracalmcustomerreviews-7k5nl.html,Human,76.75999999999999
https://pollo-tropical-public-assets.s3.amazonaws.com/video/terracalm/terracalmreviews2025-owo2w.html,AI,100
https://pontera.com,Human,99.56
https://portal.311.nyc.gov/article,Human,99.9
https://portal.ct.gov/dph/health-education-management--surveillance/asthma/what-is-asthma,Human,100
https://porticobenefits.org,Human,98.1
https://positivepsychology.com/benefits-of-journaling,Human,99.85000000000001
https://positivereseteatontown.com/understanding-and-managing-treatment-resistant-depression,AI,100
https://premierfamily.net/breast-cancer-risk-factors-and-early-detection-strategies,AI,55.66
https://premierfamily.net/signs-of-a-heart-attack-and-what-to-do,Human,99.8
https://prestonwoodhealth.com/blog/what-is-anxiety,AI,100
https://prevailiws.com/what-are-the-pros-and-cons-of-roth-ira-kansas-city,AI,100
https://privatedebtproject.org/mortgage-what-is-it-and-how-does-it-work,Human,99.32
https://probate.laws.com/will/last-will-and-testament,Human,99.95
https://prodigyfinance.com/student-loans,Human,99.41
https://professional.diabetes.org/journals-resources/journals,Human,99.61
https://prospect.org/blogs-and-newsletters/tap/2025-07-16-gutting-student-loan-program,Human,99.85000000000001
https://prospect.org/health/happened-health-care-reform,Human,100
https://prosperitythinkers.com/should-you-pay-off-your-mortgage-early,Human,100
https://prudentplasticsurgeon.com,AI,99.95
https://psychcentral.com/anxiety/can-anxiety-cause-high-blood-pressure,Human,99.9
https://psychcentral.com/anxiety/panic-attack-or-heart-attack,Human,99.66000000000001
https://psychcentral.com/depression/how-long-does-depression-last,Human,99.8
https://psychcentral.com/depression/is-depression-a-disability,Human,99.46000000000001
https://psychcentral.com/depression/reasons-why-your-depression-may-not-be-getting-better,Human,99.76
https://psychcentral.com/depression/what-are-the-risk-factors-for-depression,Human,90.58
https://psychcentral.com/health/side-effects-of-untreated-depression-what-to-look-for,Human,98.63
https://psychcentral.com/relationships/predicting-signs-of-divorce,Human,99.66000000000001
https://psychiatryonline.org/doi/10.1176/appi.ajp.2020.20121733,Human,99.95
https://psychologistsnyc.com/panic-attack-vs-heart-attack,Human,99.66000000000001
https://psychology.stackexchange.com/questions/26730/high-blood-pressure-can-lead-to-anxiety,Human,99.95
https://public.com/ira,Human,98.83
https://public.com/learn/what-is-an-index-fund,AI,99.66000000000001
https://publications.aap.org/aapnews/news/8094/cdc-795-000-more-teens-have-hypertension-under-new,Human,99.95
https://publications.gc.ca/collection-r/lopbdp/bp/bp460-e.htm,AI,93.46
https://publicink.net/what-we-do-2/health-care-reform,Human,99.95
https://pubmed.ncbi.nlm.nih.gov/17343963,Human,99.51
https://pubmed.ncbi.nlm.nih.gov/18704983,Human,99.56
https://pubmed.ncbi.nlm.nih.gov/22238841,Human,99.46000000000001
https://pubmed.ncbi.nlm.nih.gov/23676531,Human,99.71
https://pubmed.ncbi.nlm.nih.gov/27458547,Human,99.51
https://pubmed.ncbi.nlm.nih.gov/28867933,Human,99.71
https://pubmed.ncbi.nlm.nih.gov/30641727,Human,99.8
https://pubmed.ncbi.nlm.nih.gov/31083878,Human,99.17
https://pubmed.ncbi.nlm.nih.gov/35416941,Human,99.41
https://pubmed.ncbi.nlm.nih.gov/36573969,Human,99.46000000000001
https://pubmed.ncbi.nlm.nih.gov/37909353,Human,99.32
https://pubmed.ncbi.nlm.nih.gov/38138975,Human,99.41
https://pubmed.ncbi.nlm.nih.gov/7799044,Human,99.66000000000001
https://pubsonline.informs.org/doi/10.1287/msom.2022.0653,Human,99.95
https://pulsetms.com/depression-issues/cure,Human,99.95
https://pxwelcome.corestream.com/identity-theft-protection,Human,99.9
https://qazilawoffices.com/understanding-immigration-and-nationality-act,AI,100
https://quickbooks.intuit.com/r/payroll/401k-plan-cost,Human,99.71
https://radiolawtalk.com/blog/what-is-a-trademark-and-how-does-it-work,Human,99.8
https://raisingchildren.net.au/guides/a-z-health-reference/food-poisoning,Human,100
https://raprince.com/social-security-benefits-info,Human,99.95
https://ratoathphysio.ie/the-use-of-laser-therapy-for-arthritic-joints,AI,100
https://reason.com/2025/07/16/leaked-blueprint-reveals-ice-plan-to-use-irs-data-to-increase-detentions,Human,99.95
https://receivablesinfo.com/2022/09/01/what-is-a-mortgage-and-how-do-mortgages-work,Human,99.85000000000001
https://recoveryvirginia.net/anxiety-and-depression/what-is-anxiety,Human,99.61
https://reference.medscape.com/drug/zoloft-sertraline-342962,Human,96.44
https://registers.maryland.gov/main/forms.html,Human,97.95
https://relevancerecovery.com/blog/managing-anxiety-the-benefits-of-prozac-for-anxiety-disorder,Human,98.97
https://reliantmedicalgroup.org/blog/2014/06/11/what-is-arthritis,Human,99.85000000000001
https://remote.com/resources/hr-glossary/non-resident-alien,Human,96.09
https://renttoretirement.com/blog/understanding-the-standard-home-mortgage-loans,Human,99.85000000000001
https://research.com/journal/diabetesmetabolism-research-and-reviews,Human,99.56
https://resony.health/blog/panic-attack-vs-heart-attack-how-to-tell-the-difference,AI,100
https://resources.healthgrades.com/healthguides/your-guide-to-preventing-migraines/all,Human,96.92
https://resources.healthgrades.com/right-care/arthritis/arthritis,Human,99.71
https://resources.healthgrades.com/right-care/depression/8-ways-depression-is-dangerous-for-your-health,Human,99.46000000000001
https://resources.healthgrades.com/right-care/depression/can-depression-be-cured,Human,91.64999999999999
https://resources.healthgrades.com/right-care/diabetes/top-signs-and-symptoms-of-diabetes,Human,99.95
https://resources.healthgrades.com/right-care/migraine-and-headache,Human,98.97
https://resources.healthgrades.com/right-care/migraine-and-headache/11-ways-migraines-are-dangerous-for-your-health,Human,99.46000000000001
https://resources.healthgrades.com/right-care/migraine-and-headache/4-things-to-know-about-preventive-medication-for-chronic-migraine,Human,99.8
https://resources.healthgrades.com/right-care/migraine-and-headache/symptoms-never-to-ignore-if-you-have-migraines,Human,99.76
https://resources.mha-triad.org/8-common-anxiety-symptoms-you-should-know,Human,99.9
https://resources.tellusapp.com/mortgage/basics/how-do-mortgages-work,Human,99.95
https://resources.tellusapp.com/mortgage/basics/what-is-a-mortgage,Human,99.85000000000001
https://respiratory-research.biomedcentral.com/articles/10.1186/s12931-025-03321-7,Human,99.66000000000001
https://retirement.johnhancock.com/us/en/viewpoints/retirement-readiness/potential-benefits-of-having-both-a-traditional-and-roth-ira,Human,98.78
https://rheumatology.org,Human,99.95
https://ridgewaymentalhealth.com/what-is-anxiety,AI,98.14
https://rightasrain.uwmedicine.org/well/health/your-chest-pain-heart-attack-or-anxiety,Human,99.85000000000001
https://rightcare.berkeley.edu/tools-resources-1/cdc-guide-effective-high-blood-pressure-cholesterol-and-cardiovascular-disease,Human,99.17
https://rightlawyers.com/divorce-may-affect-health,Human,98.14
https://rightlawyers.com/do-i-qualify-for-my-ex-spouses-social-security-benefits,Human,99.71
https://risingphoenixaz.com/blog/can-depression-be-cured,AI,100
https://riskonnect.com/thought-leadership/which-risks-will-actually-bankrupt-you,Human,99.95
https://rjimmigrationlaw.com/resources/understanding-the-u-s-immigration-system-an-overview,Human,94.87
https://rmelbourneaccountants.com.au/what-is-a-401k-in-australia-401k-vs-superannuation,Human,99.46000000000001
https://ro.ecu.edu.au/theses/2778,Human,99.9
https://robinhood.com/us/en/about/retirement,Human,99.85000000000001
https://robinhood.com/us/en/learn/articles/5me3br20kwoge0jgtmimcm/what-is-a-roth-ira,Human,99.46000000000001
https://rockymountaininsurancecenter.com/blog/how-does-a-401k-work,Human,99.85000000000001
https://roddeus.com/how-can-depression-qualify-you-for-social-security-disability,AI,100
https://rollingout.com/2024/10/28/heart-attack-vs-panic-attack,AI,100
https://ruthdeaton.com/five-warning-signs-divorce-is-in-your-future,Human,99.9
https://rwinsure.com/what-is-health-care-reform-and-what-do-i-need-to-do-now,Human,98.54
https://ryanswansonlaw.com/beware-of-trademark-scams,Human,96.09
https://sadeklaw.com/2018/07/13/9-risk-factors-might-make-creditor-challenge-bankruptcy,Human,98.88
https://saharawesturgentcare.com/blog/what-complications-can-occur-with-diabetes-key-risks,Human,99.95
https://saver.calsavers.com,Human,99.95
https://saylordotorg.github.io/text_personal-finance/s15-03-estate-planning.html,Human,99.95
https://sbarberlaw.com/9-signs-your-partner-wants-a-divorce,Human,80.96
https://sbpdiscovery.org/press/research-reviews-look-at-liver-disease-and-diabetes,Human,99.76
https://sbtreatment.com/symptoms/anxiety-disorders,Human,99.95
https://scan.com/blog/symptoms-of-arthritis,Human,99.9
https://scholar.google.com/citations,Human,99.66000000000001
https://scholars.org/contribution/what-does-health-reform-do-americans,Human,99.95
https://scholarship.law.columbia.edu/faculty_scholarship/385,Human,99.95
https://scholarships360.org/student-loans/how-do-student-loans-work,Human,99.95
https://scholarworks.umt.edu/cgi/viewcontent.cgi,Human,99.32
https://schoolhouseconnection.org/article/understanding-student-loans-the-basics,Human,99.32
https://scitechdaily.com/new-study-exposes-hidden-heart-risk-for-women-with-diabetes,Human,99.56
https://screening.mhanational.org/content/depression-curable,Human,99.9
https://screening.mhanational.org/content/what-anxiety,Human,99.9
https://seacrestrecoverycincinnati.com/understanding-the-impact-of-addiction-on-marital-relationships,AI,100
https://search.proquest.com/openview/8d9a8252920ccd59400eea9f6f161dc9/1,Human,99.95
https://secure.bankofamerica.com/sparta/credit-score/details,Human,99.66000000000001
https://secure.ssa.gov/poms.nsf/lnx/0300202005,Human,99.9
https://secure.ssa.gov/poms.nsf/lnx/0502220040,Human,99.32
https://seekingalpha.com/news/4468687-trump-said-to-broaden-401-k-access-to-crypto-investments,Human,99.95
https://selectedfirms.co/companies/investment-management/usa,Human,95.30999999999999
https://selfhelp.courts.ca.gov/name-change,Human,99.95
https://sellercentral.amazon.com/seller-forums/discussions/t/ead9b012-f14d-42b8-92a3-f5fb79e769e4,Human,99.9
https://sellercentral.amazon.com/seller-forums/discussions/t/fa016b08-a636-442e-8784-50c208f1fb8b,Human,99.95
https://selling-guide.fanniemae.com/sel/b3-5.1-01/general-requirements-credit-scores,Human,95.12
https://sesamecare.com/blog/anxiety-high-blood-pressure,Human,97.71
https://sesamecare.com/blog/arthritis-pain-relief,Human,97.71
https://sf.freddiemac.com/general/credit-score-models,Human,97.41
https://sf.freddiemac.com/working-with-us/origination-underwriting/mortgage-products/hfa-advantage,Human,98.24000000000001
https://sfspa.com/understanding-migraine-risks,Human,100
https://sg.finance.yahoo.com/news/8-biggest-advantages-roth-iras-220134410.html,Human,99.95
https://sharrymonfette.com/social-security-disability/disability-requirements/qualifying-for-disability-benefits-because-of-mental-illnesses,Human,99.9
https://shc-p-001.sitecorecontenthub.cloud/api/public/content/97ca9e9769de416181f345f4bedb86d6,Human,99.56
https://shepherdelderlaw.com/does-divorce-affect-social-security-spousal-benefits,Human,99.95
https://shift.hks.harvard.edu/early-effects-of-californias-20-fast-food-minimum-wage-large-wage-increases-with-no-effects-on-hours-scheduling-or-benefits,Human,99.95
"https://shine.methodisthealthsystem.org/returningtocare/85,p00787",Human,98.24000000000001
https://shop.elsevier.com/journals/diabetes-and-metabolic-syndrome-clinical-research-and-reviews/1871-4021,Human,99.9
https://shopdiabetes.org/products/2024-25-guide-to-medications-for-the-treatment-of-diabetes-mellitus,Human,99.27
https://shopdiabetes.org/products/annual-review-of-diabetes-2025,Human,96.28999999999999
https://sibalandassociates.in/trademark-engine-review-2024,AI,100
https://sierraiplaw.com/who-can-apply-for-a-trademark,Human,99.85000000000001
https://siliconpsych.com/can-anxiety-cause-high-blood-pressure,Human,99.95
https://simple.wikipedia.org/wiki/immigration,Human,99.07000000000001
https://singlefamily.fanniemae.com/originating-underwriting/credit-score-models,Human,88.77000000000001
https://singlefamily.fanniemae.com/originating-underwriting/mortgage-products/homeready-mortgage,Human,98.97
https://singlefamily.fanniemae.com/servicing/fact-sheet-what-mortgage-release-helping-borrowers-avoid-foreclosure,Human,99.8
https://siteman.wustl.edu/prevention/8-ways/8-ways-to-prevent-breast-cancer,Human,99.71
https://skywaybehavioralhealth.com/10-physical-signs-of-high-functioning-anxiety,AI,100
https://slate.com/life/2025/07/trump-one-big-beautiful-bill-student-loan-changes.html,Human,76.61
https://slavic401k.com,Human,99.8
https://slavic401k.com/understanding-401k-fees,Human,100
https://sleep.hms.harvard.edu/education-training/public-education/sleep-and-health-education-program/sleep-health-education-87,Human,99.41
https://smartasset.com/financial-advisor/average-life-insurance-rates,Human,99.8
https://smartasset.com/investing/free-stock-trading,Human,99.85000000000001
https://smartasset.com/investing/investment-calculator,Human,99.37
https://smartasset.com/investing/what-is-an-index-fund,Human,99.9
https://smartasset.com/retirement/401k-calculator,Human,99.02
https://smartasset.com/retirement/6-top-benefits-of-roth-iras,Human,99.8
https://smartasset.com/retirement/can-you-lose-money-in-a-roth-ira,Human,99.9
https://smartasset.com/retirement/hidden-fees-in-401k,Human,92.82000000000001
https://smartasset.com/retirement/how-does-a-401k-work-when-you-retire,Human,99.95
https://smartasset.com/retirement/how-much-should-you-have-in-your-401k-to-retire,Human,99.76
https://smartasset.com/retirement/how-much-to-open-a-roth-ira,Human,97.95
https://smartasset.com/retirement/last-will-and-testament,Human,99.9
https://smartasset.com/retirement/retirement-calculator,Human,99.66000000000001
https://smartasset.com/retirement/roth-ira-fees,Human,99.76
https://smartasset.com/retirement/social-security-insolvency,Human,99.95
https://smartasset.com/retirement/types-of-401k-plans,Human,99.95
https://smartasset.com/retirement/what-are-401k-fees,Human,99.9
https://smartasset.com/retirement/why-invest-in-a-roth-ira,Human,98.88
https://smh-cvh.org/signs-and-symptoms-of-a-heart-attack,Human,99.95
https://soarworks.samhsa.gov/article/disability-determination-the-ssa-sequential-evaluation,Human,99.95
https://socialk.com/learn,Human,99.95
https://socialsecurityprofessionals.com/disability-with-a-mental-disorder,Human,99.76
https://solacetreatmentcenter.com/anxiety-test,Human,98.24000000000001
https://source.washu.edu/2025/06/more-young-women-are-getting-breast-cancer-why,Human,99.85000000000001
https://southernketamine.com/treatment-goals-for-depression,AI,100
https://southernpainsociety.org/migraine-treatment-comprehensive-guide,Human,100
https://southshoreorthopedics.com/arthritis-treatment-options,Human,99.9
https://southstrandcardiology.com/information/risk-factors-heart-attack,Human,99.9
https://sp2.upenn.edu/study-increasing-minimum-wage-has-positive-effects-on-employment-in-fast-food-sector-and-other-highly-concentrated-labor-markets,Human,99.46000000000001
https://spconsultants.com/pension,Human,99.95
https://specialneedsanswers.com/mental-illness-and-social-security-disability-benefits-19939,Human,99.9
https://spokanespineteam.com/what-happens-in-the-brain-during-a-migraine,AI,81.49
https://sponsored.bostonglobe.com/studiob/is-breast-cancer-curable-the-state-of-breast-cancer-treatment-today,Human,99.95
https://springsourcecenter.com/depression-myths-chemical-imbalance-or-personal-weakness,Human,90.67
https://spzlegal.com/blog/intellectual-property/benefits-trademark-registration,Human,100
https://ssdisabilityaccess.com/blog/entry/do-i-qualify-for-social-security-disability-if-i-suffer-from-depression,Human,99.9
https://sseducate.org/will-social-security-go-bankrupt,Human,100
https://stackwealth.in/blog/stocks/how-do-index-funds-work,AI,95.95
https://standwithmainstreet.com/best-trademark-service,Human,99.56
https://stanfordhealthcare.org/medical-conditions/bones-joints-and-muscles/arthritis/risk-factors.html,Human,99.8
https://startupsavant.com/service-reviews/best-trademark-services,AI,98.97
https://stemerlaw.com/2025/04/10/how-to-register-a-trademark-in-the-u-s-a-quick-guide,Human,99.85000000000001
https://stopfoodborneillness.org/guidemap/entering-the-medical-system,Human,95.30999999999999
https://studentaid.gov/articles/student-loan-forgiveness,Human,99.9
https://studentaid.gov/articles/teacher-loan-forgiveness-options,Human,99.95
https://studentaidbc.ca/apply/eligibility,Human,100
https://studentfinance.northeastern.edu/billing-payments/financing-options,Human,98.88
https://studentloanborrowerassistance.org/big-bill-means-big-changes-for-student-loan-borrowers-what-you-need-to-know,Human,97.31
https://studentloanborrowerassistance.org/for-borrowers/dealing-with-student-loan-debt/loan-cancellation-forgiveness-bankruptcy/cancellation-forgiveness-options,Human,99.51
https://students-residents.aamc.org/financial-aid-resources/public-service-loan-forgiveness-pslf,Human,99.46000000000001
https://study.com/academy/lesson/video/us-health-care-reform-definition-policies.html,Human,96.04
https://studyinthestates.dhs.gov/students/prepare/students-and-the-form-i-20,Human,99.9
https://stvincents.org/about-us/news-press/news-detail,Human,99.9
https://stylianou.law/wills-and-succession-in-cyprus,Human,100
https://summitfamilylaw.com/blog/signs-you-might-need-to-get-divorced,Human,96.44
https://summitspine.com/arthritis-treatment-options,Human,100
https://support.microsoft.com/en-us/office/index-function-a5dcf0dd-996d-40a4-a822-b56b061328bd,Human,99.37
https://support.microsoft.com/en-us/office/protecting-yourself-from-identity-theft-online-6019708f-e990-4894-9ca7-fdb53ee70830,Human,99.32
https://support.relay.edu/kb/article/358-what-is-student-loan-forgiveness,Human,95.8
https://surfshark.com/blog/is-identity-theft-protection-worth-it,Human,99.51
https://switcher.ie/mortgages/complete-guide-to-mortgages,Human,93.02
https://syedlawoffices.com/trademark-attorney,Human,99.76
https://t2dm.nzssd.org.nz/section-115-annual-diabetes-review,Human,100
https://talk.collegeconfidential.com/t/how-does-financial-aid-student-loan-work/1482874,Human,99.95
https://targetbp.org/best-practices/guidelines17,Human,99.11999999999999
https://tax.thomsonreuters.com/blog/401k-tax-faq-tax-considerations-for-contributions-and-withdrawals,Human,98.72999999999999
https://taxfoundation.org/blog/student-loan-debt-forgiveness,Human,99.76
https://taxpolicycenter.org/briefing-book/do-immigrants-pay-taxes,Human,99.9
https://taxpolicycenter.org/briefing-book/what-are-tax-benefits-homeownership,Human,99.76
https://taxpolicycenter.org/taxvox/new-ice-irs-data-sharing-agreement-has-three-problems,Human,99.95
https://tbrnewsmedia.com/medical-compass-simple-steps-to-reduce-your-heart-disease-risk,Human,99.07000000000001
https://tea.texas.gov/texas-educators/educator-initiatives-and-performance/student-loan-forgiveness-for-teachers,Human,99.17
https://techcloudltd.com/blog/best-payment-gateways-in-usa,AI,99.9
https://teenhealthsource.com/mental-health/what-is-anxiety,Human,99.95
https://theawarenesscentre.com/toxic-relationship,Human,99.9
https://thebestschools.org/resources/college-finances/about-student-loans,Human,99.66000000000001
https://theclardylawfirm.com/social-security-disability-benefits,Human,99.8
https://thecollegeinvestor.com/18174/comparing-the-most-popular-solo-401k-options,Human,99.95
https://thecollegeinvestor.com/38029/best-small-business-401k-providers,Human,99.85000000000001
https://theconversation.com/5-things-to-consider-before-taking-out-a-student-loan-121724,Human,99.9
https://theconversation.com/florida-plan-to-deputize-national-guard-officers-as-immigration-judges-at-alligator-alcatraz-would-likely-violate-constitutional-rights-260677,Human,99.9
https://theconversation.com/new-therapy-teplizumab-could-delay-type-1-diabetes-by-years-if-caught-early-259814,Human,99.9
https://theconversation.com/the-disproportionate-toll-that-covid-19-took-on-people-with-diabetes-continues-today-227314,Human,99.51
https://thecreditreview.com/identity-theft-protection,Human,99.95
https://thedacare.org/news-and-events/healthy-living/know-the-difference-between-heart-attacks-and-panic-attacks,Human,99.95
https://thedailytexan.com/2025/07/17/understanding-immigration-provisions-in-the-one-big-beautiful-bill-act-how-it-would-impact-texans,Human,99.8
https://thedysautonomiaproject.org/dysautonomia,Human,99.66000000000001
https://thehill.com/business/5391687-democrats-oppose-data-sharing-irs-ice,Human,99.9
https://thehomeloanexpert.com/why-a-mortgage-is-better-than-renting-2,Human,100
https://thelawdictionary.org/article/best-trademark-registration-service,Human,95.02000000000001
https://themoneyalert.com/what-is-a-last-will-and-testament,Human,98.68
https://themortgagereports.com/19098/what-is-a-mortgage-and-how-does-it-work,Human,97.75
https://themortgagereports.com/87625/mortgage-rates-by-credit-score,Human,98.29
https://thepoldergroup.com/index.php/article/what-is-a-mortgage-and-how-does-it-work,AI,100
https://therapy-unlocked.com/relationship-problems,AI,99.71
https://therapyfinder.com/faq/anxiety,Human,100
https://therapyforchristians.com/blog/benefits-of-anxiety,Human,99.9
https://theseltzerfirm.com/dhs-now-enforcing-alien-registration-requirements-for-non-u-s-citizens,Human,99.95
https://thesicktimes.org/2025/07/15/national-covid-19-trends-july-15,Human,99.85000000000001
https://thestartcenter.com/program/breast-cancer-program,Human,98.58
https://thetherapygal.com/9-benefits-of-therapy-for-anxiety-does-therapy-for-anxiety-work,AI,94.63000000000001
https://theweek.com/personal-finance/how-do-student-loans-work,Human,99.95
https://theweek.com/personal-finance/the-pros-and-cons-of-mortgages,Human,99.95
https://thewestlawfirm.com/blog/is-reconciliation-possible-during-divorce-proceedings,AI,100
https://thinkhealthcare.org/high-blood-pressure-risks,Human,99.95
https://thosenerdygirls.org/osteoarthritis,Human,99.95
https://time.com/3897855/food-poisoning-treatment,Human,100
https://time.com/5577331/can-anxiety-cause-high-blood-pressure,Human,99.95
https://time.com/5615056/migraines-work,Human,100
https://time.com/6111258/good-anxiety-therapists,Human,99.95
https://time.com/6223019/student-loan-forgiveness-application-guide,Human,99.76
https://time.com/7208914/symptoms-doctors-dismiss-anxiety,Human,99.95
https://time.com/7265794/what-will-happen-to-student-loans-if-department-of-education-closes,Human,99.95
https://time.com/7301329/student-loans-forgiveness-pslf-trump-executive-order,Human,99.85000000000001
https://timesofindia.indiatimes.com/life-style/health-fitness/health-news/9-year-old-girl-dies-of-suspected-heart-attack-here-are-5-things-to-know-about-heart-ailments-in-kids/photostory/122726010.cms,Human,99.51
https://timesofindia.indiatimes.com/life-style/health-fitness/health-news/doctor-shares-shocking-reason-at-us-senate-hearing-on-why-heart-attacks-have-become-so-common-in-people-under-40/articleshow/122521563.cms,AI,99.95
https://timesofindia.indiatimes.com/life-style/health-fitness/health-news/frequent-urination-a-warning-sign-of-diabetes-heres-what-you-need-to-know/articleshow/122555391.cms,AI,100
https://timesofindia.indiatimes.com/life-style/health-fitness/health-news/high-bmi-increases-the-risk-of-breast-cancer-how-excess-weight-increases-cancer-risk-in-women-after-menopause/articleshow/122361151.cms,AI,99.95
https://timesofindia.indiatimes.com/life-style/health-fitness/health-news/the-heart-attack-symptom-no-one-talks-about-even-a-cardiologist-didnt-see-it-coming-heres-the-sign-he-missed/articleshow/122380870.cms,Human,99.95
https://timlane.org/blog/what-exactly-is-anxiety,Human,99.11999999999999
https://tipsaholic.com/how-does-a-401k-work-you-need-to-understand-it-for-retirement,Human,99.85000000000001
https://tish.law/blog/how-to-register-a-trademark,AI,100
https://tools.acc.org/ascvd-risk-estimator-plus,Human,100
https://top10incorporate.com/review/trademark-engine,Human,100
https://torronelaw.com/6-signs-you-might-be-headed-for-divorce,Human,100
https://tra401k.com/news/q-and-a-are-there-fees-involved-with-the-401k-plan,Human,98.24000000000001
https://tracreports.org,Human,99.9
https://trademark-engine.myprosandcons.com,Human,99.95
https://trademarkangel.com/testimonial,Human,99.95
https://trademarkfactory.com/blog/the-role-of-trademark-clearance-opinions-in-the-trademark-search-process,AI,100
https://trademarkfactory.com/trademark-factory-testimonials,Human,98.44000000000001
https://trademarks.usc.edu/trademark-fundamentals,Human,99.32
https://trademarks.utexas.edu/trademark-registration-process,Human,100
https://traqq.com/blog/raising-the-minimum-wage-pros-and-cons,Human,99.71
https://traqq.com/blog/the-pros-and-cons-of-raising-the-minimum-wage-in-2020-and-why-you-should,Human,99.71
https://travel.stackexchange.com/questions/199662/do-i-need-to-go-through-immigration-to-transit-through-the-usa-to-another-usa-st,Human,99.9
https://travel.state.gov/content/travel/en/legal/visa-law0/visa-bulletin.html,Human,99.56
https://travel.state.gov/content/travel/en/traveladvisories/traveladvisories/china-travel-advisory.html,Human,98.83
https://travel.state.gov/content/travel/en/us-visas/immigrate.html,Human,99.9
https://travel.state.gov/content/travel/en/us-visas/immigrate/the-immigrant-visa-process/step-1-submit-a-petition.html,Human,99.27
https://travel.state.gov/content/travel/en/us-visas/immigrate/the-immigrant-visa-process/step-5-collect-financial-evidence-and-other-supporting-documents.html,Human,99.95
https://treasury.tn.gov/retirement/retire-ready-tennessee/discover-retirereadytn,Human,99.51
https://treasurydirect.gov,Human,99.76
https://truecare.org/blog/arthritis-treatment-pain-relief,Human,99.17
https://truewellnesschiro.com/a-beginners-guide-to-understanding-and-managing-migraines,Human,91.46
https://trulaw.com/legal-guides/social-security-disability-insurance/ssdi-depression-does-depression-qualify-for-disability-benefits,Human,99.85000000000001
https://trussfinancialgroup.com/blog/understanding-the-basics-of-mortgage-loans,AI,100
https://trustandwill.com/learn/probate-judge,Human,99.95
https://trustandwill.com/learn/what-is-a-will,Human,99.95
https://trxaccess.org/p/healthcare-reform,Human,99.9
https://ttlc.intuit.com/community/credit-score/discussion/how-to-get-started-on-credit-score/00/15681,Human,99.27
https://ttlc.intuit.com/community/retirement/discussion/ss-spousal-benefit-timing-when-divorced/00/3371998,Human,99.22
https://ttlc.intuit.com/community/taxes/discussion/how-can-i-get-the-identity-theft-protection/00/719340,Human,99.8
https://ttlc.intuit.com/community/taxes/discussion/traditional-vs-roth-ira-contributions/00/3399051,Human,99.22
https://tuition.asu.edu/financial-aid/loans,Human,99.9
https://tunxis.commnet.edu/resources/401k-fee-comparison-chart.html,AI,98.05
https://turbotax.intuit.com/tax-tips/investments-and-taxes/the-tax-benefits-of-your-401k-plan/l8qhczbio,Human,99.71
https://twloha.com,Human,99.17
https://uams.edu/campusopsstaging/depts/nut/clin/faq,Human,99.95
https://ubiehealth.com/diseases/diff/panic-attack-vs-heart-attack,AI,98.72999999999999
https://ucnet.universityofcalifornia.edu/retirees/retiree-benefits/retiree-health/for-retirees-identity-theft-protection,Human,99.71
https://ufhealth.org/care-sheets/long-term-complications-of-diabetes,Human,99.9
https://ufhealth.org/conditions-and-treatments/asthma,Human,99.71
https://ufhealth.org/conditions-and-treatments/food-poisoning,Human,99.41
https://uhapo.co.in/community/breast-cancer/early-signs-and-symptoms-about-breast-cancer,AI,100
https://uhs.umich.edu/anxietypanic,Human,99.95
https://uihc.org/childrens/health-topics/overview-asthma,Human,99.9
https://ukhealthcare.uky.edu/orthopaedic-surgery-sports-medicine/conditions/general-orthopaedics/arthritis-treatment,Human,99.71
https://unacademy.com/content/upsc/full-forms/irs,Human,99.95
https://ungvanguard.org/20252/news/the-history-and-benefits-of-raising-the-minimum-wage,Human,99.9
https://unrubble.com/blog/pros-cons-raising-minimum-wage,Human,99.95
https://uoflhealth.org/articles/food-poisoning-signs-symptoms-and-treatments,Human,99.85000000000001
https://upsolve.org/learn/creditor-take-social-security,Human,99.46000000000001
https://upsolve.org/learn/downsides-bankruptcy,Human,99.71
https://upsolve.org/learn/social-security-overpayment-dischargeable,Human,99.95
https://upsolve.org/learn/what-goes-into-a-credit-score,Human,95.61
https://urbanbioethics.medium.com/high-cost-and-rising-insulin-prices-affect-the-neediest-in-our-community-8a637b263778,Human,100
https://us.etrade.com/what-we-offer/our-accounts/roth-ira,Human,99.66000000000001
https://usafacts.org/articles/how-many-americans-have-diabetes,Human,99.9
https://usafacts.org/articles/why-do-people-immigrate-us,Human,99.95
https://usmortgage.com/what-is-a-mortgage,AI,81.3
https://usstudentloancenter.org/how-do-student-loans-work,Human,99.95
https://usstudentloancenter.org/what-is-student-loan-forgiveness,AI,98.05
https://uthsc.edu/pulmonary,Human,99.56
https://utopia.org/guide/anxietys-hidden-benefits-how-to-use-them,Human,100
https://utswmed.org/conditions-treatments/diabetes/diabetes-treatment-options,Human,98.24000000000001
https://utswmed.org/medblog/diabetes-covid-19-risks,Human,99.95
https://uvahealth.com,Human,99.85000000000001
https://vaccinateyourfamily.org/questions-about-vaccines/covid-19-faq,Human,99.9
https://valleyspringrecovery.com/mental-health/anxiety,Human,99.22
https://valleywisehealth.org/blog/food-poisoning-when-to-visit-er,Human,99.9
https://vanduyncenter.com/everyone-should-know-the-five-signs-of-a-heart-attack,Human,100
https://vantagescore.com,Human,99.46000000000001
https://vendordirectory.shrm.org/category/benefits-voluntary-and-other/identity-protection-programs,Human,99.9
https://vermontmortgagecompany.com/2017/10/25/the-benefits-of-having-a-mortgage,Human,100
https://versusarthritis.org/about-arthritis/conditions,Human,99.41
https://versusarthritis.org/about-arthritis/conditions/arthritis,Human,99.17
https://versusarthritis.org/about-arthritis/conditions/osteoarthritis,Human,99.9
https://versusarthritis.org/about-arthritis/conditions/rheumatoid-arthritis,Human,58.64
https://versusarthritis.org/about-arthritis/treatments/drugs,Human,99.46000000000001
https://versusarthritis.org/about-arthritis/treatments/drugs/amitriptyline,Human,99.46000000000001
https://versustexas.com/blog/signs-your-spouse-is-considering-divorce,Human,99.95
https://verticalestateplanning.com/add-page/last-will-testament,Human,99.27
https://victormalcalaw.com/depression-social-security-disability,AI,100
https://vileslaw.com/tax,Human,99.95
https://vinapharco.com/en/news/216,Human,99.95
https://viridian-nutrition.com/blogs/nutrition-articles/have-we-gone-too-far-with-tracking-health-1,AI,98.14
https://virtualheadachespecialist.com/is-migraine-dangerous-understanding-the-risks-and-symptoms,AI,99.9
https://vistaslawgroup.com/will-vs-beneficiary,AI,98.14
https://vitalrecord.tamu.edu/heart-health-awareness-heart-attack-risks-and-prevention,Human,99.95
https://vjrussolaw.com/understanding-last-will-and-testament-an-overview,Human,100
https://vpf.mit.edu/by-topic/tax-filing/social-security-number-or-individual-taxpayer-identification-number,Human,99.41
https://vsmg.org/benefits/protecting-employees-identities-why-employers-must-offer-identity-theft-insurance,Human,99.85000000000001
https://vtlawhelp.org/health-care-reform,Human,99.85000000000001
https://wakeresearch.com/find-clinical-trial/diabetes,AI,100
https://wariplaw.com/a-guide-to-trademark-registration-costs,Human,99.95
https://watersidebehavioralhealth.com/blog/can-anxiety-cause-high-blood-pressure,AI,88.42999999999999
https://wcnllp.com/is-your-last-will-and-testament-current,Human,99.61
https://wealthkeel.com/blog/401k-worth-it,Human,99.66000000000001
https://wealthkeel.com/blog/5-traps-that-could-derail-your-roth-ira,AI,100
https://wealthtender.com/insights/investing/is-401k-worth-it,Human,99.8
https://webtm.com/practice-areas/trademark-law/trademark-faq,Human,99.85000000000001
https://wecaremedical.us/arthritis,Human,98.68
https://weillcornell.org/metabolic-surgery-surgical-treatment-for-type-2-diabetes,Human,99.76
https://welevelupfl.com/behavioral-health/anxiety-and-high-blood-pressure,Human,99.95
https://wellessencemd.com/understanding-arthritis-and-natural-treatment-options,Human,100
https://westhoustonattorney.com/10-signs-your-spouse-is-thinking-of-divorce,Human,97.02
https://wexnermedical.osu.edu/our-stories/why-are-people-developing-diabetes-after-having-covid19,Human,96.39
https://wgntv.com/news/nexstar-media-wire/what-is-a-401k,Human,98.83
https://whatsupmag.com/culture/finance/the-most-important-balancing-act-of-your-life,Human,98.92999999999999
https://wheniwork.com/blog/the-pros-and-cons-of-raising-the-minimum-wage,AI,100
https://willowtreecounselling.ca/articles/the-benefits-of-anxiety,Human,100
https://wing-gs.com/en/testament-inheritance-notarized-document,Human,99.02
https://wise.com/us/blog/self-directed-ira,Human,99.95
https://wiserinvestor.com/what-are-the-disadvantages-of-a-custodial-roth-ira,AI,99.85000000000001
https://wiserwomen.org/resources/divorce-fact-sheets/social-security-and-divorce-what-you-need-to-know,Human,100
https://wol.iza.org/articles/does-increasing-the-minimum-wage-reduce-poverty-in-developing-countries/long,Human,99.95
https://wol.iza.org/key-topics/minimum-wage,Human,99.95
https://womenshealth.gov/a-z-topics/depression,Human,98.24000000000001
https://womenshealth.gov/a-z-topics/migraine,Human,98.29
https://woodgroupmortgage.com/articles/advantages-getting-mortgage,Human,98.97
https://wordinblack.com/2025/07/black-women-often-need-more-help-fighting-postpartum-depression,Human,99.66000000000001
https://workdaybenefits.com/us/financial/401k-plan,Human,98.83
https://workforce.equifax.com/solutions/identity-theft-protection,Human,99.71
https://workplacefinancialservices.schwab.com/retirement-services/401k-plans-paired-independent-providers,Human,99.56
https://world-heart-federation.org/resource/video-hypertension,Human,99.71
https://world-heart-federation.org/what-we-do/hypertension,Human,99.76
https://wrennefinancial.com/are-roth-iras-really-this-bad,Human,96.0
https://wrightpt.com/arthritis-treatment,AI,100
https://wrightpt.com/joint-treatment,Human,96.48
https://wsac.wa.gov/pslf,Human,99.95
https://www.1040.com/blog/2020/2/21/taxes-and-your-credit-score-4-helpful-things-you-need-to-know,Human,99.95
https://www.10tv.com/article/news/nation-world/health-officials-drop-5-day-isolation-covid-19/507-78b2b960-4026-417b-8301-af8ac5ed238f,Human,99.95
https://www.10tv.com/article/news/verify/social-security-verify/social-security-not-going-bankrupt-when-trust-funds-run-out/536-0258d8bf-7f10-4218-af98-0b328a053db3,Human,99.56
https://www.12newsnow.com/article/news/nation-world/health-officials-drop-5-day-isolation-covid-19/507-78b2b960-4026-417b-8301-af8ac5ed238f,Human,99.95
https://www.13newsnow.com/article/news/health/coronavirus/cdc-updated-covid-19-guidelines/291-002be968-57f0-4c64-b62a-9d977ac1b2b7,Human,99.9
https://www.13newsnow.com/article/news/verify/social-security-verify/social-security-not-going-bankrupt-when-trust-funds-run-out/536-0258d8bf-7f10-4218-af98-0b328a053db3,Human,88.13
https://www.1stnatbk.com/calculator/roth-ira,Human,100
https://www.211texas.org,Human,99.56
https://www.2keller.com/blog/social-security-for-depression.cfm,Human,100
https://www.3newsnow.com/insulin-prices-leaves-many-diabetics-unable-to-afford-health-care,Human,100
https://www.401ksource.com,AI,99.71
https://www.401ksource.com/comparator,Human,99.9
https://www.53.com/content/fifth-third/en/personal-banking/bank/identity-theft-protection.html,Human,99.71
https://www.53.com/content/fifth-third/en/personal-banking/borrowing-basics/mortgage.html,Human,99.71
https://www.7cups.com/forum/anxiety/general_2428/cripplinganxietytakingovermylife_303165,Human,100
https://www.7cups.com/forum/anxiety/general_2428/weeklyprompt28whataresomepositivethingsthatcancomefromexperiencinganxiety_321884,Human,99.95
https://www.7cups.com/forum/anxiety/resources_412/14unexpectedsymptomsofanxietyhaveyouexperiencedany_110438,Human,99.95
https://www.7cups.com/forum/anxiety/shareyourstory_667/healthanxiety_260647,Human,99.9
https://www.7cups.com/forum/depression/resourcesfordepression_214/allaboutmajordepression_15562,Human,99.95
https://www.7cups.com/forum/healthyliving/foodhydrationnutrition_827/newdiabetesdiagnosis_314102,Human,99.95
https://www.9news.com/article/news/local/big-beautiful-bill-caps-loans-medical-students/73-65ea185f-3929-44e4-b9ec-e308d24c4b5a,Human,99.95
https://www.aaa.com/experianidtheft,Human,99.76
https://www.aaaai.org/conditions-treatments/related-conditions/mcas,Human,99.56
https://www.aaaai.org/tools-for-the-public/conditions-library/asthma/medications-may-trigger-asthma-symptoms,Human,99.71
https://www.aaalife.com/term-life-insurance/traditional,Human,99.46000000000001
https://www.aad.org/public/diseases/a-z/diabetes-warning-signs,Human,98.88
https://www.aad.org/public/diseases/a-z/heart-disease-warning-signs,Human,98.63
https://www.aafp.org/pubs/afp/issues/2001/0501/p1759.html,Human,99.9
https://www.aafp.org/pubs/afp/issues/2010/0801/p275.html,AI,90.67
https://www.aafp.org/pubs/afp/issues/2015/0901/p358.html,Human,99.76
https://www.aafp.org/pubs/afp/issues/2018/0215/p243.html,Human,98.92999999999999
https://www.aafp.org/pubs/afp/issues/2019/0215/p237.html,Human,98.49
https://www.aafp.org/pubs/afp/issues/2019/0515/p620.html,Human,99.85000000000001
https://www.aafp.org/pubs/afp/issues/2022/0200/p162.html,Human,99.95
https://www.aafp.org/pubs/afp/issues/2025/0400/acute-migraine-headache.html,Human,98.78
https://www.aamc.org/news-insights/is-there-cure-for-racism,Human,99.9
https://www.aao.org/eye-health/diseases/what-is-migraine,Human,99.95
https://www.aarp.org/health/conditions-treatments/anxiety-and-blood-pressure,Human,98.63
https://www.aarp.org/health/conditions-treatments/anxiety-disorders,Human,99.22
https://www.aarp.org/health/conditions-treatments/arthritis-symptoms,Human,99.46000000000001
https://www.aarp.org/health/conditions-treatments/diabetes-and-the-coronavirus,Human,98.58
https://www.aarp.org/health/conditions-treatments/high-blood-pressure-symptoms-and-causes,Human,99.27
https://www.aarp.org/health/conditions-treatments/sneaky-diabetes-symptoms,Human,99.41
https://www.aarp.org/health/conditions-treatments/what-is-depression,Human,99.46000000000001
https://www.aarp.org/social-security/divorced-spouse-benefits,Human,99.27
https://www.aarp.org/social-security/faq/bankruptcy-impact-on-benefits,Human,99.07000000000001
https://www.aarp.org/social-security/faq/mental-illness,Human,99.22
https://www.aarp.org/social-security/myths-misconceptions-explained.html,Human,99.27
https://www.aarp.org/social-security/retirement/spousal-benefits,Human,99.17
https://www.abbott.com,Human,99.37
https://www.abi.org/feed-item/you-can-discharge-social-security-overpayments-in-bankruptcy,Human,99.56
https://www.abs.gov.au/statistics/health/health-conditions-and-risks/arthritis/latest-release,Human,98.34
https://www.abs.gov.au/statistics/health/health-conditions-and-risks/diabetes/latest-release,Human,99.85000000000001
https://www.abs.gov.au/statistics/health/health-conditions-and-risks/hypertension-and-high-measured-blood-pressure/latest-release,Human,99.71
https://www.absiortho.com/blog/best-treatment-options-for-your-arthritis,Human,99.51
https://www.absiortho.com/blog/the-link-between-excess-weight-and-arthritis,Human,99.8
https://www.acas.org.uk/supporting-mental-health-workplace,Human,99.9
https://www.acc.org/latest-in-cardiology/articles/2024/02/05/11/43/2023-esh-hypertension-guideline-update,Human,99.76
https://www.acc.org/latest-in-cardiology/ten-points-to-remember/2017/11/09/11/41/2017-guideline-for-high-blood-pressure-in-adults,Human,98.63
https://www.accu-chek.com/blog/diabetes,Human,96.83
https://www.acep.org/federal-advocacy/health-care-reform,Human,99.95
https://www.achowdhurylaw.com/blog/7-signs-it-is-time-for-a-divorce,Human,99.32
https://www.acibademhealthpoint.com/the-what-is-hypertension-blood-pressure,AI,97.31
https://www.acibademhealthpoint.com/when-does-hypertension-lead-to-complications-know-the-risks,Human,99.71
https://www.acog.org,Human,99.27
https://www.acog.org/clinical,Human,99.9
https://www.acpm.org/initiatives/hypertension,Human,99.95
https://www.acronis.com/en-eu/blog/posts/what-is-identity-theft-protection,Human,99.9
https://www.acronis.com/en-us/blog/posts/how-to-choose-the-best-identity-theft-protection,Human,99.56
https://www.acronis.com/en-us/blog/posts/what-is-identity-theft-protection,Human,99.9
https://www.acs-mv.com/blog/is-it-a-heart-attack-or-a-panic-attack,Human,99.95
https://www.adp.com/logins/401k-plans.aspx,Human,98.72999999999999
https://www.adp.com/resources/articles-and-insights/articles/h/how-much-does-a-401k-cost-an-employer.aspx,Human,97.95
https://www.adp.com/resources/articles-and-insights/articles/s/setting-up-a-401k.aspx,Human,97.85000000000001
https://www.adp.com/resources/tools/calculators.aspx,Human,99.9
https://www.adp.com/what-we-offer/benefits/retirement/401k.aspx,Human,99.76
https://www.adultingacrashcourse.com/student-loan-basics,Human,100
https://www.advantaira.com/blog/how-to-maximize-the-benefits-of-a-roth-ira,AI,99.95
https://www.advil.ca/resources/migraine/a-guide-to-treating-migraines,Human,99.95
https://www.advisorperspectives.com/articles/2025/07/18/vanguard-big-crypto-thanks-index-fund,Human,99.85000000000001
https://www.advocatehealth.com/health-services/diabetes-endocrinology/what-is-diabetes,Human,99.51
https://www.aeaweb.org/articles,Human,99.56
https://www.aei.org/research-products/report/an-analysis-of-the-one-big-beautiful-bill-acts-effect-on-student-loans,Human,99.46000000000001
https://www.afbank.com/article/what-is-creditworthiness-and-why-does-it-matter,AI,92.72
https://www.afcurgentcare.com/southcenter/blog/how-to-treat-food-poisoning,AI,99.8
https://www.affleckandgordon.com/blog/2020/november/how-to-fill-out-your-adult-function-report-for-d,Human,99.9
https://www.affordablecollegesonline.org/financial-aid/how-to-consolidate-student-loans,Human,99.71
https://www.aflac.com/resources/life-insurance/term-life-insurance-rates-by-age.aspx,Human,98.83
https://www.aflac.com/resources/life-insurance/whole-life-insurance-rates-by-age.aspx,Human,98.83
https://www.afsa.gov.au/i-cant-pay-my-debts/bankruptcy/consequences-bankruptcy,Human,99.85000000000001
https://www.aft.org/member-benefits/finance-legal/identity-theft-protection,Human,99.95
https://www.aft.org/member-benefits/mortgage-home-services,Human,99.95
https://www.ageeclymer.com/blog/apply-social-security-disability-youre-depressed,Human,99.8
https://www.ageeclymer.com/blog/ssdi-and-ssi-mental-illness-benefits-ohio,Human,100
https://www.aha.org/news/headline/2025-07-11-covid-19-vaccination-approved-older-adults-and-high-risk-younger-children,Human,99.41
https://www.aha.org/topics/covid-19-cdc-fda-and-cms-guidance,Human,99.8
https://www.ahajournals.org/doi/10.1161/cir.0000000000000759,Human,99.9
https://www.ahima.org/advocacy/policy-statements/healthcare-reform,Human,99.95
https://www.ahn.org/services/cardiovascular/conditions/hypertension,Human,99.22
https://www.aila.org/daily-immigration-news-clips-july-17-2025,Human,99.9
https://www.airdroid.com/mdm/best-web-filtering-software,Human,98.97
https://www.ajc.com/native,Human,99.46000000000001
https://www.ajmc.com/view/cvd-and-bmi-linked-to-postmenopausal-breast-cancer,Human,98.34
https://www.ajmc.com/view/diabetes-increases-cv-risk-in-patients-with-psoriasis-coronary-artery-disease,Human,97.85000000000001
https://www.ajpmonline.org/article/s0749-3797(13)00338-3/fulltext,Human,99.85000000000001
https://www.akc.org/expert-advice/health/benadryl-for-dogs,Human,99.85000000000001
https://www.akulalaw.com/blog/2024/october/family-based-immigration-reuniting-with-loved-on,Human,99.51
https://www.alabamapublichealth.gov/cardio/high-bp-consequences.html,Human,99.9
https://www.alana-recovery.com/blog/5-benefits-of-an-anxiety-treatment-program,Human,96.78
https://www.aleve.com/understand-pain/arthritis,Human,99.9
https://www.alight.com/library/what-is-a-roth-ira,Human,99.85000000000001
https://www.alight.com/solutions/retirement-benefits/defined-contribution,Human,99.85000000000001
https://www.allergydoc.us/blog/link-between-asthma-and-hypertension-what-you-should-know,Human,99.32
https://www.alliantcreditunion.org/invest/open-a-roth-ira-account,Human,99.37
https://www.allianz-trade.com/en_us/insights/business-bankruptcy.html,Human,99.46000000000001
https://www.allianz-trade.com/en_us/insights/how-to-prevent-insolvency-risk.html,Human,98.68
https://www.allinahealth.org/healthysetgo/heal/food-poisoning-symptoms-and-treatment,Human,99.95
https://www.alllaw.com/articles/nolo/wills-trusts/beneficiary-has-died.html,Human,99.9
https://www.allmedla.org/blog/diabetes-complications-how-to-prevent-long-term-health-risks,AI,99.8
https://www.allstateidentityprotection.com/business/content-hub/8-myths-about-identity-theft-prevention,Human,100
https://www.allstateidentityprotection.com/business/content-hub/why-should-my-company-offer-identity-theft-protection-as-employee-benefit,Human,99.95
https://www.allstateidentityprotection.com/personal,Human,99.61
https://www.allsup.com/your-ssdi/eligible-disabilities/depression,Human,99.02
https://www.ally.com/iras,Human,99.95
https://www.ally.com/stories/credit/what-is-a-fico-score,Human,100
https://www.alpa.org/resources/alpa-insurance/identify-theft,Human,100
https://www.alphainternalmedicine.com/blog/understanding-diabetes-prevention-management-and-treatment-with-alpha-internal-medicine,AI,100
https://www.altamed.org/articles/dont-let-arthritis-control-your-life,Human,99.8
https://www.altoira.com,Human,99.8
https://www.altoonaarthritis.com,Human,99.95
https://www.altru.org/health-library/definitions/arthritis,Human,99.9
https://www.ama-assn.org/about/leadership/health-reform-how-improve-us-health-care-2020-and-beyond,Human,99.95
https://www.ama-assn.org/about/leadership/new-congress-can-create-lasting-legacy-health-reform,Human,100
https://www.ama-assn.org/delivering-care/behavioral-health/new-uspstf-screening-guidelines-anxiety-plus-prep-depression-0,Human,99.95
https://www.ama-assn.org/delivering-care/behavioral-health/what-doctors-wish-patients-knew-about-managing-anxiety-disorders,Human,99.95
https://www.ama-assn.org/delivering-care/chronic-diseases/menopause-and-cardiovascular-disease-and-using-hrt-treat-menopause,Human,99.95
https://www.ama-assn.org/delivering-care/prevention-wellness/higher-costs-diabetes-start-least-5-years-diagnosis,Human,99.95
https://www.ama-assn.org/delivering-care/prevention-wellness/how-covid-19-boosted-enrollment-diabetes-prevention-program,Human,99.95
https://www.ama-assn.org/delivering-care/prevention-wellness/patients-can-take-these-steps-lower-their-high-blood-pressure,Human,99.95
https://www.ama-assn.org/delivering-care/prevention-wellness/pfas-health-effects-and-cdc-guidelines-how-reduce-pfas-0,Human,99.95
https://www.ama-assn.org/delivering-care/public-health/what-doctors-wish-patients-knew-about-managing-anxiety-disorders,Human,99.95
https://www.ama-assn.org/medical-students/medical-school-life/medical-student-financial-faq-insight-loan-forgiveness,Human,99.95
https://www.ama-assn.org/member-benefits/personal-member-benefits-discounts/home-lifestyle-offers,Human,99.95
https://www.ama-assn.org/topics/hypertension-control,Human,99.95
https://www.amahahealth.com/blog/benefits-of-anxiety,Human,99.95
https://www.amazon.com/live/video/0d35fadf5c87450c8fb6865fa6f3980d,Human,99.37
https://www.amenclinics.com/blog/7-surprising-ways-anxiety-benefits-you,Human,99.32
https://www.americanactionforum.org/insight/examining-the-effects-of-raising-the-federal-minimum-wage-to-15,Human,99.85000000000001
https://www.americanactionforum.org/research/insulin-cost-and-pricing-trends,Human,99.71
https://www.americancentury.com/plan/calculators/cash-out-calculator,Human,98.29
https://www.americanexpress.com/en-us/credit-cards/credit-intel/credit-score-ranges,Human,99.07000000000001
https://www.americanexpress.com/en-us/credit-cards/credit-intel/does-applying-for-multiple-loans-affect-your-credit-score,Human,98.92999999999999
https://www.americanexpress.com/en-us/credit-cards/credit-intel/identity-theft-protection-services,Human,98.78
https://www.americanexpress.com/us/credit-cards/features-benefits/free-credit-score,Human,98.97
https://www.americanfinancing.net/mortgage-basics/how-credit-scores-impact-rates,Human,100
https://www.americangeriatrics.org/where-we-stand/healthcare-reform,Human,98.97
https://www.americanimmigrationcouncil.org/about-immigration/how-immigration-works,AI,51.949999999999996
https://www.americanimmigrationcouncil.org/about-immigration/immigration-101,Human,98.39
https://www.americanimmigrationcouncil.org/blog/ice-irs-data-sharing-agreement-court,Human,99.9
https://www.americanimmigrationcouncil.org/fact-sheet/facts-about-individual-tax-identification-number-itin,AI,67.29
https://www.americanimmigrationcouncil.org/fact-sheet/how-united-states-immigration-system-works-fact-sheet,Human,98.97
https://www.americannational.com/home,Human,99.9
https://www.americanprogress.org/article/raising-minimum-wage-boost-economic-recovery-reduce-taxpayer-subsidization-low-wage-work,Human,99.32
https://www.americanprogress.org/article/raising-the-minimum-wage-would-be-an-investment-in-growing-the-middle-class,Human,99.32
https://www.americanprogress.org/article/tracker-student-loan-debt-relief-under-the-biden-harris-administration,Human,99.56
https://www.americanprogress.org/article/why-we-need-health-care-reform-2,Human,99.95
https://www.americanprogressaction.org/article/raising-the-minimum-wage-would-help-not-hurt-our-economy,Human,99.71
https://www.americantrustretirement.com,Human,99.95
https://www.americorps.gov/blogs/2024-01-12/five-things-know-about-public-service-loan-forgiveness,Human,99.27
https://www.ameriprise.com/financial-goals-priorities/retirement/what-is-a-401k,Human,99.85000000000001
https://www.ameriprise.com/financial-goals-priorities/retirement/what-to-do-with-your-401k-plan-when-you-change-jobs,Human,99.9
https://www.amfam.com,Human,99.9
https://www.amgenparc.com/learning-center/cardiovascular/chapter-1/1-2/1,Human,98.68
https://www.amres.com/amres-resources/how-do-mortgages-work,Human,97.27
https://www.annualcreditreport.com/index.action,Human,99.17
https://www.annualreviews.org/content/journals/10.1146/annurev-med-050219-034524,Human,99.07000000000001
https://www.annualreviews.org/doi/abs/10.1146/annurev-publhealth-090419-102644,Human,98.63
https://www.annuity.org/retirement/401k,Human,99.71
https://www.annuity.org/retirement/ira/fees,Human,99.71
https://www.annuity.org/retirement/ira/roth-ira/best-roth-ira-accounts,Human,99.9
https://www.annuityexpertadvice.com/stock-market-crash,AI,99.41
https://www.annuityexpertadvice.com/trademark-engine-review,AI,100
https://www.anxiety-specialists.com/blog/panic-vs-heart-attack,Human,99.95
https://www.anxietycentre.com/anxiety-disorders/symptoms,Human,99.9
https://www.anxietycentre.com/recovery-stories-testimonials,Human,98.83
https://www.anxietyuk.org.uk/reviews-guidance,Human,99.61
https://www.aol.com/average-401-k-balance-last-220000147.html,AI,99.8
https://www.aol.com/finance/divorced-people-know-social-security-170801802.html,Human,79.79
https://www.aol.com/news/study-finds-increased-risk-diabetes-203254207.html,Human,99.66000000000001
https://www.aol.com/social-security-insolvency-date-could-162352424.html,Human,99.95
https://www.aol.com/social-security-poor-credit-hurt-170229388.html,Human,99.9
https://www.apha.org/policy-and-advocacy/public-health-policy-briefs/policy-database/2017/01/18/improving-health-by-increasing-minimum-wage,Human,99.76
https://www.apha.org/topics-and-issues/health-reform,Human,99.8
https://www.apollo247.com/health-topics/heart-disease/can-hypertension-be-reversed-cured,AI,100
https://www.appropriations.senate.gov/download/230711-griffin-rodgers-testimony&download=1,Human,99.11999999999999
https://www.arheart.com/heart-health/cardiac-risk-factors,Human,99.95
https://www.arizonaccc.com/post/signs-and-symptoms-of-breast-cancer,Human,99.9
https://www.arlingtonfamilypracticepc.com/blog/what-is-hypertension,Human,100
https://www.arlis.org.uk/how-to-know-if-your-marriage-is-over-or-just-a-rough-patch,AI,100
https://www.arnothealth.org/news/how-close-are-we-to-a-cure-for-breast-cancer,Human,99.9
https://www.arthritis-health.com/treatment/injections/cortisone-injection-risks-and-side-effects,Human,100
https://www.arthritis.org,Human,99.9
https://www.arthritis.org.au/arthritis/arthritis-insights/living-well-with-arthritis/fatigue-and-arthritis,AI,100
https://www.arthritis.org.au/arthritis/arthritis-insights/understanding-arthritis/understanding-the-risk-factors-for-arthritis,Human,99.41
https://www.arthritis.org.nz/osteoarthritis,Human,96.88
https://www.arthritis.org.nz/what-is-arthritis,Human,99.95
https://www.arthritis.org/diseases/osteoarthritis,Human,99.85000000000001
https://www.arthritis.org/diseases/rheumatoid-arthritis,Human,99.85000000000001
https://www.arthritis.org/health-wellness/about-arthritis/related-conditions/other-diseases/arthritis-and-infection-risk,Human,99.95
https://www.arthritis.org/health-wellness/about-arthritis/understanding-arthritis/11-risk-factors-rheumatoid-arthritis-reduce-risk,Human,99.71
https://www.arthritis.org/health-wellness/about-arthritis/understanding-arthritis/do-i-have-arthritis,Human,99.95
https://www.arthritis.org/health-wellness/about-arthritis/understanding-arthritis/recognizing-the-symptoms-of-arthritis,Human,99.85000000000001
https://www.arthritis.org/health-wellness/about-arthritis/understanding-arthritis/what-is-arthritis,Human,99.9
https://www.arthritis.org/health-wellness/healthy-living/managing-pain/pain-relief-solutions/finding-the-best-joint-pain-relief,Human,99.95
https://www.arthritis.org/health-wellness/treatment/treatment-plan/disease-management/medications-for-arthritis,Human,99.95
https://www.arthritis.org/health-wellness/treatment/treatment-plan/disease-management/treatments-for-osteoarthritis,Human,99.95
https://www.arthritis.org/treatments,Human,100
https://www.arthritisnsw.org.au/understanding-the-risk-factors-for-arthritis,Human,99.41
https://www.artisansbank.com/calculator/roth-ira,Human,99.95
https://www.asahq.org/standards-and-practice-parameters/statement-on-asa-physical-status-classification-system,Human,99.61
https://www.ascensus.com/resources/news-and-education/plan-sponsor-education/blog/how-to-know-if-your-401-k-fees-are-reasonable,Human,99.95
https://www.ascensus.com/resources/news-and-education/plan-sponsor-education/blog/what-is-a-401-k-guaranteed-product,Human,99.56
https://www.ascensus.com/solutions/retirement/plans-featuring-vanguard-investments/compare-plans,Human,99.66000000000001
https://www.ascentfunding.com/blog/how-do-student-loans-work-a-comprehensive-guide-for-parents,Human,99.85000000000001
https://www.ash-us.org/panic-attack-vs-heart-attack-symptoms-and-seeking-treatment,AI,100
https://www.ashmorelaw.com/blog/the-3-most-important-parts-of-a-last-will-and-testament.cfm,Human,99.95
https://www.askwoody.com/forums/topic/identity-theft-protection-services-which-is-best-if-any,Human,99.95
https://www.asthma.com/managing-asthma/living-with-asthma/asthma-tips-for-work,Human,99.71
https://www.asthmaandlung.org.uk/conditions/asthma/types-asthma,Human,99.95
https://www.asthmaandlung.org.uk/conditions/asthma/what-asthma,AI,66.06
https://www.asthmaandlung.org.uk/conditions/pulmonary-hypertension,Human,99.66000000000001
https://www.asthmaandlung.org.uk/conditions/pulmonary-hypertension/causes,Human,98.78
https://www.asthmasymptoms.org/blood-pressure.html,Human,99.95
https://www.astrazeneca.com/media-centre/press-releases/2025/baxdrostat-met-primary-and-all-secondary-endpts-in-baxhtn-phiii-trial.html,Human,99.9
https://www.asvinshospitals.com/blog-post/signs-and-symptoms-of-breast-cancer/breast-cancer-age,AI,100
https://www.atsjournals.org/doi/10.1164/ajrccm.162.1.9907127,Human,99.32
https://www.atticus.com/advice/general/anxiety-qualifies-for-disability-benefits,Human,99.9
https://www.atticus.com/advice/general/depression-qualifies-for-disability-benefits,Human,99.85000000000001
https://www.atticus.com/advice/general/is-it-hard-to-get-disability-for-mental-illness-yes-but-this-can-help,Human,99.95
https://www.attorneygeneral.gov/protect-yourself/identity-theft,Human,99.61
https://www.augustahealth.com/answer/anxiety-a-cause-of-high-blood-pressure,Human,99.85000000000001
https://www.aura.com/identity-theft-protection,Human,99.07000000000001
https://www.aura.com/learn/how-does-identity-theft-insurance-work,Human,99.9
https://www.aura.com/learn/is-identity-theft-protection-worth-it,Human,99.71
https://www.aurorahealthcare.org/services/heart-vascular/conditions/heart-attack,Human,99.95
https://www.avvo.com/legal-answers/i-paid-to-start-a-trademark-w-legal-zoom-now-its-f-6104360.html,Human,99.95
https://www.avvo.com/legal-answers/social-security-divorce-benefit-4896548.html,Human,99.95
https://www.axisbank.com/progress-with-us-articles/loans/home-loan/what-is-mortgage-loan,Human,99.85000000000001
https://www.axismf.com/mutual-funds/index-funds/axis-nifty-100-index-fund/ni-dg/direct,AI,99.95
https://www.azarthritis.com,Human,99.95
https://www.azcardiologist.com/blog/1193424-understanding-high-blood-pressure-causes-symptoms-and-risks,AI,100
https://www.b2breviews.com/trademark-services,AI,100
https://www.babutlawssd.com/blog/2020/02/social-security-disability-for-depression,Human,99.95
https://www.badcredit.org/how-to/what-is-a-mortgage,Human,99.95
https://www.bain.com/insights/new-life-for-life-insurance-revitalizing-industry-growth,Human,99.32
https://www.bairdholm.com/blog/trademark-scam-alert,AI,100
https://www.bajajfinserv.in/investments/what-are-index-funds,Human,96.92
https://www.bajajfinserv.in/investments/what-is-nifty-50-index-fund,AI,99.9
https://www.bajajfinserv.in/what-is-mortgage-loan,AI,100
https://www.bakercenter.org/anxiety2,Human,99.61
https://www.balladhealth.org/conditions/cardiology/heart-attack,Human,99.9
https://www.baltimoresun.com/2025/06/20/what-does-it-mean-for-future-generations-if-social-security-insolvency-speeds-up,Human,99.37
https://www.bankatfirst.com/personal/discover/flourish/mortgage-pre-qualification-benefits.html,Human,99.9
https://www.bankofamerica.com/credit-cards/free-fico-credit-score,Human,98.44000000000001
https://www.bankofamerica.com/deposits/iras/retirement-accounts,Human,99.02
https://www.bankofamerica.com/mortgage/home-mortgage,Human,70.12
https://www.bankofamerica.com/mortgage/learn/guide-to-the-mortgage-loan-process,Human,91.89
https://www.bankofamerica.com/mortgage/learn/mortgage-prequalification,Human,99.76
https://www.bankofamerica.com/security-center/identity-theft-protection,Human,99.95
https://www.bankofamerica.com/security-center/overview,Human,85.3
https://www.bankpeoples.com/learn/how-to-get-your-credit-report,Human,99.76
https://www.bankrate.com/credit-cards/advice/how-a-new-credit-card-can-affect-your-credit-score,Human,98.97
https://www.bankrate.com/credit-cards/advice/what-is-a-credit-score,Human,99.22
https://www.bankrate.com/credit-cards/advice/what-is-a-good-credit-score,Human,99.71
https://www.bankrate.com/insurance/homeowners-insurance/identity-theft-insurance,Human,98.39
https://www.bankrate.com/insurance/life-insurance/life-insurance-calculator,Human,98.39
https://www.bankrate.com/insurance/life-insurance/life-insurance-cost,Human,98.44000000000001
https://www.bankrate.com/insurance/life-insurance/life-insurance-quotes,Human,98.92999999999999
https://www.bankrate.com/investing/best-roth-ira,Human,99.02
https://www.bankrate.com/investing/low-cost-index-funds-guide,Human,99.07000000000001
https://www.bankrate.com/investing/traditional-ira-vs-roth-ira,Human,98.63
https://www.bankrate.com/loans/student-loans/how-to-start-paying,Human,98.78
https://www.bankrate.com/loans/student-loans/qualify-for-student-loan-forgiveness-programs,Human,97.95
https://www.bankrate.com/loans/student-loans/rap-new-student-loan-repayment-option,Human,99.51
https://www.bankrate.com/loans/student-loans/student-loan-forgiveness-guide,Human,98.83
https://www.bankrate.com/mortgages/how-does-refinancing-a-mortgage-work,Human,98.83
https://www.bankrate.com/mortgages/mortgage-pros-and-cons,Human,97.22
https://www.bankrate.com/mortgages/mortgage-student-loan-guidelines,Human,97.85000000000001
https://www.bankrate.com/mortgages/types-of-mortgages,Human,99.56
https://www.bankrate.com/mortgages/what-are-mortgage-lenders,Human,98.78
https://www.bankrate.com/mortgages/what-is-a-mortgage-interest-rate,Human,98.44000000000001
https://www.bankrate.com/mortgages/what-is-mortgage,Human,99.51
https://www.bankrate.com/personal-finance/credit/different-types-of-credit-scores,Human,98.97
https://www.bankrate.com/personal-finance/what-is-identity-theft-protection,Human,99.22
https://www.bankrate.com/personal-finance/what-to-do-if-your-identity-is-stolen,Human,99.11999999999999
https://www.bankrate.com/retirement/401-k-calculator,Human,98.83
https://www.bankrate.com/retirement/best-401k-plans,Human,99.71
https://www.bankrate.com/retirement/roth-ira,Human,99.76
https://www.bankrate.com/retirement/roth-ira-5-year-rule,Human,99.61
https://www.bankrate.com/retirement/roth-ira-benefits,Human,98.54
https://www.bankrate.com/retirement/roth-ira-plan-calculator,Human,98.44000000000001
https://www.bankrate.com/retirement/social-security-after-divorce,Human,98.78
https://www.bankrate.com/retirement/solo-401k-vs-sep-ira,Human,99.41
https://www.bankrate.com/retirement/traditional-401k-vs-roth-401k,Human,99.37
https://www.bankruptcyattorneys.org/navigating-investment-risks-how-bankruptcy-can-help-protect-your-financial-future,AI,100
https://www.bankruptcyinfo.com/articles/faq-social-security-benefits-and-bankruptcy,Human,100
https://www.bankruptcysoapbox.com/corporation-file-bankruptcy,Human,100
https://www.bannerhealth.com/healthcareblog/better-me/how-to-evaluate-the-pros-and-cons-of-6-top-anxiety-medications,Human,100
https://www.bannerhealth.com/healthcareblog/teach-me/these-health-conditions-could-be-triggering-your-migraines,Human,99.95
https://www.bannerhealth.com/services/heart/heart-attack/risk-factors,Human,99.95
https://www.bannerhealth.com/services/infectious-disease/treatment/food-poisoning,Human,99.51
https://www.baptist-health.com/blog/all-about-arthritis,Human,99.95
https://www.baptisthealth.com/blog/family-health/the-signs-and-symptoms-of-diabetes,Human,99.76
https://www.baptisthealth.com/blog/heart-care/heart-attack-symptoms-vs-panic-attack-symptoms,Human,99.71
https://www.baptisthealth.com/blog/heart-care/panic-attack-vs-heart-attack-what-s-the-difference,Human,99.76
https://www.baptisthealth.com/care-services/conditions-treatments/food-poisoning,Human,99.56
https://www.barclays.co.uk/mortgages/first-time-buyers,Human,99.56
https://www.barnesdennig.com/ebp-auto-enrollment-video,Human,99.85000000000001
https://www.barrowneuro.org/condition/migraine,Human,99.8
https://www.barrowsfirm.com/last-will-and-testament,AI,56.98
https://www.bartleby.com/essay/benefits-of-raising-the-minimum-wage-p3bhzce2lbqw,Human,100
https://www.bartleby.com/essay/the-benefits-of-raising-the-minimum-wage-fk7j9j93ls6,Human,100
https://www.basscancercenter.com/cancer-blog/early-signs-of-breast-cancer,Human,99.9
https://www.bastamron.com/navigating-bankruptcy-key-considerations-for-business-owners-in-todays-landscape,AI,100
https://www.bayeraspirin.com/surviving-a-heart-attack/warning-signs-symptoms/heart-attack-symptoms,Human,99.71
https://www.bayeraspirin.com/surviving-a-heart-attack/warning-signs-symptoms/what-happens-during-a-heart-attack,Human,99.66000000000001
https://www.bayeraspirin.com/surviving-a-heart-attack/warning-signs-symptoms/what-is-a-heart-attack,Human,99.66000000000001
https://www.bayhealthtotalcare.org/blog/2023/june/food-poisoning-treatment-er-or-urgent-care-,Human,99.9
https://www.bbb.org/article/business/22726-bbb-business-tip-filing-a-trademark-or-patent-watch-out-for-scammers-after-you-file,Human,99.9
https://www.bbc.co.uk/news/world-us-canada-47491964,Human,99.8
https://www.bbc.com/future/article/20221017-how-to-use-anxiety-to-your-advantage,Human,99.95
https://www.bbc.com/news/articles/cn5k22gk9lvo,Human,99.85000000000001
https://www.bbntimes.com/financial/the-u-s-immigration-system-how-it-works,Human,99.51
https://www.bcna.org.au/resources/about-breast-cancer/risks-of-breast-cancer/reduce-your-risk-of-breast-cancer,Human,98.97
https://www.bcrf.org/about-breast-cancer/breast-cancer-prevention-risk-reduction,Human,99.9
https://www.bcrf.org/about-breast-cancer/risk-factors-for-breast-cancer,Human,99.9
https://www.bcrf.org/about-breast-cancer/signs-of-breast-cancer,Human,99.85000000000001
https://www.beaconhealthsystem.org/library/articles/high-blood-pressure-dangers-hypertensions-effects-on-your-body,Human,99.41
https://www.beaconhealthsystem.org/library/faqs/anxiety-a-cause-of-high-blood-pressure,Human,99.76
https://www.beardstclair.com/eight-costly-mistakes-to-avoid-in-choosing-a-uspto-trademark-lawyer,AI,100
https://www.beckerlawoffice.com/madison-social-security-disability-requirements/qualifying-impairments/depression,Human,100
https://www.beebehealthcare.org/health-hub/conditions/what-are-symptoms-diabetes,Human,99.22
https://www.beechwoodbells.com/single-post/anxiety-rx-by-russell-kennedy-md-a-book-review,Human,99.61
https://www.benefits.va.gov/homeloans,Human,99.85000000000001
https://www.benzinga.com/money/best-401k-companies,Human,99.71
https://www.benzinga.com/money/what-is-an-index-fund,Human,99.85000000000001
https://www.beonpath.org/articles/7-reasons-you-should-embrace-your-mortgage,Human,99.95
https://www.bergerandgreen.com/faqs/social-security-disability-for-depression-do-i-qualify,Human,99.76
https://www.bestcolleges.com/resources/college-loans,Human,98.14
https://www.bestlawyers.com/article/how-us-immigration-works-complete-guide/6142,Human,94.63000000000001
https://www.betterhealth.vic.gov.au/health/conditionsandtreatments/anxiety-disorders,Human,99.95
https://www.betterhealth.vic.gov.au/health/conditionsandtreatments/anxiety-treatment-options,Human,99.85000000000001
https://www.betterhealth.vic.gov.au/health/conditionsandtreatments/arthritis,Human,99.46000000000001
https://www.betterhealth.vic.gov.au/health/conditionsandtreatments/asthma,Human,99.85000000000001
https://www.betterhealth.vic.gov.au/health/conditionsandtreatments/asthma-and-your-workplace,Human,99.71
https://www.betterhealth.vic.gov.au/health/conditionsandtreatments/blood-pressure,Human,99.71
https://www.betterhealth.vic.gov.au/health/conditionsandtreatments/blood-pressure-high-hypertension,Human,99.71
https://www.betterhealth.vic.gov.au/health/conditionsandtreatments/depression-treatment-and-management,Human,99.76
https://www.betterhealth.vic.gov.au/health/conditionsandtreatments/diabetes-long-term-effects,Human,99.76
https://www.betterhealth.vic.gov.au/health/conditionsandtreatments/fluid-retention-oedema,Human,99.85000000000001
https://www.betterhealth.vic.gov.au/health/conditionsandtreatments/headache-migraine,Human,99.85000000000001
https://www.betterhealth.vic.gov.au/health/conditionsandtreatments/heart-disease-and-stroke-your-risk-score,Human,99.61
https://www.betterhealth.vic.gov.au/health/conditionsandtreatments/heart-disease-risk-factors,Human,99.56
https://www.betterhealth.vic.gov.au/health/healthyliving/food-poisoning-prevention,Human,99.66000000000001
https://www.betterhelp.com/advice/anxiety/is-there-a-link-between-anxiety-and-blood-pressure,Human,99.95
https://www.betterhelp.com/advice/depression/is-there-a-cure-for-depression,Human,99.61
https://www.betterment.com/work/resources/understanding-401k-fees,Human,99.11999999999999
https://www.beyondblue.org.au/mental-health/anxiety,Human,96.92
https://www.beyondblue.org.au/mental-health/anxiety/signs-and-symptoms,Human,99.76
https://www.beyondceliac.org/celiac-disease/symptoms/arthritis,Human,99.61
https://www.bhf.org.uk/informationsupport/conditions/heart-attack,Human,89.89
https://www.bhf.org.uk/informationsupport/heart-matters-magazine/medical/heart-attack-and-cardiac-arrest,Human,98.83
https://www.bhf.org.uk/informationsupport/heart-matters-magazine/medical/how-to-treat-low-blood-pressure,Human,81.49
https://www.bhf.org.uk/informationsupport/heart-matters-magazine/medical/risk-factors,Human,95.07
https://www.bhf.org.uk/informationsupport/risk-factors,AI,51.17
https://www.bhf.org.uk/informationsupport/risk-factors/diabetes,Human,55.32
https://www.bhf.org.uk/informationsupport/risk-factors/high-blood-pressure,Human,97.89999999999999
https://www.bhf.org.uk/what-we-do/news-from-the-bhf/news-archive/2022/april/high-blood-pressure-injection,Human,97.56
https://www.bhf.org.uk/what-we-do/news-from-the-bhf/news-archive/2025/july/high-street-eye-scan-can-reveal-risk-of-having-a-heart-attack-or-stroke,Human,80.03
https://www.bhfcu.com/explore/learn/blog/what-you-need-to-know-about-credit-score-variables,Human,98.58
https://www.bhmigraineandpain.com/blog/untreated-arthritis-4-complications-to-avoid,Human,99.9
https://www.bicycling.com/health-nutrition/a65437040/creaky-knees-arthritis-risk,Human,99.9
https://www.bidmc.org/about-bidmc/wellness-insights/heart-health/2020/01/panic-attack-vs-heart-attack,Human,99.95
https://www.bidmc.org/about-bidmc/wellness-insights/heart-health/tips-to-control-blood-pressure,Human,99.85000000000001
https://www.biggersfamilymedicine.com/blog/550875-signs-and-symptoms-of-arthritis,Human,99.95
https://www.bills.com/learn/mortgages/benefits-of-mortgages,Human,99.95
https://www.bimzelx.com/psoriatic-arthritis,Human,99.8
https://www.biopharmadive.com/news/rising-insulin-prices-drive-jump-in-diabetes-treatment-costs-report/546652,Human,100
https://www.biron.com/en/education-center/specialist-advice/anxiety-treatment-options,Human,99.95
https://www.bitdefender.com/en-us/consumer/identity-theft-protection,Human,99.76
https://www.bitlaw.com/guidance/trademark/why-get-a-federal-registration-for-a-trademark.html,Human,99.61
https://www.blackrock.com/us/individual/education/retirement/401k-decisions-after-retirement,Human,99.8
https://www.blackrock.com/us/individual/education/retirement/what-is-a-401k,Human,99.76
https://www.bloomberg.com/opinion/articles/2025-07-18/immigration-enforcement-shrinking-workforce-will-hurt-us-economy,Human,99.71
https://www.bloomberg.com/opinion/newsletters/2025-07-15/put-the-crypto-in-the-index-funds,Human,98.97
https://www.bls.gov/opub/mlr/2021/beyond-bls/a-15-minimum-wage-changes-more-than-just-take-home-pay.htm,Human,99.9
https://www.bmhsc.org/blog/panic-attack-vs-heart-attack-symptoms-dont-tell-the-whole-story,Human,99.85000000000001
https://www.bmhsc.org/services/heart-vascular-care/conditions-we-treat/heart-attack,Human,99.95
https://www.bmj.com/content/353/bmj.i2610,Human,99.85000000000001
https://www.bmj.com/content/360/bmj.k96,Human,99.95
https://www.bmj.com/content/381/bmj-2022-074068,Human,99.9
https://www.bmo.com/main/personal/mortgages/calculators/payment-calculator,Human,99.02
https://www.bogleheads.org/forum/viewtopic.php,Human,98.19
https://www.boldermoney.com/blog/is-a-401-k-worth-it-the-pros-and-cons,AI,99.95
https://www.boldin.com/retirement/roth-ira-mistakes,Human,99.9
https://www.boneandjoint.psu.edu/course/hip-replacement/before-you-consider-surgery/what-is-arthritis,Human,100
https://www.boneandjointclinicbr.com/blog/how-severe-will-your-arthritis-become-determining-factors,Human,98.34
https://www.bonfirefinancial.com/roth-ira,Human,99.71
https://www.botoxsavingsprogram.com,Human,99.46000000000001
https://www.boundless.com/blog/irs-to-share-immigrant-tax-data-with-ice,Human,99.71
https://www.boundless.com/immigration-resources/taxes-and-naturalization,Human,99.9
https://www.boundless.com/immigration-resources/us-immigration-explained,Human,99.85000000000001
https://www.brainandlife.org/disorders/migraine,Human,99.71
https://www.breakthrought1d.org,Human,98.92999999999999
https://www.breakthrought1d.org/t1d-basics/treatments,Human,99.71
https://www.breakthrought1d.org/t1d-resources/insurance/help-with-prescription-costs,Human,98.83
https://www.breastcancer.org/risk,AI,99.07000000000001
https://www.breastcancer.org/signs-symptoms,AI,98.58
https://www.breastcancer.org/types/metastatic,AI,97.46000000000001
https://www.breastcancer.org/types/metastatic/myths,AI,98.1
https://www.breastcancerfoundation.org.nz/breast-awareness/breast-changes/real-signs,Human,99.9
https://www.breastcancerhub.org/breast-cancer/breast-cancer-risk,Human,99.8
https://www.breastcancertrials.org.au/what-are-the-symptoms-of-breast-cancer-besides-a-lump,Human,99.56
https://www.breastscreen.nsw.gov.au/breast-cancer-and-screening/risk-factors-for-breast-cancer,Human,99.41
https://www.breastscreen.nsw.gov.au/breast-cancer-and-screening/signs-and-symptoms-of-breast-cancer,Human,99.17
https://www.breastscreen.org.au/breast-cancer-and-screening/your-breast-cancer-risk,Human,99.85000000000001
https://www.breztri.com,Human,99.9
https://www.brides.com/when-to-get-a-divorce-5105347,Human,98.63
https://www.brighamandwomens.org/medical-resources/arthritis-treatment,Human,100
https://www.brighamandwomens.org/surgery/breast-surgery/breast-cancer-risk-factors-and-symptoms,Human,99.95
https://www.brightside.com/blog/how-to-know-if-you-have-an-anxiety-disorder,AI,99.95
https://www.brisbanecitypsychologist.com.au/breaking-free-from-anxiety-the-best-evidence-based-treatment-approaches,Human,95.50999999999999
https://www.britannica.com/money/divorced-spouse-social-security-benefits,Human,99.41
https://www.britannica.com/money/how-does-a-mortgage-work,Human,99.56
https://www.britannica.com/money/index-fund-investing,Human,99.95
https://www.britannica.com/money/roth-ira-conversion,Human,98.24000000000001
https://www.britannica.com/procon/minimum-wage-debate,Human,99.02
https://www.britannica.com/science/arthritis,Human,99.37
https://www.britannica.com/science/heart-attack,Human,99.27
https://www.britannica.com/topic/immigration,Human,99.02
https://www.britannica.com/video/asthma/-219398,Human,99.85000000000001
https://www.brockandstout.com/blog/receiving-social-security-disability-for-depression,Human,100
https://www.brookings.edu/articles/fixing-social-security-blueprint-for-a-bipartisan-solution,Human,99.71
https://www.brookings.edu/articles/putting-student-loan-forgiveness-in-perspective-how-costly-is-it-and-who-benefits,Human,99.41
https://www.brookings.edu/articles/the-ripple-effect-of-a-minimum-wage-increase-on-american-workers,Human,99.51
https://www.brookings.edu/articles/what-immigration-means-for-u-s-employment-and-wages,Human,99.71
https://www.brownhealth.org/centers-services/cardiovascular-institute/what-are-symptoms-heart-attack,Human,98.68
https://www.brrlaw.com/practice-areas/social-security/disabling-disease/depression-social-security-disability,Human,99.41
https://www.bruceweider.com/social-security-disability-for-mental-health-conditions,Human,97.50999999999999
https://www.bryanfagan.com/blog/2024/10/what-are-the-signs-that-you-should-get-a-divorce,Human,97.95
https://www.bryanfagan.com/blog/2024/10/what-are-the-warning-signs-of-divorce,Human,85.79
https://www.bswhealth.com/blog/7-dangerous-diabetes-complications-and-how-to-start-preventing-them-today,Human,99.9
https://www.bswhealth.com/blog/is-your-heart-racing-from-anxiety-or-an-arrhythmia,Human,99.85000000000001
https://www.bswhealth.com/treatments-and-procedures/high-risk-breast-screening-program,Human,99.76
https://www.bucknell.edu/admissions-aid/admissions-blog/how-do-student-loans-work,Human,99.46000000000001
https://www.bushcenter.org/catalyst/immigration/hollifield-immigration-reform,Human,99.76
https://www.business-standard.com/health/emotional-impact-premature-menopause-depression-anxiety-mental-health-125071600842_1.html,Human,99.02
https://www.business.com/reviews/human-interest,Human,98.19
https://www.businessinsider.com/guides/health/conditions-symptoms/signs-of-heart-attack,Human,99.95
https://www.businessinsider.com/guides/health/treatments/hypertension,Human,99.95
https://www.businessinsider.com/how-trump-education-cuts-impact-student-loan-borrowers-elizabeth-warren-2025-7,Human,100
https://www.businessinsider.com/insulin-price-cap-costs-diabetes-supplies-pump-monitor-tiktok-2024-2,Human,100
https://www.businessinsider.com/personal-finance/credit-cards/identity-theft-fraud-protection-programs-credit-cards,Human,99.51
https://www.businessinsider.com/personal-finance/credit-score/best-identity-theft-protection-services,Human,99.95
https://www.businessinsider.com/personal-finance/investing/how-to-invest-in-index-funds,Human,99.9
https://www.businessinsider.com/personal-finance/life-insurance/average-life-insurance-rates,Human,98.72999999999999
https://www.businessinsider.com/personal-finance/mortgages/what-is-a-mortgage,Human,95.41
https://www.businessinsider.com/what-is-hypertension,Human,100
https://www.businessnewsdaily.com/15762-how-to-register-trademark-brand-name.html,Human,99.27
https://www.buzzfeed.com/meganeliscomb/divorce-telltale-signs,Human,99.27
https://www.buzzrx.com/blog/can-anxiety-cause-high-blood-pressure,Human,99.95
https://www.buzzrx.com/blog/the-most-effective-migraine-medications,Human,99.9
https://www.bvhealthsystem.org/expert-health-articles/breaking-free-from-migraine-pain-a-modern-guide-to-relief,AI,99.9
https://www.ca-ilg.org/post/understanding-impacts-health-reform,Human,99.95
https://www.cadabams.org/blog/are-you-at-risk-for-depression,Human,99.66000000000001
https://www.calculator.net/401k-calculator.html,Human,99.66000000000001
https://www.calculator.net/mortgage-calculator.html,Human,98.05
https://www.calculator.net/retirement-calculator.html,Human,99.95
https://www.calculator.net/roth-ira-calculator.html,Human,99.8
https://www.calcxml.com/calculators/how-long-will-my-money-last,Human,99.95
https://www.calhfa.ca.gov/apps/rates,Human,99.85000000000001
https://www.calm.com/blog/anxiety-benefits,Human,99.95
https://www.calm.com/blog/symptoms-of-anxiety,Human,99.95
https://www.calmclinic.com/anxiety-guide/symptoms,Human,100
https://www.calmclinic.com/anxiety/causes/hypertension,Human,99.95
https://www.calmclinic.com/anxiety/destructive-habits,Human,99.95
https://www.calmclinic.com/anxiety/symptoms/affected-blood-pressure,Human,99.95
https://www.calmclinic.com/anxiety/symptoms/heart-attack,Human,100
https://www.calmsage.com/why-anxiety-is-good-for-you,Human,99.95
https://www.calneuroresearch.com/blog,Human,98.72999999999999
https://www.calpers.ca.gov/members/health-benefits/plans-and-rates,Human,99.66000000000001
https://www.calsavers.com,Human,100
https://www.calvaryhospital.org/what-is-a-last-will-and-testament-and-why-do-you-need-one,Human,99.8
https://www.calvert.com,Human,99.95
https://www.cambridge.org/core/journals/macroeconomic-dynamics/article/bankruptcy-costs-idiosyncratic-risk-and-longrun-growth/04433ce2455bee3d993ec2721393c7a0,Human,99.11999999999999
https://www.cambridge.org/core/journals/psychological-medicine/article/meditation-techniques-v-relaxation-therapies-when-treating-anxiety-a-metaanalytic-review/6f167c7f5b2a00cb2039c05e89f6e5c2,Human,98.78
https://www.camh.ca/en/health-info/mental-illness-and-addiction-index/anxiety-disorders,Human,99.95
https://www.canada.ca/en/financial-consumer-agency/services/credit-reports-score/order-credit-report.html,Human,96.92
https://www.canada.ca/en/financial-consumer-agency/services/mortgages.html,Human,99.27
https://www.canada.ca/en/financial-consumer-agency/services/mortgages/choose-mortgage.html,Human,99.71
https://www.canada.ca/en/financial-consumer-agency/services/mortgages/down-payment.html,AI,99.95
https://www.canada.ca/en/financial-consumer-agency/services/mortgages/preparing-mortgage.html,Human,66.99000000000001
https://www.canada.ca/en/immigration-refugees-citizenship.html,Human,99.9
https://www.canada.ca/en/immigration-refugees-citizenship/services/immigrate-canada.html,Human,99.95
https://www.canada.ca/en/immigration-refugees-citizenship/services/immigrate-canada/express-entry.html,Human,99.95
https://www.canada.ca/en/immigration-refugees-citizenship/services/immigrate-canada/express-entry/check-score.html,Human,99.95
https://www.canada.ca/en/public-health/services/chronic-diseases/arthritis/arthritis-risk-factors.html,Human,99.95
https://www.canada.ca/en/public-health/services/chronic-diseases/breast-cancer-your-risk.html,Human,99.9
https://www.canada.ca/en/public-health/services/chronic-diseases/diabetes/prevention-risk-factors.html,Human,99.71
https://www.canada.ca/en/public-health/services/chronic-diseases/diabetes/symptoms-treatment.html,Human,99.95
https://www.canada.ca/en/public-health/services/diseases/heart-health/heart-attack/signs-symptoms-heart-attacks.html,Human,99.95
https://www.canada.ca/en/public-health/services/diseases/heart-health/heart-diseases-conditions/prevention-heart-diseases-conditions.html,Human,99.95
https://www.canada.ca/en/public-health/services/diseases/heart-health/high-blood-pressure/health-effects-high-blood-pressure.html,Human,98.72999999999999
https://www.canada.ca/en/public-health/services/food-poisoning.html,Human,99.56
https://www.canada.ca/en/revenue-agency/services/forms-publications/publications/rc284/protect-yourself-against-identity-theft.html,Human,99.07000000000001
https://www.canada.ca/en/services/benefits/education/student-aid/grants-loans.html,Human,99.95
https://www.canada.ca/en/services/benefits/education/student-aid/grants-loans/repay/assistance/rap.html,Human,99.85000000000001
https://www.canadamedpharmacy.com/blog/arthritis/arthritis-risk-factors,Human,99.9
https://www.cancer.gov/publications/dictionaries/cancer-terms/def/anxiety,Human,98.34
https://www.cancer.gov/publications/dictionaries/cancer-terms/def/high-blood-pressure,Human,98.34
https://www.cancer.gov/types/breast,Human,99.51
https://www.cancer.gov/types/breast/hp/breast-treatment-pdq,Human,99.9
https://www.cancer.gov/types/breast/patient/breast-treatment-pdq,Human,99.22
https://www.cancer.ie/cancer-information-and-support/cancer-types/breast-cancer/prevention-and-risk,Human,100
https://www.cancer.ie/cancer-information-and-support/cancer-types/breast-cancer/symptoms-of-breast-cancer,Human,100
https://www.cancer.org.au/cancer-information/types-of-cancer/breast-cancer,Human,99.95
https://www.cancer.org/cancer/latest-news/breast-cancer-symptoms-what-you-need-to-know.html,Human,96.88
https://www.cancer.org/cancer/managing-cancer/side-effects/emotional-mood-changes/anxiety.html,Human,97.11999999999999
https://www.cancer.org/cancer/types/breast-cancer-in-men/about/what-is-breast-cancer-in-men.html,Human,98.14
https://www.cancer.org/cancer/types/breast-cancer/about/what-is-breast-cancer.html,Human,98.54
https://www.cancer.org/cancer/types/breast-cancer/risk-and-prevention/breast-cancer-risk-factors-you-cannot-change.html,Human,97.17
https://www.cancer.org/cancer/types/breast-cancer/risk-and-prevention/can-i-lower-my-risk.html,Human,97.85000000000001
https://www.cancer.org/cancer/types/breast-cancer/risk-and-prevention/lifestyle-related-breast-cancer-risk-factors.html,Human,97.95
https://www.cancer.org/cancer/types/breast-cancer/screening-tests-and-early-detection/breast-cancer-signs-and-symptoms.html,Human,96.63000000000001
https://www.cancer.org/cancer/types/breast-cancer/treatment.html,Human,97.36
https://www.cancer.org/cancer/types/breast-cancer/treatment/treatment-of-breast-cancer-by-stage/treatment-of-breast-cancer-stages-i-iii.html,Human,97.8
https://www.canceraustralia.gov.au/breast-cancer-risk-factors,Human,99.95
https://www.cancercenter.com/cancer-types/breast-cancer/symptoms,Human,99.9
https://www.cancercenter.com/cancer-types/breast-cancer/symptoms/6-signs-of-breast-cancer-that-arent-a-lump,Human,99.9
https://www.cancercenter.com/stage-four-cancer,Human,99.95
https://www.cancernetwork.com/view/cdk4-6-inhibitors-moving-into-early-stage-breast-cancer-is-a-huge-advance-,Human,99.85000000000001
https://www.cancerresearchuk.org/about-cancer/breast-cancer,Human,99.9
https://www.cancerresearchuk.org/about-cancer/breast-cancer/about,Human,99.9
https://www.cancerresearchuk.org/about-cancer/breast-cancer/risks-causes/risk-factors,Human,99.95
https://www.cancerresearchuk.org/about-cancer/breast-cancer/secondary/symptoms,Human,99.95
https://www.cancerresearchuk.org/about-cancer/breast-cancer/survival,Human,99.9
https://www.cancerresearchuk.org/about-cancer/breast-cancer/symptoms,Human,99.95
https://www.cancerresearchuk.org/about-cancer/breast-cancer/treatment/treatment-decisions,Human,99.85000000000001
https://www.cancerresearchuk.org/about-cancer/treatment/complementary-alternative-therapies/individual-therapies/gerson,Human,99.95
https://www.cancerresearchuk.org/health-professional/cancer-statistics/statistics-by-cancer-type/breast-cancer/risk-factors,Human,99.66000000000001
https://www.cancertain.com/6-common-symptoms-of-breast-cancer-2,AI,100
https://www.cancervic.org.au/cancer-information/types-of-cancer/breast_cancer/breast-cancer.html,Human,99.76
https://www.cancervic.org.au/cancer-information/types-of-cancer/breast_cancer/treatment_for_breast_cancer.html,Human,91.41
https://www.capfed.com/personal/personal-accounts/iras/roth-ira,Human,98.63
https://www.capitalgroup.com/individual/investments/401k.html,Human,99.8
https://www.capitalone.com/creditwise,Human,99.61
https://www.capitalone.com/learn-grow/money-management/credit-score-ranges,Human,99.66000000000001
https://www.capitalone.com/learn-grow/money-management/how-applications-affect-credit-scores,Human,99.66000000000001
https://www.capitalone.com/learn-grow/money-management/starting-credit-score,Human,99.56
https://www.capitalone.com/learn-grow/money-management/what-is-a-good-credit-score,Human,99.8
https://www.captrust.com/resources/will-social-security-run-out-of-money,Human,97.95
https://www.carboncollective.co/401k/best-small-business-401k-providers,Human,99.8
https://www.carecredit.com/faqs,Human,99.8
https://www.careervillage.org/questions/41083/how-do-you-build-up-your-credit-score,Human,99.95
https://www.careervillage.org/questions/85080/how-do-mortgages-work,Human,99.95
https://www.carenity.us/forum/other-discussions/living-with-breast-cancer/breast-cancer-what-symptoms-did-you-experience-before-diagnosis-3727,Human,98.49
https://www.carmichaellawgroup.com/social-security-disability/qualifying-conditions/mental-illness-disability-benefits/depression,Human,98.49
https://www.carnegie.org/our-work/article/how-people-immigrate-legally-to-the-us,Human,99.8
https://www.carolyngrimeslaw.com/post/navigating-the-u-s-immigration-system-a-beginners-guide,AI,100
https://www.carringtonmortgage.com,Human,99.95
https://www.carymedicalgroup.com/blog/a-complete-guide-to-chronic-migraines,Human,99.95
https://www.cascadepbs.org/show/newshour/extras/taxpayer-data-1752784855,Human,98.44000000000001
https://www.cassidy.senate.gov/news/press-releases/cassidy-one-more-report-moves-social-security-insolvency-up-a-year,Human,99.9
https://www.catherinealford.com/benefits-of-being-mortgage-free,Human,99.46000000000001
https://www.catholichealthli.org/blog/what-panic-attack,Human,99.9
https://www.cbiz.com/insights/article/no-social-security-is-not-going-bankrupt,AI,99.85000000000001
https://www.cbo.gov/publication/44995,AI,86.72
https://www.cbo.gov/publication/55681,AI,88.87
https://www.cbp.gov/travel/international-visitors/visa-waiver-program/requirements-immigrant-and-nonimmigrant-visas,Human,99.8
https://www.cbp.gov/travel/trusted-traveler-programs/global-entry,Human,99.85000000000001
https://www.cbpp.org/blog/irs-ice-agreement-weakening-privacy-protections-poses-risks-for-all-taxpayers,Human,99.76
https://www.cbpp.org/blog/social-security-is-not-bankrupt,Human,99.8
https://www.cbs17.com/news/national-news/what-is-a-migrant-what-is-ice-10-terms-to-help-you-understand-the-debate-over-immigration,Human,99.71
https://www.cbs58.com/news/insulin-prices-skyrocket-putting-many-diabetics-in-a-bind,Human,99.9
https://www.cbsnews.com/minnesota/news/good-question-migraine-headaches,Human,99.66000000000001
https://www.cbsnews.com/news/big-beautiful-bill-changes-student-loan-repayment,Human,99.9
https://www.cbsnews.com/news/cdc-covid-recommendations-isolation-masks-tests,Human,99.95
https://www.cbsnews.com/news/federal-vs-private-student-loans,Human,99.95
https://www.cbsnews.com/news/federal-vs-private-student-loans-what-makes-more-sense-fall-2025,Human,99.95
https://www.cbsnews.com/news/heart-attack-symptoms-signs-in-women-doctor,Human,99.8
https://www.cbsnews.com/news/how-much-does-term-life-insurance-cost,Human,99.9
https://www.cbsnews.com/news/how-to-qualify-for-student-loan-forgiveness-now,Human,99.8
https://www.cbsnews.com/news/insulin-prices-rise-yet-again-causing-diabetics-to-cry-foul,Human,99.95
https://www.cbsnews.com/news/social-security-trustees-report-2025-insolvency-when-will-benefits-cut,Human,99.9
https://www.cbsnews.com/news/student-loan-forgiveness-programs,Human,99.9
https://www.cbsnews.com/news/study-almost-half-of-diabetics-skip-medical-care-due-to-costs,Human,100
https://www.cbsnews.com/news/what-is-an-index-fund-and-how-does-it-work,Human,99.85000000000001
https://www.cbsnews.com/texas/video/irs-nears-agreement-to-help-ice-locate-undocumented-migrants,Human,99.66000000000001
https://www.cbsnews.com/video/iowa-farmers-union-president-on-impact-of-spending-cuts-to-usaid,Human,99.95
https://www.cbsnews.com/video/judge-stops-biden-rule-remove-medical-debt-americans-credit-reports,Human,99.85000000000001
https://www.cbsnews.com/video/medical-expert-on-trumps-chronic-venous-insufficiency-diagnosis,Human,99.37
https://www.cbsnews.com/video/trump-administration-appeals-order-halting-immigration-operations-in-southern-california,Human,99.71
https://www.cbsnews.com/video/what-to-know-about-president-trumps-chronic-venous-insufficiency-diagnosis,Human,99.71
https://www.cbsnews.com/video/why-mattels-latest-barbie-type-1-diabetes-created,Human,99.8
https://www.ccjm.org/content/89/5/244,Human,99.07000000000001
https://www.ccohs.ca/oshanswers/diseases/asthma.html,Human,98.29
https://www.ccu.com/bank/personal/iras,Human,99.76
https://www.cda-amc.ca/diabetes,Human,99.85000000000001
https://www.cdc.gov/arthritis/basics/index.html,Human,99.95
https://www.cdc.gov/arthritis/index.html,Human,99.85000000000001
https://www.cdc.gov/arthritis/osteoarthritis/index.html,Human,99.8
https://www.cdc.gov/arthritis/risk-factors/index.html,Human,99.41
https://www.cdc.gov/asthma/about/index.html,Human,92.86999999999999
https://www.cdc.gov/breast-cancer/about/index.html,AI,99.66000000000001
https://www.cdc.gov/breast-cancer/risk-factors/index.html,Human,99.85000000000001
https://www.cdc.gov/breast-cancer/symptoms/index.html,Human,99.76
https://www.cdc.gov/breast-cancer/treatment/index.html,Human,94.87
https://www.cdc.gov/bring-your-brave/risk-factors/index.html,Human,99.85000000000001
https://www.cdc.gov/covid/about/index.html,Human,74.37
https://www.cdc.gov/covid/hcp/clinical-care/outpatient-treatment.html,Human,99.07000000000001
https://www.cdc.gov/covid/hcp/index.html,Human,99.46000000000001
https://www.cdc.gov/covid/hcp/vaccine-considerations/index.html,Human,99.85000000000001
https://www.cdc.gov/covid/index.html,Human,99.51
https://www.cdc.gov/covid/prevention/index.html,Human,99.46000000000001
https://www.cdc.gov/covid/risk-factors/index.html,Human,99.8
https://www.cdc.gov/covid/site.html,Human,99.61
https://www.cdc.gov/covid/vaccines/stay-up-to-date.html,Human,99.56
https://www.cdc.gov/diabetes/about/about-type-2-diabetes.html,Human,99.8
https://www.cdc.gov/diabetes/communication-resources/413-billion-diabetes-costs.html,Human,99.32
https://www.cdc.gov/diabetes/complications/index.html,Human,99.8
https://www.cdc.gov/diabetes/php/data-research/index.html,Human,99.8
https://www.cdc.gov/diabetes/prevention-type-2/index.html,Human,99.71
https://www.cdc.gov/diabetes/risk-factors/index.html,Human,99.51
https://www.cdc.gov/diabetes/signs-symptoms/index.html,Human,99.76
https://www.cdc.gov/diabetes/treatment/treatment-low-blood-sugar-hypoglycemia.html,Human,99.95
https://www.cdc.gov/digital-social-media-tools/cdctv/vitalsigns-high-blood-pressure/vital-signs-high-blood-pressure-transcript.html,Human,99.85000000000001
https://www.cdc.gov/food-safety/signs-symptoms/index.html,Human,99.51
https://www.cdc.gov/heart-disease/about/heart-attack.html,Human,99.02
https://www.cdc.gov/heart-disease/data-research/facts-stats/index.html,Human,99.85000000000001
https://www.cdc.gov/heart-disease/php/heart-month/index.html,Human,99.8
https://www.cdc.gov/heart-disease/prevention/index.html,Human,98.49
https://www.cdc.gov/heart-disease/risk-factors/index.html,Human,99.9
https://www.cdc.gov/high-blood-pressure/about/high-blood-pressure-during-pregnancy.html,Human,99.9
https://www.cdc.gov/high-blood-pressure/about/index.html,Human,99.76
https://www.cdc.gov/high-blood-pressure/data-research/facts-stats/index.html,Human,99.51
https://www.cdc.gov/high-blood-pressure/hcp/hmp-toolkit/index.html,Human,99.85000000000001
https://www.cdc.gov/high-blood-pressure/index.html,Human,99.95
https://www.cdc.gov/high-blood-pressure/living-with/index.html,Human,99.95
https://www.cdc.gov/high-blood-pressure/measure/index.html,Human,99.9
https://www.cdc.gov/high-blood-pressure/php/cta/index.html,Human,99.71
https://www.cdc.gov/high-blood-pressure/php/data-research/team-based-care/index.html,Human,99.37
https://www.cdc.gov/high-blood-pressure/php/data-research/telehealth-strategies/index.html,Human,99.8
https://www.cdc.gov/high-blood-pressure/php/fhclc/index.html,Human,99.76
https://www.cdc.gov/high-blood-pressure/prevention/index.html,Human,92.77
https://www.cdc.gov/high-blood-pressure/risk-factors/index.html,Human,99.27
https://www.cdc.gov/howrightnow/emotion/worry/index.html,Human,99.85000000000001
https://www.cdc.gov/index.html,Human,99.76
https://www.cdc.gov/lyme/signs-symptoms/chronic-symptoms-and-lyme-disease.html,Human,99.9
https://www.cdc.gov/media/releases/2024/p0301-respiratory-virus.html,Human,99.9
https://www.cdc.gov/mmwr/preview/mmwrhtml/mm6004a4.htm,Human,99.95
https://www.cdc.gov/mmwr/preview/mmwrhtml/mm6135a3.htm,Human,99.85000000000001
https://www.cdc.gov/mmwr/preview/mmwrhtml/su6102a4.htm,Human,99.9
https://www.cdc.gov/mmwr/volumes/65/wr/mm6545a3.htm,Human,99.9
https://www.cdc.gov/mmwr/volumes/73/wr/mm7309a1.htm,Human,99.85000000000001
https://www.cdc.gov/nccdphp/divisions-offices/about-the-division-for-heart-disease-and-stroke-prevention.html,Human,99.71
https://www.cdc.gov/nccdphp/priorities/high-blood-pressure.html,Human,99.9
https://www.cdc.gov/nchs/hus/sources-definitions/hypertension.htm,Human,99.95
https://www.cdc.gov/nchs/hus/topics/hypertension.htm,Human,99.9
https://www.cdc.gov/nchs/products/databriefs/db364.htm,Human,99.9
https://www.cdc.gov/nchs/products/databriefs/db511.htm,Human,99.8
https://www.cdc.gov/niosh/asthma/about/index.html,Human,99.76
https://www.cdc.gov/pcd/issues/2022/21_0439.htm,Human,99.9
https://www.cdc.gov/pcd/issues/2023/23_0065.htm,Human,99.9
https://www.cdc.gov/respiratory-viruses/guidance/faqs.html,Human,99.66000000000001
https://www.cdc.gov/staph-food-poisoning/about/index.html,Human,99.9
https://www.cdc.gov/tobacco/campaign/tips/diseases/depression-anxiety.html,Human,99.95
https://www.cdc.gov/west-nile-virus/symptoms-diagnosis-treatment/index.html,Human,99.46000000000001
https://www.cdcfoundation.org/give/will,Human,99.85000000000001
https://www.cdcfoundation.org/hypertension,Human,99.85000000000001
https://www.cdcfoundation.org/pr/2025/new-hypertension-control-program,Human,93.02
https://www.cde.ca.gov/nr/el/le/yr22ltr1025.asp,Human,99.27
https://www.cdph.ca.gov/programs/cid/dcdc/pages/covid-19/covid-19-isolation-guidance.aspx,Human,99.85000000000001
https://www.cdph.ca.gov/programs/cid/dcdc/pages/respiratory-viruses/when-and-why-to-wear-a-mask.aspx,Human,99.9
https://www.cdss.ca.gov/ssdi-ssi,Human,99.8
https://www.cedars-sinai.org/blog/heart-attack-cardiac-arrest-and-heart-failure.html,Human,99.46000000000001
https://www.cedars-sinai.org/blog/is-it-a-heart-attack-or-a-panic-attack.html,Human,99.46000000000001
https://www.cedars-sinai.org/blog/is-it-food-poisoning.html,Human,98.83
https://www.cedars-sinai.org/blog/tips-to-reduce-breast-cancer-risk.html,Human,99.56
https://www.cedars-sinai.org/health-library/diseases-and-conditions/a/arthritis.html,Human,98.72999999999999
https://www.cedars-sinai.org/health-library/diseases-and-conditions/h/heart-attack-myocardial-infarction.html,Human,98.88
https://www.cedars-sinai.org/health-library/diseases-and-conditions/h/high-blood-pressure-hypertension.html,Human,98.54
https://www.cedars-sinai.org/health-library/diseases-and-conditions/m/migraine-headaches.html,Human,99.32
https://www.cedars-sinai.org/health-library/diseases-and-conditions/r/reactive-arthritis-reiters-syndrome.html,Human,98.54
https://www.cedars-sinai.org/health-library/risk-assessments/breast-cancer-risk-assessment.html,Human,99.95
https://www.cedars-sinai.org/health-library/video-library/video-detail/a/all-about-arthritis.html,Human,99.56
https://www.cedars-sinai.org/health-library/video-library/video-detail/r/rheumatoid-arthritis-the-treatment.html,Human,99.76
https://www.cedars-sinai.org/newsroom/verificado-la-infeccion-por-covid-19-aumenta-el-riesgo-de-diabetes,Human,94.97
https://www.cedars-sinai.org/newsroom/verified-covid-19-infection-increases-diabetes-risk,Human,99.46000000000001
https://www.cefcu.com/personal/learn/calculators/roth-ira-vs-traditional-ira.html,Human,96.83
https://www.centene.com,Human,99.95
https://www.centerwellprimarycare.com/en/resources/how-to-know-if-you-have-arthritis.html,Human,99.76
https://www.centralbank.net/learning-center/a-guide-to-understanding-student-loans,AI,64.94
https://www.centralbank.net/learning-center/mortgages-101-understanding-the-basics,Human,97.95
https://www.centraltexasrheumatology.com/blog/treatment-options-for-rheumatoid-arthritis,AI,100
https://www.centrastate.com/blog/hot-shots-new-injectable-treatment-options-for-arthritis-pain,Human,99.37
https://www.centrix.co.nz/my-credit-score,Human,99.8
https://www.certified-translation.us/what-is-immigration,AI,98.49
https://www.cgalaw.com/what-is-a-last-will-and-testament,Human,99.9
https://www.chalklaw.com/blog/2024/1/18/when-can-depression-qualify-for-social-security-disability,AI,99.37
https://www.charlesullman.com/divorce-lawyer/social-security-benefits-after-divorce,Human,95.61
https://www.charlesullman.com/social-security-benefits-divorce,Human,99.85000000000001
https://www.charliehealth.com/areas-of-care/anxiety/can-anxiety-cause-high-blood-pressure,Human,99.9
https://www.charliehealth.com/areas-of-care/anxiety/panic-attack-vs-heart-attack,Human,99.37
https://www.charliehealth.com/post/divorce-depression,Human,98.88
https://www.charliehealth.com/research/divorce-mental-health,Human,99.22
https://www.chase.com/personal/banking/education/student/benefits-federal-student-loans,Human,99.85000000000001
https://www.chase.com/personal/credit-cards/free-credit-score,Human,99.95
https://www.chase.com/personal/investments/learning-and-insights/article/social-security-rules-for-married-and-divorced-people,Human,99.41
https://www.chase.com/personal/investments/learning-and-insights/article/what-is-a-roth-ira,Human,99.66000000000001
https://www.chase.com/personal/investments/learning-and-insights/article/what-is-an-index-fund,Human,99.71
https://www.chase.com/personal/mortgage/education/financing-a-home/mortgage-principal,Human,99.9
https://www.chase.com/personal/mortgage/education/financing-a-home/what-is-interest-only-mortgage,Human,99.95
https://www.chcfl.org/what-kind-of-doctor-treats-arthritis,Human,99.85000000000001
https://www.chicagotribune.com/2025/07/17/editorial-401k-retirement-private-lending-equity-wall-street,Human,99.07000000000001
https://www.childneurologyfoundation.org/disorder/migraine,Human,99.95
https://www.childrenshospital.org/conditions/generalized-anxiety-disorder-gad,Human,99.76
https://www.chime.com/blog/how-do-student-loans-work,Human,99.85000000000001
https://www.chime.com/blog/roth-ira-benefits,Human,99.71
https://www.chime.com/credit/credit-builder,Human,99.8
https://www.choa.org/parent-resources/asthma/all-about-inhalers-spacers,Human,99.66000000000001
https://www.choa.org/parent-resources/diabetes/signs-of-type-1-diabetes,Human,99.51
https://www.choosingtherapy.com/anxiety-symptoms-signs,Human,93.07
https://www.choosingtherapy.com/panic-attack-vs-heart-attack,Human,99.41
https://www.choosingtherapy.com/what-are-the-hidden-benefits-of-anxiety,AI,99.27
https://www.chp.gov.hk/en/healthtopics/content/24/43.html,Human,99.95
https://www.christushealthplan.org,Human,99.85000000000001
https://www.cibdol.com/blog/1587-what-are-5-symptoms-of-anxiety,Human,99.02
https://www.cidrap.umn.edu/covid-19/covid-hospitalization-linked-cognitive-impairment-2-years-later,Human,99.85000000000001
https://www.cidrap.umn.edu/covid-19/scientists-estimate-higher-rate-new-onset-diabetes-after-covid-general-population,Human,99.85000000000001
https://www.cidrap.umn.edu/salmonella/cdc-fda-probe-salmonella-outbreaks-frozen-sprouted-beans-pistachio-cream,Human,99.76
https://www.cifas.org.uk/pr,Human,98.97
https://www.cincinnati-oh.gov/health/chd-news/signs-of-heart-attack,Human,99.51
https://www.cioncancerclinics.com/blog/article/can-breast-cancer-be-cured,AI,99.85000000000001
https://www.citadelbanking.com/insure/citadel-id-theft-protection,Human,99.9
https://www.citi.com/banking/personal-banking-guide/retirement/roth-ira-benefits,Human,95.50999999999999
https://www.citizensadvice.org.uk/debt-and-money/debt-solutions/bankruptcy/how-bankruptcy-affects-you/check-how-bankruptcy-affects-your-money-and-bills,Human,99.8
https://www.citizensadvice.org.uk/family/death-and-wills/wills,Human,99.9
https://www.citizensbank.com/credit-cards/overview.aspx,Human,99.8
https://www.citizensbank.com/learning/how-much-is-a-30000-student-loan-per-month.aspx,Human,99.71
https://www.citizensbank.com/learning/ira-vs-401k.aspx,Human,99.9
https://www.citizensbank.com/learning/student-loan-forgiveness.aspx,Human,99.71
https://www.citizensbank.com/learning/what-are-private-student-loans.aspx,Human,99.61
https://www.citizensbank.com/loans/home-mortgage.aspx,Human,99.66000000000001
https://www.citizensbank.com/student-loans/private-student-loans.aspx,Human,99.37
https://www.citizensinformation.ie/en/housing/owning-a-home/help-with-buying-a-home/taking-out-a-mortgage,Human,100
https://www.cityofhope.org/3-breast-cancer-treatment-innovations-to-look-for-in-2024,Human,99.9
https://www.cityofhope.org/clinical-program/breast-cancer/symptoms,Human,99.9
https://www.cityofhope.org/clinical-program/breast-cancer/treatments-survival,Human,99.9
https://www.cityofhope.org/clinical-program/diabetes/complications,Human,99.9
https://www.cityofhope.org/clinical-program/diabetes/symptoms,Human,99.9
https://www.cityofhope.org/research/beckman-research-institute/population-sciences/breast-cancer-and-the-environment-study/breast-cancer-risk-factors-categories,Human,99.9
https://www.ck12.org/c/life-science/respiratory-system-disorders/lecture/respiratory-diseases,Human,99.76
https://www.ckbhospital.com/news-updates/late-pregnancy-and-breast-cancer-expert-insights,AI,100
https://www.claerygreen.com/family-law-blog/2021/april/10-signs-that-its-time-to-divorce,Human,99.76
https://www.claritychi.com/blog/anxiety-explained,AI,100
https://www.claritychi.com/blog/can-anxiety-cause-high-blood-pressure,AI,99.9
https://www.clarkcountynv.gov/government/elected_officials/county_clerk/marriage-license-requirements,Human,99.76
https://www.claycountymn.gov/archive.aspx,Human,99.85000000000001
https://www.cleanrecoverycenters.com/side-effects-of-anxiety,Human,99.8
https://www.clearscore.com,Human,100
https://www.clinicaladvisor.com/news/5-risk-factors-for-migraine-progression,Human,99.9
https://www.clinicaltrialsarena.com/analyst-comment/rise-prediabetes-us-teens,Human,99.9
https://www.clinicbarcelona.org/en/assistance/diseases/high-blood-pressure/treatment,Human,99.8
https://www.cms.gov/marketplace/health-plans-issuers/insurance-market-reforms,Human,98.92999999999999
https://www.cms.gov/medicare-coverage-database/view/ncacal-decision-memo.aspx,Human,99.95
https://www.cms.gov/medicare/enrollment-renewal/original-part-a-b,Human,99.07000000000001
https://www.cms.gov/newsroom/press-releases/president-trump-announces-lower-out-pocket-insulin-costs-medicares-seniors,Human,99.95
https://www.cnb.com/personal-banking/insights/credit-scores-explained.html,Human,97.27
https://www.cnb.com/personal-banking/insights/how-does-mortgage-work.html,Human,97.31
https://www.cnb.com/personal-banking/insights/what-is-401k.html,Human,99.02
https://www.cnbank.com/cnb-article/how-does-divorce-affect-social-security-retirement-benefits-mcp2slaflynrfkhkplc4c75c7bgu,Human,99.85000000000001
https://www.cnbankpa.com/personal/bank/iras/roth-iras,Human,98.97
https://www.cnbc.com/2016/10/26/self-made-millionaire-dont-put-money-in-your-401k.html,Human,99.95
https://www.cnbc.com/2021/02/24/minimum-wage-15-dollars-per-hour-brings-benefits-consequences.html,Human,99.8
https://www.cnbc.com/2022/01/14/your-divorce-may-affect-how-much-you-receive-from-social-security.html,Human,99.95
https://www.cnbc.com/2024/03/19/how-social-security-benefits-change-after-divorce-death.html,Human,99.95
https://www.cnbc.com/2024/05/08/as-social-security-faces-insolvency-these-are-key-factors-to-watch.html,Human,99.95
https://www.cnbc.com/2025/07/15/interest-will-start-accruing-aug-1-for-student-loan-borrowers-on-save.html,Human,99.95
https://www.cnbc.com/2025/07/16/trump-big-beautiful-bill-student-loan-cap.html,Human,99.9
https://www.cnbc.com/2025/07/18/how-department-of-education-layoffs-will-affect-student-loan-borrowers.html,Human,99.9
https://www.cnbc.com/select/best-roth-ira-accounts,AI,54.44
https://www.cnbc.com/select/can-employers-see-your-credit-score,Human,97.07000000000001
https://www.cnbc.com/select/how-applying-for-new-credit-impacts-credit-score,Human,93.41000000000001
https://www.cnbc.com/select/how-to-check-credit-score-free,Human,84.33
https://www.cnbc.com/select/id-theft-insurance,Human,98.1
https://www.cnbc.com/select/is-800-a-good-credit-score-heres-what-it-means,Human,96.97
https://www.cnbc.com/select/personal-loans-to-apply-credit-score-580-or-lower,Human,98.1
https://www.cnbc.com/select/traditional-ira-vs-roth-ira,Human,92.77
https://www.cnbc.com/select/what-are-index-funds,Human,98.24000000000001
https://www.cnbc.com/select/what-credit-score-should-you-have,Human,97.36
https://www.cnbc.com/select/what-is-a-401k,Human,92.47999999999999
https://www.cnbc.com/select/what-is-a-mortgage-and-how-does-it-work,Human,91.64999999999999
https://www.cnbc.com/select/what-is-identity-theft-protection,Human,97.22
https://www.cnbc.com/select/why-you-should-have-both-401k-and-roth-ira,Human,99.22
https://www.cnbc.com/select/will-social-security-run-out-heres-what-you-need-to-know,Human,95.89999999999999
https://www.cnet.com/health/medical/blood-type-heart-disease,Human,99.8
https://www.cnet.com/health/medical/heart-attack-vs-panic-attack,Human,99.37
https://www.cnet.com/health/medical/survive-a-heart-attack-with-these-5-tips,Human,99.66000000000001
https://www.cnet.com/personal-finance/loans/do-student-loan-borrowers-in-save-need-to-do-anything-before-aug-1,Human,99.66000000000001
https://www.cnet.com/tech/services-and-software/aura-review,Human,99.56
https://www.cnet.com/tech/services-and-software/best-identity-theft-protection,Human,99.46000000000001
https://www.cnet.com/tech/services-and-software/identityforce-review,Human,99.56
https://www.cnn.com/2024/01/01/politics/insulin-price-cap,Human,99.8
https://www.cnn.com/2024/03/01/health/cdc-covid-isolation-recommendations,Human,99.85000000000001
https://www.cnn.com/2024/05/03/health/haley-weaver-anxiety-graphic-novel-wellness,Human,99.76
https://www.cnn.com/2025/04/08/politics/irs-dhs-sign-data-deal-undocumented-immigrants,Human,99.71
https://www.cnn.com/2025/04/15/us/irs-dhs-taxes-immigrants-betrayed-cec,Human,99.9
https://www.cnn.com/2025/04/26/health/silent-divorce-wellness,Human,99.9
https://www.cnn.com/2025/06/27/health/cdc-vaccine-advisers-takeaways,Human,99.85000000000001
https://www.cnn.com/2025/07/08/business/mortgage-lender-credit-fico-vantage-score,Human,99.61
https://www.cnn.com/2025/07/10/politics/student-loan-servicer-mohela-payment-tracking,Human,99.8
https://www.cnn.com/2025/07/12/business/elizabeth-warren-empower-private-equity-401k,Human,99.8
https://www.cobrief.app/resources/legal-glossary/immigration-overview-definition-and-example,AI,100
https://www.cochrane.org/evidence/cd012572_what-are-effects-stopping-blood-pressure-medications-older-people,Human,98.88
https://www.cochrane.org/evidence/cd013342_what-are-benefits-and-risks-stem-cell-injections-knee-osteoarthritis,Human,99.85000000000001
https://www.cochranelibrary.com,Human,99.8
https://www.codapharmacy.co.uk/blog/battling-migraines-hacks-triggers-relief-you-need-to-know,AI,99.76
https://www.cohnlg.com/best-trademark-lawyers/how-to-trademark-a-phrase,Human,99.95
https://www.cohnlg.com/best-trademark-lawyers/office-action-responses,Human,99.9
https://www.cohnlg.com/the-most-common-trademark-scams-and-how-to-avoid-them,Human,93.02
https://www.cohnlg.com/the-nuances-of-trademark-use-in-advertising-a-comprehensive-guide,AI,83.45
https://www.cokerlegal.com/blog/2019/march/how-does-social-security-work-in-a-texas-divorce,Human,99.27
https://www.collegeave.com/articles/student-loan-forgiveness,Human,99.9
https://www.collegeraptor.com/paying-for-college/articles/student-loans/how-do-student-loans-work,Human,99.95
https://www.collinsdictionary.com/us/dictionary/english/immigration,Human,99.76
https://www.columbiadoctors.org/health-library/condition/food-poisoning-safe-food-handling,Human,91.7
https://www.comerica.com/fraud-center/fraud-prevention/lifelock-identity-theft-protection.html,Human,99.71
https://www.comerica.com/insights/personal-finance/understanding-how-student-loans-work.html,Human,100
https://www.commonwealthfund.org/health-reform,Human,99.95
https://www.completeid.com,Human,99.9
https://www.completepayrollsolutions.com/blog/best-401k-administrators,Human,99.95
https://www.completepayrollsolutions.com/blog/employer-401k-cost-fees,Human,99.95
https://www.conehealth.com/services/heart-vascular-care/high-blood-pressure-are-you-at-risk,Human,99.95
https://www.confidiahealthinstitute.com/symptoms/depression,Human,99.51
https://www.conflingo.no/en/forum/tips-and-tricks/how-does-the-us-government-forgive-college-loans-with-pslf-and-odr,Human,99.17
https://www.congress.gov/crs-product/if12456,Human,99.9
https://www.congress.gov/crs-product/r43571,Human,99.32
https://www.connexuscu.org/blog/security-fraud/is-identity-theft-protection-worth-it,AI,96.09
https://www.consolidatedcredit.org/calculators/credit-score-loan-cost,Human,99.95
https://www.consumeraffairs.com/finance/how-does-a-mortgage-work.html,Human,98.34
https://www.consumeraffairs.com/finance/identity-theft-protection,Human,93.41000000000001
https://www.consumeraffairs.com/finance/what-is-a-mortgage.html,AI,95.95
https://www.consumerfinance.gov/ask-cfpb/do-i-have-to-pay-for-my-credit-score-en-1265,Human,99.17
https://www.consumerfinance.gov/ask-cfpb/how-do-i-get-a-free-copy-of-my-credit-reports-en-5,Human,99.56
https://www.consumerfinance.gov/ask-cfpb/how-does-paying-down-a-mortgage-work-en-1943,Human,99.9
https://www.consumerfinance.gov/ask-cfpb/what-do-i-do-if-i-think-i-have-been-a-victim-of-identity-theft-en-31,Human,99.56
https://www.consumerfinance.gov/ask-cfpb/what-is-a-mortgage-en-99,Human,98.58
https://www.consumerfinance.gov/ask-cfpb/what-is-identity-monitoring-or-identity-theft-service-en-1369,Human,99.95
https://www.consumerfinance.gov/ask-cfpb/what-is-mortgage-insurance-and-how-does-it-work-en-1953,Human,99.37
https://www.consumerfinance.gov/ask-cfpb/what-is-public-service-loan-forgiveness-pslf-en-641,Human,99.51
https://www.consumerfinance.gov/ask-cfpb/where-can-i-get-my-credit-scores-en-316,Human,99.85000000000001
https://www.consumerfinance.gov/consumer-tools/mortgages/answers/key-terms,Human,99.85000000000001
https://www.consumerfinance.gov/consumer-tools/student-loans,Human,99.56
https://www.consumerfinance.gov/owning-a-home/explore/understand-the-different-kinds-of-loans-available,Human,99.46000000000001
https://www.consumerfinance.gov/paying-for-college/student-loan-forgiveness,Human,99.46000000000001
https://www.consumerlab.com/anxiety,Human,99.8
https://www.consumerreports.org/credit-protection-monitoring/hidden-costs-of-credit-score-apps-a5900455243,Human,99.95
https://www.consumerreports.org/cro/magazine/2013/01/don-t-get-taken-guarding-your-id/index.htm,Human,99.95
https://www.consumerreports.org/health/healthcare-costs/high-cost-of-diabetes-care-a1853432869,Human,99.95
https://www.consumerreports.org/high-blood-pressure/is-high-blood-pressure-curable,Human,99.95
https://www.consumerreports.org/mental-health/anxiety-in-stressful-times,Human,99.95
https://www.consumerreports.org/type-2-diabetes/type-2-diabetes-preventing-and-treating,Human,99.95
https://www.consumerreports.org/video/view/money/news/2245992247001/skip-identity-theft-protection-services,Human,99.95
https://www.consumersadvocate.org/student-loans/how-do-student-loans-work,Human,99.8
https://www.consumerscu.org/blog/benefits-of-having-a-mortgage,Human,98.97
https://www.contemporaryobgyn.net/view/new-guidelines-stress-preconception-care-for-women-with-diabetes,Human,97.89999999999999
https://www.contractscounsel.com/b/trademark-review,Human,99.85000000000001
https://www.contractscounsel.com/t/us/last-will-and-testament,Human,99.9
https://www.convertyouriratogold.com/what-are-the-risks-of-roth-iras,Human,99.95
https://www.conwaymedicalcenter.com/news/what-exactly-is-hypertension,Human,97.75
https://www.cooperhealth.org/breast-cancer/risks,Human,100
https://www.cooperhealth.org/services/breast-cancer/symptoms,Human,99.8
https://www.corpnet.com/blog/what-is-a-trademark,Human,99.27
https://www.cortezmasto.senate.gov/news/press-releases/cortez-masto-senate-democrats-press-trump-administration-on-weaponizing-immigration-court-hearings-to-deport-immigrants,Human,99.56
https://www.councilofnonprofits.org/trends-and-policy-issues/public-service-loan-forgiveness,Human,99.95
https://www.countrywideppls.com/identity-theft-and-credit-monitoring-plans.html,Human,99.95
https://www.couply.io/post/emotional-divorce,AI,98.97
https://www.coxhealth.com/condition/how-a-migraine-happens,Human,99.9
https://www.cpajournal.com/2019/03/12/new-risks-and-potential-rewards-in-roth-iras,Human,99.85000000000001
https://www.cpapracticeadvisor.com/2025/05/07/feds-latest-tool-in-push-to-curb-immigration-workers-tax-ids/160586,Human,99.9
https://www.craigblacklaw.com/what-risks-do-you-face-filing-chapter-13-bankruptcy-without-an-attorney,Human,98.34
https://www.crcu.org/checking-and-savings/roth-ira,Human,99.76
https://www.credaily.com/briefs/private-equity-gains-access-to-401k-retirement-plans,Human,98.29
https://www.credible.com/mortgage/what-is-a-mortgage,Human,99.22
https://www.credible.com/refinance-student-loans/student-loan-forgiveness-20-years,Human,98.63
https://www.credible.com/student-loans/graduate-school-fafsa,Human,97.71
https://www.credible.com/student-loans/nelnet-student-loan-servicing-reviews,Human,99.07000000000001
https://www.credible.com/student-loans/student-loan-limits,Human,98.19
https://www.credit.com/blog/how-does-student-loan-forgiveness-work-180257,Human,98.78
https://www.credit.com/free-credit-score,Human,99.61
https://www.creditkarma.com,Human,99.17
https://www.creditkarma.com/credit/i/credit-score-ranges,Human,99.17
https://www.creditkarma.com/debt/i/what-happens-when-you-file-for-bankruptcy,Human,99.17
https://www.creditkarma.com/free-credit-score,Human,99.17
https://www.creditkarma.com/signup,Human,99.17
https://www.creditninja.com/blog/how-does-a-student-loan-work,Human,99.9
https://www.creditriskmonitor.com/resources/blog-posts/distinguishing-between-risk-default-and-bankruptcy-and-implications,Human,99.76
https://www.creditsesame.com,AI,69.43
https://www.creditsesame.com/free-credit-score,AI,85.6
https://www.crf.org/whhi/news/3751-the-7-signs-and-symptoms-of-a-heart-attack-you-shouldn-t-ignore,Human,99.51
https://www.crfb.org/blogs/obbba-would-accelerate-social-security-medicare-insolvency,Human,99.95
https://www.crfb.org/papers/analysis-2025-social-security-trustees-report,Human,99.85000000000001
https://www.crfb.org/press-releases/social-security-and-medicare-are-only-8-years-insolvency,Human,99.9
https://www.crfb.org/socialsecurityreformer,Human,99.95
https://www.crowdreviews.com/best-401k-services,Human,99.61
https://www.crowell.com/en/insights/client-alerts/credit-risks-and-bankruptcy-exposure-the-importance-of-implementing-mitigation-strategies-and-understanding-your-rights-in-bankruptcy,Human,99.95
https://www.csg.org/2023/03/31/state-legislation-provides-hope-for-rising-insulin-costs,Human,99.95
https://www.csnpe-nslsc.canada.ca/en/what-is-new,Human,99.76
https://www.cuddiganlaw.com/blog/do-you-really-need-to-pay-for-identity-theft-protection-.cfm,Human,100
https://www.cuddiganlaw.com/library/ssdi-and-ssi-qualifying-mental-disorders--depression.cfm,Human,100
https://www.cuh.nhs.uk/patient-information/gestational-diabetes-medication-treatment-options,Human,99.76
https://www.cuimc.columbia.edu/news/breast-cancer-whats-your-risk,Human,99.95
https://www.cun.es/en/diseases-treatments/diseases/food-poisoning,Human,99.61
https://www.curablehealth.com/guides/mindbody-migraine-guide,Human,100
https://www.cvdcheck.org.au/calculator,Human,99.95
https://www.cvs.com/learn/health/heart-health/what-is-a-heart-attack,Human,99.85000000000001
https://www.cvs.com/minuteclinic/services,Human,99.95
https://www.dailymail.co.uk/yourmoney/article-14912689/trump-401k-private-equity-bombshell-move.html,Human,99.9
https://www.dana-farber.org/health-library/videos/signs-symptoms-of-breast-cancer,Human,99.66000000000001
https://www.dana-farber.org/newsroom/features/can-metastatic-breast-cancer-be-cured,Human,99.8
https://www.dashinvestments.com/how-roth-ira-fees-affect-your-return-on-investment,Human,98.24000000000001
https://www.davidarnoldlaw.com/blog/what-happens-to-my-personal-belongings-when-i-file-for-bankruptcy,Human,75.2
https://www.dbllawyers.com/how-is-a-trademark-protection-filed,Human,99.11999999999999
https://www.dcu.org/services/fee-free-services/monthly-fico-score.html,Human,97.66
https://www.deaconess.com/corporatesite/media/videogallery/cbd_gummies.html,Human,99.9
https://www.debt.com/student-loan-debt/forgiveness-program,AI,99.71
https://www.debt.org/bankruptcy,AI,97.31
https://www.debt.org/bankruptcy/consequences,AI,90.42999999999999
https://www.debt.org/credit/report/scoring-models,AI,84.28
https://www.debt.org/students/how-to-pay-back-loans,AI,93.85
https://www.debt.org/students/loan-forgiveness,AI,98.72999999999999
https://www.debtfreedr.com/is-a-401k-worth-it-anymore,Human,99.95
https://www.debtfreeohio.com/bankruptcy-information/bankruptcy/bad-decisions-lead-to-bankruptcy,AI,99.46000000000001
https://www.delawareinc.com/blog/six-benefits-of-registering-your-trademark,Human,97.8
https://www.dennerylaw.com/am-i-at-risk,AI,100
https://www.depauw.edu/offices/human-resources/current-employees/wellness-resources/identity-theft-2,Human,99.95
https://www.dfs.ny.gov/consumers/life_insurance/the_cost_of_life_insurance,Human,99.95
https://www.dha.gov.za/index.php/immigration-services,Human,99.71
https://www.dhs.gov,Human,99.9
https://www.dhs.gov/cbphome,Human,99.71
https://www.dhs.gov/medialibrary/assets/video/42528,Human,99.85000000000001
https://www.dhs.gov/topics/citizenship-and-immigration-services,Human,99.61
https://www.diabetes.co.uk/forum/threads/diabetes-review.173794,Human,99.9
https://www.diabetes.co.uk/forum/threads/diabetes-review.70505,Human,99.95
https://www.diabetes.org.uk/about-diabetes/looking-after-diabetes/care-to-expect,Human,99.95
https://www.diabetes.org.uk/about-diabetes/looking-after-diabetes/complications,Human,99.95
https://www.diabetes.org.uk/about-diabetes/looking-after-diabetes/complications/cardiovascular-disease,Human,99.95
https://www.diabetes.org.uk/about-diabetes/looking-after-diabetes/treatments,Human,99.85000000000001
https://www.diabetes.org.uk/about-diabetes/symptoms,Human,99.95
https://www.diabetes.org.uk/about-diabetes/type-2-diabetes/diabetes-risk-factors,Human,99.85000000000001
https://www.diabetes.org.uk/about-diabetes/type-2-diabetes/symptoms,Human,99.95
https://www.diabetes.org.uk/about-diabetes/type-2-diabetes/treatments,Human,99.95
https://www.diabetes.org.uk/about-us/news-and-views/coronavirus,Human,99.95
https://www.diabetesaustralia.com.au/living-with-diabetes/preventing-complications,Human,99.71
https://www.diabetesaustralia.com.au/risk-calculator,Human,99.76
https://www.diabetesteam.com/resources/treatments-for-type-2-diabetes,Human,89.25999999999999
https://www.diabinfo.de/en/living-with-diabetes/type-2-diabetes/treatment/medications.html,AI,90.19
https://www.dictionary.com/browse/immigration,Human,99.76
https://www.dictionary.com/e/immigrants-vs-emigrants-vs-migrants,Human,99.9
https://www.dignityhealth.org/arizona/services/emergency-services/when-to-go-to-er/food-poisoning,Human,95.8
https://www.dignityhealth.org/conditions-and-treatments/cardiology/hypertension,Human,99.02
https://www.dignityhealth.org/conditions-and-treatments/oncology/breast-cancer,Human,99.66000000000001
https://www.dignityhealth.org/conditions-and-treatments/orthopedics/arthritis,Human,97.41
https://www.dignityhealth.org/sacramento/services/emergency-department/when-to-go-to-er/food-poisoning-treating,Human,97.17
https://www.dinsmore.com/publications/scam-targets-trademark-owners-with-false-law-firm-solicitations,Human,99.51
https://www.dir.ca.gov/dlse/faq_minimumwage.htm,Human,99.9
https://www.disability-benefits-help.org/disabling-conditions/depression-and-social-security-disability,Human,99.95
https://www.disabilityapproved.com/your-guide-to-social-security-disability-benefits-for-depression-2022-update,Human,99.9
https://www.disabilitybenefitscenter.org/social-security-disabling-conditions/depression,Human,99.95
https://www.disabilityhelpcenter.org/article/social-security-disability-insurance-and-depression,Human,99.95
https://www.disabilitysecrets.com/win-can-you-get-disability-for-depression.html,Human,99.8
https://www.discover.com/credit-cards/card-smarts/applying-for-credit-card-and-your-credit-score,Human,99.95
https://www.discover.com/credit-cards/free-credit-score,Human,99.27
https://www.discover.com/credit-cards/protection-solutions/identity-theft-protection/product-details.html,Human,98.58
https://www.discover.com/student-loans,Human,99.95
https://www.discovermagazine.com/health/how-movies-got-heart-attacks-all-wrong-and-what-you-should-really-watch-for,Human,99.9
https://www.discovermagazine.com/health/the-loneliness-epidemic-impacts-mental-health-and-may-also-increase-risk-of,Human,99.9
https://www.dispatchhealth.com/conditions/food-poisoning,Human,99.8
https://www.dividendpower.org/8-key-benefits-of-a-roth-ira,Human,98.05
https://www.dmc.org/healthy-living/corporate-content/migraine-triggers-what-sets-it-off-and-what-to-do-about-it,Human,99.95
https://www.doctorjabaly.com/arthritis-symptoms-and-treatment,Human,99.95
https://www.docwirenews.com/post/new-study-on-risks-for-antidepressant-discontinuation,Human,99.85000000000001
https://www.doj.state.or.us/consumer-protection/id-theft-data-breaches/identity-theft,Human,99.9
https://www.dol.gov/agencies/ebsa,Human,99.56
https://www.dol.gov/agencies/ebsa/about-ebsa/our-activities/resource-center/publications/understanding-your-retirement-plan-fees,Human,99.22
https://www.dol.gov/agencies/whd/fact-sheets/28o-mental-health,Human,99.71
https://www.dol.gov/agencies/whd/minimum-wage,Human,99.61
https://www.dol.gov/general/topic/discrimination/immdisc,Human,99.56
https://www.dol.gov/general/topic/health-plans/cobra,Human,99.66000000000001
https://www.dol.gov/general/topic/retirement/typesofplans,Human,99.56
https://www.dol.gov/general/topic/wages/minimumwage,Human,99.51
https://www.dovepress.com/joint-effect-of-central-obesity-and-family-history-on-hypertension-in--peer-reviewed-fulltext-article-dmso,Human,99.56
https://www.dovepress.com/the-effects-of-social-media-addiction-academic-stress-and-sleep-qualit-peer-reviewed-fulltext-article-prbm,Human,99.37
https://www.drakeinstitute.com/symptoms-of-anxiety,Human,99.76
https://www.drlouisenewson.co.uk/knowledge/blood-pressure-and-menopause-what-you-need-to-know,Human,99.85000000000001
https://www.drlouisenewson.co.uk/knowledge/heart-health-menopause-and-hrt-faq,Human,99.95
https://www.drmillido.com/2022/04/15/what-treatment-options-are-available-for-diabetes,Human,99.8
https://www.drmorwood.com/general/the-signs-and-symptoms-of-arthritis,Human,100
https://www.drnirajvora.com/blog/causes-behind-arthritis-and-ways-to-reduce-risk,Human,100
https://www.drs.wa.gov/unclaimed-funds-2025-newsfeed,Human,99.95
https://www.drscotthacker.com/osteoarthritis,Human,100
https://www.drugs.com/ativan.html,Human,52.49
https://www.drugs.com/comments/escitalopram/lexapro-for-anxiety.html,Human,99.9
https://www.drugs.com/comments/fluoxetine/prozac-for-anxiety-stress.html,Human,99.95
https://www.drugs.com/comments/glimepiride/for-diabetes-mellitus-type-ii.html,Human,99.27
https://www.drugs.com/condition/diabetes-mellitus-type-ii.html,Human,99.71
https://www.drugs.com/health-guide/food-poisoning.html,Human,99.9
https://www.drugs.com/health-guide/migraine.html,Human,99.85000000000001
https://www.drugs.com/lasix.html,Human,96.28999999999999
https://www.drugs.com/salbutamol.html,Human,99.46000000000001
https://www.drugtopics.com/view/examining-the-true-cost-of-diabetes-medication,Human,99.95
https://www.dshs.texas.gov,Human,99.27
https://www.dshs.texas.gov/center-health-statistics/texas-primary-care-office-tpco/student-loan-repayment-programs-texas-primary-care-office-tpco,Human,99.11999999999999
https://www.dshs.texas.gov/diabetes/diabetes-complications,Human,99.11999999999999
https://www.duanemorris.com/alerts/surrendering_your_green_card_tax_immigration_issues_consider_0824.html,Human,97.36
https://www.dubuquebank.com/resources/blog-post/best-identity-theft-protection-and-data-privacy-tips,Human,98.54
https://www.dukehealth.org/blog/heart-attack-symptoms-women-need-know,Human,99.95
https://www.dummies.com/article/business-careers-money/personal-finance/financing-education/10-things-to-know-about-student-loans-270530,Human,99.9
https://www.durhamnephrology.com/foods-that-increase-blood-pressure,Human,99.95
https://www.dvidshub.net/video/881079/us-immigration-system-explained,Human,99.51
https://www.e-dmj.org/authors/reviewers.php,Human,100
https://www.e-verify.gov,Human,99.95
https://www.e-verify.gov/employees/mye-verify,Human,99.95
https://www.earth.com/news/subtle-warning-signs-what-a-heart-attack-really-feels-like,Human,99.66000000000001
https://www.eastidahonews.com/2024/09/what-are-the-early-signs-and-symptoms-of-diabetes,Human,99.61
https://www.eatingwell.com/processed-meat-diabetes-risk-study-11772952,Human,99.27
https://www.ecdc.europa.eu/en,Human,98.97
https://www.echn.org/blog/guidance-for-diabetics-during-the-covid-19-pandemic,Human,99.66000000000001
https://www.ed.gov/about/news/press-release/us-department-of-education-continues-improve-federal-student-loan-repayment-options-addresses-illegal-biden-administration-actions,Human,99.8
https://www.ed.gov/higher-education/manage-your-loans,Human,99.85000000000001
https://www.ed.gov/higher-education/manage-your-loans/save-plan,Human,99.8
https://www.ed.gov/higher-education/manage-your-loans/student-loans-forgiveness-us-department-of-education,Human,99.85000000000001
https://www.edenseniorhc.com/11-heart-attack-risks-you-should-know,Human,99.9
https://www.edgarfamilylaw.com/blog/know-the-most-common-physical-symptoms-of-divorc,Human,99.8
https://www.education.gov.au/higher-education-loan-program/20-reduction-student-loan-debt,Human,99.95
https://www.edvisors.com/ask/faq/how-do-student-loans-work,Human,99.9
https://www.edvisors.com/money-management/risk-management/best-apps-for-identity-protection,Human,99.71
https://www.edvisors.com/student-loans/repay-student-loans/federal/forgiveness,Human,99.8
https://www.edwardjones.com/us-en/investment-services/account-options/retirement/roth-ira,Human,99.95
https://www.eehealth.org/blog/2021/03/covid-19-and-diabetes,Human,99.95
https://www.efinancial.com/resources/blogs/blogpost/your-guide-to-life-insurance-pricing,Human,98.39
https://www.elderlifefinancial.com/financial-resources/product-reviews/buyers-guide-for-choosing-an-identity-protection-service,Human,99.51
https://www.elgdisability.com,Human,99.9
https://www.ellevest.com/magazine/retirement/401k-rollover-explained,Human,99.95
https://www.elmhurst.edu/blog/how-do-student-loans-work,Human,99.27
https://www.elsevier.es/es-revista-clinica-e-investigacion-arteriosclerosis-english-415-articulo-covid-19-diabetes-a-bidirectional-relationship-s252991232100022x,Human,99.32
https://www.embarkbh.com/treatment/depression/effects/is-depression-dangerous,Human,100
https://www.emedicinehealth.com/anxiety_symptoms_and_signs/symptom.htm,Human,99.95
https://www.emedicinehealth.com/migraine_headache_faqs/article_em.htm,Human,99.76
https://www.emedicinehealth.com/what_is_the_main_cause_of_arthritis/article_em.htm,Human,99.9
https://www.emergencyphysicians.org/article/know-when-to-go/heart-attack,Human,99.9
https://www.emoryhealthcare.org/services/heart-vascular/conditions/heart-attack,Human,99.8
https://www.employeefiduciary.com,AI,100
https://www.employeefiduciary.com/401k-investments,Human,99.66000000000001
https://www.employeefiduciary.com/blog/401k-variable-annuities,Human,97.89999999999999
https://www.employeefiduciary.com/blog/calculate-all-in-401k-fee,Human,99.56
https://www.employeefiduciary.com/blog/fidelity-401k-fees,Human,99.95
https://www.employeefiduciary.com/blog/small-business-401k-fee-study-hidden-fees,Human,99.95
https://www.employeefiduciary.com/fee-comparison-calculator,Human,99.76
https://www.employeefiduciary.com/how-to-find-and-calculate-401k-fees,Human,99.61
https://www.employeefiduciary.com/sample-fee-comparisons,Human,99.66000000000001
https://www.empower.com,Human,99.66000000000001
https://www.empower.com/the-currency/life/average-401k-balance-age,Human,99.8
https://www.empower.com/the-currency/life/roth-ira-investment-returns,Human,99.41
https://www.empower.com/the-currency/money/index-funds,Human,98.1
https://www.empower.com/the-currency/money/roth-ira,Human,99.95
https://www.empower.com/the-currency/money/roth-ira-taxes,Human,97.22
https://www.empower.com/the-currency/work/difference-between-401k-and-403b,Human,96.67999999999999
https://www.empower.com/the-currency/work/how-to-understand-your-401k-plan,Human,99.85000000000001
https://www.empower.com/the-currency/work/what-is-a-401k,AI,99.46000000000001
https://www.empr.com/news/cdc-says-covid-19-cases-rise-in-25-states,Human,99.85000000000001
https://www.emra.org/books/pain-management/migraine,Human,99.27
https://www.endocrine.org/advocacy/position-statements/increasing-insulin-affordability,Human,99.27
https://www.endocrine.org/patient-engagement/endocrine-library/diabetes-complications,Human,97.31
https://www.endocrine.org/patient-engagement/endocrine-library/diabetes-treatments,Human,99.95
https://www.england.nhs.uk/2025/04/nhs-rolls-out-5-minute-super-jab-for-15-cancers,Human,99.61
https://www.england.nhs.uk/diabetes/case-studies/new-nhs-treatment-helps-bev-put-type-2-diabetes-into-remission,Human,99.8
https://www.england.nhs.uk/diabetes/diabetes-prevention,Human,99.9
https://www.ensign.edu/financial-aid/direct-unsubsidized-loans,Human,99.95
https://www.epi.org/policywatch/ice-and-irs-reach-agreement-to-share-taxpayer-information-of-suspected-undocumented-immigrants,Human,99.95
https://www.epi.org/publication/u-s-benefits-from-immigration,Human,99.61
https://www.epi.org/publication/why-17-minimum-wage,Human,99.9
https://www.epi.org/publication/why-america-needs-a-15-minimum-wage,Human,99.9
https://www.epicrps.com,Human,99.95
https://www.epwealth.com/blog/when-to-do-a-roth-conversion,Human,99.61
https://www.equifax.com,Human,99.8
https://www.equifax.com/personal/credit-report-services/free-credit-reports,Human,99.8
https://www.equifax.com/personal/education/credit/score/articles/-/learn/credit-score-ranges,Human,99.8
https://www.equifax.com/personal/education/credit/score/articles/-/learn/what-is-a-credit-score,Human,99.9
https://www.equifax.com/personal/education/credit/score/articles/-/learn/what-is-an-excellent-credit-score,Human,99.8
https://www.equifax.com/personal/education/identity-theft/articles/-/learn/id-theft-insurance,Human,99.9
https://www.equifax.com/personal/identity-theft-protection,Human,99.71
https://www.equifax.com/personal/products/credit/free-credit-score,Human,99.8
https://www.erichuntattorney.com/depression-make-you-eligible-for-disability-benefits,AI,99.85000000000001
https://www.ericwilsonlaw.com/blog/chapter-7-and-social-security-income,Human,99.85000000000001
https://www.ersnet.org/news-and-features/respiratory-digests/treatment-of-hypertension-in-patients-with-asthma,Human,99.76
https://www.escardio.org/guidelines/clinical-practice-guidelines/elevated-blood-pressure-and-hypertension,Human,99.95
https://www.esquire.com/news-politics/politics/a40731342/cdc-covid-19-guidance-update,Human,99.95
https://www.estateguidance.com/education/last-will-and-testament,Human,98.58
https://www.estateguidance.com/products/last-will-and-testament,Human,99.46000000000001
https://www.eternalhospital.com/title/control-high-bp-naturally-home-remedies,Human,99.8
https://www.ethos.com/life-insurance/how-much-will-life-insurance-cost,Human,99.85000000000001
https://www.ethos.com/life/life-insurance-rates-by-age,Human,99.9
https://www.everydayhealth.com/anxiety/guide/symptoms,Human,99.46000000000001
https://www.everydayhealth.com/breast-cancer/guide/symptoms,Human,98.92999999999999
https://www.everydayhealth.com/cardiovascular-diseases/signs-of-a-heart-attack-that-could-show-up-a-month-before,Human,99.02
https://www.everydayhealth.com/cardiovascular-diseases/when-should-you-take-blood-pressure-medicine,Human,98.68
https://www.everydayhealth.com/depression/guide,Human,99.37
https://www.everydayhealth.com/diabetes/reversing-diabetes,Human,98.34
https://www.everydayhealth.com/diabetes/treatment/why-insulin-expensive-tips-afford-yours,Human,98.88
https://www.everydayhealth.com/hs/rheumatoid-arthritis-treatment-management/untreated-ra-risks,Human,99.46000000000001
https://www.everydayhealth.com/migraine/causes-risk-factors,Human,99.41
https://www.everydayhealth.com/migraine/guide,Human,99.07000000000001
https://www.everydayhealth.com/migraine/guide/treatment,Human,98.78
https://www.everydayhealth.com/outside-in/what-happens-body-during-migraine,Human,98.97
https://www.everydayhealth.com/type-2-diabetes/guide/treatment,Human,99.07000000000001
https://www.everydayhealth.com/type-2-diabetes/treatment/type-2-diabetes-complications-heart-disease-diabetic-retinopathy-neuropathy-more,Human,99.22
https://www.everythinglubbock.com/news/national/what-is-a-401k,Human,98.39
https://www.eviq.org.au/cancer-genetics/adult/risk-management/1424-breast-cancer-moderately-increased-risk-r,Human,99.85000000000001
https://www.excedrin.com/headache-and-migraine-academy/migraines/migraine-management/what-happens-in-your-body-during-a-migraine,Human,99.9
https://www.excedrin.com/you-plus-excedrin/head-health-101/how-excedrin-migraine-works,Human,99.9
https://www.excedrin.com/you-plus-excedrin/living-with-head-pain/holiday-migraine-stress-tips,Human,100
https://www.experian.co.uk/consumer/guides/establish-credit.html,Human,99.95
https://www.experian.co.uk/consumer/mortgages/guides/what-is-a-mortgage.html,Human,99.95
https://www.experian.com,Human,98.92999999999999
https://www.experian.com/blogs/ask-experian/can-you-check-your-credit-score-without-a-social-security-number,Human,98.39
https://www.experian.com/blogs/ask-experian/can-you-use-student-loans-for-rent,Human,98.54
https://www.experian.com/blogs/ask-experian/credit-education/bankruptcy-how-it-works-types-and-consequences,Human,96.63000000000001
https://www.experian.com/blogs/ask-experian/credit-education/improving-credit/how-to-fix-a-bad-credit-score,Human,98.92999999999999
https://www.experian.com/blogs/ask-experian/credit-education/improving-credit/improve-credit-score,Human,98.05
https://www.experian.com/blogs/ask-experian/credit-education/score-basics/understanding-credit-scores,Human,97.50999999999999
https://www.experian.com/blogs/ask-experian/credit-education/score-basics/what-is-a-good-credit-score,Human,99.46000000000001
https://www.experian.com/blogs/ask-experian/does-bankruptcy-affect-social-security,Human,95.36
https://www.experian.com/blogs/ask-experian/how-can-i-get-credit-for-the-first-time,Human,98.34
https://www.experian.com/blogs/ask-experian/how-do-social-security-credits-work,Human,92.92
https://www.experian.com/blogs/ask-experian/how-do-you-check-your-credit-score,Human,98.97
https://www.experian.com/blogs/ask-experian/how-does-ssi-ssdi-affect-my-credit,Human,98.49
https://www.experian.com/blogs/ask-experian/how-much-does-brokerage-account-cost,Human,80.42
https://www.experian.com/blogs/ask-experian/how-multiple-credit-applications-affect-your-credit-score,Human,96.53
https://www.experian.com/blogs/ask-experian/infographic-what-are-the-different-scoring-ranges,Human,98.88
https://www.experian.com/blogs/ask-experian/is-a-401k-worth-it,Human,98.88
https://www.experian.com/blogs/ask-experian/is-filing-for-bankruptcy-bad,Human,97.41
https://www.experian.com/blogs/ask-experian/is-identity-theft-protection-worth-it,Human,98.39
https://www.experian.com/blogs/ask-experian/what-are-the-benefits-of-identity-theft-protection,Human,98.72999999999999
https://www.experian.com/blogs/ask-experian/what-do-mortgage-lenders-look-for,Human,98.92999999999999
https://www.experian.com/blogs/ask-experian/what-happens-to-your-401k-when-your-employer-goes-out-of-business,Human,98.24000000000001
https://www.experian.com/blogs/ask-experian/what-is-a-401k,Human,98.92999999999999
https://www.experian.com/blogs/ask-experian/what-is-a-last-will-and-testament,Human,98.44000000000001
https://www.experian.com/blogs/ask-experian/what-is-a-mortgage-and-how-does-it-work,Human,99.17
https://www.experian.com/blogs/ask-experian/what-is-a-mortgage-forbearance,Human,99.32
https://www.experian.com/blogs/ask-experian/what-is-a-student-loan,Human,97.11999999999999
https://www.experian.com/blogs/ask-experian/what-is-student-loan-forgiveness,Human,98.49
https://www.experian.com/credit/credit-report,Human,99.27
https://www.experian.com/credit/credit-score,Human,98.72999999999999
https://www.experian.com/credit/experian-equifax-transunion-credit-report-and-score,Human,98.14
https://www.experian.com/help/annual-credit-report.html,Human,96.04
https://www.experian.com/help/identity-theft-victim-assistance.html,Human,98.44000000000001
https://www.experian.com/protection/identity-theft-and-credit-protection,Human,98.0
https://www.facebook.com/clevelandclinicabudhabi/videos/uncontrollable-breast-cancer-risk-factors/1508362286214944,Human,99.8
https://www.facebook.com/healthza/videos/what-is-hypertensionhypertension-high-blood-pressure-is-when-the-pressure-in-you/1423529351858640,Human,99.95
https://www.facebook.com/myhaywoodregional/videos/what-is-arthritis/952658796097451,Human,100
https://www.facebook.com/strykeractive/videos/arthritis-risk-factors/251273668071838,Human,99.95
https://www.familyassets.com/resources/legal-financial/what-is-a-last-will,Human,98.34
https://www.familymeans.org/effects-of-divorce-on-children.html,Human,99.95
https://www.fanniemae.com,Human,99.11999999999999
https://www.farther.com/resources/foundations/401-k-fees-whats-too-high-how-to-reduce-costs,Human,98.92999999999999
https://www.farther.com/resources/foundations/what-happens-to-401-k-if-you-quit-your-job-key-considerations,AI,99.9
https://www.farxiga.com,Human,99.95
https://www.farxiga.com/side-effects,Human,99.9
https://www.fasenra.com,Human,99.85000000000001
https://www.fastaiduc.com/food-poisoning-treatment,Human,99.76
https://www.fasttrackurgentcare.com/migraine,AI,100
https://www.fatherly.com/life/signs-couple-divorce-marriage-counselor,Human,99.95
https://www.fbfs.com/insurance/home-and-property-insurance/identity-theft-protection,Human,99.9
https://www.fbfs.com/learning-center/the-complete-guide-to-401ks-everything-you-need-to-know,Human,99.9
https://www.fbmortgageloans.com/what-are-the-benefits-of-using-a-bank-vs-a-mortgage-company,Human,99.51
https://www.fda.gov/consumers/consumer-updates/beware-illegally-marketed-diabetes-treatments-fraudulent-pharmacies,Human,99.85000000000001
https://www.fda.gov/consumers/consumer-updates/grapefruit-juice-and-some-drugs-dont-mix,Human,99.95
https://www.fda.gov/consumers/womens-health-topics/depression-medicines,Human,99.95
https://www.fda.gov/consumers/womens-health-topics/women-and-anxiety,Human,99.95
https://www.fda.gov/drugs/postmarket-drug-safety-information-patients-and-providers/fdas-concerns-unapproved-glp-1-drugs-used-weight-loss,Human,99.95
https://www.fda.gov/drugs/special-features/high-blood-pressure-understanding-silent-killer,Human,99.95
https://www.fda.gov/medical-devices/coronavirus-covid-19-and-medical-devices/home-covid-19-diagnostic-tests-frequently-asked-questions,Human,99.51
https://www.fda.gov/medical-devices/coronavirus-covid-19-and-medical-devices/home-otc-covid-19-diagnostic-tests,Human,98.92999999999999
https://www.fda.gov/medical-devices/medical-device-supply-chain-and-shortages/medical-device-shortages-list,Human,99.61
https://www.fdic.gov/consumer-resource-center/credit-reports,AI,61.77
https://www.federalreserve.gov/newsevents/speech/bernanke20080616a.htm,Human,99.27
https://www.femina.in/wellness/health/breast-cancer-beyond-the-lump-5-signs-every-woman-should-watch-out-for-287511.html,Human,100
https://www.ffcommunity.com/benefits-of-refinancing-your-mortgage,Human,99.66000000000001
https://www.fhfa.gov/policy/credit-scores,Human,99.9
https://www.fhlbi.com/services/mortgage-purchase-program,Human,99.9
https://www.fidelity.com,Human,99.95
https://www.fidelity.com/529-plans/overview,Human,99.9
https://www.fidelity.com/calculators-tools/life-insurance,Human,99.22
https://www.fidelity.com/direct-indexing/overview,Human,99.66000000000001
https://www.fidelity.com/go/monitoring-your-financial-portfolio,Human,99.8
https://www.fidelity.com/learning-center/personal-finance/backdoor-roth-ira,Human,99.56
https://www.fidelity.com/learning-center/personal-finance/mega-backdoor-roth,Human,99.9
https://www.fidelity.com/learning-center/personal-finance/retirement/nine-reasons-roth,Human,99.9
https://www.fidelity.com/learning-center/personal-finance/roth-401k,Human,99.76
https://www.fidelity.com/learning-center/smart-money/401k-contribution-limits,Human,99.61
https://www.fidelity.com/learning-center/smart-money/average-401k-match,Human,99.46000000000001
https://www.fidelity.com/learning-center/smart-money/average-net-worth-by-age,Human,99.66000000000001
https://www.fidelity.com/learning-center/smart-money/how-do-student-loans-work,Human,99.9
https://www.fidelity.com/learning-center/smart-money/i-need-my-401k-money-now,Human,99.61
https://www.fidelity.com/learning-center/smart-money/what-credit-score-is-needed-to-buy-a-house,Human,99.9
https://www.fidelity.com/learning-center/smart-money/what-is-a-401a,Human,99.71
https://www.fidelity.com/learning-center/smart-money/what-is-a-401k,Human,99.9
https://www.fidelity.com/learning-center/smart-money/what-is-an-index-fund,Human,99.66000000000001
https://www.fidelity.com/life-events/estate-planning/will,Human,99.76
https://www.fidelity.com/life-insurance/term-life-insurance/overview,Human,99.8
https://www.fidelity.com/retirement-ira/roth-ira,Human,99.76
https://www.fidelity.com/retirement-ira/small-business/compare-retirement-plans,Human,99.76
https://www.fidelity.com/retirement-ira/small-business/self-employed-401k/overview,Human,99.76
https://www.fidelity.com/viewpoints/financial-basics/taking-money-from-401k,Human,99.85000000000001
https://www.fidelity.com/viewpoints/retirement/social-security-for-divorced-spouses,Human,99.85000000000001
https://www.fidelity.com/viewpoints/retirement/what-to-do-with-an-old-401k,Human,99.85000000000001
https://www.fidelity.com/webcontent/pr100660-pi-mobile-shared-webcontent/pi-mobile-shared/html/roth-ira.shtml,Human,99.8
https://www.fidelity.com/why-fidelity/pricing-fees,Human,99.71
https://www.fiercehealthcare.com/payer/diabetes-patients-cost-10-000-more-annually-claims-data-shows,Human,99.95
https://www.financestrategists.com/retirement-planning/401k/average-401k-fees-by-plan-size,Human,98.54
https://www.financestrategists.com/retirement-planning/401k/how-does-a-401k-work,Human,99.71
https://www.financialsamurai.com/disadvantages-of-the-roth-ira-not-all-is-what-it-seems,Human,100
https://www.financialsamurai.com/never-contribute-to-roth-ira,Human,99.95
https://www.findlaw.com/education/higher-education/what-is-college-loan-forgiveness.html,Human,99.32
https://www.findlaw.com/estate/wills.html,Human,96.97
https://www.findlaw.com/family/divorce/divorce-remarriage-and-social-security.html,Human,97.02
https://www.findlaw.com/forms/resources/living-will/living-will-vs-last-will-and-testament.html,Human,99.9
https://www.findlaw.com/smallbusiness/intellectual-property/registering-a-trademark.html,Human,97.85000000000001
https://www.findlaw.com/smallbusiness/intellectual-property/trademark-protection-by-use-or-by-registration.html,Human,98.78
https://www.finra.org/investors/insights/beginners-guide-401ks,Human,99.85000000000001
https://www.finra.org/investors/insights/what-corporate-bankruptcy-means-shareholders,Human,99.85000000000001
https://www.finra.org/investors/personal-finance/how-your-credit-score-impacts-your-financial-future,Human,99.76
https://www.firstcapitalfcu.com/education/financial-education/blog-detail.html,Human,98.05
https://www.firstcitizens.com/personal/insights/investing/how-to-choose-ira-investments,Human,99.76
https://www.firstrade.com/accounts/retirement/roth,Human,99.71
https://www.firstresponse-ed.com/blog/warning-signs-of-a-heart-attack,Human,99.9
https://www.firstwestern.bank/trust-tuesdays-401k-403b-457b,Human,99.46000000000001
https://www.firstworldmortgage.com/what-are-the-benefits-of-a-mortgage,AI,100
https://www.fisherinvestments.com/en-us/business-401k-services/popular-resources/best-401k-providers,Human,97.85000000000001
https://www.fisherinvestments.com/en-us/insights/business-401k/small-business-401k-cost,Human,98.63
https://www.flagstar.com/personal/borrow/home-loans.html,Human,98.58
https://www.flexfunds.com/flexfunds/what-index-funds-are-and-why-invest-in-them,Human,99.8
https://www.flhsmv.gov/driver-licenses-id-cards/what-to-bring/u-s-citizen,Human,97.75
https://www.flhsmv.gov/safety-center/consumer-education/fraud/identity-theft-driver-license-fraud,Human,97.17
https://www.floridahealth.gov,Human,99.51
https://www.floridamedicalclinic.com/blog/anxiety-or-heart-problem,Human,99.11999999999999
https://www.floridamedicalclinic.com/blog/https-www-floridamedicalclinic-com-blog-can-anxiety-cause-high-blood-pressure,Human,95.46
https://www.floridamedicalclinic.com/blog/lowering-blood-pressure-without-medication,Human,99.95
https://www.floridamedicalclinic.com/blog/what-is-hypertension,Human,99.56
https://www.flowosteopathy.com.au/a-guide-to-migraine-treatment,Human,90.48
https://www.fm.bank/personal/borrow/mortgages,Human,99.95
https://www.foodauthority.nsw.gov.au/consumer/food-poisoning,Human,98.63
https://www.fool.com/coverage/filings/2025/07/17/aehr-test-systems-ceo-disposes-shares-worth-usd62-619,Human,98.97
https://www.fool.com/investing/general/2015/04/20/how-much-risk-should-you-take-with-your-ira.aspx,Human,99.66000000000001
https://www.fool.com/investing/how-to-invest/index-funds,Human,99.56
https://www.fool.com/investing/how-to-invest/index-funds/how-index-funds-work,Human,99.46000000000001
https://www.fool.com/retirement/2024/01/28/will-social-security-bankrupt-9-years-heres-truth,Human,99.76
https://www.fool.com/retirement/plans/401k/401k-vs-ira,Human,99.37
https://www.fool.com/retirement/plans/401k/is-a-401k-worth-it,Human,99.56
https://www.fool.com/retirement/plans/roth-ira/benefits,Human,99.46000000000001
https://www.fool.com/terms/l/last-will-and-testament,Human,99.41
https://www.forafinancial.com/blog/working-capital/hard-money-lender,Human,99.71
https://www.forbes.com/advisor/business/trademark-services,Human,98.49
https://www.forbes.com/advisor/investing/what-are-index-funds,Human,99.61
https://www.forbes.com/advisor/life-insurance/how-much-is-life-insurance,Human,99.02
https://www.forbes.com/advisor/personal-finance/best-identity-theft-protection-services,Human,99.32
https://www.forbes.com/advisor/retirement/social-security-bankrupt,Human,99.66000000000001
https://www.forbes.com/advisor/student-loans,Human,98.83
https://www.forbes.com/sites/adamminsky/2025/07/15/student-loan-borrowers-do-these-5-things-as-the-big-beautiful-bill-takes-effect,Human,99.76
https://www.forbes.com/sites/adamminsky/2025/07/16/new-update-on-student-loan-repayment-backlog-and-pslf-buyback-raises-alarms,Human,99.8
https://www.forbes.com/sites/alisondurkee/2025/07/03/how-trumps-spending-bill-will-impact-your-student-loans-as-it-heads-to-president-for-signature,Human,99.8
https://www.forbes.com/sites/bobcarlson/2024/02/24/divorced-spouses-maximize-social-security-benefits-by-navigating-some-tricky-rules,Human,99.66000000000001
https://www.forbes.com/sites/chriscarosa/2019/05/02/5-ways-a-roth-ira-can-ruin-your-retirement,Human,99.71
https://www.forbes.com/sites/investor-hub/article/what-is-an-index-fund-quick-guide-how-they-work,Human,99.71
https://www.forbes.com/sites/johntharvey/2025/03/27/why-social-security-cannot-go-bankrupt,Human,99.66000000000001
https://www.forbes.com/sites/traversmark/2024/06/29/a-psychologist-reveals-the-6-signs-a-marriage-will-end-in-divorce,Human,99.8
https://www.forbes.com/sites/traversmark/2024/08/12/4-signs-that-a-marriage-is-sure-to-end-in-divorce-by-a-psychologist,Human,99.76
https://www.forbes.com/sites/truetamplin/2023/12/07/is-a-401k-without-an-employer-match-worth-it-here-are-some-pros-and-cons,Human,99.85000000000001
https://www.forbessolicitors.co.uk/articles/is-your-will-up-to-date-heres-why-it-matters,Human,99.9
https://www.forhers.com/blog/can-anxiety-cause-high-blood-pressure,Human,99.41
https://www.forhers.com/blog/is-there-a-cure-for-depression,Human,99.85000000000001
https://www.forhers.com/conditions/hypertension,Human,99.9
https://www.fortislawpartners.com/blog/delays-in-trademark-application-review-processing,AI,56.84
https://www.forusall.com/401k-blog/how-you-can-get-a-low-cost-small-business-401k-part-1,Human,99.95
https://www.forusall.com/401k-blog/top-solo-401-k-providers-for-2024,Human,99.8
https://www.fosterswift.com/communications-avoid-bankruptcy-build-strong-business.html,Human,99.85000000000001
https://www.fox13news.com/news/student-loan-forgiveness-how-it-might-unfold-and-who-might-benefit,Human,99.9
https://www.fox19.com/video/2021/01/12/diabetics-are-an-increased-risk-severe-covid-illness,Human,99.95
https://www.fox44news.com/news/national-world-news/what-is-a-401k,Human,99.17
https://www.fox5atlanta.com/news/skyrocketing-diabetes-medication-costs-force-life-and-death-decisions-patients,Human,99.8
https://www.fox61.com/article/news/verify/social-security-verify/social-security-not-going-bankrupt-broke-fact-check/536-0851dc7d-91a7-443b-a83c-0585c9e60d6f,Human,99.22
https://www.foxbusiness.com/economy/social-security-trust-funds-now-projected-run-dry-2034-triggering-massive-benefit-cuts,Human,99.9
https://www.foxbusiness.com/economy/trump-reportedly-plans-order-open-401ks-private-markets-what-means-your-retirement,Human,99.9
https://www.foxbusiness.com/markets/this-roth-ira-benefit-could-be-its-biggest-drawback,Human,99.8
https://www.foxbusiness.com/politics/experts-warn-senate-tax-bill-accelerates-medicare-social-security-insolvency-dates,Human,99.8
https://www.foxchase.org/cancer-care-services/prevention-screening/risk-assessment/inherited-cancer/breast-cancer-inherited,Human,99.76
https://www.foxchase.org/clinical-care/conditions/breast-cancer/about/risk-factors,Human,99.9
https://www.foxchase.org/clinical-care/conditions/breast-cancer/about/signs-and-symptoms,Human,99.95
https://www.foxnews.com/us/trumps-dhs-deputize-irs-agents-immigration-enforcement,Human,99.51
https://www.foxroach.com/blog/what-is-a-mortgage,Human,98.97
https://www.freddiemac.com/home,Human,98.97
https://www.freddiemac.com/pmms,Human,98.78
https://www.fredhutch.org/en/news/center-news/2014/10/stage-4-metastatic-misunderstood-breast-cancer.html,Human,99.85000000000001
https://www.fredlaw.com/alert-do-not-be-fooled-by-trademark-scams,Human,98.44000000000001
https://www.freedommortgage.com/learning-center/articles/what-is-mortgage,Human,99.27
https://www.freefacts.org/resources/what-happens-if-social-security-runs-out-of-money,Human,99.85000000000001
https://www.freep.com/story/news/local/michigan/2025/07/17/unclaimed-401k-accounts-michiganders-how-to-search/85254828007,Human,99.95
https://www.freestyle.abbott/us-en/cost.html,Human,99.66000000000001
https://www.frischortho.com/blog/how-to-recognize-common-arthritis-symptoms-33127.html,Human,100
https://www.friscotexas.gov/1887/identity-theft-protection,Human,99.9
https://www.frontiersin.org/journals/clinical-diabetes-and-healthcare,Human,94.19
https://www.frontiersin.org/journals/endocrinology/articles/10.3389/fendo.2021.649525/full,Human,98.34
https://www.frontiersin.org/journals/endocrinology/articles/10.3389/fendo.2024.1440456/full,Human,97.89999999999999
https://www.frontiersin.org/journals/environmental-science/articles/10.3389/fenvs.2025.1537570/full,Human,97.36
https://www.frontiersin.org/journals/medicine/articles/10.3389/fmed.2024.1451625/pdf,Human,96.92
https://www.frontiersin.org/journals/psychology/articles/10.3389/fpsyg.2020.594698/full,Human,93.07
https://www.frontiersin.org/journals/public-health/articles/10.3389/fpubh.2025.1485343/xml,Human,98.68
https://www.frontiersin.org/journals/public-health/articles/10.3389/fpubh.2025.1551356/pdf,Human,98.34
https://www.frost.com/growth-opportunity-news/breast-cancer-awareness-month-the-importance-of-regular-screening-and-early-diagnosis,Human,98.92999999999999
https://www.fsinsuresme.com/how-much-does-life-insurance-cost-how-rates-are-calculated,Human,99.8
https://www.ft.com/content/07906211-5ab8-4917-bcad-5397c0bc3170,Human,99.32
https://www.fuh.care/patient-education-article/what-is-a-heart-attack,Human,99.8
https://www.furubottenlaw.com/blog/2025/04/6-signs-youre-headed-toward-divorce,Human,99.9
https://www.futureofpersonalhealth.com/senior-health/social-security-solvency-is-social-security-going-bankrupt,Human,99.76
https://www.fxstreet.com/finance/early-ira-withdrawals-beware-the-pitfalls-but-exceptions-exist-202507171343,Human,96.48
https://www.fxstreet.com/finance/ira-vs-savings-account-why-tax-advantaged-accounts-make-the-difference-202507161330,Human,97.17
https://www.gallonlaw.com/depression-social-security-disability,Human,99.95
https://www.gammacore.com/your-guide-to-migraine-devices-what-you-need-to-know,AI,99.95
https://www.gao.gov/blog/reverse-mortgages-present-benefits-and-risks-senior-homeowners,Human,99.9
https://www.gao.gov/products/gao-17-254,Human,99.95
https://www.gao.gov/products/gao-20-641r,Human,99.8
https://www.gardenstatepain.com/post/how-to-treat-arthritis-without-surgery-pain-management-experts,AI,99.9
https://www.garybrowntherapy.com/blog/7-signs-it-may-be-time-for-a-divorce,Human,99.85000000000001
https://www.gastongov.com/706/identity-theft-protection,Human,99.95
https://www.gcspdocs.com/top-rated-treatments-for-arthritis,AI,100
https://www.geico.com/identity-protection,Human,99.8
https://www.geico.com/life-insurance,Human,99.85000000000001
https://www.geisinger.org/patient-care/conditions-treatments-specialty/heart-attack,Human,99.85000000000001
https://www.gendigital.com/us/en,Human,99.95
https://www.geneonline.com/higher-bmi-linked-to-increased-breast-cancer-risk-in-women-with-cardiovascular-disease,AI,100
https://www.genesishealth.com/a-z/cancer/treat/breast/symptoms,Human,99.95
https://www.genesismortgagegroup.com/socialposts/5-benefits-of-working-with-a-mortgage-professional,Human,99.66000000000001
https://www.gentreo.com/a-last-will-and-testament-definition-importance-and-how-to-create-one,AI,99.95
https://www.gentreo.com/everything-you-need-to-know-about-your-last-will-and-testament,Human,99.85000000000001
https://www.gerbenlaw.com/blog/how-to-get-a-trademark-application-expedited,AI,82.67
https://www.gerbenlaw.com/blog/what-are-the-u-s-trademark-registration-requirements,Human,100
https://www.gerbenlaw.com/trademark-registration,Human,100
https://www.gerbenlaw.com/trademark-services/trademark-search-and-registration,Human,100
https://www.getamirilegal.com/articles/sample-will,Human,99.85000000000001
https://www.getamplifylife.com/learn/blog/are-401ks-worth-it,Human,99.8
https://www.getlegal.com/legal-info-center/intellectual-property-law/trademarks,Human,99.32
https://www.gfb.org/join/id-protect,Human,100
https://www.gg-law.com/intellectual-property/trademark-scams,Human,99.95
https://www.gillhams.com/2024/03/28/what-is-a-last-will-and-testament,AI,100
https://www.glendaleca.gov/government/departments/glendale-water-and-power/safety-security/identity-theft-protection-program,Human,99.95
https://www.gleneagles.com.sg/conditions-diseases/arthritis/symptoms-causes,Human,62.5
https://www.globalcu.org/learn/privacy-security/identity-theft-protection,Human,99.41
https://www.globalexpansion.com/blog/what-is-immigration-and-how-does-immigration-system-work,Human,99.9
https://www.globalrefuge.org/news/how-will-the-one-big-beautiful-bill-act-affect-immigration-fees,Human,99.9
https://www.globalxetfs.com/funds/qyld,Human,99.46000000000001
https://www.globelifeinsurance.com/adult-whole-life,Human,98.83
https://www.gmfinancial.com/en-us/apply.html,Human,99.76
https://www.gnehmp.com/health_tips/risk-factors-of-arthritis,AI,100
https://www.gobankingrates.com/loans/student/how-do-federal-student-loans-work,Human,97.36
https://www.gobankingrates.com/retirement/401k/best-401k-companies,Human,97.36
https://www.gobankingrates.com/retirement/iras/roth-ira-benefits,Human,97.61
https://www.gocgo.com/blog/401k-plan-benchmarking,Human,99.8
https://www.goforrealestate.com/what-is-a-mortgage,Human,100
https://www.goldenwealthcapital.com/blog/the-top-401k-providers-proven-list-from-a-401-k-expert,Human,100
https://www.goodhousekeeping.com/life/relationships/a62682912/gray-divorce-signs,Human,99.9
https://www.goodreads.com/book/show/56898249-good-anxiety,Human,99.51
https://www.goodreads.com/en/book/show/203938050-anxiety-rx,Human,99.61
https://www.goodrx.com/conditions/arthritis,Human,99.66000000000001
https://www.goodrx.com/conditions/breast-cancer/signs-and-symptoms-breast-cancer,Human,99.76
https://www.goodrx.com/conditions/depression,AI,75.63
https://www.goodtherapy.org/blog/7-ways-anxiety-actually-works-to-your-advantage-0202165,Human,99.95
https://www.goodtherapy.org/blog/can-depression-be-cured-without-medication-1117144,Human,99.8
https://www.goredforwomen.org/en/about-heart-disease-in-women/latest-research/anxiety-linked-to-long-term-stroke-risk,Human,99.95
https://www.goredforwomen.org/en/about-heart-disease-in-women/signs-and-symptoms-in-women,Human,99.76
https://www.gorillatrades.com/how-do-index-funds-work,Human,99.9
https://www.gov.ie/en/department-of-the-taoiseach/collections/how-our-immigration-system-works,Human,99.95
https://www.gov.uk/becoming-bankrupt/applying-to-become-bankrupt,Human,99.95
https://www.gov.uk/browse/visas-immigration,Human,99.8
https://www.gov.uk/browse/visas-immigration/work-visas,Human,99.85000000000001
https://www.gov.uk/drug-safety-update/glp-1-receptor-agonists-reminder-of-the-potential-side-effects-and-to-be-aware-of-the-potential-for-misuse,Human,99.95
https://www.gov.uk/government/collections/intellectual-property-trade-marks,Human,99.76
https://www.gov.uk/government/organisations/uk-visas-and-immigration,Human,99.71
https://www.gov.uk/government/publications/covid-19-the-green-book-chapter-14a,Human,99.9
https://www.gov.uk/government/publications/covid-19-vaccination-women-of-childbearing-age-currently-pregnant-planning-a-pregnancy-or-breastfeeding/covid-19-vaccination-a-guide-on-pregnancy-and-breastfeeding,Human,99.9
https://www.gov.uk/government/publications/restoring-control-over-the-immigration-system-white-paper,Human,99.76
https://www.gov.uk/how-to-register-a-trade-mark,Human,99.9
https://www.gov.uk/make-will,Human,99.9
https://www.gov.uk/make-will/writing-your-will,Human,99.95
https://www.gov.uk/repaying-your-student-loan,Human,99.95
https://www.gov.uk/repaying-your-student-loan/what-you-pay,Human,99.51
https://www.gov.uk/repaying-your-student-loan/when-your-student-loan-gets-written-off-or-cancelled,Human,99.95
https://www.gov.uk/repaying-your-student-loan/which-repayment-plan-you-are-on,Human,94.19
https://www.gov.uk/shared-ownership-scheme,Human,99.9
https://www.gov.uk/student-finance,Human,99.8
https://www.gov.uk/support-for-mortgage-interest,Human,99.95
https://www.gp.london/blog/exploring-the-link-between-anxiety-and-high-blood-pressure,Human,99.95
https://www.grahamborgese.com/blog/2025/march/how-does-student-loan-forgiveness-work,AI,100
https://www.greaterlowellpsychassoc.com/blog/10-symptoms-of-anxiety,Human,99.9
https://www.greatestgiftapp.com/blog/best-utma-accounts,Human,99.61
https://www.greatlakeshhc.com/11-heart-attack-risks-you-should-know,Human,99.51
https://www.greatsouthernbank.com/calculators/roth-ira,Human,99.9
https://www.greenamerica.org/building-people-first-economy/more-minimum-why-we-need-liveable-wage,Human,99.95
https://www.greenbushfinancial.com/all-blogs/simple-ira-vs-401k-which-one-is-right-for-your-company,Human,100
https://www.grouporttherapy.com/blog/anxiety-attack-vs-heart-attack,Human,99.85000000000001
https://www.grouporttherapy.com/blog/can-depression-be-cured,Human,99.9
https://www.gsa.gov/buy-through-us/products-and-services/professional-services/buy-services/identity-protection-services,Human,99.66000000000001
https://www.guardianlife.com/life-insurance/term-rates,Human,99.95
https://www.guardianlife.com/life-insurance/whole-life-rates,Human,99.8
https://www.guideline.com,Human,99.85000000000001
https://www.guideline.com/education/articles/choose-401-k-provider-checklist,Human,100
https://www.guideline.com/education/articles/understanding-401-k-expense-ratios-and-why-they-matter,Human,99.85000000000001
https://www.guideline.com/ira,Human,99.66000000000001
https://www.guildmortgage.com/blog/do-lenders-charge-to-run-your-credit-report,Human,95.56
https://www.guildmortgage.com/blog/whats-a-mortgage-a-beginners-guide,Human,96.0
https://www.gxovoluntarybenefits.com/content/mercer-consumer/vb-pba/gxo-home/familyandpersonalwellbeing/identitytheftprotection/identityprotection.html,Human,99.85000000000001
https://www.habitat.org/stories/mortgage-basics,Human,99.95
https://www.hackensackmeridianhealth.org/en/healthu/2023/02/21/early-signs-of-diabetes-in-women,Human,99.95
https://www.hackensackmeridianhealth.org/en/news/2025/07/17/hmh-among-nations-best-healthcare-networks-for-treating-heart-attack,Human,99.9
https://www.halifax.co.uk/mortgages/help-and-advice/how-does-a-mortgage-work.html,Human,99.95
https://www.hancockhealth.org/mayo-health-library/high-blood-pressure-dangers-hypertensions-effects-on-your-body,Human,99.76
https://www.hannaford.com/pharmacy,Human,99.95
https://www.happiesthealth.com/articles/health-conditions/arthritis-symptoms-types-diagnosis-treatment,Human,99.02
https://www.harrylevineinsurance.com/how-much-is-life-insurance,Human,87.83999999999999
https://www.hartfordfunds.com/insights/investor-insight/navigating-longevity/social-security/understanding-social-security-benefits-after-divorce.html,Human,99.56
https://www.hartfordfunds.com/practice-management/client-conversations/investing-for-retirement/traditional-ira-vs-roth-ira-which-one-is-right-for-you.html,Human,99.46000000000001
https://www.harvellandcollins.com/blog/what-is-a-last-will-and-testament,AI,100
https://www.harvellandcollins.com/radio-show/lets-talk-legal-what-is-a-last-will-and-testament,AI,100
https://www.hawaiipain.com/blog/what-are-my-treatment-options-for-arthritis,Human,100
https://www.hca.wa.gov/about-hca/who-we-are/health-care-reform,Human,97.56
https://www.hcde-texas.org/benefits/id-theft,Human,99.85000000000001
https://www.hcplive.com/view/diabetes-dialogue-american-diabetes-association-trial-recap-part-1,Human,99.61
https://www.hcplive.com/view/the-future-of-glp-1s-in-type-1-diabetes-with-viral-shah-md,Human,99.8
https://www.headachereliefguide.com,Human,93.85
https://www.headpaininstitute.com/the-effects-of-untreated-chronic-migraines,Human,99.95
https://www.healio.com/news/allergy-asthma/20240604/patients-with-asthma-hypertension-trend-older-with-higher-bmi,Human,99.9
https://www.healio.com/news/cardiology/20150812/what-is-hypertension,Human,99.76
https://www.healio.com/news/endocrinology/20231109/cost-of-diabetes-care-in-us-rises-to-4129-billion-in-2022,Human,99.46000000000001
https://www.healio.com/news/hematology-oncology/20120331/what-is-hypertension,Human,99.32
https://www.healio.com/news/primary-care/20200914/list-prices-for-newer-diabetes-drugs-up-to-360-times-higher-than-older-ones,Human,99.9
https://www.health.com/arthritis-causes-8668653,Human,99.66000000000001
https://www.health.com/arthritis-pain-8613230,Human,99.61
https://www.health.com/arthritis-symptoms-8665816,Human,99.9
https://www.health.com/arthritis-treatment-8680673,Human,75.0
https://www.health.com/asthma-overview-7152430,AI,98.88
https://www.health.com/can-anxiety-cause-high-blood-pressure-8773482,Human,99.9
https://www.health.com/condition/depression,Human,98.68
https://www.health.com/condition/type-2-diabetes/could-you-have-type-2-10-diabetes-symptoms,Human,98.83
https://www.health.com/food-poisoning-overview-7368836,Human,99.85000000000001
https://www.health.com/food-poisoning-treatment-7554497,Human,99.8
https://www.health.com/heart-attack-overview-7371575,Human,99.8
https://www.health.com/heart-attack-symptoms-7482380,Human,99.8
https://www.health.com/type-2-diabetes-treatment-6890674,Human,97.31
https://www.health.harvard.edu/a_to_z/major-depression-a-to-z,Human,99.9
https://www.health.harvard.edu/blog/anxiety-what-it-is-what-to-do-2018060113955,Human,99.9
https://www.health.harvard.edu/blog/can-exercise-help-treat-anxiety-2019102418096,Human,99.95
https://www.health.harvard.edu/blog/high-blood-pressure-why-me-201605029288,Human,99.9
https://www.health.harvard.edu/blog/is-metformin-a-wonder-drug-202109222605,Human,99.95
https://www.health.harvard.edu/blog/ketamine-for-treatment-resistant-depression-when-and-where-is-it-safe-202208092797,Human,99.71
https://www.health.harvard.edu/blog/type-2-diabetes-which-medication-is-best-for-me-2020110521256,Human,99.95
https://www.health.harvard.edu/diseases-and-conditions/blood-sugarfriendly-fruits-if-you-have-diabetes,Human,99.8
https://www.health.harvard.edu/heart-health/a-closer-look-at-heart-disease-risk,Human,99.95
https://www.health.harvard.edu/heart-health/can-you-have-a-heart-attack-and-not-know-it,Human,99.8
https://www.health.harvard.edu/heart-health/chest-pain-a-heart-attack-or-something-else,Human,99.85000000000001
https://www.health.harvard.edu/heart-health/gender-matters-heart-disease-risk-in-women,Human,99.76
https://www.health.harvard.edu/heart-health/reading-the-new-blood-pressure-guidelines,Human,99.85000000000001
https://www.health.harvard.edu/heart-health/what-does-it-mean-to-have-a-heart-attack,Human,99.37
https://www.health.harvard.edu/mens-health/feel-your-pain-the-health-risk-of-migraines-in-men,Human,100
https://www.health.harvard.edu/mind-and-mood/generalized-anxiety-disorder-a-to-z,Human,99.71
https://www.health.harvard.edu/mind-and-mood/recognizing-and-easing-the-physical-symptoms-of-anxiety,Human,99.02
https://www.health.harvard.edu/mind-and-mood/the-no-drug-approach-to-mild-depression,Human,99.71
https://www.health.harvard.edu/pain/headache-when-to-worry-what-to-do,Human,99.95
https://www.health.harvard.edu/staying-healthy/6-simple-tips-to-reduce-your-blood-pressure,Human,99.8
https://www.health.harvard.edu/staying-healthy/foods-that-fight-inflammation,Human,99.95
https://www.health.harvard.edu/staying-healthy/glp-1-diabetes-and-weight-loss-drug-side-effects-ozempic-face-and-more,Human,99.95
https://www.health.harvard.edu/staying-healthy/yoga-for-better-mental-health,Human,99.71
https://www.health.nsw.gov.au/mentalhealth/psychosocial/foundations/pages/types-anxiety.aspx,Human,99.71
https://www.health.ny.gov,Human,99.46000000000001
https://www.health.ny.gov/diseases/cancer/breast/symptoms.htm,Human,99.95
https://www.health.ny.gov/diseases/cardiovascular/heart_disease,Human,99.9
https://www.health.ny.gov/diseases/conditions/arthritis,Human,99.61
https://www.health.state.mn.us/diseases/asthma/about/asthmabasics.html,Human,99.76
https://www.healthaffairs.org/do/10.1377/hpb20180622.107025,Human,99.95
https://www.healthcare.gov,Human,99.85000000000001
https://www.healthcare.gov/have-coverage,Human,99.76
https://www.healthcare.gov/preventive-care-adults,Human,99.85000000000001
https://www.healthcaredive.com/news/diabetes-costs-escalated-since-2012-mostly-from-insulin-price-hikes-repor/546573,Human,100
https://www.healthcareselect.com/articles/arthritis-treatment,Human,99.9
https://www.healthcentral.com/category/migraine,Human,99.61
https://www.healthcentral.com/condition/anxiety,Human,99.51
https://www.healthcentral.com/condition/asthma,Human,99.9
https://www.healthcentral.com/condition/asthma/high-blood-pressure-and-asthma,Human,99.95
https://www.healthcentral.com/condition/asthma/how-asthma-and-heart-disease-are-connected,Human,99.95
https://www.healthcentral.com/condition/hypertension/panic-attack-blood-pressure,Human,99.9
https://www.healthcentral.com/condition/migraine/how-to-raise-your-migraine-threshold,Human,100
https://www.healthcentral.com/condition/migraine/strategies-to-avoid-summer-migraine,Human,99.95
https://www.healthcentral.com/condition/rheumatoid-arthritis-treatment,Human,99.9
https://www.healthcentral.com/news/type-1-diabetes/new-insights-into-heart-risks-with-adult-onset-t1d,Human,99.95
https://www.healthday.com/a-to-z-health/cardiovascular-diseases/what-is-a-heart-attack-and-what-are-the-symptoms,Human,99.95
https://www.healthday.com/a-to-z-health/diseases-and-conditions/anxiety-2660541152.html,Human,99.95
https://www.healthday.com/a-to-z-health/pain-management/arthritis-symptoms-2659861760.html,Human,99.95
https://www.healthday.com/health-news/diabetes/out-of-pocket-costs-are-tough-on-americans-with-diabetes,Human,99.95
https://www.healthdirect.gov.au/anxiety,Human,99.95
https://www.healthdirect.gov.au/arthritis,Human,99.9
https://www.healthdirect.gov.au/asthma,Human,100
https://www.healthdirect.gov.au/blog/how-will-i-know-if-i-have-arthritis,Human,99.41
https://www.healthdirect.gov.au/chest-pain,Human,99.9
https://www.healthdirect.gov.au/diabetes,Human,99.95
https://www.healthdirect.gov.au/diabetes-medicines,Human,99.95
https://www.healthdirect.gov.au/food-poisoning,Human,96.63000000000001
https://www.healthdirect.gov.au/heart-attack,Human,99.95
https://www.healthdirect.gov.au/high-blood-pressure-and-how-to-lower-it,Human,99.95
https://www.healthdirect.gov.au/high-blood-pressure-hypertension,Human,99.46000000000001
https://www.healthdirect.gov.au/kidney-failure,Human,99.95
https://www.healthdirect.gov.au/melancholia,Human,99.95
https://www.healthdirect.gov.au/migraine,Human,99.95
https://www.healthdirect.gov.au/shortness-of-breath,Human,99.95
https://www.healthhub.sg/a-z/diseases-and-conditions/anxiety-disorder-or-just-anxious,Human,99.9
https://www.healthhub.sg/a-z/diseases-and-conditions/headache-and-migraine,Human,99.85000000000001
https://www.healthhub.sg/live-healthy/understanding-hypertension,Human,98.83
https://www.healthhub.sg/live-healthy/understandinganxiety,Human,99.9
https://www.healthiergeneration.org/campaigns/vaccines,Human,99.02
https://www.healthinaging.org/a-z-topic/arthritis/symptoms,Human,99.61
https://www.healthline.com/diabetesmine/coronavirus-and-diabetes,Human,98.54
https://www.healthline.com/health-news/7-healthy-habits-that-can-help-reduce-your-depression-risk,Human,98.58
https://www.healthline.com/health-news/olivia-munn-mother-breast-cancer-genetic-screening,Human,98.88
https://www.healthline.com/health/anxiety,Human,97.75
https://www.healthline.com/health/anxiety-causes,Human,98.63
https://www.healthline.com/health/anxiety-disorder-symptoms,Human,98.39
https://www.healthline.com/health/anxiety-symptoms,Human,98.1
https://www.healthline.com/health/anxiety/can-anxiety-cause-high-blood-pressure,Human,98.39
https://www.healthline.com/health/anxiety/effects-on-body,Human,98.1
https://www.healthline.com/health/anxiety/is-anxiety-a-disability,Human,98.58
https://www.healthline.com/health/arthritis/arthritis-symptoms,Human,98.88
https://www.healthline.com/health/asthma/asthma-and-pulmonary-hypertension,Human,97.66
https://www.healthline.com/health/asthma/asthma-attack,Human,96.09
https://www.healthline.com/health/asthma/how-does-asthma-affect-the-respiratory-system,Human,98.49
https://www.healthline.com/health/blood-pressure-chart,Human,96.92
https://www.healthline.com/health/breast-cancer/breast-cancer-cure,Human,95.30999999999999
https://www.healthline.com/health/breast-cancer/how-treatable-is-early-breast-cancer,Human,98.14
https://www.healthline.com/health/breast-cancer/pictures,Human,98.29
https://www.healthline.com/health/can-you-cure-depression,Human,98.78
https://www.healthline.com/health/cost-of-diabetes,Human,97.8
https://www.healthline.com/health/depression/does-depression-make-you-eligible-for-disability,Human,97.89999999999999
https://www.healthline.com/health/depression/effects-on-body,Human,99.51
https://www.healthline.com/health/depression/how-to-fight-depression,Human,98.78
https://www.healthline.com/health/depression/risk-factors,Human,97.41
https://www.healthline.com/health/diabetes,Human,98.1
https://www.healthline.com/health/diabetes/diabetes-weight-loss,Human,98.0
https://www.healthline.com/health/diabetes/effects-on-body,Human,99.27
https://www.healthline.com/health/diabetes/medications-list,Human,98.88
https://www.healthline.com/health/diabetes/unusual-symptoms-of-diabetes,Human,98.83
https://www.healthline.com/health/early-symptoms-arthritis,Human,98.72999999999999
https://www.healthline.com/health/food-nutrition/what-to-eat-after-food-poisoning,Human,99.41
https://www.healthline.com/health/food-poisoning,Human,98.97
https://www.healthline.com/health/heart-attack,Human,99.02
https://www.healthline.com/health/high-blood-pressure-hypertension,Human,98.1
https://www.healthline.com/health/high-blood-pressure-hypertension/can-hypertension-be-cured,Human,98.63
https://www.healthline.com/health/high-blood-pressure-hypertension/hypertension-complications,Human,97.85000000000001
https://www.healthline.com/health/l-theanine,Human,99.17
https://www.healthline.com/health/left-chest-pain,Human,96.92
https://www.healthline.com/health/medicare/medicare-divorced-spouse-eligibility,Human,99.46000000000001
https://www.healthline.com/health/migraine-complications,Human,99.22
https://www.healthline.com/health/migraine/exercise-induced-migraines,Human,97.95
https://www.healthline.com/health/migraine/how-to-get-rid-of-a-migraine,Human,99.27
https://www.healthline.com/health/migraine/migraine-brain-vs-normal-brain,Human,98.39
https://www.healthline.com/health/migraine/migraine-risk-factors,Human,99.41
https://www.healthline.com/health/migraine/x-self-care-tips-for-migraine,Human,97.89999999999999
https://www.healthline.com/health/osteoarthritis/arthritis-natural-relief,Human,98.88
https://www.healthline.com/health/panic-attack-vs-anxiety-attack,Human,98.83
https://www.healthline.com/health/panic-attack-vs-heart-attack,Human,94.97
https://www.healthline.com/health/parenting/effects-of-divorce-on-children,Human,98.14
https://www.healthline.com/health/physical-symptoms-of-anxiety,Human,96.24000000000001
https://www.healthline.com/health/sleep-apnea/sleep-apnea-hypertension,Human,98.34
https://www.healthline.com/health/type-2-diabetes/6-complications-diabetes,Human,98.83
https://www.healthline.com/health/type-2-diabetes/insulin-prices-pumps-pens-syringes,Human,98.97
https://www.healthline.com/health/type-2-diabetes/treatment-factors-ask-expert,Human,99.07000000000001
https://www.healthline.com/health/types-of-migraines,Human,98.44000000000001
https://www.healthline.com/health/video/migraine,Human,98.24000000000001
https://www.healthline.com/migraine/basics-of-migraine,Human,98.29
https://www.healthline.com/nutrition/ashwagandha,Human,99.22
https://www.healthline.com/nutrition/lions-mane-mushroom,Human,99.71
https://www.healthpartners.com/blog/breast-cancer-treatment-by-stage,Human,100
https://www.healthpartners.com/blog/protecting-yourself-from-food-poisoning,Human,100
https://www.healthshare.com.au/questions/55918-what-is-anxiety,Human,99.95
https://www.healthstarclinic.com/conditions/arthritis,Human,99.95
https://www.healthstarclinic.com/impact-of-arthritis-and-risk-factors,Human,99.95
https://www.healthsystemtracker.org/chart-collection/diabetes-care-u-s-changed-time,Human,99.61
https://www.healthtechzone.com/topics/healthcare/articles/175705-what-healthcare-reform.htm,Human,99.95
https://www.healthvermont.gov,Human,99.61
https://www.healthxchange.sg/ask-the-specialist.html,Human,97.85000000000001
https://www.healthychildren.org/english/health-issues/conditions/covid-19/pages/default.aspx,Human,98.92999999999999
https://www.healthychildren.org/english/health-issues/conditions/head-neck-nervous-system/pages/migraine-headaches-in-children.aspx,Human,99.17
https://www.healthylifefamilymedicine.com/blog/is-there-any-way-to-reverse-high-blood-pressure,Human,99.95
https://www.healthyplace.com/anxiety-panic/anxiety-information/anxiety-symptoms-recognizing-signs-of-anxiety,Human,99.95
https://www.healthyplace.com/blogs/anxiety-schmanxiety/2015/01/advantages-of-anxiety-disadvantages-of-anxiety,Human,99.95
https://www.healthyplace.com/blogs/treatinganxiety/2024/6/4-ways-anxiety-benefits-me-an-unconventional-take,Human,99.95
https://www.healthywomen.org/condition/migraine,Human,97.95
https://www.heart.org/en/about-us/heart-attack-and-stroke-symptoms,Human,99.95
https://www.heart.org/en/health-topics/diabetes/diabetes-complications-and-risks,Human,99.85000000000001
https://www.heart.org/en/health-topics/diabetes/prevention--treatment-of-diabetes,Human,100
https://www.heart.org/en/health-topics/diabetes/prevention--treatment-of-diabetes/diabetes-medications,Human,99.95
https://www.heart.org/en/health-topics/diabetes/symptoms-diagnosis--monitoring-of-diabetes,Human,100
https://www.heart.org/en/health-topics/diabetes/understand-your-risk-for-diabetes,Human,100
https://www.heart.org/en/health-topics/heart-attack/about-heart-attacks,Human,100
https://www.heart.org/en/health-topics/heart-attack/diagnosing-a-heart-attack,Human,99.95
https://www.heart.org/en/health-topics/heart-attack/understand-your-risks-to-prevent-a-heart-attack,Human,99.95
https://www.heart.org/en/health-topics/heart-attack/warning-signs-of-a-heart-attack,Human,99.85000000000001
https://www.heart.org/en/health-topics/heart-attack/warning-signs-of-a-heart-attack/heart-attack-symptoms-in-women,Human,100
https://www.heart.org/en/health-topics/high-blood-pressure,Human,99.95
https://www.heart.org/en/health-topics/high-blood-pressure/changes-you-can-make-to-manage-high-blood-pressure,Human,100
https://www.heart.org/en/health-topics/high-blood-pressure/changes-you-can-make-to-manage-high-blood-pressure/managing-stress-to-control-high-blood-pressure,Human,99.95
https://www.heart.org/en/health-topics/high-blood-pressure/health-threats-from-high-blood-pressure,Human,99.95
https://www.heart.org/en/health-topics/high-blood-pressure/know-your-risk-factors-for-high-blood-pressure,Human,99.95
https://www.heart.org/en/health-topics/high-blood-pressure/the-facts-about-high-blood-pressure,Human,99.95
https://www.heart.org/en/health-topics/high-blood-pressure/the-facts-about-high-blood-pressure/resistant-hypertension--high-blood-pressure-thats-hard-to-treat,Human,100
https://www.heart.org/en/health-topics/high-blood-pressure/understanding-blood-pressure-readings,Human,99.95
https://www.heart.org/en/healthy-living/healthy-bond-for-life-pets/pets-as-coworkers/pets-and-mental-health,Human,99.95
https://www.heart.org/en/news/2019/06/21/what-migraine-sufferers-need-to-know-about-stroke-risk,Human,99.95
https://www.heart.org/en/news/2020/02/04/persistent-asthma-linked-to-increased-risk-for-heart-rhythm-disorder,Human,100
https://www.heart.org/en/news/2022/07/13/how-to-tell-the-difference-between-a-heart-attack-and-panic-attack,Human,99.9
https://www.heart.org/en/news/2024/05/17/how-are-asthma-and-heart-health-linked,Human,99.95
https://www.heartandstroke.ca/articles/heart-disease-in-women-they-told-me-it-was-anxiety,Human,99.76
https://www.heartandstroke.ca/heart-disease/conditions/heart-attack,Human,99.46000000000001
https://www.heartandstroke.ca/heart-disease/risk-and-prevention,Human,99.66000000000001
https://www.heartandstroke.ca/heart-disease/risk-and-prevention/condition-risk-factors/high-blood-pressure,Human,99.61
https://www.heartfoundation.org.au/blog/5-warning-signs-of-a-heart-attack-you-may-not-know,Human,98.05
https://www.heartfoundation.org.au/heart-age-calculator,Human,99.95
https://www.heartfoundation.org.au/your-heart/are-you-at-risk-of-heart-disease,Human,99.95
https://www.heartfoundation.org.au/your-heart/blood-pressure-and-your-heart,AI,91.94
https://www.heartfoundation.org.au/your-heart/heart-attack,Human,99.95
https://www.heartfoundation.org.au/your-heart/heart-attack-warning-signs,Human,99.95
https://www.heartfoundation.org.au/your-heart/medical-tests-coronary-artery-calcium-score,Human,99.95
https://www.heartfoundation.org.au/your-heart/risk-factors-for-women,Human,100
https://www.heartfoundation.org.au/your-heart/support/feelings-and-emotions-after-a-heart-attack,Human,99.9
https://www.heartfoundation.org.nz/wellbeing/managing-risk/blood-pressure-and-your-heart/managing-high-blood-pressure,Human,99.85000000000001
https://www.heartfoundation.org.nz/your-heart/heart-attack-warning-signs,Human,99.32
https://www.heartfoundation.org.nz/your-heart/heart-conditions/about-heart-attacks,Human,96.67999999999999
https://www.heartfoundation.org.nz/your-heart/post-heart-attack/about-heart-attacks,Human,99.46000000000001
https://www.heartteam.com/post/the-dangers-of-high-blood-pressure,Human,100
https://www.heb-credit.com,Human,99.95
https://www.helloheart.com/post/high-blood-pressure-and-medication,Human,100
https://www.helpforld.com/blog/what-is-anxiety,Human,99.95
https://www.helpguide.org/mental-health/anxiety/anxiety-disorders-and-anxiety-attacks,Human,99.9
https://www.helpguide.org/mental-health/depression/depression-treatment,Human,99.71
https://www.helpguide.org/wellness/fitness/the-mental-health-benefits-of-exercise,Human,99.9
https://www.helpguide.org/wellness/health-conditions/blood-pressure-and-your-brain,Human,99.66000000000001
https://www.henryford.com/blog/2023/09/panic-attack-heart-attack,Human,99.95
https://www.henryford.com/blog/2024/12/covid-protocol-now,Human,100
https://www.heritage.org/jobs-and-labor/commentary/increasing-the-minimum-wage-comes-too-high-price-workers,Human,99.22
https://www.heritage.org/jobs-and-labor/report/most-minimum-wage-jobs-lead-better-paying-opportunities,Human,99.76
https://www.heritage.org/social-security/commentary/here-are-5-new-signs-social-security-going-insolvent,Human,99.9
https://www.hesc.ny.gov/find-aid-you-need,Human,99.61
https://www.hesc.ny.gov/find-aid-you-need/new-york-state-loan-forgiveness-programs,Human,99.85000000000001
https://www.hesc.ny.gov/find-aid-you-need/student-loans,Human,99.61
https://www.heyally.com/2020/11/28/what-is-hypertension,Human,99.9
https://www.hhills.com/rehab-blog/long-term-effects-of-anxiety-disorders,Human,99.8
https://www.hhmglobal.com/health-wellness/common-signs-and-symptoms-of-anxiety,Human,99.66000000000001
https://www.hhrlaw.com/social-security-disability/mental-disorders/depression,Human,99.9
https://www.hhs.gov/answers/health-insurance-reform/index.html,Human,95.17
https://www.hhs.gov/healthcare/about-the-aca/index.html,Human,99.85000000000001
https://www.hicapitalize.com/resources/401k-companies,AI,65.33
https://www.hicapitalize.com/resources/401k-fees,Human,99.8
https://www.hicapitalize.com/resources/401k-vs-ira-fees,Human,99.9
https://www.hicapitalize.com/resources/how-to-check-your-401k-balance,Human,99.9
https://www.highlandplanning.com/learning-center-1/why-maxing-out-your-401k-is-not-always-the-best-strategy,AI,99.95
https://www.hillandponton.com/get-your-va-benefits-for-the-top-3-anxiety-disorders,AI,99.22
https://www.hims.com/blog/depression-types-symptoms-treatments,Human,99.95
https://www.hims.com/conditions/hypertension,Human,99.8
https://www.hindustantimes.com/lifestyle/health/cardiologist-warns-extreme-heat-can-significantly-elevate-risk-of-heart-attack-who-is-most-at-risk-heart-failure-101752740129610.html,Human,99.32
https://www.hindustantimes.com/lifestyle/health/doctor-shares-5-simple-habits-that-may-help-reduce-risk-of-heart-attacks-101751251214538.html,Human,98.92999999999999
https://www.hindustantimes.com/lifestyle/relationships/5-signs-you-are-heading-towards-divorce-and-dont-know-it-101703135885038.html,Human,99.66000000000001
https://www.hingehealth.com/resources/glossary/arthritis,Human,99.95
https://www.hinshawlaw.com/newsroom-updates-hinshaw-alert-ppp-updates-calculations-of-loan-amount-and-use-of-loan-proceeds.html,Human,98.78
https://www.hioscar.com/diabetes,Human,100
https://www.history.com/topics/immigration,Human,99.9
https://www.hiv.uw.edu/page/mental-health-screening/gad-7,Human,97.36
https://www.hklaw.com/en/insights/publications/2025/04/irs-and-ice-memorandum-of-understanding-will-drive-tax,Human,99.9
https://www.hks.harvard.edu/faculty-research/policy-topics/social-policy/californias-fast-food-workers-major-minimum-wage,Human,98.58
"https://www.hl.co.uk/funds/fund-discounts,-prices--and--factsheets/search-results/h/hsbc-ftse-all-world-index-class-c-accumulation",Human,99.17
https://www.hmsolicitorsltd.com/silver-splitter-divorces-and-older-divorce,Human,99.07000000000001
https://www.hollandhospital.org/news-and-stories/blogs/christopher-s-howell-md/new-blood-pressure-guidelines,Human,100
https://www.homedepot.com/c/credit-center,Human,99.85000000000001
https://www.homelight.com/blog/buyer-how-does-a-mortgage-work,Human,99.8
https://www.homestarfc.com/blog/understanding-common-mortgage-loan-term-benefits,AI,99.9
https://www.honorhealth.com/medical-services/cardiac-care/heart-conditions/myocardial-infarction,Human,99.95
https://www.honorhealth.com/medical-services/cardiac-care/heart-health/heart-attack-symptoms-and-warning-signs,Human,99.95
https://www.hopkinsarthritis.org/arthritis-info/osteoarthritis/oa-treatments,Human,99.95
https://www.hopkinsarthritis.org/arthritis-info/psoriatic-arthritis/clinical-manifestation,Human,99.85000000000001
https://www.hopkinsarthritis.org/arthritis-info/rheumatoid-arthritis/ra-symptoms,Human,99.95
https://www.hopkinsarthritis.org/arthritis-info/rheumatoid-arthritis/ra-treatment,Human,99.85000000000001
https://www.hopkinshomes.co.uk/the-advantages-and-disadvantages-of-a-mortgage,AI,100
https://www.hopkinslyme.org/lyme-disease/lyme-disease-signs-symptoms,Human,99.95
https://www.hopkinslyme.org/lyme-disease/treatment-and-prognosis-of-lyme-disease,Human,99.95
https://www.hopkinsmedicine.org/health/conditions-and-diseases/anxiety-and-heart-disease,Human,99.9
https://www.hopkinsmedicine.org/health/conditions-and-diseases/anxiety-disorders/anxiety-and-stress-in-teens,Human,100
https://www.hopkinsmedicine.org/health/conditions-and-diseases/arthritis,Human,99.61
https://www.hopkinsmedicine.org/health/conditions-and-diseases/asthma,Human,99.9
https://www.hopkinsmedicine.org/health/conditions-and-diseases/asthma/asthma-and-exercise,Human,99.95
https://www.hopkinsmedicine.org/health/conditions-and-diseases/breast-cancer/breast-cancer-lymphedema-after-treatment,Human,100
https://www.hopkinsmedicine.org/health/conditions-and-diseases/breast-cancer/metastatic-breast-cancer,Human,99.95
https://www.hopkinsmedicine.org/health/conditions-and-diseases/breast-pain-10-reasons-your-breasts-may-hurt,Human,99.95
https://www.hopkinsmedicine.org/health/conditions-and-diseases/food-poisoning,Human,98.29
https://www.hopkinsmedicine.org/health/conditions-and-diseases/generalized-anxiety-disorder,Human,99.76
https://www.hopkinsmedicine.org/health/conditions-and-diseases/headache/how-a-migraine-happens,Human,99.95
https://www.hopkinsmedicine.org/health/conditions-and-diseases/headache/migraine-headaches,Human,99.9
https://www.hopkinsmedicine.org/health/conditions-and-diseases/heart-attack,Human,99.95
https://www.hopkinsmedicine.org/health/conditions-and-diseases/heart-attack/heart-attacks-striking-younger-women,Human,99.9
https://www.hopkinsmedicine.org/health/conditions-and-diseases/high-blood-pressure-hypertension/hypertension-what-you-need-to-know-as-you-age,Human,99.95
https://www.hopkinsmedicine.org/health/conditions-and-diseases/high-blood-pressure-hypertension/natural-ways-to-lower-blood-pressure,Human,100
https://www.hopkinsmedicine.org/health/conditions-and-diseases/high-blood-pressure-hypertension/resistant-hypertension,Human,100
https://www.hopkinsmedicine.org/health/conditions-and-diseases/major-depression,Human,99.07000000000001
https://www.hopkinsmedicine.org/health/conditions-and-diseases/postural-orthostatic-tachycardia-syndrome-pots,Human,99.95
https://www.hopkinsmedicine.org/health/conditions-and-diseases/spinal-arthritis,Human,99.95
https://www.hopkinsmedicine.org/health/treatment-tests-and-therapies/angioplasty-and-stent-placement-for-the-heart,Human,99.76
https://www.hopkinsmedicine.org/health/treatment-tests-and-therapies/treating-breast-cancer-in-people-age-70-and-up,Human,99.95
https://www.hopkinsmedicine.org/health/wellness-and-prevention/abcs-of-knowing-your-heart-risk,Human,99.85000000000001
https://www.hopkinsmedicine.org/health/wellness-and-prevention/depression-and-sleep-understanding-the-connection,Human,99.85000000000001
https://www.hopkinsmedicine.org/health/wellness-and-prevention/prediabetes-diet,Human,99.95
https://www.hopkinsmedicine.org/health/wellness-and-prevention/what-are-common-symptoms-of-autoimmune-disease,Human,99.95
https://www.hopkinsmedicine.org/news/newsroom/news-releases/2022/02/psilocybin-treatment-for-major-depression-effective-for-up-to-a-year-for-most-patients-study-shows,Human,99.9
https://www.horrorsociety.com/2024/06/19/anxiety-review,Human,99.95
https://www.houmatoday.com/story/lifestyle/health-fitness/2017/11/01/federal-and-state-probes-target-rising-cost-of-diabetes-drugs/17588725007,Human,99.95
https://www.housingwire.com/articles/mortgage-credit-score-prices-predicted-to-rise-2025,Human,99.8
https://www.houstonbehavioralhealth.com/blog/understanding-anxiety-whats-normal-whats-not,Human,99.8
https://www.houstonheartcenter.com/blog/the-dangers-of-hypertension,Human,99.95
https://www.houstonmethodist.org/blog/articles/2020/aug/diabetes-and-covid-19-3-ways-to-protect-your-health,Human,99.95
https://www.houstonmethodist.org/blog/articles/2023/jan/how-to-lower-blood-pressure-without-medication,Human,99.85000000000001
https://www.houstonmethodist.org/blog/articles/2023/jul/signs-of-heart-attack,Human,99.41
https://www.houstonmethodist.org/blog/articles/2025/may/is-it-anxiety-or-a-heart-attack-learn-to-spot-the-difference,Human,99.71
https://www.houstonphysicianshospital.com/5-critical-risk-factors-for-arthritis,Human,98.29
https://www.howtomoney.com/investing-accounts-for-kids,Human,99.95
https://www.hpb.com/home-medical-guide-to-migraine-and-other-headaches/p-6351523-used.html,Human,99.9
https://www.hpsm.org/member/health-tips/health-conditions/diabetes/symptoms-of-diabetes,Human,99.95
https://www.hq-law.com/blog/social-security-disability/social-security-disability-for-anxiety-depression,Human,99.95
https://www.hrblock.com/tax-offices/product-services/tax-identity-shield,Human,99.85000000000001
https://www.hri.org.au/health/learn/cardiovascular-disease/cardiovascular-disease-impacts-and-risks,Human,99.9
https://www.hri.org.au/health/your-health/lifestyle/even-mild-covid-raises-the-chance-of-heart-attack-and-stroke-what-to-know-about-the-risks-ahead,Human,99.9
https://www.hri.org.nz/health/learn/risk-factors/high-blood-pressure,AI,78.08
https://www.hrlineup.com/top-401k-providers,Human,99.17
https://www.hrpolicy.org/insight-and-research/health-care/federal-health-care-reform,Human,99.9
https://www.hsbc.co.uk/investments/what-is-an-index-fund,Human,99.95
https://www.hsbc.co.uk/mortgages/how-to-apply,Human,99.9
https://www.hse.gov.uk/asthma/about.htm,Human,99.76
https://www.hse.gov.uk/asthma/lungs.htm,Human,99.95
https://www.hshs.org/st-josephs-breese/services/heart-care/women-heart-disease,Human,100
https://www.hshs.org/st-marys-decatur/services/heart-care/signs-heart-attack,Human,100
https://www.hss.edu/condition-list_inflammatory-arthritis.asp,Human,99.95
https://www.hss.edu/health-library/conditions-and-treatments/list/arthritis,Human,99.95
https://www.hss.edu/health-library/conditions-and-treatments/list/inflammatory-arthritis,Human,99.95
https://www.hss.edu/health-library/conditions-and-treatments/list/knee-arthritis,Human,99.76
https://www.hss.edu/health-library/conditions-and-treatments/treating-early-inflammatory-arthritis,Human,99.9
https://www.hss.edu/health-library/move-better/women-and-arthritis,Human,100
https://www.hstinleypark.com/blog/best-treatment-options-for-your-arthritis,Human,100
https://www.hstinleypark.com/blog/lifestyle-tips-for-managing-your-diabetes,Human,99.95
https://www.hstinleypark.com/blog/the-dangers-of-high-blood-pressure,Human,99.95
https://www.huffpost.com/entry/the-symptoms-of-divorce-w_b_2451367,Human,99.95
https://www.humira.com,Human,99.66000000000001
https://www.huntington.com/learn/checking-basics/id-theft-protection,Human,99.95
https://www.huntington.com/personal/credit-card,Human,99.66000000000001
https://www.hunton.com/hunton-retail-law-resource/how-does-the-trademark-modernization-act-of-2020-help-you-protect-your-brand,Human,99.9
https://www.ibji.com/blog/rheumatology-autoimmune-care/top-4-treatments-for-arthritis,Human,99.9
https://www.ice.gov,Human,99.9
https://www.ice.gov/about-ice,Human,99.95
https://www.ice.gov/detain/detention-management/bonds,Human,99.9
https://www.ice.gov/self-deportation,Human,99.9
https://www.ice.gov/statistics,Human,99.9
https://www.icicibank.com/blogs/loan/what-is-an-educational-loan-how-it-works,Human,100
https://www.icicibank.com/calculator/mutual-fund-calculator,Human,99.95
https://www.icicilombard.com/blogs/health-insurance/mb/complications-of-migraine,Human,99.76
https://www.icliniq.com/articles/migraines-and-headaches/health-conditions-linked-to-migraine-headaches,Human,98.24000000000001
https://www.icliniq.com/qa/arthritis/what-are-the-treatment-options-for-arthritis,AI,100
https://www.icliniq.com/qa/asthma/is-there-a-connection-between-asthmatics-and-heart-attack,Human,98.29
https://www.icliniq.com/qa/breast-cancer/what-are-the-symptoms-and-warning-signs-of-breast-cancer,AI,100
https://www.icliniq.com/qa/diabetes/what-are-the-alternative-ways-to-treat-diabetes,AI,100
https://www.icliniq.com/qa/heart-attack/what-are-the-signs-of-getting-a-heart-attack,AI,85.55
https://www.icliniq.com/qa/hypertension/how-are-cough-wheezing-and-breathlessness-managed-in-a-person-with-hypertension,AI,99.9
https://www.icliniq.com/qa/hypertension/what-complications-occur-due-to-uncontrolled-hypertension,AI,100
https://www.icliniq.com/qa/migraine/what-is-the-effective-treatment-for-migraine,Human,71.34
https://www.icliniq.com/qa/type-2-diabetes-mellitus/what-are-the-treatments-for-type-2-diabetes,AI,99.22
https://www.identityforce.com,Human,100
https://www.identityforce.com/identity-theft-protection-reviews-awards,Human,100
https://www.identityguard.com,Human,99.41
https://www.identityguard.com/news/do-i-need-identity-theft-protection,Human,99.95
https://www.identityguard.com/news/how-to-know-if-someone-is-using-your-social-security-number,Human,99.71
https://www.identityguard.com/news/lifelock-alternatives,Human,99.85000000000001
https://www.identityiq.com,Human,99.71
https://www.identityiq.com/articles/what-is-identity-theft-protection,Human,99.9
https://www.identityiq.com/articles/why-identity-theft-protection-is-an-important-employee-benefit,Human,99.76
https://www.idfcfirstbank.com/finfirst-blogs/home-loan/what-is-mortgage-loan,Human,99.32
https://www.idshield.com,Human,99.9
https://www.idstrong.com/sentinel/how-does-identity-theft-protection-work,Human,99.9
https://www.idtheftcenter.org,Human,99.51
https://www.idwatchdog.com,Human,99.95
https://www.ifm.org/articles/treating-underlying-causes-chronic-migraine,Human,99.17
https://www.igi-global.com/chapter/enterprise-risk-management-and-bankruptcy/320305,Human,95.36
https://www.ihcnh.com/blog/is-there-a-cure-for-depression,AI,100
https://www.iherb.com/r/herb-pharm-anxiety-soother-lavender-1-fl-oz-30-ml/56089,Human,96.34
https://www.iii.org/article/identity-theft-insurance,Human,99.85000000000001
https://www.ijpsjournal.com/article/a+detailed+review+on+anxiety+disorder,Human,99.9
https://www.illinois.gov/news/press-release.29743.html,Human,99.85000000000001
https://www.ilr.cornell.edu/news/public-impact/minimum-wage-increase-yields-positives-report,Human,99.61
https://www.imf.org/en/home,Human,99.22
https://www.imf.org/en/publications/fandd/issues/2019/03/does-a-minimum-wage-help-workers-basics,Human,99.56
https://www.imigrasi.go.id/index,Human,96.34
https://www.immi-usa.com/family-based-green-card,Human,99.95
https://www.immigrantdefenseproject.org/raids,Human,99.9
https://www.immigration.govt.nz/home,Human,99.76
https://www.immigration.govt.nz/visas/accredited-employer-work-visa,Human,99.8
https://www.immunize.org,Human,99.71
https://www.in.gov/attorneygeneral/consumer-protection-division/id-theft-prevention,Human,99.95
https://www.in.gov/bmv/licenses-permits-ids/real-id-overview,Human,99.85000000000001
https://www.in.gov/dor/i-am-a/individual/student-loans,Human,99.41
https://www.in.gov/healthcarereform,Human,99.56
https://www.indeed.com/career-advice/career-development/what-is-a-401k-and-how-does-it-work,Human,99.95
https://www.infectiousdiseaseadvisor.com/news/shingrix-vaccine-50-effective-in-inflammatory-arthritis,Human,99.37
https://www.infinitytrustmortgagebank.com/5-benefits-of-taking-mortgage-to-buy-your-house-against-renting,Human,99.8
https://www.influenster.com/reviews/anxiousless-30-capsules/reviews,Human,99.9
https://www.ingentaconnect.com/content/ben/cdr,Human,99.85000000000001
https://www.ingentaconnect.com/content/ben/cdr/2024/00000020/00000008,Human,99.95
https://www.inspirahealthnetwork.org/news/healthy-living/heart-racing-recognizing-signs-panic-attacks-vs-heart-attacks,Human,99.76
https://www.inspire.com/groups/health-news/discussion/the-early-symptoms-of-diabetes,Human,99.9
https://www.inspire.com/groups/womenheart/discussion/high-blood-pressure-and-asthma,Human,99.95
https://www.inspiremalibu.com/blog/mental-health/panic-attack-vs-anxiety-attack-vs-heart-attack,Human,99.76
https://www.insurance.ca.gov/01-consumers/110-health/10-basics/aca.cfm,Human,99.9
https://www.insurancegeek.com/life-insurance/average-cost-of-life-insurance,Human,99.8
https://www.insuranceopedia.com/life-insurance/how-much-is-life-insurance,Human,99.9
https://www.inta.org/fact-sheets/filing-a-trademark-application-in-the-united-states,Human,99.85000000000001
https://www.inta.org/fact-sheets/trademark-registration,Human,99.71
https://www.integrityinsurance.com/insurance/identity-theft-coverage,Human,100
https://www.intellivestwm.com/blog/what-is-a-401k-and-how-does-it-work,Human,89.7
https://www.interface-cs.co.uk/proactive-patient-review-in-diabetes,Human,99.76
https://www.intuit.com/blog/innovative-thinking/financial-tips/check-credit-score,Human,96.48
https://www.intuit.com/blog/innovative-thinking/what-is-credit-score,Human,99.85000000000001
https://www.invesco.com/qqq-etf/en/home.html,Human,98.78
https://www.invesco.com/us/en/solutions/retirement-plans/traditional-and-roth-ira.html,Human,98.54
https://www.investmentnews.com/retirement-planning/pension-plans-cheaper-overall-than-401ks-researchers-find/215696,Human,100
https://www.investmentnews.com/retirement-planning/senator-warren-presses-empower-for-more-details-on-pe-in-401k-plans/261280,Human,99.51
https://www.investmentnews.com/retirement-planning/social-security-trustees-see-one-less-year-in-insolvency-countdown-project-shortfall-to-start-2034/260981,Human,100
https://www.investopedia.com/401k-catch-up-contributions-5499024,Human,96.78
https://www.investopedia.com/articles/active-trading/081315/financial-ratios-spot-companies-headed-bankruptcy.asp,Human,99.56
https://www.investopedia.com/articles/financial-advisor/112216/divorce-and-new-social-security-rules-what-know.asp,Human,98.92999999999999
https://www.investopedia.com/articles/investing/102914/7-factors-affect-your-life-insurance-quote.asp,Human,98.88
https://www.investopedia.com/articles/markets-economy/090516/what-are-pros-and-cons-raising-minimum-wage.asp,Human,65.38000000000001
https://www.investopedia.com/articles/mortgages-real-estate/08/homebuyer-financing-option.asp,Human,94.48
https://www.investopedia.com/articles/personal-finance/041015/top-10-mistakes-avoid-your-roth-ira.asp,Human,98.72999999999999
https://www.investopedia.com/articles/personal-finance/061913/hidden-fees-401ks.asp,Human,99.32
https://www.investopedia.com/articles/personal-finance/071315/retirement-savings-401k-vs-stocks.asp,Human,99.56
https://www.investopedia.com/articles/pf/05/payoffmortgage.asp,Human,98.83
https://www.investopedia.com/articles/pf/08/bankruptcy-filing.asp,Human,97.36
https://www.investopedia.com/articles/pf/08/what-is-a-will.asp,Human,98.58
https://www.investopedia.com/articles/retirement/11/6-problems-with-401k-plans.asp,Human,99.61
https://www.investopedia.com/ask/answers/081815/can-divorced-woman-collect-social-security-her-exhusband.asp,Human,99.07000000000001
https://www.investopedia.com/ask/answers/082515/how-do-you-calculate-penalties-ira-or-roth-ira-early-withdrawal.asp,Human,99.56
https://www.investopedia.com/ask/answers/100314/whats-difference-between-401k-and-roth-ira.asp,Human,99.66000000000001
https://www.investopedia.com/ask/answers/102714/what-are-risks-associated-roth-ira.asp,Human,99.11999999999999
https://www.investopedia.com/compare-your-401k-5409285,Human,95.56
https://www.investopedia.com/fees-roth-ira-5220092,Human,99.17
https://www.investopedia.com/financial-edge/1112/benefits-of-paying-off-your-mortgage.aspx,Human,99.02
https://www.investopedia.com/investing-in-index-funds-4771002,Human,99.9
https://www.investopedia.com/roth-ira-fees-5222017,Human,97.85000000000001
https://www.investopedia.com/student-loans-4689727,Human,99.32
https://www.investopedia.com/terms/1/401kplan.asp,Human,99.41
https://www.investopedia.com/terms/b/bankruptcyrisk.asp,Human,99.9
https://www.investopedia.com/terms/c/credit_score.asp,Human,98.88
https://www.investopedia.com/terms/f/ficoscore.asp,Human,99.9
https://www.investopedia.com/terms/h/home-mortgage.asp,AI,83.78999999999999
https://www.investopedia.com/terms/i/identitytheft.asp,Human,89.64999999999999
https://www.investopedia.com/terms/i/index.asp,Human,98.83
https://www.investopedia.com/terms/i/indexfund.asp,Human,97.02
https://www.investopedia.com/terms/i/insurance-premium.asp,Human,99.32
https://www.investopedia.com/terms/l/last-will-and-testament.asp,Human,87.45
https://www.investopedia.com/terms/m/mortgage-application.asp,Human,96.67999999999999
https://www.investopedia.com/terms/m/mortgage-company.asp,Human,99.22
https://www.investopedia.com/terms/m/mortgage.asp,Human,76.55999999999999
https://www.investopedia.com/terms/r/rothira.asp,Human,96.28999999999999
https://www.investopedia.com/terms/r/rttc.asp,Human,99.85000000000001
https://www.investopedia.com/terms/s/student-loan-forgiveness.asp,AI,92.63
https://www.investopedia.com/terms/t/trademark.asp,Human,98.49
https://www.investopedia.com/the-best-roth-ira-brokers-8764132,Human,98.05
https://www.investopedia.com/the-best-solo-401k-companies-11705501,Human,99.11999999999999
https://www.investor.gov/additional-resources/retirement-toolkit/employer-sponsored-plans/traditional-and-roth-401k-plans,Human,99.32
https://www.investor.gov/financial-tools-calculators/calculators/compound-interest-calculator,Human,99.71
https://www.investor.gov/financial-tools-calculators/calculators/required-minimum-distribution-calculator,Human,99.51
https://www.investor.gov/introduction-investing/investing-basics/glossary/bankruptcy-public-company,Human,99.22
https://www.investor.gov/introduction-investing/investing-basics/glossary/index-fund,Human,99.41
https://www.investor.gov/introduction-investing/investing-basics/investment-products/mutual-funds-and-exchange-traded-4,Human,99.46000000000001
https://www.investors.com/etfs-and-funds/personal-finance/what-is-a-401k-plan-how-does-it-work,Human,99.9
https://www.iowaortho.com/arthritis-treatment-iowa,AI,100
https://www.ipaustralia.gov.au/trade-marks/search-existing-trade-marks,Human,99.22
https://www.ipaustralia.gov.au/trade-marks/what-are-trade-marks,Human,99.56
https://www.ipc-mn.com/understanding-managing-anxiety,AI,100
https://www.ipl.org/essay/the-benefits-of-raising-the-minimum-wage-p3lkvm7escp6,Human,100
https://www.iptechblog.com/2024/03/dont-fall-for-these-ubiquitous-trademark-scammers,AI,99.95
https://www.iqvia.com/insights/the-iqvia-institute/reports-and-publications/reports/diabetes-costs-and-affordability-in-the-united-states,Human,99.8
https://www.irafinancial.com,Human,91.31
https://www.iraresources.com/blog/best-solo-401k-providers-review-how-to-choose,Human,99.61
https://www.iraresources.com/self-directed-ira/fees/comparison,Human,99.46000000000001
https://www.iregistertrademarks.com/trademark-engine-reviews,Human,100
https://www.iregistertrademarks.com/trademark-plus-reviews,Human,100
https://www.irenefehr.com/blog/2024/1/27/3-warning-signs-of-divorce-and-how-to-address-them-before-its-too-late,Human,99.95
https://www.irinabaechlecounselingllc.com/irina-baechle-counseling/signs-you-are-ready-for-divorce,Human,100
https://www.irishexaminer.com/lifestyle/healthandwellbeing/arid-41455915.html,Human,99.66000000000001
https://www.irishimmigration.ie,Human,99.32
https://www.irishimmigration.ie/coming-to-work-in-ireland/what-are-my-work-visa-options/applying-for-a-long-stay-employment-visa/employment-visa,Human,99.32
https://www.irishimmigration.ie/registering-your-immigration-permission,Human,99.46000000000001
https://www.irs.gov/credits-deductions/2021-child-tax-credit-and-advance-child-tax-credit-payments-topic-m-commonly-asked-immigration-related-questions,Human,98.39
https://www.irs.gov/credits-deductions/tax-year-2021-filing-season-2022-child-tax-credit-frequently-asked-questions-topic-e-commonly-asked-immigration-related-questions,Human,99.27
https://www.irs.gov/faqs/irs-procedures/name-changes-social-security-number-matching-issues,Human,99.56
https://www.irs.gov/forms-pubs/about-form-4506-t,Human,99.11999999999999
https://www.irs.gov/identity-theft-central,Human,98.24000000000001
https://www.irs.gov/identity-theft-fraud-scams/get-an-identity-protection-pin,Human,99.56
https://www.irs.gov/individuals/get-transcript,Human,99.27
https://www.irs.gov/individuals/international-taxpayers,Human,99.37
https://www.irs.gov/individuals/international-taxpayers/determining-an-individuals-tax-residency-status,Human,99.51
https://www.irs.gov/individuals/international-taxpayers/introduction-to-residency-under-us-tax-law,Human,99.41
https://www.irs.gov/individuals/international-taxpayers/nonresident-aliens,Human,99.32
https://www.irs.gov/individuals/international-taxpayers/residency-starting-and-ending-dates,Human,99.37
https://www.irs.gov/individuals/international-taxpayers/substantial-presence-test,Human,99.32
https://www.irs.gov/individuals/international-taxpayers/tax-information-and-responsibilities-for-new-immigrants-to-the-united-states,Human,99.22
https://www.irs.gov/individuals/international-taxpayers/tax-residency-status-examples,Human,99.17
https://www.irs.gov/individuals/international-taxpayers/taxation-of-aliens-by-visa-type-and-immigration-status,Human,99.11999999999999
https://www.irs.gov/individuals/international-taxpayers/us-residents,Human,99.27
https://www.irs.gov/individuals/international-taxpayers/us-tax-residency-green-card-test,Human,99.32
https://www.irs.gov/individuals/taxation-of-alien-individuals-by-immigration-status-h-1b,Human,99.51
https://www.irs.gov/individuals/taxation-of-alien-individuals-by-immigration-status-j-1,Human,99.22
https://www.irs.gov/individuals/transcript-types-for-individuals-and-ways-to-order-them,Human,99.17
https://www.irs.gov/newsroom/identity-theft-information-for-businesses,Human,98.97
https://www.irs.gov/newsroom/tax-benefits-for-homeowners,Human,98.83
https://www.irs.gov/publications/p501,Human,99.11999999999999
https://www.irs.gov/publications/p936,Human,99.27
https://www.irs.gov/retirement-plans/401k-plans,Human,99.27
https://www.irs.gov/retirement-plans/choosing-a-retirement-plan-401k-plan,Human,99.32
https://www.irs.gov/retirement-plans/operating-a-401k-plan,Human,99.07000000000001
https://www.irs.gov/retirement-plans/plan-sponsor/401k-plan-overview,Human,98.92999999999999
https://www.irs.gov/retirement-plans/retirement-plans-faqs-regarding-iras,Human,99.11999999999999
https://www.irs.gov/retirement-plans/roth-iras,Human,99.22
https://www.irs.gov/retirement-plans/traditional-and-roth-iras,Human,99.11999999999999
https://www.irs.gov/taxtopics/tc851,Human,99.32
https://www.irs.gov/tin/itin/how-to-apply-for-an-itin,Human,99.32
https://www.irs.gov/tin/itin/individual-taxpayer-identification-number-itin,Human,99.17
https://www.irs.gov/tin/itin/itin-supporting-documents,Human,99.32
https://www.irs.gov/tin/taxpayer-identification-numbers-tin,Human,99.17
https://www.isac.org/pslf,Human,99.9
https://www.ishares.com/us/investor-education/investment-strategies/what-is-index-investing,Human,99.66000000000001
https://www.iveticlaw.com/trademark-wars-federal-vs-state-registration-explained,AI,100
https://www.iwillteachyoutoberich.com/how-do-student-loans-work,AI,74.85000000000001
https://www.jacc.org/doi/10.1016/j.jacc.2019.07.020,Human,64.16
https://www.jacksonlewis.com/insights/advantages-and-disadvantages-raising-federal-minimum-wage-15,Human,99.95
https://www.jacksonlewis.com/insights/what-employers-should-know-about-latest-cdc-covid-19-guidance,Human,99.95
https://www.janushenderson.com/en-us/investor/resources/planning/explore-account-types/roth-ira,Human,98.97
https://www.jcohenpa.com/how-bankruptcy-affects-construction-contracts-and-how-to-mitigate-the-risk,Human,99.11999999999999
https://www.jdsupra.com/legalnews/student-loan-borrowers-need-help-eaps-2218088,Human,99.85000000000001
https://www.jdsupra.com/legalnews/the-irs-ice-tax-data-sharing-agreement-1496093,Human,98.88
https://www.jeancoutu.com/en/health/health-tips/food-poisoning,Human,99.56
https://www.jesimmons.com/blog/401k-plan-overview-and-examples-for-owners-and-employees,AI,100
https://www.jhah.com/en/news-events/news-articles/survive-a-heart-attack-when-alone,Human,97.89999999999999
https://www.jnj.com/health-and-wellness/4-facts-about-treatment-resistant-depression,Human,99.71
https://www.johnhancock.com/ideas-insights/5-benefits-of-investing-in-401k-plan.html,Human,99.9
https://www.johnhancock.com/ideas-insights/everything-you-need-to-know-about-a-401-k.html,Human,99.95
https://www.joinhomebase.com/blog/who-are-the-best-small-business-401k-providers,Human,99.95
https://www.jonathanshultsmd.com/blog/what-are-my-treatment-options-for-arthritis,Human,99.9
https://www.jonesday.com/en/insights/2024/12/trademark-scams-101-common-signs-of-scams-and-how-to-avoid-them,Human,68.46
https://www.journalrip.com/article/jrip-467,Human,99.95
https://www.jstor.org/stable/117389,Human,99.95
https://www.justanswer.com/endocrinology/51stj-symptons-diabetes.html,Human,99.95
https://www.justanswer.com/finance/jmcl6-someone-explain-public-student-loan-forgiveness.html,Human,99.8
https://www.justanswer.com/finance/odabz-invest-index-fund.html,Human,99.95
https://www.justanswer.com/health/089eo-signs-diabetes-normal-blood.html,Human,100
https://www.justanswer.com/health/0iosl-causes-heart-attack.html,Human,99.95
https://www.justanswer.com/health/0k6u1-told-asthma-acid-reflex-high-blood-pressure.html,Human,100
https://www.justanswer.com/medical/e72q0-husband-high-risk-severe-asthma-high-blood.html,Human,100
https://www.justanswer.com/medical/kduse-type-heart-attak-ocur-friend-heart-attack.html,Human,100
https://www.justanswer.com/mental-health/2qtb9-cure-depression-people-suffer.html,Human,100
https://www.justanswer.com/oncology/nomhq-early-signs-breast-cancer-no-medications.html,Human,99.85000000000001
https://www.justanswer.com/social-security/n4tis-divorced-told-may-entitled-half.html,Human,99.66000000000001
https://www.justanswer.com/social-security/r5df6-collect-access-social-security-we-ve-divorced.html,Human,99.95
https://www.justice.gov/criminal/criminal-fraud/identity-theft/identity-theft-and-identity-fraud,Human,99.9
https://www.justice.gov/crt/immigrant-and-employee-rights-section,Human,99.9
https://www.justice.gov/eoir,Human,99.85000000000001
https://www.justice.gov/eoir/office-of-the-chief-immigration-judge,Human,99.71
https://www.justice.gov/usao-pr/pr/maryland-man-sentenced-90-months-prison-attempting-defraud-twenty-eight-federal,Human,99.56
https://www.kadieleachmd.com/blog/the-dangers-of-hypertension,Human,99.56
https://www.kane-law.com/creating-a-last-will-and-testament,AI,97.66
https://www.kansashealthsystem.com/news-room/news/2024/03/new-treatment-available-for-high-blood-pressure,Human,99.85000000000001
https://www.kch.org/articles/breaking-free-migraine-pain-modern-guide-relief,Human,98.63
https://www.kcra.com/article/cap-on-medical-student-loans-grad-plus/65426876,Human,100
https://www.kcrg.com/video/2025/06/05/expert-explains-perks-setting-up-roth-ira,Human,99.95
https://www.keefelaw.com/blog/qualifying-symptoms-of-depression-for-disability-benefits.cfm,Human,100
https://www.keloland.com/news/national-world-news/what-is-a-401k,Human,99.27
https://www.ketk.com/news/what-is-a-401k,Human,99.32
https://www.kewlaw.co.uk/helpful-guide/what-is-a-last-will-and-testament,AI,99.56
https://www.key.com/personal/banking101/401k-plan.html,Human,99.95
https://www.keytruda.com,Human,99.85000000000001
https://www.kff.org/affordable-care-act,Human,98.78
https://www.kff.org/affordable-care-act/video/health-reform-hits-main-street,Human,99.76
https://www.kff.org/coronavirus-covid-19/issue-brief/commercialization-of-covid-19-vaccines-treatments-and-tests-implications-for-access-and-coverage,Human,99.61
https://www.kff.org/medicare/issue-brief/how-much-does-medicare-spend-on-insulin,Human,99.9
https://www.kgw.com/article/news/verify/social-security-verify/social-security-not-going-bankrupt-when-trust-funds-run-out/536-0258d8bf-7f10-4218-af98-0b328a053db3,Human,79.3
https://www.khou.com/article/news/verify/social-security-verify/social-security-not-going-bankrupt-when-trust-funds-run-out/536-0258d8bf-7f10-4218-af98-0b328a053db3,Human,88.28
https://www.kidney.org/kidney-topics/about-diabetes-are-you-risk,Human,99.17
https://www.kidney.org/kidney-topics/albuminuria-proteinuria,Human,98.68
https://www.kidney.org/kidney-topics/chronic-kidney-disease-ckd,Human,98.72999999999999
https://www.kidney.org/kidney-topics/how-high-blood-pressure-treated,Human,99.32
https://www.kidneyfund.org/all-about-kidneys/stages-kidney-disease/stage-3-chronic-kidney-disease-ckd-causes-symptoms-and-treatment,Human,99.61
https://www.kidpid.com/how-does-asthma-work,Human,100
https://www.king5.com/article/news/verify/social-security-verify/social-security-not-going-bankrupt-broke-fact-check/536-0851dc7d-91a7-443b-a83c-0585c9e60d6f,Human,98.39
https://www.king5.com/article/sponsor-story/arthritis-osteoarthritis-joint-pain-doctor/281-5ac87249-5e05-4412-8098-81a7e9e0e5a3,Human,99.9
https://www.kingedwardvii.co.uk/health-hub/migraine-what-every-sufferer-needs-to-know,Human,99.95
https://www.kiplinger.com/biden-forgives-student-loans-what-it-means,Human,99.76
https://www.kiplinger.com/retirement/401ks/dont-let-a-clunker-fund-drag-down-your-401-k,Human,99.95
https://www.kiplinger.com/retirement/401ks/is-a-401k-worth-it-here-are-the-pros-and-cons,Human,99.9
https://www.kiplinger.com/retirement/average-net-worth-by-age-how-do-you-measure-up,Human,99.95
https://www.kiplinger.com/retirement/roth-iras/four-roth-ira-pitfalls-your-adviser-may-not-tell-you-about,Human,99.9
https://www.kiplinger.com/retirement/roth-iras/good-time-to-open-a-roth-ira,Human,99.95
https://www.kiplinger.com/taxes/trump-targets-student-loan-forgiveness,Human,99.9
https://www.klenklaw.com/practices/estate-planning/last-will-and-testament,Human,99.95
https://www.komen.org,Human,99.9
https://www.komen.org/breast-cancer/risk-factor,Human,99.76
https://www.komen.org/breast-cancer/risk-factor/factors-that-affect-risk,Human,99.95
https://www.komen.org/breast-cancer/signs-symptoms/warning-signs,Human,100
https://www.komen.org/breast-cancer/treatment/by-diagnosis/early-stage,Human,99.9
https://www.kotaklife.com/insurance-guide/retirement/a-beginners-guide-to-understanding-401k-retirement-plan,Human,99.56
https://www.kpbs.org/news/education/2025/07/15/republicans-cap-student-loan-debt-why-thats-bad-news-for-california-medical-students,Human,94.24
https://www.krqe.com/news/national/what-is-a-migrant-what-is-ice-10-terms-to-help-you-understand-the-debate-over-immigration,Human,99.32
https://www.ksla.com/video/2024/10/03/know-symptoms-risk-factors-breast-cancer,Human,99.85000000000001
https://www.kucancercenter.org/news-room/blog/2020/07/8-early-signs-of-breast-cancer,Human,99.37
https://www.labiotech.eu/in-depth/diabetes-treatment-cure-review,Human,98.68
https://www.labiotech.eu/in-depth/how-close-are-we-to-a-cure-for-metastatic-breast-cancer,Human,98.92999999999999
https://www.ladderlife.com,Human,99.9
https://www.lakelandflattorney.com/blog/2022/04/12-signs-that-you-may-be-headed-toward-divorce,Human,99.95
https://www.lanermc.org/community/lane-health-blog/the-most-common-arthritis-risk-factors,Human,99.46000000000001
https://www.lankfordlawfirm.com/blog/how-to-register-a-trademark-step-by-step-process-and-legal-considerations,AI,99.71
https://www.laurelroad.com/student-loan-forgiveness/how-to-get-student-loan-forgiveness,Human,99.41
https://www.law.com/thelegalintelligencer/2024/04/16/new-trademark-scams-target-small-midsize-and-large-businesses,Human,99.95
https://www.law.cornell.edu/wex/immigration,Human,100
https://www.law.cornell.edu/wex/last_will_and_testament,Human,99.9
https://www.law.cornell.edu/wex/mortgage,Human,99.95
https://www.law.cornell.edu/wex/trademark,Human,99.95
https://www.law.cornell.edu/wex/will,Human,99.9
https://www.lawfirm1.com/immigration-forms/form-i-865,Human,93.89999999999999
https://www.lawhelpny.org/resource/benefits-for-your-divorced-spouse,Human,99.27
https://www.lawinfo.com/resources/immigration,Human,97.85000000000001
https://www.lbbc.org/about-breast-cancer/treatments/breast-cancer-treatment-timeline,Human,99.66000000000001
https://www.lbbc.org/financial-help-resources,Human,99.8
https://www.lcmchealth.org/lakeview-hospital/blog/2024/july/the-facts-you-need-what-to-do-when-you-get-food-,Human,99.61
https://www.leadingedgefinancialgroup.com/health-care-reform.7.htm,Human,99.95
https://www.leehealth.org/health-and-wellness/healthy-news-blog/exercise-and-nutrition/is-it-food-poisoning-understanding-the-causes-1,Human,99.85000000000001
https://www.legacycommunityhealth.org,Human,99.71
https://www.legalnature.com/guides/the-last-will-and-testament,Human,99.9
https://www.legalresources.com/brokers/identity-protection-plans,Human,99.95
https://www.legalresources.com/members/identity-protection-plans,Human,97.85000000000001
https://www.legalwise.co.za/help-yourself/legal-articles/basic-will-template,Human,99.85000000000001
https://www.legalzoom.com/articles/applying-and-filing-for-a-trademark,Human,99.46000000000001
https://www.legalzoom.com/articles/how-much-does-a-will-cost,Human,81.84
https://www.legalzoom.com/articles/living-will-vs-last-will,Human,99.9
https://www.legalzoom.com/articles/registering-a-trademark,Human,98.72999999999999
https://www.legalzoom.com/articles/should-i-trademark-my-business-name,Human,93.99
https://www.legalzoom.com/articles/what-is-the-difference-between-a-living-will-and-a-last-will-and-testament,Human,99.95
https://www.legalzoom.com/business/intellectual-property/trademark-registration-overview.html,Human,99.41
https://www.legalzoom.com/personal/estate-planning/last-will-and-testament-overview.html,Human,99.85000000000001
https://www.legion.org/information-center/news/planned-giving/2024/october/early-signs-and-symptoms-of-diabetes,Human,99.76
https://www.lemonade.com/life/explained/calculating-the-cost-of-life-insurance,Human,100
https://www.lendingclub.com/resource-center/personal-finance/reasons-people-file-for-bankruptcy-and-how-to-avoid-it,Human,99.9
https://www.lendingtree.com/bankruptcy/pros-and-cons-of-filing-for-bankruptcy,Human,99.95
https://www.lendingtree.com/business/minimum-wage-increase-effects,AI,84.61999999999999
https://www.lendingtree.com/credit-repair/credit-score-stats-page,Human,99.11999999999999
https://www.lendingtree.com/credit-score,AI,97.95
https://www.lendingtree.com/home/mortgage/benefits-of-owning-home,Human,99.8
https://www.lendingtree.com/home/mortgage/how-does-a-mortgage-work,Human,98.14
https://www.lendingtree.com/student/student-loan-forgiveness,AI,99.95
https://www.lendingtree.com/student/student-loan-interest,AI,99.95
https://www.lents.com/ent-conditions/asthma,Human,96.04
https://www.liberatedstocktrader.com/what-are-index-funds-how-do-index-funds-work,AI,86.08
https://www.libertymutual.com/insurance-resources/life/cost-of-term-life-insurance,Human,99.76
https://www.libertymutual.com/life-insurance,Human,99.51
https://www.liesegang-partner.com/knowhow/trademarks/trademark-registration-in-the-usa-specifics-and-procedures,AI,100
https://www.lifebulb.com/blogs/anxiety-disorder-symptoms,Human,99.85000000000001
https://www.lifechangestherapy.com/5-proven-benefits-of-anxiety-therapy,Human,99.11999999999999
https://www.lifeextension.com/protocols/emotional-health/anxiety,Human,97.36
https://www.lifeguardingacademy.com/blog/heart-disease,Human,100
https://www.linkedin.com/pulse/benefits-importance-mortgage-loans-radha-krishna-i1pgc,AI,100
https://www.linkedin.com/pulse/how-cope-anxiety-positive-way-yes-you-really-can-clark-psyd-pllc,Human,99.9
https://www.linkedin.com/pulse/how-united-states-immigration-system-works-khawaish-goyal-wzp0c,AI,98.72999999999999
https://www.linkedin.com/pulse/impact-minimum-wage-increment-nigeria-economy-jeconsultancyltd-goeof,Human,100
https://www.linkedin.com/pulse/insolvency-bankruptcy-guide-bankers-lakhbir-singh-htiyc,AI,100
https://www.linkedin.com/pulse/top-30-solo-401k-providers-usa-naman-jaloria-zde1f,AI,100
https://www.livemint.com/money/personal-finance/what-is-a-mortgage-loan-and-how-does-it-work-your-complete-guide-11741609274861.html,Human,98.83
https://www.livenowfox.com/news/student-loan-forgiveness-changes-public-service-workers-trump,Human,99.9
https://www.livescience.com/11041-10-deadliest-cancers-cure.html,Human,99.95
https://www.livescience.com/health/mysterious-migraines-after-heart-surgery-may-finally-be-explained,Human,99.9
https://www.lloydsbank.com/mortgages/help-and-guidance/first-time-buyer-help/what-is-a-mortgage.html,Human,99.9
https://www.lloydsbank.com/mortgages/help-and-guidance/mortgage-types/mortgage-rates-guide.html,Human,99.9
https://www.lmh.org/news/2024-news/heart-disease-is-a-leading-cause-of-death-in-women--heres-what-y,Human,99.8
https://www.lng-patent.com/frequently-asked-questions-about-trademarks,Human,99.95
https://www.loandepot.com,Human,99.71
https://www.loans.com.au/home-loans/everything-you-need-to-know-about-mortgages,Human,99.9
https://www.local-md.com/urgent-care/illnesses/food-poisoning-treatment,Human,99.95
https://www.logansportmemorial.org/blog/common-types-and-symptoms-of-arthritis,Human,99.95
https://www.louisianaheart.org/blog/4-serious-complications-of-diabetes,Human,99.95
https://www.louisianaheart.org/blog/the-dangers-of-having-high-blood-pressure,Human,100
https://www.louisianapain.com/what-is-arthritis,Human,99.46000000000001
https://www.loveshack.org/forums/topic/603098-subtle-signs-of-possible-divorce,Human,99.95
https://www.lsc.gov/about-lsc/what-legal-aid/i-need-legal-help,Human,99.76
https://www.luanasavingsbank.com/bank/individual-retirement-account,Human,99.85000000000001
https://www.lung.org/lung-health-diseases/lung-disease-lookup/asthma/learn-about-asthma/what-causes-asthma,Human,99.85000000000001
https://www.lung.org/lung-health-diseases/lung-disease-lookup/asthma/learn-about-asthma/what-is-asthma,Human,99.9
https://www.lwv.org/other-issues/health-care-reform,Human,99.46000000000001
https://www.lybrate.com/question/700422181/i-am-suffering-from-asthma-and-high-blood-pressure-for-5-years700422181,Human,99.9
https://www.macmillan.org.uk/cancer-information-and-support/breast-cancer/risk-factors-for-breast-cancer,Human,98.58
https://www.macmillan.org.uk/cancer-information-and-support/breast-cancer/signs-and-symptoms-of-breast-cancer,Human,98.68
https://www.magnifymoney.com/investing/best-roth-ira-accounts,Human,99.95
https://www.mainlinehealth.org/blog/migraine-symptoms-and-treatments,Human,99.9
https://www.make-it-in-germany.com/en/visa-residence/skilled-immigration-act,Human,98.72999999999999
https://www.make-it-in-germany.com/en/visa-residence/types/work-qualified-professionals,Human,98.49
https://www.makingsenseofcents.com/2020/07/how-do-student-loans-work.html,Human,99.9
https://www.malwarebytes.com/identity-theft-protection,Human,99.95
https://www.marca.com/en/lifestyle/us-news/personal-finance/2025/01/25/6795180de2704e78988b459d.html,Human,98.0
https://www.marca.com/en/lifestyle/us-news/personal-finance/2025/06/19/6854061146163fcba68b45ce.html,Human,99.71
https://www.marca.com/en/lifestyle/us-news/personal-finance/2025/06/21/68568fbcca47411c128b458a.html,Human,99.95
https://www.marcus.com/us/en/resources/investing/what-is-an-index-fund,AI,67.14
https://www.margaretseabrooke.com/the-benefits-of-roth-iras.7.htm,Human,100
https://www.margdarsi.org/blog/effects-of-anxiety-on-the-body,AI,99.95
https://www.marinrrn.org/what-is-immigration,AI,100
https://www.markavo.com/blog/comparing-markavo-and-legalzoom-which-trademark-registration-service-is-right-for-you,AI,100
https://www.markavo.com/blog/markavo-reviews-u-s-trademark-law-for-busy-entrepreneurs,AI,100
https://www.marketwatch.com/insurance-services/life-insurance/average-life-insurance-rates,Human,97.75
https://www.marketwatch.com/insurance-services/life-insurance/cheap-life-insurance,Human,98.05
https://www.marketwatch.com/investing/fund/fxaix,Human,98.88
https://www.marketwatch.com/story/im-52-should-i-divorce-my-older-husband-so-he-can-claim-my-social-security-benefits-sooner-8631c780,Human,99.8
https://www.marketwatch.com/story/social-securitys-insolvency-is-expected-in-2035-one-year-later-than-projected-amid-higher-labor-productivity-9133627c,Human,99.9
https://www.markfishermd.com/blog/614037-arthritis-symptoms-and-treatments,Human,99.66000000000001
https://www.markkennedylcsw.com/home/what-is-anxiety,Human,99.85000000000001
https://www.marriage.com/advice/divorce/signs-youre-headed-for-divorce,Human,100
https://www.marshfieldclinic.org/specialties/cancer-care/breast-cancer/breast-cancer-risk,Human,99.95
https://www.marshfieldclinic.org/specialties/cancer-care/breast-cancer/breast-cancer-symptoms,Human,99.8
https://www.maryland-lawyer.us/articles/mental-illness-and-social-security-disability-benefits,Human,100
https://www.marylandattorneygeneral.gov/pages/identitytheft/default.aspx,Human,99.51
https://www.mass.gov/health-care-reform,Human,99.8
https://www.mass.gov/info-details/identity-theft-insurance,Human,99.95
https://www.mass.gov/info-details/risk-factors-for-diabetes,Human,99.95
https://www.mass.gov/info-details/signs-and-symptoms-of-diabetes,Human,99.9
https://www.mass.gov/info-details/student-loan-assistance,Human,99.61
https://www.mass.gov/info-details/what-is-a-heart-attack,Human,99.95
https://www.mass.gov/protecting-yourself-if-your-identity-is-stolen,Human,99.66000000000001
https://www.massgeneral.org/news/press-release/diabetes-in-patients-with-covid-may-simply-be-transitory,Human,99.8
https://www.massgeneralbrigham.org/en/about/newsroom/articles/breast-cancer-risk-factors,Human,98.78
https://www.massgeneralbrigham.org/en/about/newsroom/articles/chest-pain-sign-of-a-heart-attack-or-something-else,Human,98.78
https://www.massgeneralbrigham.org/en/about/newsroom/articles/depression-signs,Human,98.97
https://www.massgeneralbrigham.org/en/about/newsroom/articles/heartburn-vs-heart-attack-how-to-tell-the-difference,Human,98.34
https://www.massgeneralbrigham.org/en/patient-care/services-and-specialties/heart/conditions/end-stage-heart-failure,Human,98.72999999999999
https://www.massgeneralbrigham.org/en/patient-care/services-and-specialties/heart/conditions/heart-attack,Human,98.92999999999999
https://www.massmutual.com/insurance/life-insurance/term-life,Human,99.95
https://www.mastercard.com/us/en/personal/find-a-card/credit-card/credit-type/bad-credit.html,Human,99.66000000000001
https://www.mastercard.com/us/en/personal/find-a-card/credit-card/credit-type/no-credit.html,Human,99.76
https://www.masterlylegal.com/the-best-trademark-service-for-entrepreneurs-secure-your-brand-before-its-too-late,AI,99.95
https://www.masterlylegal.com/the-trademark-registration-process-from-application-to-approval,AI,99.85000000000001
https://www.materprivate.ie/health-information/medical-conditions/article/orthopaedics/arthritis,Human,99.95
https://www.matherhospital.org/wellness-at-mather/whats-the-hype-with-hypertension,Human,99.95
https://www.maxhealthcare.in/videos/pulmonology/asthma-causes-triggers-risk-factors-signs-and-symptoms-treatment,Human,99.76
https://www.mayoclinic.org/diseases-conditions/anxiety/diagnosis-treatment/drc-20350967,Human,94.14
https://www.mayoclinic.org/diseases-conditions/anxiety/symptoms-causes/syc-20350961,Human,90.92
https://www.mayoclinic.org/diseases-conditions/arthritis/diagnosis-treatment/drc-20350777,Human,91.75
https://www.mayoclinic.org/diseases-conditions/arthritis/symptoms-causes/syc-20350772,Human,88.82
https://www.mayoclinic.org/diseases-conditions/asthma/diagnosis-treatment/drc-20369660,Human,90.72
https://www.mayoclinic.org/diseases-conditions/asthma/in-depth/allergies-and-asthma/art-20047458,Human,96.92
https://www.mayoclinic.org/diseases-conditions/asthma/in-depth/asthma-medications/art-20045557,Human,93.85
https://www.mayoclinic.org/diseases-conditions/asthma/symptoms-causes/syc-20369653,Human,86.91
https://www.mayoclinic.org/diseases-conditions/breast-cancer/diagnosis-treatment/drc-20352475,Human,94.38
https://www.mayoclinic.org/diseases-conditions/breast-cancer/symptoms-causes/syc-20352470,Human,89.16
https://www.mayoclinic.org/diseases-conditions/coronavirus/symptoms-causes/syc-20479963,Human,72.27
https://www.mayoclinic.org/diseases-conditions/depression/diagnosis-treatment/drc-20356013,Human,81.45
https://www.mayoclinic.org/diseases-conditions/depression/expert-answers/pain-and-depression/faq-20057823,Human,94.08999999999999
https://www.mayoclinic.org/diseases-conditions/depression/in-depth/depression/art-20047725,Human,90.33
https://www.mayoclinic.org/diseases-conditions/depression/in-depth/treatment-resistant-depression/art-20044324,Human,79.35
https://www.mayoclinic.org/diseases-conditions/depression/symptoms-causes/syc-20356007,Human,75.33999999999999
https://www.mayoclinic.org/diseases-conditions/diabetes/diagnosis-treatment/drc-20371451,Human,90.09
https://www.mayoclinic.org/diseases-conditions/diabetes/expert-answers/diabetes-and-depression/faq-20057904,Human,98.05
https://www.mayoclinic.org/diseases-conditions/diabetes/in-depth/diabetes-diet/art-20044295,Human,97.95
https://www.mayoclinic.org/diseases-conditions/diabetes/in-depth/diabetes-symptoms/art-20044248,Human,89.64999999999999
https://www.mayoclinic.org/diseases-conditions/diabetes/symptoms-causes/syc-20371444,Human,84.28
https://www.mayoclinic.org/diseases-conditions/food-poisoning/diagnosis-treatment/drc-20356236,Human,93.89999999999999
https://www.mayoclinic.org/diseases-conditions/food-poisoning/symptoms-causes/syc-20356230,Human,91.94
https://www.mayoclinic.org/diseases-conditions/generalized-anxiety-disorder/expert-answers/herbal-treatment-for-anxiety/faq-20057945,Human,80.81
https://www.mayoclinic.org/diseases-conditions/generalized-anxiety-disorder/symptoms-causes/syc-20360803,Human,94.14
https://www.mayoclinic.org/diseases-conditions/heart-attack/diagnosis-treatment/drc-20373112,Human,94.63000000000001
https://www.mayoclinic.org/diseases-conditions/heart-attack/in-depth/heart-attack-symptoms/art-20047744,Human,99.07000000000001
https://www.mayoclinic.org/diseases-conditions/heart-attack/symptoms-causes/syc-20373106,Human,95.50999999999999
https://www.mayoclinic.org/diseases-conditions/heart-disease/in-depth/heart-disease-prevention/art-20046502,Human,88.96
https://www.mayoclinic.org/diseases-conditions/heart-disease/in-depth/heart-disease/art-20046167,Human,96.39
https://www.mayoclinic.org/diseases-conditions/high-blood-pressure/diagnosis-treatment/drc-20373417,Human,96.14
https://www.mayoclinic.org/diseases-conditions/high-blood-pressure/expert-answers/anxiety/faq-20058549,Human,96.24000000000001
https://www.mayoclinic.org/diseases-conditions/high-blood-pressure/in-depth/blood-pressure/art-20050982,Human,96.09
https://www.mayoclinic.org/diseases-conditions/high-blood-pressure/in-depth/high-blood-pressure/art-20045868,Human,99.27
https://www.mayoclinic.org/diseases-conditions/high-blood-pressure/in-depth/high-blood-pressure/art-20046974,Human,95.02000000000001
https://www.mayoclinic.org/diseases-conditions/high-blood-pressure/in-depth/stress-and-high-blood-pressure/art-20044190,Human,99.22
https://www.mayoclinic.org/diseases-conditions/high-blood-pressure/symptoms-causes/syc-20373410,Human,94.78
https://www.mayoclinic.org/diseases-conditions/hyperglycemia/symptoms-causes/syc-20373631,Human,93.65
https://www.mayoclinic.org/diseases-conditions/illness-anxiety-disorder/diagnosis-treatment/drc-20373787,Human,96.0
https://www.mayoclinic.org/diseases-conditions/inflammatory-breast-cancer/symptoms-causes/syc-20355413,Human,96.0
https://www.mayoclinic.org/diseases-conditions/migraine-headache/diagnosis-treatment/drc-20360207,Human,92.29
https://www.mayoclinic.org/diseases-conditions/migraine-headache/in-depth/migraines/art-20047242,Human,96.78
https://www.mayoclinic.org/diseases-conditions/migraine-headache/symptoms-causes/syc-20360201,Human,88.72
https://www.mayoclinic.org/diseases-conditions/migraine-with-aura/symptoms-causes/syc-20352072,Human,96.53
https://www.mayoclinic.org/diseases-conditions/occupational-asthma/symptoms-causes/syc-20375772,Human,90.19
https://www.mayoclinic.org/diseases-conditions/osteoarthritis/symptoms-causes/syc-20351925,Human,97.50999999999999
https://www.mayoclinic.org/diseases-conditions/persistent-depressive-disorder/symptoms-causes/syc-20350929,Human,93.31
https://www.mayoclinic.org/diseases-conditions/psoriatic-arthritis/diagnosis-treatment/drc-20354081,Human,95.7
https://www.mayoclinic.org/diseases-conditions/pulmonary-hypertension/symptoms-causes/syc-20350697,Human,90.77
https://www.mayoclinic.org/diseases-conditions/rheumatoid-arthritis/symptoms-causes/syc-20353648,Human,89.64999999999999
https://www.mayoclinic.org/diseases-conditions/teen-depression/symptoms-causes/syc-20350985,Human,93.07
https://www.mayoclinic.org/diseases-conditions/type-1-diabetes/diagnosis-treatment/drc-20353017,Human,95.21
https://www.mayoclinic.org/diseases-conditions/type-1-diabetes/symptoms-causes/syc-20353011,Human,91.5
https://www.mayoclinic.org/diseases-conditions/type-2-diabetes/diagnosis-treatment/drc-20351199,Human,95.07
https://www.mayoclinic.org/diseases-conditions/type-2-diabetes/in-depth/diabetes-prevention/art-20047639,Human,94.87
https://www.mayoclinic.org/diseases-conditions/type-2-diabetes/in-depth/diabetes-treatment/art-20051004,Human,92.33
https://www.mayoclinic.org/diseases-conditions/type-2-diabetes/symptoms-causes/syc-20351193,Human,92.24
https://www.mayoclinic.org/first-aid/first-aid-food-borne-illness/basics/art-20056689,Human,74.11999999999999
https://www.mayoclinic.org/first-aid/first-aid-heart-attack/basics/art-20056679,AI,87.45
https://www.mayoclinic.org/healthy-lifestyle/womens-health/in-depth/breast-cancer-prevention/art-20044676,Human,93.99
https://www.mayoclinic.org/medical-professionals/endocrinology/news/diabetes-and-covid-19/mac-20531003,Human,80.36999999999999
https://www.mayoclinic.org/tests-procedures/cognitive-behavioral-therapy/about/pac-20384610,Human,93.07
https://www.mayoclinic.org/tests-procedures/meditation/in-depth/meditation/art-20045858,Human,97.95
https://www.mayoclinichealthsystem.org/hometown-health/patient-stories/lifestyle-changes-bring-rapid-results-for-diabetes-patient,Human,100
https://www.mayoclinichealthsystem.org/hometown-health/speaking-of-health/11-tips-for-coping-with-an-anxiety-disorder,Human,99.95
https://www.mayoclinichealthsystem.org/hometown-health/speaking-of-health/addressing-your-mental-health-by-identifying-the-signs-of-anxiety-and-depression,Human,99.85000000000001
https://www.mayoclinichealthsystem.org/hometown-health/speaking-of-health/anxiety-disorders-is-it-really-all-in-your-head,Human,99.95
https://www.mayoclinichealthsystem.org/hometown-health/speaking-of-health/breast-cancer-risk-and-treatment,Human,99.9
https://www.mayoclinichealthsystem.org/hometown-health/speaking-of-health/college-students-and-depression,Human,99.95
https://www.mayoclinichealthsystem.org/hometown-health/speaking-of-health/could-you-be-depressed,Human,99.95
https://www.mayoclinichealthsystem.org/hometown-health/speaking-of-health/diabetes-definition-prevention-and-warning-signs,Human,99.61
https://www.mayoclinichealthsystem.org/hometown-health/speaking-of-health/ive-been-diagnosed-with-prediabetes-what-does-that-mean,Human,99.8
https://www.mayoclinichealthsystem.org/hometown-health/speaking-of-health/massage-for-depression-anxiety-and-stress,Human,100
https://www.mayoclinichealthsystem.org/hometown-health/speaking-of-health/troubled-by-knee-arthritis-but-not-ready-for-knee-replacement,Human,99.9
https://www.mayoclinichealthsystem.org/hometown-health/speaking-of-health/what-are-the-stages-of-a-migraine,Human,99.85000000000001
https://www.mayoclinichealthsystem.org/locations/red-wing/services-and-treatments/endocrinology/diabetes,Human,99.9
https://www.mayoclinicproceedings.org/article/s0025-6196(11)65072-6/fulltext,Human,99.9
https://www.mcafee.com/en-us/identity-theft/protection.html,Human,98.0
https://www.mcafee.com/learn/5-ways-to-get-victim-assistance-for-identity-theft,Human,99.8
https://www.mcclureseattlebankruptcyattorney.com/learn/what-are-the-risks-of-filing-bankruptcy,Human,100
https://www.mccu.com/calculator/roth-ira,Human,99.71
https://www.mcleanhospital.org/essential/anxiety,Human,98.92999999999999
https://www.mcleanhospital.org/essential/panic,Human,99.8
https://www.mdanderson.org/cancer-types/breast-cancer.html,Human,99.51
https://www.mdanderson.org/cancerwise/can-breastfeeding-really-lower-your-breast-cancer-risk.h00-159778023.html,Human,99.61
https://www.mdanderson.org/cancerwise/how-i-knew-i-had-inflammatory-breast-cancer---6-survivors-describe-their-symptoms.h00-159699912.html,Human,99.71
https://www.mdanderson.org/cancerwise/how-to-reduce-your-breast-cancer-risk.h00-159696756.html,Human,99.56
https://www.mdanderson.org/cancerwise/triple-negative-breast-cancer-5-things-you-should-know.h00-158986656.html,Human,99.46000000000001
https://www.mdanderson.org/publications/focused-on-health/breast-cancer-symptoms-you-shouldn-t-ignore.h10-1592991.html,Human,99.76
https://www.mdcalc.com/calc/1752/heart-score-major-cardiac-events,Human,98.97
https://www.mdcalc.com/calc/3647/gail-model-breast-cancer-risk,Human,98.97
https://www.mdcalc.com/calc/38/framingham-risk-score-hard-coronary-heart-disease,Human,98.78
https://www.mdpi.com/1422-0067/26/2/624,AI,100
https://www.mdpi.com/1424-8247/18/7/1062,Human,98.88
https://www.mdpi.com/1660-4601/17/18/6925,Human,99.9
https://www.mdpi.com/1911-8074/13/3/58,Human,99.95
https://www.mdpi.com/1911-8074/17/1/41,AI,100
https://www.mdpi.com/2218-273x/15/7/996,Human,99.61
https://www.mdpi.com/2227-9059/13/7/1708,Human,99.95
https://www.med.upenn.edu/ctsa/panic_symptoms.html,Human,98.92999999999999
https://www.medanta.org/patient-education-blog/the-dark-side-of-anxiety-7-effects-of-anxiety-on-the-body,Human,100
https://www.medicalbrief.co.za/weight-gain-tied-to-higher-breast-cancer-risk-french-cohort-study,Human,99.8
https://www.medicalnewstoday.com/articles/148373,Human,98.1
https://www.medicalnewstoday.com/articles/150109,Human,99.27
https://www.medicalnewstoday.com/articles/151444,Human,98.83
https://www.medicalnewstoday.com/articles/154555,Human,99.17
https://www.medicalnewstoday.com/articles/237191,AI,99.07000000000001
https://www.medicalnewstoday.com/articles/317074,Human,99.41
https://www.medicalnewstoday.com/articles/317220,Human,99.95
https://www.medicalnewstoday.com/articles/317465,Human,99.95
https://www.medicalnewstoday.com/articles/317483,Human,99.8
https://www.medicalnewstoday.com/articles/318716,Human,99.27
https://www.medicalnewstoday.com/articles/319496,Human,99.8
https://www.medicalnewstoday.com/articles/322395,Human,99.11999999999999
https://www.medicalnewstoday.com/articles/322510,Human,98.1
https://www.medicalnewstoday.com/articles/322797,Human,98.54
https://www.medicalnewstoday.com/articles/323185,Human,99.32
https://www.medicalnewstoday.com/articles/323454,Human,95.46
https://www.medicalnewstoday.com/articles/323523,Human,98.58
https://www.medicalnewstoday.com/articles/323627,AI,88.87
https://www.medicalnewstoday.com/articles/323716,Human,99.71
https://www.medicalnewstoday.com/articles/324890,Human,99.02
https://www.medicalnewstoday.com/articles/327212,Human,99.46000000000001
https://www.medicalnewstoday.com/articles/37136,Human,99.71
https://www.medicalnewstoday.com/articles/7621,Human,98.34
https://www.medicalnewstoday.com/articles/8933,Human,98.49
https://www.medicalnewstoday.com/articles/anxiety-and-brain-fog,Human,96.0
https://www.medicalnewstoday.com/articles/can-migraines-kill-you,Human,98.92999999999999
https://www.medicalnewstoday.com/articles/can-you-cure-depression,Human,99.41
https://www.medicalnewstoday.com/articles/can-you-skip-chemo-for-breast-cancer,Human,99.8
https://www.medicalnewstoday.com/articles/diabetes-and-covid,Human,99.8
https://www.medicalnewstoday.com/articles/heart-attack-age-range,Human,98.97
https://www.medicalnewstoday.com/articles/how-high-blood-pressure-significantly-raises-the-risk-of-death-from-heart-disease,Human,99.07000000000001
https://www.medicalnewstoday.com/articles/how-it-works-injectable-treatments-for-migraine,Human,98.97
https://www.medicalnewstoday.com/articles/hypertension-and-asthma,Human,98.83
https://www.medicalnewstoday.com/articles/is-breast-cancer-curable,Human,99.8
https://www.medicalnewstoday.com/articles/is-depression-a-disability,Human,98.97
https://www.medicalnewstoday.com/articles/knee-arthritis-treatment-without-surgery,Human,99.07000000000001
https://www.medicalnewstoday.com/articles/stages-of-heart-attack,Human,98.88
https://www.medicalnewstoday.com/articles/untreated-rheumatoid-arthritis,Human,99.37
https://www.medicalnewstoday.com/articles/what-does-a-heart-attack-feel-like,Human,99.51
https://www.medicalnewstoday.com/articles/what-is-the-best-medicine-for-arthritis-pain,Human,98.88
https://www.medicalnewstoday.com/articles/when-should-a-diabetic-with-covid-go-to-hospital,Human,99.85000000000001
https://www.medicalnewstoday.com/articles/why-do-i-get-migraines,Human,99.07000000000001
https://www.medicare.gov/coverage/insulin,Human,99.95
https://www.medicare.gov/health-drug-plans/medigap/basics/costs,Human,100
https://www.medicarefaq.com/guide-to-estate-planning-for-seniors/last-will-and-testament,AI,96.0
https://www.medicinenet.com/arthritis/article.htm,Human,99.8
https://www.medicinenet.com/diabetes_treatment/article.htm,Human,99.9
https://www.medicinenet.com/food_poisoning/article.htm,Human,99.95
https://www.medicinenet.com/high_blood_pressure_treatment/article.htm,Human,99.9
https://www.medicinenet.com/how_to_lower_my_blood_pressure_immediately/article.htm,Human,99.95
https://www.medicinenet.com/is_110_over_70_a_good_blood_pressure/article.htm,Human,99.66000000000001
https://www.medicinenet.com/migraine/article.htm,Human,99.9
https://www.medicinenet.com/what_is_happening_in_the_brain_during_a_migraine/article.htm,Human,99.76
https://www.medicinenet.com/what_is_normal_blood_pressure_and_pulse_by_age/article.htm,Human,99.66000000000001
https://www.medicrosscliniccorona.com/corona-ca/food-poisoning-treatment,Human,99.85000000000001
https://www.medmastery.com/guides/headaches-clinical-guide/how-diagnose-migraine-headaches,Human,99.95
https://www.medpagetoday.com/rheumatology/arthritis/116558,Human,100
https://www.medscape.com/index/list_3673_0,Human,99.61
https://www.medscape.com/viewarticle/do-utis-trigger-heart-attacks-or-strokes-2025a1000i11,Human,99.95
https://www.medscape.com/viewarticle/exercise-found-slash-psoriatic-arthritis-risk-patients-2025a1000imu,Human,100
https://www.medscape.com/viewarticle/how-has-covid-19-changed-obesity-prevalence-canada-2025a1000is4,Human,99.61
https://www.medscape.com/viewarticle/patients-high-blood-pressure-could-one-day-be-prescribed-2025a1000iih,Human,99.95
https://www.medscape.com/viewarticle/prenatal-hypothyroxinaemia-tied-gestational-diabetes-risk-2025a1000htn,Human,99.85000000000001
https://www.medstarhealth.org/blog/understand-the-risks-of-high-blood-pressure,Human,99.9
https://www.medstarhealth.org/blog/what-are-the-best-treatments-for-hand-arthritis,Human,99.85000000000001
https://www.medstarhealth.org/blog/what-does-high-risk-for-breast-cancer-mean,Human,99.95
https://www.medstarhealth.org/news-and-publications/articles-and-research-reports/understanding-the-risks-of-high-blood-pressure,Human,99.95
https://www.mekiplaw.com/how-long-does-it-take-to-get-a-trademark-all-you-need-to-know,Human,99.51
https://www.mekiplaw.com/the-four-requirements-for-a-trademark,AI,88.96
https://www.mekiplaw.com/why-register-a-trademark-all-you-need-to-know,Human,99.8
https://www.membersia.com/personal-insurance/types-of-insurance/insurance/identity-theft-protection.html,Human,99.95
https://www.memorialcare.org/blog/heart-attack-symptoms,Human,99.95
https://www.memorialcare.org/services/heart-vascular-care/it-anxiety-or-heart-attack,Human,99.66000000000001
https://www.menshealth.com/health/a42445013/heart-attacks-panic-attacks-and-how-to-tell-the-difference,Human,99.95
https://www.mentalhealth.com/library/anxiety-and-high-blood-pressure,Human,98.63
https://www.mentalhealth.com/library/can-depression-be-cured,Human,99.76
https://www.mentalhealth.com/library/schizoaffective-disorder-as-a-disability,Human,99.02
https://www.mentalhealth.org.uk/explore-mental-health/a-z-topics/anxiety,Human,99.85000000000001
https://www.mentalhealth.org.uk/our-work/public-engagement/mental-health-awareness-week/anxiety-report/what-anxiety,Human,98.34
https://www.mentalhealth.org.uk/our-work/public-engagement/mental-health-awareness-week/anxiety-report/what-causes-anxiety,Human,99.8
https://www.mentalhealth.va.gov/anxiety/index.asp,Human,99.9
https://www.mentalhealthctr.com/5-ways-to-help-loved-one-with-anxiety,AI,99.71
https://www.mentalhealthforum.net/forum/threads/anxiety-is-ruining-my-life.38294,Human,99.95
https://www.mentalhealthforum.net/forum/threads/super-anxious-most-of-the-time.186487/post-1679356,Human,99.9
https://www.merceradvisors.com/insights/personal-finance/understanding-identity-theft-protection-is-it-right-for-you,Human,99.8
https://www.merceradvisors.com/insights/retirement/5-essential-benefits-of-roth-iras,Human,99.85000000000001
https://www.merckmanuals.com/home/brain-spinal-cord-and-nerve-disorders/headaches/migraines,Human,99.8
https://www.merckmanuals.com/home/hormonal-and-metabolic-disorders/diabetes-mellitus-dm-and-disorders-of-blood-sugar-metabolism/medication-treatment-of-diabetes-mellitus,Human,99.95
https://www.merckmanuals.com/home/quick-facts-brain-spinal-cord-and-nerve-disorders/headaches/migraines,Human,99.61
https://www.merckmanuals.com/home/quick-facts-heart-and-blood-vessel-disorders/coronary-artery-disease/heart-attack,Human,99.95
https://www.merckmanuals.com/professional/endocrine-and-metabolic-disorders/diabetes-mellitus-and-disorders-of-carbohydrate-metabolism/medications-for-diabetes-mellitus-treatment,Human,99.61
https://www.merckmanuals.com/professional/neurologic-disorders/headache/migraine,Human,99.71
https://www.merriam-webster.com/dictionary/anxiety,Human,99.85000000000001
https://www.merriam-webster.com/dictionary/arthritis,Human,99.8
https://www.merriam-webster.com/dictionary/immigration,Human,99.85000000000001
https://www.merriam-webster.com/dictionary/mortgage,Human,99.71
https://www.merriam-webster.com/dictionary/student%20loan,Human,99.76
https://www.merrilledge.com/pricing,Human,99.37
https://www.merrilledge.com/retirement/personal-retirement-calculator,Human,99.76
https://www.merrilledge.com/retirement/roth-ira,Human,99.76
https://www.merrilledge.com/small-business/individual-401k,Human,99.51
https://www.metacompliance.com/blog/cyber-security-awareness/8-ways-to-prevent-identity-theft,AI,99.9
https://www.metlife.com,Human,98.58
https://www.metlife.com/identity-and-fraud-protection,Human,99.07000000000001
https://www.metlife.com/insurance/life-insurance/term-life,Human,97.89999999999999
https://www.metlife.com/stories/legal/how-to-write-a-will,Human,97.89999999999999
https://www.meyer-spencer.com/life-estate-deeds-medicaid-planning,Human,99.95
https://www.mgic.com,Human,99.8
https://www.mhamd.org/information-and-help/paying-for-care/applying-for-disability-benefits-with-a-mental-illness,Human,98.58
https://www.mhs.net/blog/2024/02/what-are-the-signs-of-a-heart-attack,Human,100
https://www.miamidadeclerk.gov/clerk/official-records.page,Human,99.76
https://www.miamihpc.com/post/the-essential-guide-to-migraine-treatments-choosing-between-rescue-and-preventative-therapies,AI,99.95
https://www.michamber.com/business_solutions/identity-theft-protection,Human,99.8
https://www.michigan.gov/consumerprotection/identity-theft,Human,96.97
https://www.michigan.gov/consumerprotection/protect-yourself/consumer-alerts/id-theft-telemarketing/identity-theft-prevention,Human,97.66
https://www.michigan.gov/mdcs/employeebenefits/voluntary-benefits/new-voluntary-benefits/identity-theft-insurance,Human,99.95
https://www.michigan.gov/ors,AI,98.92999999999999
https://www.michigan.gov/studentloans,Human,99.95
https://www.michigan.gov/studentloans/understanding-student-loans,Human,99.8
https://www.michiganmedicine.org/breaking-down-mental-health/suicide-and-anxiety,Human,98.0
https://www.michiganmedicine.org/health-lab/10-heart-tests-your-doctor-might-order-and-what-they-mean,Human,99.66000000000001
https://www.michiganmedicine.org/health-lab/12-heart-attack-risk-factors-you-cant-ignore,Human,99.56
https://www.michiganmedicine.org/health-lab/how-tell-difference-between-heart-attack-and-panic-attack,Human,98.0
https://www.michiganmedicine.org/health-lab/long-run-drugs-talk-therapy-hold-same-value-depression-patients,Human,100
https://www.michiganmedicine.org/health-lab/panic-attack-vs-anxiety-attack-6-things-know,Human,99.9
https://www.michiganmedicine.org/health-lab/patients-type-1-diabetes-spend-about-2500-year-health-care-costs,Human,100
https://www.michiganmedicine.org/health-lab/when-are-we-going-cure-cancer-bright-future-breast-cancer-research,Human,99.95
https://www.michiganmedicine.org/health-lab/when-chest-pain-isnt-heart-attack,Human,99.95
https://www.micnyc.com/post/panic-attack-or-heart-attack-how-to-tell-the-difference,Human,99.8
https://www.midhudsonbankruptcylawyers.com/aop/bankruptcy-and-social-security-overpayments,Human,99.32
https://www.migraine.org.au/risks,Human,99.8
https://www.migraineagain.com/evil-headache-39-more-migraine-symptoms-you-need-to-know,Human,99.95
https://www.migraineagain.com/migraine-causes-migraine-triggers,Human,100
https://www.migraineagain.com/migraine-drugs-and-treatments,Human,99.95
https://www.migraineagain.com/migraine-guide,Human,99.95
https://www.migrainedisorders.org,Human,99.9
https://www.migrainedisorders.org/comorbidities,Human,99.95
https://www.migrainedisorders.org/education/patient-resources,Human,99.51
https://www.migrainedisorders.org/hemiplegic-migraine-advice,Human,99.9
https://www.migrainedisorders.org/migraine-disorders/migraine-causes,Human,99.9
https://www.migrainedisorders.org/migraine-disorders/migraine-triggers,Human,99.8
https://www.migrainesociety.ca/treatment-guide,Human,99.95
https://www.milesformigraine.org/comprehensive-guide-to-migraine-self-care,AI,100
https://www.militaryonesource.mil/benefits/the-heart-act,Human,99.76
https://www.milliman.com/en/insight/insights-into-cost-patterns-and-actionable-factors-in-newly-diagnosed-type-2-diabetes,Human,99.76
https://www.mind.org.uk/information-support/tips-for-everyday-living/nature-and-mental-health,Human,99.95
https://www.mindpath.com/resource/anxiety,AI,99.37
https://www.miracleshealth.com/blog/arthritis-types-treatments,Human,99.61
https://www.miragenews.com/unraveling-depression-alzheimers-connection-1495941,Human,99.95
https://www.missionsq.org,Human,90.19
https://www.missionsq.org/products-and-services/iras.html,Human,89.79
https://www.mjcpa.com/employers-guard-against-high-401k-fees-with-a-benchmark-analysis,Human,99.22
https://www.ml.com/articles/can-social-security-insolvency-be-fixed.html,Human,99.95
https://www.ml.com/privacy-and-security-center/identity-theft-and-fraud.html,Human,99.71
https://www.ml.com/solutions/ira.html,Human,99.95
https://www.modernheartandvascular.com/recognizing-the-difference-heart-attack-vs-panic-attack,AI,99.37
https://www.modwm.com/7-benefits-of-a-roth-ira,Human,99.95
https://www.moffitt.org,Human,99.95
https://www.moffitt.org/cancers/breast-cancer/faqs/what-are-the-signs-that-breast-cancer-has-spread,Human,99.95
https://www.moffitt.org/cancers/breast-cancer/signs-symptoms,Human,99.41
https://www.moffitt.org/endeavor/archive/10-cancer-fighting-foods-you-should-be-eating,Human,99.8
https://www.mohela.com,Human,99.9
https://www.mohela.com/dl/resourcecenter/loanforgivenessdischarge.aspx,Human,99.46000000000001
https://www.money.co.uk/mortgages/a-complete-guide-to-mortgages,AI,50.83
https://www.moneycontrol.com/health-and-fitness/heart-attack-stroke-more-than-fitness-trackers-your-grip-could-predict-heart-health-risks-says-study-article-13247485.html,Human,93.26
https://www.moneygeek.com/insurance/life,Human,99.71
https://www.moneygeek.com/insurance/life/rates,Human,99.9
https://www.moneylion.com/learn/how-do-student-loans-work,Human,95.95
https://www.moneylion.com/learn/who-pays-for-the-student-loan-forgiveness,AI,99.95
https://www.moneypatrol.com/moneytalk/credit-and-debit/index-funds,Human,99.27
https://www.moneyunder30.com/how-student-loans-work,Human,99.95
https://www.monitask.com/en/hr-glossary/traditional-401k,Human,88.09
https://www.moorelendinggroup.com/insights/benefits-mortgage-lender,Human,99.95
https://www.moorelendinggroup.com/insights/what-are-the-benefits-of-a-home-mortgage,Human,100
https://www.morganstanley.com/articles/401k-strategies,Human,99.66000000000001
https://www.morganstanley.com/articles/what-is-direct-indexing-benefits,Human,99.66000000000001
https://www.morganstanley.com/atwork/employees/learning-center/articles/401k-common-questions,Human,99.71
https://www.morningstar.com/funds/best-index-funds,Human,99.71
https://www.morrisnichols.com/insights-managing-unclaimed-property-risks-in-bankruptcy,Human,99.66000000000001
https://www.morse.law/news/think-twice-about-low-cost-tm-registration,Human,99.76
https://www.motrin.ca/adult-symptoms/how-treat-migraines,Human,99.27
https://www.mountsinai.org/care/pain-management/services/migraine,Human,100
https://www.mountsinai.org/health-library/diseases-conditions/arthritis,Human,99.95
https://www.mountsinai.org/health-library/diseases-conditions/heart-attack,Human,99.66000000000001
https://www.mountsinai.org/health-library/diseases-conditions/migraine,Human,95.7
https://www.mountsinai.org/health-library/diseases-conditions/type-2-diabetes,Human,99.95
https://www.mountsinai.org/health-library/injury/heart-attack-first-aid,Human,98.14
https://www.mountsinai.org/health-library/report/migraine-headaches,Human,99.71
https://www.mountsinai.org/health-library/special-topic/understanding-your-breast-cancer-risk,Human,99.85000000000001
https://www.mpamag.com/us/specialty/wholesale/fico-credit-score-price-hike-what-does-it-mean-for-the-mortgage-industry/513378,Human,99.9
https://www.mpowerfinancing.com,Human,99.9
https://www.mprofit.in/blog/2023/10/understanding-the-importance-of-a-good-credit-score,AI,99.32
https://www.mpsacsb.org/minimum-wage-for-students-in-us,AI,100
https://www.msdmanuals.com/home/brain-spinal-cord-and-nerve-disorders/headaches/migraines,Human,99.8
https://www.msdmanuals.com/home/hormonal-and-metabolic-disorders/diabetes-mellitus-dm-and-disorders-of-blood-sugar-metabolism/medication-treatment-of-diabetes-mellitus,Human,99.95
https://www.msdmanuals.com/professional/endocrine-and-metabolic-disorders/diabetes-mellitus-and-disorders-of-carbohydrate-metabolism/medications-for-diabetes-mellitus-treatment,Human,99.66000000000001
https://www.msgcpa.com/whitepapers/financial-advisory/uncovering-understanding-hidden-fees-in-a-401k-plan-with-miriam-schindel-esq,Human,100
https://www.msnbc.com/opinion/msnbc-opinion/trump-harris-social-security-bankruptcy-retirement-taxes-rcna177268,Human,99.95
https://www.mtabenefits.com/benefits/financial/identity-theft-protection,Human,93.7
https://www.mtabenefits.com/benefits/financial/mortgage,Human,99.71
https://www.mtb.com/personal/mortgages-and-loans/mortgages,Human,99.56
https://www.mumsnet.com/talk/_chat/5373964-anxiety-attacks-but-only-when-falling-asleep-is-this-another-fun-perimenopause-symptom,Human,99.11999999999999
https://www.munsonhealthcare.org/heart/what-are-the-symptoms-of-a-heart-attack,Human,99.37
https://www.muscleandfitness.com/features/feature-news/new-study-links-monday-anxiety-to-increased-cortisol-and-heart-risk-even-after-retirement,Human,98.97
https://www.mutualofamerica.com/individuals/roth-ira,Human,99.9
https://www.mutualofamerica.com/individuals/roth-ira/features-and-benefits,Human,99.8
https://www.mutualofomaha.com,Human,99.07000000000001
https://www.mutualofomaha.com/advice/life-insurance/costs-and-calculators/cost-of-whole-life-insurance,Human,99.02
https://www.mutualofomaha.com/advice/life-insurance/costs-and-calculators/how-much-does-life-insurance-cost,Human,99.22
https://www.myamericannurse.com/nursings-role-in-healthcare-reform,Human,99.22
https://www.mybcteam.com/resources/breast-cancer-symptoms,Human,98.63
https://www.mycorporation.com/learningcenter/business-name-vs-trademark.jsp,Human,99.8
https://www.mycprcertificationonline.com/blog/food-poisoning-treatment,AI,95.95
https://www.mydocuc.com/arthritis-risks-treatment-prevention,Human,99.95
https://www.myfico.com,Human,99.56
https://www.myfico.com/credit-education/credit-scores/new-credit,Human,99.61
https://www.myfico.com/credit-education/identity-theft,Human,99.56
https://www.myfico.com/legal/identity-theft-insurance-summary-of-benefits,Human,100
https://www.myfico.com/products/fico-score-plans,Human,99.17
https://www.mygenbank.com/resources/how-a-home-mortgage-works,Human,99.95
https://www.myharrisregional.com/emergency-room/heart-attack-symptoms,Human,99.95
https://www.myhealth.va.gov/mhv-portal-web/ss20170322-understanding-high-blood-pressure-risks-and-control,Human,100
https://www.myhealth.va.gov/mhv-portal-web/ss20200401-heart-attack,Human,99.9
https://www.myhealthexplained.com/diabetes-information/diabetes-articles/type-2-diabetes-symptoms,Human,100
https://www.myhealthinsurance.com/blog/save/diabetes-costs,Human,99.95
https://www.myhealthmylife.com.my/en-my/diabetes/understanding-diabetes,Human,99.95
https://www.myheartdiseaseteam.com/resources/what-is-hypertension-high-blood-pressure,Human,97.11999999999999
https://www.myinvestmentinsight.com/blog/pros-and-cons-student-loans,Human,99.71
https://www.mymed.com/diseases-conditions/anxiety/risk-factors-and-complications-of-anxiety,Human,99.95
https://www.mymed.com/diseases-conditions/arthritis/risk-factors-for-arthritis-and-common-complications,Human,100
https://www.mymed.com/diseases-conditions/depression/what-are-the-risk-factors-and-complications-for-depression,Human,99.76
https://www.mymigraineteam.com/resources/your-guide-to-migraine-symptoms-treatments-and-more/list,Human,99.02
https://www.myncretirement.com,Human,99.95
https://www.myncretirement.com/documents/files/actives/finalfeeschedule401k-457/open,Human,99.61
https://www.mysanitas.com/en/blog/migraines-and-headaches-your-complete-guide,AI,100
https://www.myshortlister.com/401-k-plan/vendor-list,Human,99.76
https://www.myshortlister.com/identity-theft-insurance-providers/compare,Human,99.9
https://www.myshortlister.com/identity-theft-insurance-providers/vendor-list,Human,99.76
https://www.mysugr.com/en/blog/hyperglycemia-what-it-and-how-can-i-treat-it,Human,100
https://www.mytpmg.com/blog/heart-attack-or-panic-attack,Human,97.50999999999999
https://www.mytwintiers.com/news-cat/national-news/what-is-a-migrant-what-is-ice-10-terms-to-help-you-understand-the-debate-over-immigration,Human,99.66000000000001
https://www.myubiquity.com,Human,99.51
https://www.myubiquity.com/calculators/401k-flat-fees-vs-aum-fees-calculator,Human,99.66000000000001
https://www.myubiquity.com/pricing,Human,99.37
https://www.myubiquity.com/resources/the-best-small-business-401-k-providers-in-2025,Human,99.9
https://www.nahealth.com/cardiovascular-services/knowledge-power-understand-your-risk-heart-disease/your-risk-factors-heart-attack,Human,99.46000000000001
https://www.nakomamortgage.com/the-true-benefits-of-homeownership,AI,100
https://www.namidanecounty.org/blog/2020/7/21/how-to-qualify-for-social-security-disability-benefits-with-depression,Human,99.9
https://www.napa-net.org/news/2025/7/growth-in-micro-401k-plan-market-set-to-take-off,Human,98.58
https://www.nar.realtor/magazine/tools/client-education/handouts-for-buyers/7-reasons-to-own-a-home,Human,99.95
https://www.nasafcu.com/personal/education-tools/security/identity-theft-protection,Human,99.95
https://www.nasb.com/blog/detail/what-are-the-benefits-of-a-large-mortgage-down-payment,Human,97.31
https://www.nasdaq.com/articles/16-ins-and-outs-social-security-benefits-all-divorced-spouses-should-know,Human,99.41
https://www.nasdaq.com/articles/hidden-roth-ira-risk-no-one-talks-about,Human,99.27
https://www.nasdaq.com/articles/how-do-student-loans-work-0,Human,99.11999999999999
https://www.nasdaq.com/articles/if-you-put-1000-your-401k-every-month-15-years-you-could-have-much-cash-retirement-0,Human,99.56
https://www.nasdaq.com/articles/social-securitys-impending-bankruptcy-is-nothing-more-than-a-myth.-heres-why,Human,99.51
https://www.nasdaq.com/articles/want-1-million-retirement-4-simple-index-funds-buy-and-hold-decades-0,Human,98.97
https://www.nasdaq.com/glossary/b/bankruptcy-risk,Human,99.07000000000001
https://www.nasfaa.org/news-item/35444/biden_administration_announces_final_student_loan_debt_relief_approvals,Human,99.71
https://www.nationalasthma.org.au/living-with-asthma/resources/patients-carers/factsheets/dust-mites-trigger-my-asthma,Human,98.29
https://www.nationalasthma.org.au/understanding-asthma/what-is-asthma,Human,97.75
https://www.nationalbreastcancer.org/breast-cancer-risk-factors,Human,97.8
https://www.nationalbreastcancer.org/breast-cancer-stage-1,Human,97.8
https://www.nationalbreastcancer.org/breast-cancer-stage-4,Human,97.27
https://www.nationalbreastcancer.org/breast-cancer-symptoms-and-signs,Human,98.0
https://www.nationalbreastcancer.org/inflammatory-breast-cancer,Human,97.89999999999999
https://www.nationalmigrainecentre.org.uk/understanding-migraine/factsheets-and-resources/migraine-triggers,Human,99.76
https://www.nationalmigrainecentre.org.uk/understanding-migraine/what-is-migraine,Human,99.95
https://www.nationwide.co.uk/mortgages/introduction-to-mortgages,Human,99.9
https://www.nationwide.com/lc/resources/investing-and-retirement/articles/how-much-does-life-insurance-cost,Human,99.71
https://www.nationwide.com/lc/resources/personal-finance/articles/identity-theft-insurance,Human,99.46000000000001
https://www.nationwide.com/personal/insurance/life,Human,99.56
https://www.nationwidechildrens.org/conditions/food-poisoning,Human,99.8
https://www.nature.com/articles/d41586-020-02861-w,Human,99.95
https://www.nature.com/articles/nrdp201519,Human,99.95
https://www.nature.com/articles/nrdp201724,Human,99.95
https://www.nature.com/articles/nrneurol.2016.93,Human,99.9
https://www.nature.com/articles/s41371-025-01045-1,Human,99.51
https://www.nature.com/articles/s41380-022-01661-0,Human,99.8
https://www.nature.com/articles/s41392-024-01951-9,Human,99.85000000000001
https://www.nature.com/articles/s41416-025-03117-y,Human,98.92999999999999
https://www.nature.com/articles/s41440-022-00852-0,Human,99.51
https://www.nature.com/articles/s41440-022-00864-w,Human,99.8
https://www.nature.com/articles/s41440-023-01328-5,Human,99.9
https://www.nature.com/articles/s41440-024-01680-0,Human,99.71
https://www.nature.com/articles/s41467-025-61923-7,Human,99.51
https://www.nature.com/articles/s41572-025-00635-0,Human,99.85000000000001
https://www.nature.com/articles/s41574-020-00435-4,Human,99.8
https://www.nature.com/articles/s41582-021-00509-5,Human,96.39
https://www.nature.com/articles/s41598-017-15722-w,Human,99.32
https://www.nature.com/articles/s41598-022-22048-9,AI,61.96
https://www.nature.com/articles/s41598-024-75965-2,AI,99.95
https://www.nature.com/articles/s41599-024-03980-9,Human,99.02
https://www.nature.com/articles/s42255-020-00339-7,Human,99.9
https://www.nature.com/subjects/diabetes/nrendo,Human,99.76
https://www.natwest.com/mortgages/mortgage-guides/how-do-mortgages-work.html,Human,99.76
https://www.natwest.com/mortgages/mortgage-guides/understanding-mortgage-interest-rates.html,Human,99.11999999999999
https://www.nav.com/business-credit-scores,Human,99.02
https://www.navyfederal.org/loans-cards/credit-cards/prequalification.html,Human,99.61
https://www.navyfederal.org/loans-cards/mortgage.html,Human,99.51
https://www.navyfederal.org/loans-cards/mortgage/why-choose-navy-federal.html,Human,99.76
https://www.navyfederal.org/makingcents/college-planning/how-do-student-loans-work.html,Human,99.66000000000001
https://www.navyfederal.org/makingcents/college-planning/understanding-student-loan-forgiveness.html,Human,99.32
https://www.navymutual.org/mutually-speaking/general/the-anatomy-of-a-last-will-and-testament,Human,99.95
https://www.nbcbanking.com/mortgage-guide/what-is-a-mortgage,Human,99.95
https://www.nbcnews.com/health/health-news/covid-isolation-guidelines-cdc-updated-positive-cases-rcna163292,Human,99.85000000000001
https://www.nbcnews.com/health/health-news/medicare-cost-lower-medication-diabetes-blood-thinners-rcna166385,Human,99.8
https://www.nbcnews.com/health/health-news/why-insulin-so-expensive-diabetes-united-states-rcna39295,Human,99.85000000000001
https://www.nbcnews.com/news/us-news/immigrants-fear-deportation-filing-taxes-irs-ice-agreement-rcna200822,Human,99.85000000000001
https://www.nbcnews.com/politics/congress/medical-students-fret-student-loan-cap-big-beautiful-bill-rcna217228,Human,99.85000000000001
https://www.nbcnews.com/politics/immigration,Human,99.8
https://www.nbcnews.com/storyline/smart-facts/what-heart-attack-symptoms-you-need-know-n861246,Human,99.95
https://www.nbcnews.com/storyline/smart-facts/what-immigration-reform-n863981,Human,99.95
https://www.ncbi.nlm.nih.gov/books/nbk315,Human,99.95
https://www.ncbi.nlm.nih.gov/books/nbk430661,Human,99.95
https://www.ncbi.nlm.nih.gov/books/nbk441870,Human,99.85000000000001
https://www.ncbi.nlm.nih.gov/books/nbk470361,Human,99.95
https://www.ncbi.nlm.nih.gov/books/nbk482286,Human,99.8
https://www.ncbi.nlm.nih.gov/books/nbk507713,Human,99.8
https://www.ncbi.nlm.nih.gov/books/nbk513253,Human,99.95
https://www.ncbi.nlm.nih.gov/books/nbk518992,Human,99.95
https://www.ncbi.nlm.nih.gov/books/nbk539859,Human,100
https://www.ncbi.nlm.nih.gov/books/nbk541052,Human,99.56
https://www.ncbi.nlm.nih.gov/books/nbk551501,Human,99.85000000000001
https://www.ncbi.nlm.nih.gov/books/nbk551579,Human,99.95
https://www.ncbi.nlm.nih.gov/books/nbk559078,Human,99.95
https://www.ncbi.nlm.nih.gov/books/nbk560787,AI,99.71
https://www.nccn.org/guidelines/category_2,Human,99.95
https://www.nccn.org/guidelines/guidelines-detail,Human,99.95
https://www.nccourts.gov/help-topics/wills-and-estates/estates,Human,99.9
https://www.nchfa.com/home-buyers/buy-home/nc-home-advantage-mortgage,Human,99.9
https://www.ncoa.org/article/how-much-does-long-term-care-insurance-cost-and-is-it-worth-it,Human,98.97
https://www.ncoa.org/article/what-are-10-warning-signs-of-diabetes-in-older-adults,Human,99.11999999999999
https://www.ncoa.org/article/what-are-social-security-work-credits,Human,99.32
https://www.ncoa.org/article/what-is-the-social-security-spousal-benefit,Human,99.11999999999999
https://www.ncoa.org/article/what-to-drink-when-you-have-high-blood-pressure,Human,99.17
https://www.ncsl.org/health/accessing-diabetes-care-and-management,Human,99.9
https://www.ncsl.org/labor-and-employment/state-minimum-wages,Human,99.9
https://www.ndtv.com/feature/diabetes-may-rise-infection-blood-clot-risks-after-knee-surgery-study-8853800,Human,99.27
https://www.ndtv.com/health/these-hidden-signs-of-heart-attack-you-might-feel-days-in-advance-8872875,Human,98.19
https://www.neamb.com/personal-finance/fighting-back-against-identity-theft,Human,98.0
https://www.nebraskablue.com/member-services/mental-well-being/know-the-signs/the-health-risks-of-anxiety-how-to-avoid-them,Human,99.46000000000001
https://www.nebraskamed.com/behavioral-health/panic-attacks-vs-heart-attacks-whats-the-difference,Human,99.66000000000001
https://www.nebraskamed.com/health/conditions-and-services/orthopaedics/arthritis-101-what-is-it-am-i-at-risk-and-how-do-i,Human,99.9
https://www.nebraskamed.com/health/conditions-and-services/primary-care/what-is-asthma-and-how-is-it-diagnosed,Human,99.95
https://www.nejamelaw.com/articles/taxes-and-immigration-consequences,Human,99.95
https://www.nejm.org,Human,99.51
https://www.nelp.org/explore-the-issues/minimum-living-wage,Human,73.88
https://www.nelp.org/insights-research/u-s-needs-15-minimum-wage,AI,99.76
https://www.nerdwallet.com/article/finance/700-credit-score-good-bad,Human,97.36
https://www.nerdwallet.com/article/finance/comparing-identity-theft-protection-services,Human,55.910000000000004
https://www.nerdwallet.com/article/finance/credit-score-ranges-and-how-to-improve,Human,97.22
https://www.nerdwallet.com/article/insurance/average-life-insurance-rates,AI,98.92999999999999
https://www.nerdwallet.com/article/insurance/how-much-life-insurance-do-i-need,AI,58.79
https://www.nerdwallet.com/article/insurance/identity-theft-insurance,Human,97.07000000000001
https://www.nerdwallet.com/article/investing/best-retirement-plans-for-you,AI,61.870000000000005
https://www.nerdwallet.com/article/investing/divorced-spouse-social-security-benefits,Human,83.11
https://www.nerdwallet.com/article/investing/how-and-where-to-open-a-roth-ira,Human,81.35
https://www.nerdwallet.com/article/investing/how-to-invest-in-index-funds,Human,85.5
https://www.nerdwallet.com/article/investing/index,Human,99.11999999999999
https://www.nerdwallet.com/article/investing/maxing-out-401k,Human,96.04
https://www.nerdwallet.com/article/investing/roth-ira-pros-and-cons,Human,87.79
https://www.nerdwallet.com/article/investing/simple-ira-vs-401k-comparison-how-to-pick-the-right-plan,Human,94.14
https://www.nerdwallet.com/article/investing/social-security/depression-disability-ssdi,Human,92.09
https://www.nerdwallet.com/article/investing/what-is-a-401k,Human,88.57000000000001
https://www.nerdwallet.com/article/investing/what-is-a-roth-ira,Human,96.92
https://www.nerdwallet.com/article/loans/student-loans/public-service-loan-forgiveness,Human,93.75
https://www.nerdwallet.com/article/loans/student-loans/student-loan-forgiveness,AI,51.370000000000005
https://www.nerdwallet.com/article/mortgages/what-is-a-mortgage,Human,97.89999999999999
https://www.nerdwallet.com/article/mortgages/whats-exact-credit-score-need-buy-home,Human,91.94
https://www.nerdwallet.com/article/small-business/how-much-does-it-cost-to-trademark-a-name,Human,94.19
https://www.nerdwallet.com/best/investing/roth-ira-accounts,Human,94.38
https://www.nerdwallet.com/ca/p/article/mortgages/how-does-a-mortgage-work,Human,99.46000000000001
https://www.nerdwallet.com/calculator/401k-calculator,Human,91.85
https://www.nerdwallet.com/insurance/life/best-life-insurance-companies,AI,88.96
https://www.nerdwallet.com/p/free-credit-score,AI,72.75
https://www.nerdwallet.com/p/reviews/finance/lifelock-review,Human,91.85
https://www.nermc.com/heart-attack-warning-signs,Human,97.17
https://www.netmums.com/baby/health/heatwave-and-heart-health-risks-an-experts-6-steps-to-avoid-a-heart-attack,Human,99.9
https://www.networkforphl.org/resources/topics/health-reform,Human,98.78
https://www.neurospamentalhealth.com/what-is-the-difference-between-a-panic-attack-anxiety-attack-and-heart-attack,Human,100
https://www.neurospinewi.com/service/arthritis,Human,99.17
https://www.newamerica.org/education-policy/edcentral/the-gops-student-loan-forgiveness-trap-leaving-with-a-surprise-tax-bill,Human,99.9
https://www.newamericanfunding.com/learning-center/homebuyers/whats-really-in-your-monthly-mortgage-payment-breaking-down-the-costs,Human,99.76
https://www.newbenefits.com/benefits/identity-theft-monitoring-resolution,AI,100
https://www.newhorizonscenters.com/blog/chemical-balance-cause-anxiety,AI,100
https://www.newportbeachortho.com/blog/what-are-signs-and-symptoms-of-arthritis-20794.html,Human,100
https://www.news-leader.com/story/news/business/2025/01/25/supercharge-2025-retirement-savings-catch-up-contributions/77785544007,Human,99.22
https://www.news-medical.net/health/treatment-of-food-poisoning.aspx,Human,100
https://www.news-medical.net/health/what-is-arthritis.aspx,Human,99.85000000000001
https://www.news-medical.net/news/20240219/rising-medication-costs-pose-barrier-to-diabetes-treatment-study-finds.aspx,Human,99.95
https://www.news-medical.net/news/20240725/new-review-highlights-advances-in-diabetes-research-and-treatment.aspx,Human,99.95
https://www.news-medical.net/news/20250618/new-data-show-covid-19-triggers-spike-in-new-diabetes-cases.aspx,Human,99.61
https://www.news-medical.net/news/20250711/maternal-depression-found-to-disrupt-key-parenting-behaviors.aspx,Human,99.8
https://www.news-medical.net/news/20250713/social-isolation-in-older-adults-linked-to-higher-diabetes-risk.aspx,Human,99.76
https://www.news-medical.net/news/20250715/long-sitting-hours-raise-breast-cancer-odds-for-inactive-obese-women.aspx,Human,99.9
https://www.news-medical.net/news/20250716/food-insecurity-found-to-directly-cause-anxiety-and-depression-symptoms.aspx,Human,99.32
https://www.newscientist.com/article/mg26234852-200-the-surprising-benefits-of-anxiety-and-how-you-could-harness-them,Human,99.85000000000001
https://www.newser.com/story/366087/in-big-shift-irs-would-help-locate-migrants-in-us.html,Human,99.9
https://www.newsnationnow.com/business/your-money/social-security-insolvency-date,Human,99.9
https://www.newsnationnow.com/business/your-money/what-is-401k,Human,99.76
https://www.newsnationnow.com/health/coronavirus/cdc-new-guidance-covid-isolation,Human,99.85000000000001
https://www.newson6.com/story/687670d080026a11c1957884/what-to-know-about-juvenile-arthritis,Human,95.30999999999999
https://www.newsweek.com/student-loan-payments-change-august-2098994,Human,99.95
https://www.newsweek.com/student-loan-update-how-new-supreme-court-ruling-may-impact-borrowers-2100825,Human,94.53
https://www.newsweek.com/student-loan-update-trump-admin-making-major-change-forgiveness-program-2095712,Human,99.46000000000001
https://www.newsweek.com/student-loans-forgiven-volunteer-work-2093577,Human,99.9
https://www.newswise.com/articles/lonely-adults-may-have-a-higher-risk-of-diabetes,Human,99.85000000000001
https://www.newyorklife.com/articles/index-fund-vs-mutual-fund,Human,98.0
https://www.newyorklife.com/articles/roth-ira-limits,Human,99.22
https://www.newyorklife.com/articles/understanding-life-insurance-pricing,Human,98.49
https://www.newyorklife.com/group-benefit-solutions/employees/group-insurance/life/my-life-check-up/premium,Human,99.66000000000001
https://www.nextlevelurgentcare.com/blog/panic-attack-vs-heart-attack,Human,99.76
https://www.nhlbi.nih.gov/health/asthma,Human,99.85000000000001
https://www.nhlbi.nih.gov/health/asthma/causes,Human,99.9
https://www.nhlbi.nih.gov/health/heart-attack,Human,99.85000000000001
https://www.nhlbi.nih.gov/health/heart-attack/causes,Human,99.95
https://www.nhlbi.nih.gov/health/heart-attack/symptoms,Human,99.95
https://www.nhlbi.nih.gov/health/high-blood-pressure,Human,99.61
https://www.nhlbi.nih.gov/health/high-blood-pressure/causes,Human,99.95
https://www.nhlbi.nih.gov/health/high-blood-pressure/treatment,Human,99.8
https://www.nhs.uk/conditions/arthritis,Human,99.56
https://www.nhs.uk/conditions/asthma,Human,99.9
https://www.nhs.uk/conditions/breast-cancer-in-men/symptoms-of-breast-cancer-in-men,Human,99.95
https://www.nhs.uk/conditions/breast-cancer-in-women,Human,96.44
https://www.nhs.uk/conditions/breast-cancer-in-women/causes-of-breast-cancer-in-women,Human,99.95
https://www.nhs.uk/conditions/breast-cancer-in-women/symptoms-of-breast-cancer-in-women,Human,100
https://www.nhs.uk/conditions/breast-cancer-in-women/treatment-for-breast-cancer-in-women,Human,99.71
https://www.nhs.uk/conditions/cluster-headaches,Human,99.85000000000001
https://www.nhs.uk/conditions/diabetes,Human,99.17
https://www.nhs.uk/conditions/food-poisoning,Human,99.71
https://www.nhs.uk/conditions/heart-attack,Human,99.66000000000001
https://www.nhs.uk/conditions/heart-attack/causes,Human,98.83
https://www.nhs.uk/conditions/heart-attack/complications,Human,99.95
https://www.nhs.uk/conditions/heart-attack/symptoms,Human,99.95
https://www.nhs.uk/conditions/high-blood-pressure,Human,99.85000000000001
https://www.nhs.uk/conditions/migraine,Human,99.71
https://www.nhs.uk/conditions/osteoarthritis,Human,99.95
https://www.nhs.uk/conditions/osteoarthritis/treatment,Human,99.95
https://www.nhs.uk/conditions/pre-eclampsia,Human,99.95
https://www.nhs.uk/conditions/pulmonary-hypertension/treatment,Human,97.89999999999999
https://www.nhs.uk/conditions/rheumatoid-arthritis,Human,99.95
https://www.nhs.uk/conditions/rheumatoid-arthritis/causes,Human,99.66000000000001
https://www.nhs.uk/conditions/rheumatoid-arthritis/complications,Human,99.95
https://www.nhs.uk/conditions/rheumatoid-arthritis/symptoms,Human,99.95
https://www.nhs.uk/conditions/rheumatoid-arthritis/treatment,Human,99.95
https://www.nhs.uk/conditions/type-1-diabetes/complications,Human,99.95
https://www.nhs.uk/conditions/type-1-diabetes/symptoms,Human,99.9
https://www.nhs.uk/conditions/type-1-diabetes/treatment,Human,99.95
https://www.nhs.uk/conditions/type-2-diabetes/complications,Human,99.95
https://www.nhs.uk/conditions/type-2-diabetes/symptoms,Human,99.95
https://www.nhs.uk/conditions/type-2-diabetes/treatment,Human,99.95
https://www.nhs.uk/every-mind-matters/mental-health-issues/anxiety,Human,99.95
https://www.nhs.uk/medicines/beta-blockers,Human,99.8
https://www.nhs.uk/medicines/citalopram/side-effects-of-citalopram,Human,99.56
https://www.nhs.uk/medicines/hormone-replacement-therapy-hrt/benefits-and-risks-of-hormone-replacement-therapy-hrt,Human,100
https://www.nhs.uk/medicines/propranolol,Human,99.95
https://www.nhs.uk/mental-health/conditions/depression-in-adults/causes,Human,99.95
https://www.nhs.uk/mental-health/conditions/depression-in-adults/overview,Human,99.95
https://www.nhs.uk/mental-health/conditions/depression-in-adults/treatment,Human,99.85000000000001
https://www.nhs.uk/mental-health/conditions/generalised-anxiety-disorder-gad,Human,99.95
https://www.nhs.uk/mental-health/conditions/panic-disorder,Human,99.85000000000001
https://www.nhs.uk/mental-health/feelings-symptoms-behaviours/feelings-and-symptoms/anxiety-fear-panic,Human,99.95
https://www.nhs.uk/mental-health/self-help/guides-tools-and-activities/tips-to-reduce-stress,Human,100
https://www.nhs.uk/mental-health/self-help/tips-and-support/cope-with-depression,Human,100
https://www.nhs.uk/symptoms/diarrhoea-and-vomiting,Human,99.95
https://www.nhs.uk/symptoms/shortness-of-breath,Human,99.02
https://www.nhs.uk/tests-and-treatments/blood-pressure-test,Human,99.95
https://www.nhs.uk/tests-and-treatments/chemotherapy,Human,99.85000000000001
https://www.nhs.uk/tests-and-treatments/covid-19-rapid-lateral-flow-test,Human,99.17
https://www.nhsinform.scot/illnesses-and-conditions/blood-and-lymph/hyperglycaemia-high-blood-sugar,Human,99.9
https://www.nhsinform.scot/illnesses-and-conditions/brain-nerves-and-spinal-cord/functional-neurological-disorder,Human,99.9
https://www.nhsinform.scot/illnesses-and-conditions/brain-nerves-and-spinal-cord/migraine,Human,99.95
https://www.nhsinform.scot/illnesses-and-conditions/brain-nerves-and-spinal-cord/migraine-treatment-and-prevention,Human,99.9
https://www.nhsinform.scot/illnesses-and-conditions/cancer/cancer-types-in-adults/breast-cancer-female,Human,99.76
https://www.nhsinform.scot/illnesses-and-conditions/cardiovascular-disease/risk-factors-for-cardiovascular-disease/high-blood-pressure-hypertension,Human,100
https://www.nhsinform.scot/illnesses-and-conditions/diabetes/type-2-diabetes,Human,99.66000000000001
https://www.nhsinform.scot/illnesses-and-conditions/mental-health/depression,Human,99.9
https://www.nia.nih.gov/health/heart-health/what-heart-attack,Human,99.37
https://www.nia.nih.gov/health/mental-and-emotional-health/depression-and-older-adults,Human,99.66000000000001
https://www.niams.nih.gov/health-topics/arthritis,Human,99.46000000000001
https://www.niams.nih.gov/health-topics/osteoarthritis/diagnosis-treatment-and-steps-to-take,Human,99.8
https://www.niams.nih.gov/health-topics/rheumatoid-arthritis,Human,99.8
https://www.nice.org.uk/guidance/cg164/ifp/chapter/how-breast-cancer-risk-is-described,Human,99.95
https://www.nice.org.uk/guidance/ng222/chapter/recommendations,Human,99.8
https://www.nice.org.uk/guidance/ng28/resources/visual-summary-full-version-choosing-medicines-for-firstline-and-further-treatment-pdf-10956472093,Human,98.97
https://www.niddk.nih.gov/health-information/diabetes/overview/insulin-medicines-treatments,Human,99.85000000000001
https://www.niddk.nih.gov/health-information/diabetes/overview/managing-diabetes,Human,99.85000000000001
https://www.niddk.nih.gov/health-information/diabetes/overview/symptoms-causes,Human,99.85000000000001
https://www.niddk.nih.gov/health-information/digestive-diseases/food-poisoning,Human,99.9
https://www.niddk.nih.gov/health-information/digestive-diseases/food-poisoning/treatment,Human,99.85000000000001
https://www.niddk.nih.gov/health-information/professionals/diabetes-discoveries-practice/national-diabetes-month-2022,Human,99.85000000000001
https://www.nidirect.gov.uk/conditions/food-poisoning,Human,98.14
https://www.nihcr.org,Human,100
https://www.nilc.org/resources,Human,84.13000000000001
https://www.nimh.nih.gov/health/publications/chronic-illness-mental-health,Human,99.8
https://www.nimh.nih.gov/health/publications/depression,Human,99.8
https://www.nimh.nih.gov/health/publications/generalized-anxiety-disorder-gad,Human,99.8
https://www.nimh.nih.gov/health/topics/anxiety-disorders,Human,99.8
https://www.nimh.nih.gov/health/topics/depression,Human,99.8
https://www.ninds.nih.gov/health-information/disorders/migraine,Human,99.8
https://www.nirsonline.org/2022/01/401ks-substantially-more-costly-than-pensions,Human,99.07000000000001
https://www.nj.gov/cannabis/highpoints/20240520.shtml,Human,99.8
https://www.nj.gov/dca/hmfa/consumers/homebuyers,Human,99.9
https://www.nj.gov/health,Human,99.46000000000001
https://www.njcardiovascular.com/blog/panic-attack-vs-heart-attack-how-to-tell-the-difference,Human,99.8
https://www.njcardiovascular.com/blog/the-dangers-of-high-blood-pressure,Human,99.95
https://www.njspotlightnews.org/video/why-is-covid-19-more-dangerous-for-people-with-diabetes,Human,99.9
https://www.nm.org/conditions-and-care-areas/cancer-care/breast-health-program/breast-cancer-risk-assessment-and-prevention,Human,99.76
https://www.nm.org/conditions-and-care-areas/cancer-care/breast-health-program/breast-cancer/symptoms,Human,99.71
https://www.nm.org/healthbeat/healthy-tips/emotional-health/the-science-of-anxiety,Human,99.95
https://www.nm.org/healthbeat/healthy-tips/foods-that-can-lower-your-blood-pressure-naturally,Human,99.95
https://www.nm.org/healthbeat/healthy-tips/living-life-after-breast-cancer,Human,99.95
https://www.nm.org/healthbeat/healthy-tips/quick-dose-when-is-a-migraine-cause-for-concern,Human,99.95
https://www.nm.org/healthbeat/healthy-tips/things-you-should-know-about-arthritis,Human,99.95
https://www.nnuimmigration.com/us-immigration,AI,98.29
https://www.nolo.com/legal-encyclopedia/can-bankruptcy-take-your-social-security.html,Human,99.8
https://www.nolo.com/legal-encyclopedia/can-i-keep-my-social-security-income-during-my-chapter-13-bankruptcy.html,Human,99.8
https://www.nolo.com/legal-encyclopedia/filing-federal-trademark-application-faq.html,Human,99.61
https://www.nolo.com/legal-encyclopedia/free-books/fiance-marriage-visa-book/chapter3-5.html,Human,99.85000000000001
https://www.nolo.com/legal-encyclopedia/getting-social-security-disability-benefits-depression-bipolar-disorder.html,Human,99.8
https://www.nolo.com/legal-encyclopedia/health-care-reform,Human,99.61
https://www.nolo.com/legal-encyclopedia/social-security-checking-earnings-benefits-30154.html,Human,99.66000000000001
https://www.nolo.com/legal-encyclopedia/social-security-disability-mental-illnesses-cognitive-problems,Human,99.85000000000001
https://www.northeastspineandsports.com/blog/all-about-arthritis,Human,99.95
https://www.northpointnebraska.com/addiction-rehab-blog/5-common-signs-of-anxiety,Human,99.9
https://www.northshore.org/healthresources/encyclopedia/encyclopedia.aspx,Human,99.95
https://www.northwesternmutual.com/life-and-money/how-does-a-401k-employer-match-work,Human,99.9
https://www.northwesternmutual.com/life-and-money/how-does-a-401k-work-when-you-retire,Human,99.9
https://www.northwesternmutual.com/life-and-money/how-much-does-whole-life-insurance-cost,Human,99.95
https://www.northwesternmutual.com/life-and-money/how-to-start-a-roth-ira,Human,99.95
https://www.northwesternmutual.com/life-and-money/student-loans-101-everything-you-need-to-know-before-you-borrow,Human,99.95
https://www.northwesternmutual.com/life-and-money/what-is-an-index-fund-and-how-does-it-work,Human,99.95
https://www.northwesternmutual.com/life-and-money/your-401k-when-it-was-invented-and-why,Human,99.95
https://www.northwesternmutual.com/life-insurance/life-insurance-calculator,Human,99.95
https://www.northwestregisteredagent.com/trademark-service,Human,99.9
https://www.northwood.edu/news/raising-the-minimum-wage-winners-and-losers,Human,99.61
https://www.nossaman.com/newsroom-insights-the-obbb-act-unpacking-the-impact-of-the-bbb-act-on-community-colleges-and-student-aid,Human,98.68
https://www.nostressnostigma.com/benefits-for-anxiety,AI,100
https://www.novocare.com/diabetes/help-with-costs/help-with-insulin-costs.html,Human,99.9
https://www.npr.org/2020/11/09/933053299/tricks-to-improve-your-credit-score,Human,99.85000000000001
https://www.npr.org/2021/09/07/1034777586/good-anxiety-benefits-coping-strategies,Human,99.85000000000001
https://www.npr.org/2022/05/13/1098735719/a-new-book-argues-that-anxiety-is-good-for-you-even-though-it-feels-bad,Human,99.9
https://www.npr.org/2025/04/08/g-s1-59056/irs-dhs-information-sharing-deal-immigrants-tax-records,Human,99.61
https://www.npr.org/2025/05/13/nx-s1-5396461/courts-irs-tax-undocumented-immigrants,Human,99.8
https://www.npr.org/2025/07/18/nx-s1-5459784/trump-school-college-student,Human,99.95
https://www.npr.org/sections/health-shots/2018/09/01/641615877/insulins-high-cost-leads-to-lethal-rationing,Human,99.95
https://www.nsw.gov.au/departments-and-agencies/nbmlhd/news/stories/community-urged-for-a-greater-focus-on-pre-diabetes,Human,99.22
https://www.nuhs.edu.sg/patient-care/find-a-condition/diabetes-mellitus/diabetes-complications,Human,99.85000000000001
https://www.nuhs.edu.sg/patient-care/find-a-condition/diabetes-mellitus/managing-diabetes/type-2-diabetes-medications,AI,85.3
https://www.numberanalytics.com/blog/diabetes-treatment-options-explained,AI,100
https://www.numberanalytics.com/blog/effects-of-anxiety-on-nervous-system,AI,100
https://www.numberanalytics.com/blog/navigating-healthcare-reform,AI,100
https://www.numberanalytics.com/blog/scenario-planning-in-bankruptcy,AI,100
https://www.numberanalytics.com/blog/spouse-immigration-rights-responsibilities,AI,100
https://www.numberanalytics.com/blog/ultimate-guide-to-healthcare-reform,AI,100
https://www.nursingworld.org/practice-policy/health-policy/health-system-reform,Human,99.32
https://www.nurtec.com,Human,99.41
https://www.nurtec.com/why-nurtec,Human,99.9
https://www.nurx.com/faq/what-is-anxiety,Human,99.76
https://www.nuvancehealth.org/health-tips-and-news/what-you-need-to-know-about-sports-and-migraine,Human,99.66000000000001
https://www.nuveen.com/en-us/insights/advisor-education/busting-the-myth-of-social-security-insolvency,Human,99.85000000000001
https://www.nvidia.com/en-us/benefits/money/identity-theft-protection,Human,98.92999999999999
https://www.nwstrategyandplanning.com/blog-feed/creating-a-last-will-and-testament-a-comprehensive-guide,AI,100
https://www.nyc.gov/site/dca/consumers/student-loans-pslf.page,Human,98.97
https://www.nycourts.gov/courthelp/whensomeonedies/will.shtml,Human,91.85
https://www.nylaarp.com,Human,99.8
https://www.nyp.org/diabetes-and-endocrinology/covid19-diabetes-guidelines,Human,99.8
https://www.nyp.org/heart/heart-attack,Human,99.66000000000001
https://www.nyp.org/neuro/headache/migraine,Human,99.66000000000001
https://www.nyp.org/primary-care/anxiety,Human,99.71
https://www.nyp.org/rehabmed/arthritis/treatment,Human,99.71
https://www.nysdcp.com/rsc-web-preauth/resource-center/videos/watch/what-is-a-401k,Human,99.85000000000001
https://www.nytimes.com/2021/10/01/business/credit-score-app-cost.html,Human,99.76
https://www.nytimes.com/2022/01/19/well/mind/anxiety-benefits.html,Human,99.85000000000001
https://www.nytimes.com/2024/12/28/business/retirement-accounts-withdrawals-ira-401k.html,Human,99.8
https://www.nytimes.com/2025/01/16/health/insulin-prices-federal-clinics-340b.html,Human,99.95
https://www.nytimes.com/2025/02/10/us/politics/irs-dhs-immigration.html,Human,99.85000000000001
https://www.nytimes.com/2025/04/23/well/dementia-stroke-depression-prevention.html,Human,99.85000000000001
https://www.nytimes.com/2025/07/03/us/trump-bill-education-college-student-loans.html,AI,92.86999999999999
https://www.nytimes.com/2025/07/12/your-money/student-loan-limits.html,Human,99.71
https://www.nytimes.com/2025/07/15/your-money/student-loans/student-loan-repayment-plans.html,Human,99.61
https://www.nytimes.com/2025/07/16/well/move/exercise-mental-health-depression.html,Human,99.85000000000001
https://www.nytimes.com/topic/subject/health-care-reform,Human,98.83
https://www.oaaortho.com/blog/arthritis-treatment-options-how-to-manage-joint-pain,Human,98.54
https://www.oakpsych.com/2020/11/13/can-depression-be-cured,Human,100
https://www.oakstreethealth.com/heart-attack-symptoms-6-common-heart-attack-signs-to-watch-out-for-2244362,Human,99.51
https://www.occ.treas.gov/topics/consumers-and-communities/consumer-protection/credit-reporting/index-credit-reporting.html,Human,99.22
https://www.odysseyadvisors.com/insights/blog/how-much-does-it-cost-to-start-a-401k-plan,AI,100
https://www.ohsu.edu/brain-institute/understanding-headaches-and-migraines,Human,99.71
https://www.ohsu.edu/womens-health/truth-about-migraines,Human,99.11999999999999
https://www.okta.com/identity-101/identity-theft-protection,Human,99.22
https://www.omronbrandshop.com/the-complications-that-can-arise-from-hypertension-during-pregnancy,AI,100
https://www.onclive.com/view/dr-martini-on-the-evolving-role-of-intravesical-therapies-in-high-risk-nmibc,Human,99.37
https://www.oncolink.org/cancer-treatment/procedures-diagnostic-tests/blood-tests-tumor-diagnostic-tests/patient-guide-to-tumor-markers,Human,99.66000000000001
https://www.oneamerica.com,Human,99.9
https://www.onedigital.com,Human,99.85000000000001
https://www.onemedical.com/blog/healthy-living/understanding-asthma-what-you-need-to-know,AI,97.8
https://www.onetouch.com/about-diabetes/starting-your-journey/symptoms-and-signs-of-diabetes,Human,98.68
https://www.onlinemasterscolleges.com/how-do-student-loans-work,Human,99.85000000000001
https://www.onlinescientificresearch.com/journals/jdrrr,Human,99.95
https://www.onlineu.com/resources/financial-planning/federal-student-loans,Human,99.85000000000001
https://www.openaccessjournals.com/articles/diabetes-mellitus-a-comprehensive-review-of-pathophysiology-management-and-emerging-therapeutic-approaches-16758.html,AI,100
https://www.ophthalmologyadvisor.com/news/younger-age-at-arthritis-onset-linked-to-uveitis-risk-in-ojia,Human,99.56
https://www.opm.gov/frequently-asked-questions/pay-and-leave-faq/student-loan-repayment,Human,99.76
https://www.opm.gov/healthcare-insurance/life-insurance/program-information,Human,99.8
https://www.opm.gov/healthcare-insurance/special-initiatives/health-care-reform,Human,99.76
https://www.opm.gov/policy-data-oversight/pay-leave/student-loan-repayment,Human,99.76
https://www.opm.gov/retirement-center/calculators/fegli-calculator,Human,99.85000000000001
https://www.opm.gov/retirement-center/fers-information,Human,99.95
https://www.opm.gov/retirement-center/survivor-benefits,Human,99.8
https://www.oprahdaily.com/life/a64018999/signs-it-time-to-get-a-divorce,Human,99.95
https://www.oregon.gov/boli/workers/pages/minimum-wage-schedule.aspx,Human,99.9
https://www.oregon.gov/odhs/aging-disability-services/pages/federal-benefits.aspx,Human,99.71
https://www.oregon.gov/oha/ph/birthdeathcertificates/pages/index.aspx,Human,99.85000000000001
https://www.oregonclinic.com/resource/diets-brat,Human,98.78
https://www.ortho.wustl.edu/content/patient-care/3207/services/hip-knee/adult-reconstruction-and-hip-preservation-overview/arthritis-of-the-hip.aspx,AI,99.76
https://www.orthoatlanta.com/health-news/what-is-a-heart-attack-and-what-are-the-symptoms,Human,99.71
https://www.orthoatlanta.com/media/what-are-the-symptoms-of-arthritis,Human,99.85000000000001
https://www.orthoohio.com/what-is-arthritis-and-what-does-it-affect,Human,99.9
https://www.osbar.org/public/legalinfo/1016_understandingbankruptcy.htm,Human,99.85000000000001
https://www.osfhealthcare.org/blog/dont-ignore-the-signs-of-diabetes,Human,99.95
https://www.owe.com/beware-trademark-scams,Human,99.9
https://www.ownr.co/blog/how-to-register-a-trademark-for-your-business,Human,99.9
https://www.ozempic.com,Human,99.17
https://www.pa.gov/agencies/health/diseases-conditions/chronic-disease/arthritis.html,Human,99.85000000000001
https://www.pa.gov/services/dli/apply-for-a-social-security-disability-determination.html,Human,99.37
https://www.pa.gov/services/revenue/report-identity-theft.html,Human,99.27
https://www.pacehospital.com/arthritis-symptoms-types-causes-risk-factors-complications,Human,99.9
https://www.pacehospital.com/diabetes-with-covid-19-onset-symptoms-long-term-effect-and-complications,Human,99.8
https://www.pacehospital.com/hypertension-symptoms-causes-types-complications-prevention,Human,99.9
https://www.pacificlife.com,Human,99.9
https://www.pacificneuroscienceinstitute.org/blog/pacific-neuroscience-institute/what-is-anxiety,Human,98.63
https://www.pacsurgentcare.com/food-poisoning-treatment,Human,99.8
https://www.painscale.com/article/what-is-arthritis,Human,99.85000000000001
https://www.painspecialtygroup.com/blog/treatment-options-for-arthritis,Human,99.9
https://www.paisc.com,Human,99.95
https://www.paladinregistry.com/blog/retirement/what-is-a-401k-and-how-does-a-401k-work,Human,99.41
https://www.pantai.com.my/health-pulse/are-migraines-dangerous,AI,99.8
https://www.park64capital.com/blog/disadvantages-of-the-roth-ira,Human,99.95
https://www.parkinson.org/understanding-parkinsons/non-movement-symptoms/anxiety,Human,99.61
https://www.parkview.com/blog/11-things-you-can-do-to-help-prevent-breast-cancer,Human,99.85000000000001
https://www.parkview.com/blog/what-is-hypertension,Human,99.95
https://www.pasadenahealthcenter.com/blog/health-wellness/what-is-hypertension,Human,99.95
https://www.patelco.org/financial-wellness/fraud-center/how-to-check-credit-score,Human,94.24
https://www.patenttrademarkblog.com/how-to-choose-trademark-attorney,Human,100
https://www.patenttrademarkblog.com/how-to-prevent-a-trademark-opposition,Human,100
https://www.patheos.com/blogs/determinetruth/2025/07/immigration-us-israel-you-cant-have-your-cake-eat,Human,99.8
https://www.patientadvocate.org/explore-our-resources/healthcare-reform,AI,99.71
https://www.patientpower.info/breast-cancer/overview,Human,99.41
https://www.patientpower.info/navigating-cancer/ivermectin-and-cancer-what-the-data-really-shows-and-what-patients-need-to-know-first,Human,99.85000000000001
https://www.paychex.com/articles/employee-benefits/steps-for-401k-plan-setup-retirement-saving,Human,99.41
https://www.paychex.com/articles/employee-benefits/what-is-a-401k,Human,99.76
https://www.paychex.com/retirement-services,Human,99.61
https://www.paycom.com/resources/blog/minimum-wage-rate-by-state,Human,95.85000000000001
https://www.paycom.com/resources/blog/what-is-401k-and-how-does-it-work,Human,99.56
https://www.paypal.com/us/digital-wallet/ways-to-pay/credit-services/paypal-credit,Human,99.9
https://www.pbcu.com/banking/accounts/iras/roth-ira,Human,99.51
https://www.pbl-law.com/news-articles-considering-a-business-bankruptcy-heres-what-not-to-do.html,Human,99.61
https://www.pbs.org/newshour/health/cdc-shortens-official-covid-quarantine-guidance,Human,99.8
https://www.pbs.org/newshour/show/irs-to-share-personal-data-with-immigration-agents-to-aid-deportation-efforts,Human,99.8
https://www.pbs.org/newshour/show/new-law-caps-insulin-prices-for-some-with-diabetes-but-cost-remains-high-for-millions,Human,99.56
https://www.pbs.org/newshour/show/top-irs-official-quits-over-plans-to-share-personal-data-with-immigration-authorities,Human,99.76
https://www.pcgsoftware.com/the-cost-of-diabetes-in-us-healthcare,AI,100
https://www.pcmag.com/picks/best-identity-theft-protection-software,Human,99.51
https://www.pcpforlife.com/can-hypertension-be-reversed.php,AI,99.66000000000001
https://www.pcsretirement.com,Human,100
https://www.peacecorps.gov/ways-to-serve/benefits-and-training/during-service/student-loan-information,Human,99.66000000000001
https://www.peacehealth.org/healthy-you/what-arthritis-guide-understanding-your-joints,Human,100
https://www.peacehealth.org/medical-topics/id/hn-2242005,Human,99.71
https://www.peacehealth.org/medical-topics/id/hn-2246008,Human,99.56
https://www.penfed.org/personal-loans,Human,99.46000000000001
https://www.pennmedicine.org/conditions/migraine,Human,99.07000000000001
https://www.pennmedicine.org/conditions/rheumatoid-arthritis,Human,99.95
https://www.pennmedicine.org/specialties/orthopaedics/knee-pain,Human,99.95
https://www.pennmedicine.org/treatments/arthritis-surgery,AI,97.56
https://www.pennymac.com,Human,98.44000000000001
https://www.pensionbee.com/us/retirement-explained/types-of-retirement-accounts/what-is-a-401k,Human,99.95
https://www.peoples-law.org/social-security-benefits-divorced-spouses,Human,100
https://www.peoples-law.org/which-type-bankruptcy-should-i-file,Human,99.95
https://www.personaldoctorlouisville.com/4-common-risk-factors-for-arthritis,AI,99.95
https://www.personaldoctorlouisville.com/what-are-some-of-the-most-common-risk-factors-for-arthritis,AI,99.95
https://www.petmd.com/dog/care/gabapentin-dogs-what-you-need-know,Human,99.66000000000001
https://www.petrellilaw.com/is-it-really-over-10-signs-that-its-time-for-a-divorce,Human,99.66000000000001
https://www.pewresearch.org/short-reads/2015/09/30/how-u-s-immigration-laws-and-rules-have-changed-through-history,Human,99.71
https://www.pewresearch.org/short-reads/2024/07/22/what-we-know-about-unauthorized-immigrants-living-in-the-us,Human,99.9
https://www.pewresearch.org/short-reads/2024/09/27/key-findings-about-us-immigrants,Human,99.8
https://www.pfizer.com/disease-and-conditions/migraine,Human,94.97
https://www.pfizer.com/news/articles/the_numbers_for_high_blood_pressure_just_got_lower,Human,99.9
https://www.pfizer.com/news/articles/the_science_behind_migraines_and_headaches,Human,99.95
https://www.pfizerforall.com/migraine/education/common-migraine-triggers,Human,99.27
https://www.pgpf.org/article/lawmakers-are-running-out-of-time-to-fix-social-security,Human,91.99000000000001
https://www.pgpf.org/article/what-are-the-pros-and-cons-of-student-loan-forgiveness,Human,95.41
https://www.pharmachoice.com/arthritis-2,Human,99.85000000000001
https://www.pharmacytimes.com/view/cdc-led-study-affirms-robust-effectiveness-of-2023-2024-covid-19-vaccines-in-reducing-illness-severity-mortality,Human,99.02
https://www.pharmacytimes.com/view/maternal-pro-inflammatory-diet-during-pregnancy-linked-to-increased-type-1-diabetes-risk-in-offspring,Human,97.50999999999999
https://www.pharmacytimes.com/view/type-2-diabetes-and-obesity-in-teens-could-increase-risk-of-osteoporosis,Human,98.05
https://www.pharmacytimes.com/view/understanding-depression-risk-factors-and-evolving-treatments,Human,95.75
https://www.pharmacytimes.com/view/what-are-the-best-drugs-to-treat-diabetes,Human,98.19
https://www.phitamerica.org/post/physical-fitness-and-its-positive-effects-on-anxiety-management,AI,99.95
https://www.physiciansweekly.com/illness-expectations-tied-to-asthma-outcomes,Human,99.76
https://www.piano-composer-teacher-london.co.uk/post/how-does-music-help-with-depression,AI,100
https://www.pica.gov.jm,Human,99.85000000000001
https://www.pitkincounty.com/1175/disease-prevention,Human,100
https://www.planadviser.com/awards/pa-top-100,Human,99.85000000000001
https://www.planadviser.com/fee-study-measuring-much-fiduciary-advice-drives-401k-plan-costs,Human,99.76
https://www.planadviser.com/q2-sees-volatile-401k-trading-according-alight,Human,99.76
https://www.planadviser.com/warren-says-empower-responses-questions-401k-private-equity-investments-inadequate,Human,99.95
https://www.planforpassingon.org/last-will-and-testament,Human,99.9
https://www.planmember.com/the401kgroup/investment-fees-comparison-calculator,Human,99.95
https://www.plindia.com/instawills,Human,99.95
https://www.plynkinvest.com/learn/roth-ira-pros-and-cons,Human,99.95
https://www.pnc.com/en/personal-banking/investments-and-retirement/retirement-iras/roth-ira.html,Human,99.8
https://www.pnc.com/insights/personal-finance/borrow/benefit-20-percent-down-payment.html,Human,99.95
https://www.pnc.com/insights/personal-finance/borrow/good-credit-score-to-buy-a-house.html,Human,99.9
https://www.pnc.com/insights/personal-finance/borrow/how-do-student-loans-work.html,Human,99.85000000000001
https://www.poison.org/articles/food-poisoning,Human,52.88
https://www.policyalternatives.ca/news-research/the-ecnomic-benefits-of-minimum-wage,Human,99.71
https://www.policygenius.com,Human,99.61
https://www.policygenius.com/life-insurance/life-insurance-rates,Human,99.51
https://www.politico.com/news/2025/03/31/irs-leadership-turmoil-immigration-crackdown-00254811,Human,99.9
https://www.populismstudies.org/vocabulary/immigration,Human,100
https://www.posticbates.com/blog/what-is-a-will,Human,99.85000000000001
https://www.practo.com/consult/anxiety-disorder-and-panic-attack-i-m-suffering-from-anxiety-disorder-from-1-5-yrs-overthinking-is-eating-me-up-i/q,Human,100
https://www.practo.com/consult/anxiety-issues-and-high-bp-hello-br-how-much-fluctuations-in-bp-is-normal-during-anxiety-i-have-anxiety-disorder-and/q,Human,100
https://www.practo.com/consult/can-anxiety-increases-bp-my-bp-is-140-90-i-have-anxiety-issue-ecg-and-echo-are-normal-during-my/q,Human,99.95
https://www.practo.com/consult/can-hypertension-be-cured/t,Human,100
https://www.practo.com/consult/high-blood-pressure-and-asthma-i-have-high-blood-pressure-and-i-am-also-a-patient-of-asthama-when-i-go-in-crowdy-place/q,Human,100
https://www.practo.com/healthfeed/15-home-remedies-to-cure-food-poisoning-24106/post,Human,99.95
https://www.premiercardiology.com/blog/is-it-anxiety-or-a-heart-problem,Human,99.76
https://www.premiercardiology.com/blog/the-dangers-of-hypertension,Human,99.9
https://www.premierhealth.com/video/i7x4iakhmfa,Human,100
https://www.premierhealth.com/your-health/articles/women-wisdom-wellness-/how-to-stop-a-heart-attack-in-its-tracks,Human,100
https://www.premiermedicalhv.com/news/understanding-arthritis-causes-symptoms-and-treatment-options,Human,99.41
https://www.premiernwhoustonmedicalgroup.com/blog/830926-what-are-6-symptoms-of-arthritis,Human,99.95
https://www.prevention.com/health/a65332649/heart-attack-deaths-down-aha-study,Human,99.95
https://www.prevention.com/health/a65429305/symptoms-silent-heart-attack,Human,99.95
https://www.prevention.com/health/health-conditions/a20479026/migraines-depression-stroke,Human,99.95
https://www.prevention.com/health/health-conditions/a35281264/what-is-a-heart-attack,Human,99.95
https://www.prevention.com/health/health-conditions/a41318174/what-is-arthritis,Human,99.95
https://www.prevention.com/health/health-conditions/a42916199/study-diabetes-diagnosis-after-covid-19-infection,Human,99.8
https://www.pricaremd.com/blog/5-telltale-symptoms-of-arthritis,Human,99.95
https://www.primarycareim.com/arthritis-treatment,AI,100
https://www.primarycarewalkinmedicalclinic.com/blog/5-reasons-to-seek-support-for-your-anxiety,Human,99.8
https://www.principal.com/individuals/build-your-knowledge/what-know-before-take-money-out-401k-withdrawal-401k-loan,Human,99.95
https://www.principal.com/individuals/invest-retire/retirement-plans/401k-403b-retirement-plans,Human,99.9
https://www.priorygroup.com/blog/anxiety-related-blood-pressure,Human,98.54
https://www.privatebank.bankofamerica.com/financial-education/identity-theft.html,Human,99.9
https://www.prnewswire.com/news-releases/cpas-doctors-and-lawyers-top-the-list-of-best-401k-plans-302113874.html,Human,96.34
https://www.progressive.com/answers/how-much-is-life-insurance,Human,99.8
https://www.progressive.com/answers/identity-theft-insurance-101,Human,99.8
https://www.progressive.com/answers/is-identity-theft-protection-worth-it,Human,99.27
https://www.progressive.com/answers/life-insurance-calculator,Human,99.95
https://www.progressive.com/identity-theft-protection,Human,99.71
https://www.promedicaeruc.org/blog/2021/december/food-poisoning-symptoms-and-treatment,Human,99.9
https://www.proofpoint.com/au/threat-reference/identity-theft,Human,99.95
https://www.protectcoverage.org/ppc-consensus-healthcare-reform-principles,Human,99.9
https://www.proudianlaw.com/blog/2015/02/can-i-get-social-security-disability-for-depression,Human,99.95
https://www.psca.org/news/psca-news/2025/6/social-security-retirement-fund-insolvency-date-2033,Human,99.8
https://www.psoriasis.org/about-psoriasis,Human,99.9
https://www.psoriasis.org/why-treat-psoriatic-arthritis,Human,99.95
https://www.psrs-peers.org,Human,99.85000000000001
https://www.psychiatrictimes.com/view/exposure-therapy-anxiety-disorders,Human,99.11999999999999
https://www.psychiatrictimes.com/view/family-therapy-treatment-depression,Human,99.17
https://www.psychiatrictimes.com/view/fava-beans-dopamine-depression-and-parkinson-disease,Human,98.0
https://www.psychiatrist.com/news/antidepressant-withdrawal-might-not-be-as-bad-as-we-feared,Human,99.95
https://www.psychiatrist.com/news/sorting-hype-from-help-in-otc-depression-treatments,Human,99.9
https://www.psychiatrist.com/pcc/mental-health-effects-tirzepatide-report-2-patients,Human,99.85000000000001
https://www.psychiatry.org/news-room/apa-blogs/mental-health-benefits-simple-acts-of-kindness,Human,99.61
https://www.psychiatry.org/patients-families/anxiety-disorders/what-are-anxiety-disorders,Human,99.66000000000001
https://www.psychiatry.org/patients-families/depression/what-is-depression,Human,99.71
https://www.psychiatryadvisor.com/news/varying-associations-idd-between-hormone-therapy-young-onset-breast-cancer,Human,99.71
https://www.psychologytoday.com/gb/basics/anxiety/children-and-anxiety,Human,99.95
https://www.psychologytoday.com/us/basics/anxiety,Human,99.8
https://www.psychologytoday.com/us/basics/anxiety/signs-of-anxiety,Human,99.8
https://www.psychologytoday.com/us/blog/better-divorce/202108/8-signs-partner-may-want-divorce,Human,99.8
https://www.psychologytoday.com/us/blog/better-divorce/202208/the-real-long-term-physical-and-mental-health-effects-divorce,Human,99.85000000000001
https://www.psychologytoday.com/us/blog/in-practice/201701/6-hidden-benefits-anxiety,Human,99.95
https://www.psychologytoday.com/us/blog/resolution-not-conflict/201802/why-do-anxiety-and-high-blood-pressure-go-hand-in-hand,Human,99.9
https://www.psychologytoday.com/us/blog/why-we-worry/201607/what-is-anxiety,Human,99.95
https://www.psychologytoday.com/us/tests/health/anxiety-test,Human,99.9
https://www.psypost.org/new-study-links-honor-cultures-to-higher-rates-of-depression-suicidal-thoughts,Human,98.88
https://www.ptcoa.com/arthritis-pain-what-are-the-best-treatment-options,Human,99.8
https://www.publichealth.columbia.edu/news/teens-social-media-use-does-not-raise-risk-depression-study,Human,99.95
https://www.pvalaw.com/practice-areas/division-of-assets/social-security-benefits-and-divorce,Human,99.85000000000001
https://www.qcnews.com/nexstar-media-wire/what-is-a-migrant-what-is-ice-10-terms-to-help-you-understand-the-debate-over-immigration,Human,99.71
https://www.qmul.ac.uk/media/news/2023/smd/new-injection-based-treatment-reduces-high-blood-pressure.html,Human,98.14
https://www.qrisk.org,Human,99.95
https://www.quarles.com/newsroom/publications/roth-ira-investment-fees-pay-personally-or-deduct-from-the-ira-account,Human,99.85000000000001
https://www.quickanddirtytips.com/articles/your-complete-guide-to-401k-retirement-accounts,Human,98.05
https://www.quickenloans.com/learn/last-will-and-testament,Human,98.58
https://www.quickenloans.com/learn/what-is-a-mortgage,Human,99.9
https://www.quickoffthemark.com.au/blog/diy-trademark-registration-hire-trademark-attorney-lawyer,Human,100
https://www.quickquote.com/how-much-does-life-insurance-cost,Human,89.79
https://www.quicksilvercc.com/addiction-blog/what-are-the-benefits-of-anxiety-treatment,AI,100
https://www.quora.com/how-do-doctors-know-if-you-are-having-a-heart-attack-or-an-anxiety-attack-i-went-to-the-emergency-room-and-they-said-that-i-don-t-have-a-heart-attack-it-s-anxiety-i-still-have-chest-pain-can-the-tests-they-did-be,Human,99.61
https://www.quora.com/how-do-i-collect-off-my-exs-social-security-we-divorced-2-and-a-half-years-ago-and-married-39-years-he-has-social-security-disability-and-i-have-social-security-i-am-70-and-he-is-63-do-i-get-a-portion-of-his,Human,99.95
https://www.quora.com/how-do-i-make-a-credit-score-i-am-new-in-the-usa-and-i-have-a-bank-account-i-want-to-apply-for-a-loan-but-i-dont-know-how-to-make-one-what-are-the-ways-to-make-your-credit-score-before-applying,Human,99.71
https://www.quora.com/is-401k-worth-it-my-company-matches-but-i-heard-they-tax-you-when-you-take-it-all-out-once-you-retire-i-m-already-good-at-saving-with-my-normal-bank-account-would-a-401k-benefit-me,Human,99.22
https://www.rabinsslaw.com/impairments/depression,Human,99.95
https://www.radiologyinfo.org/en/info/arthritis,Human,100
https://www.raisin.co.uk/investments/index-fund,Human,99.9
https://www.ramseysolutions.com/debt/federal-student-loan-servicers,Human,99.8
https://www.ramseysolutions.com/debt/how-do-student-loans-work,Human,97.8
https://www.ramseysolutions.com/debt/student-loan-debt-guide/student-loan-forgiveness,Human,97.71
https://www.ramseysolutions.com/debt/student-loan-forgiveness,Human,97.95
https://www.ramseysolutions.com/insurance/how-much-does-health-insurance-cost,Human,95.89999999999999
https://www.ramseysolutions.com/insurance/id-theft-protection,Human,97.85000000000001
https://www.ramseysolutions.com/insurance/term-life-rate-chart,Human,96.78
https://www.ramseysolutions.com/insurance/what-is-the-best-identity-theft-protection,Human,98.49
https://www.ramseysolutions.com/real-estate/what-is-a-mortgage,Human,94.08999999999999
https://www.ramseysolutions.com/retirement/investing-fees-how-much-too-much,Human,97.41
https://www.ramseysolutions.com/retirement/roth-ira-101,Human,98.14
https://www.ramseysolutions.com/retirement/should-i-max-out-my-401k,Human,97.66
https://www.ramseysolutions.com/retirement/sp-500-index-funds,Human,97.07000000000001
https://www.ramseysolutions.com/retirement/traditional-401k-vs-roth-401k,Human,97.46000000000001
https://www.ramseysolutions.com/retirement/what-are-index-funds,Human,97.07000000000001
https://www.ramseysolutions.com/retirement/what-is-a-401k,Human,98.97
https://www.rand.org/pubs/articles/2021/the-astronomical-price-of-insulin-hurts-american-families.html,Human,99.85000000000001
https://www.rand.org/pubs/commentary/2024/09/immigration-and-border-control-explained-what-americans.html,Human,99.95
https://www.randall-hurley.com,Human,99.85000000000001
https://www.randstad.ca/employers/workplace-insights/talent-management/the-benefits-of-paying-your-employees-well,Human,76.22
https://www.rate.com/resources/credit-score-chart,Human,99.95
https://www.rate.com/resources/what-is-a-mortgage,Human,99.66000000000001
https://www.rbcroyalbank.com/mortgages/understanding-mortgages.html,Human,99.11999999999999
https://www.rbfcu.org/learn/article/the-benefits-of-a-mortgage-pre-approval,Human,99.71
https://www.rbfcu.org/learn/its-a-money-thing/breakdown-of-a-credit-score,Human,99.66000000000001
https://www.rcn.org.uk/clinical-topics/diabetes/diabetes-essentials,Human,99.61
https://www.rd.usda.gov/programs-services/single-family-housing-programs/single-family-housing-guaranteed-loan-program,Human,99.95
https://www.readersdigest.ca/health/healthy-living/benefits-of-anxiety,Human,99.95
https://www.reaganlibrary.gov/archives/speech/message-congress-transmitting-proposed-health-care-incentives-reform-legislation,Human,99.95
https://www.realtor.com/mortgage/tools/mortgage-calculator,Human,99.32
https://www.realvision.com/blog/what-is-a-mortgage,Human,99.9
https://www.reanfoundation.org/anxiety-and-high-blood-pressure-hypertension,AI,100
https://www.rebalance360.com/401k-plan-costs-average,Human,100
https://www.recruiterslineup.com/best-401k-providers,Human,99.9
https://www.redcross.org.uk/first-aid/learn-first-aid/heart-attack,Human,99.95
https://www.redcross.org/take-a-class/resources/learn-first-aid/heart-attack,Human,99.11999999999999
https://www.redcrossblood.org/donate-blood/dlp/health-assessment/diabetes.html,Human,89.21
https://www.redcrossblood.org/donate-blood/how-to-donate/eligibility-requirements/eligibility-criteria-alphabetical.html,Human,99.95
https://www.redcrossblood.org/faq.html,Human,99.8
https://www.reddit.com/r/ask/comments/1bsmv7d/what_cured_your_depression,Human,99.71
https://www.reddit.com/r/askscience/comments/26ngkg/what_exactly_is_asthma_like_what_is_it_how_does,Human,98.63
https://www.reddit.com/r/depression/comments/1acphe5/can_depression_be_cured,Human,99.17
https://www.reddit.com/r/depression/comments/1jpomed/social_security_for_depression,Human,99.61
https://www.reddit.com/r/diabetes/comments/1e61p5q/diabetic_review,Human,99.71
https://www.reddit.com/r/diabetes_t1/comments/1lkzp8b/week_in_review_whats_one_thing_you_learned_about,Human,99.8
https://www.reddit.com/r/diabetes_t2/comments/18yzd8n/what_were_some_symptoms_you_experienced_as_a,Human,99.51
https://www.reddit.com/r/explainlikeimfive/comments/163frxt/eli5_what_happens_in_the_brain_when_someone_is,Human,99.85000000000001
https://www.reddit.com/r/explainlikeimfive/comments/1azcwry/eli5_how_do_doctors_save_people_from_a_heart,Human,99.66000000000001
https://www.reddit.com/r/explainlikeimfive/comments/1ebi940/eli5_how_do_asthma_puffers_work,Human,99.9
https://www.reddit.com/r/explainlikeimfive/comments/t1m3nm/eli5_how_does_a_mortgage_work,Human,99.37
https://www.reddit.com/r/hypertension/comments/t5tayc/hypertension_or_anxiety_advice_needed,Human,99.95
https://www.reddit.com/r/immigration/comments/1gpqj1e/how_the_hell_does_one_actually_immigrate,Human,99.66000000000001
https://www.reddit.com/r/kansas/comments/1cg3181/student_loan_forgiveness_how_it_works,Human,98.83
https://www.reddit.com/r/law/comments/1m2s7cl/irs_to_share_personal_data_with_immigration,Human,99.11999999999999
https://www.reddit.com/r/migraine/comments/1bllikk/do_migraines_cause_any_permanent_damage_to_the,Human,99.71
https://www.reddit.com/r/migraine/comments/6jghqy/everyday_chronic_headache_guide,Human,99.95
https://www.reddit.com/r/migrainescience/comments/1dmknoq/unraveling_migraine_a_comprehensive_guide_to,Human,99.27
https://www.reddit.com/r/neurology/comments/isrtnd/what_is_the_pathophysiology_of_migraine_headache,Human,100
https://www.reddit.com/r/personalfinance/comments/108agpo/best_platformcompany_to_open_roth401k_and,Human,99.66000000000001
https://www.reddit.com/r/personalfinance/comments/11wj8p0/what_fees_are_considered_high_for_401k,Human,99.85000000000001
https://www.reddit.com/r/personalfinance/comments/12r5fou/can_someone_explain_to_a_nonamerican_how_401k,Human,99.46000000000001
https://www.reddit.com/r/personalfinance/comments/1bp86ha/is_401k_worth_it_for_low_earners,Human,99.66000000000001
https://www.reddit.com/r/personalfinance/comments/1c7pl0f/what_are_the_financial_benefits_of_owning_a_house,Human,99.85000000000001
https://www.reddit.com/r/personalfinance/comments/1gtd9jw/can_someone_explain_what_and_index_fund_is_and,Human,99.85000000000001
https://www.reddit.com/r/personalfinance/comments/1jcctuz/question_about_divorce_and_social_security,Human,99.85000000000001
https://www.reddit.com/r/personalfinance/comments/5accmt/you_never_have_to_pay_to_check_your_credit_score,Human,98.83
https://www.reddit.com/r/personalfinance/comments/mkt08c/401k_for_dummies,Human,99.66000000000001
https://www.reddit.com/r/personalfinance/comments/p1ntnu/are_there_any_real_major_downsides_to_roth,Human,99.56
https://www.reddit.com/r/personalfinance/comments/pami2f/life_insurance_whats_the_average_cost_and_is_it,Human,98.72999999999999
https://www.reddit.com/r/personalfinance/comments/xtyvwi/what_are_the_pros_and_cons_of_filing_bankruptcy,Human,98.54
https://www.reddit.com/r/psychology/comments/1m18n2z/new_research_shows_the_psychological_toll_of_the,Human,98.88
https://www.reddit.com/r/science/comments/1cc1kp8/migraine_is_associated_with_a_higher_risk_of,Human,98.63
https://www.redfin.com/blog/what-is-a-mortgage,Human,99.71
https://www.regionalcancercare.org/cancer-types/breast-cancer/risk-factors,Human,99.9
https://www.renaissancerecovery.com/signs-of-anxiety,Human,99.76
https://www.renalandurologynews.com/news/cdc-says-covid-19-cases-rising-in-25-states,Human,99.9
https://www.researchgate.net/post/what_are_the_main_reasons_of_heart_attack,Human,67.33
https://www.researchgate.net/post/what_are_the_symptoms_of_diabetes_what_causes_it,Human,58.74
https://www.researchgate.net/publication/229050639_accounting_conservatism_and_bankruptcy_risk,Human,99.9
https://www.researchgate.net/publication/280844496_pathophysiology_of_type_2_diabetes_and_its_treatment_policy,Human,75.33999999999999
https://www.researchgate.net/publication/305204070_a_review_on_diabetes_mellitus,Human,84.47
https://www.researchgate.net/publication/335775441_treatment_of_hypertension_in_patients_with_asthma,Human,81.2
https://www.researchgate.net/publication/45095691_relationship_between_asthma_and_high_blood_pressure_among_adolescents_in_aracaju_brazil,Human,90.14
https://www.reserveinvestments.com/blog/the-ultimate-guide-to-selecting-the-right-401k-plan-for-your-employees,AI,100
https://www.residentialmtg.com/blog/254482/purchasing-a-home/what-are-the-financial-benefits-of-owning-a-home,AI,100
https://www.resolvemedicalbills.com/blog/reducing-the-costs-of-diabetes-a-step-toward-financial-health,AI,100
https://www.rethink.org/advice-and-information/about-mental-illness/mental-health-conditions/anxiety-disorders,Human,98.83
https://www.retinarisk.com/blog/skyrocketing-insulin-prices-challenge-diabetes-management,Human,99.95
https://www.retireguide.com/retirement-planning/risks/medical-bankruptcy-statistics,Human,95.7
https://www.retirementliving.com/best-identity-theft-protection,Human,99.46000000000001
https://www.retirementwatch.com/guide-to-wills-the-definitive-guide-to-your-last-will-and-testament,Human,99.95
https://www.retirewithbmore.com/rsc-web-preauth/resource-center/videos/watch/what-is-a-401k,Human,99.17
https://www.reuters.com/business/finance/social-security-fix-no-one-is-talking-about-2024-05-07,Human,99.8
https://www.reuters.com/business/healthcare-pharmaceuticals/cdc-expert-resigns-covid-vaccines-advisory-role-sources-say-2025-06-03,Human,99.66000000000001
https://www.reuters.com/business/healthcare-pharmaceuticals/us-drops-covid-vaccine-recommendations-healthy-children-pregnant-women-2025-05-27,Human,99.85000000000001
https://www.revenue.wi.gov/pages/faqs/ise-studentloan.aspx,Human,99.22
https://www.reviews.io/company-reviews/store/trademark-attorneys.co,Human,99.85000000000001
https://www.reviews.io/company-reviews/store/ustrademarkprofessional.com,Human,99.66000000000001
https://www.reviews.io/company-reviews/store/ustrademarkregistry.com,Human,99.9
https://www.revolutionenglish.org/filing-taxes-as-an-immigrant-the-basics,Human,99.07000000000001
https://www.rheumatologyadvisor.com/features/juvenile-idiopathic-arthritis-management-and-measures,Human,99.76
https://www.richmondfed.org/publications/research/econ_focus/2021/q2-3/district_digest,Human,99.9
https://www.rick-valdez.com/the-benefits-of-using-a-home-mortgage-loan,AI,100
https://www.rinvoq.com,Human,99.85000000000001
https://www.risk.net/journal-of-credit-risk/7956909/benchmarking-machine-learning-models-to-predict-corporate-bankruptcy,Human,99.76
https://www.rmrklaw.com/blog/2019/december/7-signs-your-marriage-is-over-according-to-exper,Human,96.73
https://www.roche.com/stories/eight-signs-of-breast-cancer-you-might-not-know-about,Human,99.9
https://www.rochesterregional.org/hub/panic-attack-vs-heart-attack,Human,98.44000000000001
https://www.rocketdollar.com/pricing,Human,99.02
https://www.rockethomes.com/blog/home-buying/what-is-a-mortgage,Human,100
https://www.rockethq.com/learn/personal-finances/student-loan-forgiveness,Human,99.11999999999999
https://www.rocketlawyer.com/business-and-contracts/intellectual-property/trademarks/legal-guide/how-to-register-a-trademark,Human,98.92999999999999
https://www.rocketlawyer.com/business-and-contracts/intellectual-property/trademarks/legal-guide/what-are-the-steps-to-register-a-trademark,Human,99.32
https://www.rocketlawyer.com/family-and-personal/estate-planning/make-a-will/document/last-will-and-testament,Human,99.51
https://www.rocketmoney.com/learn/homeownership/how-to-get-a-mortgage-a-step-by-step-guide,Human,99.8
https://www.rocketmoney.com/learn/investing/index-funds,Human,92.72
https://www.rocketmortgage.com/home-loans/home-equity-loan,Human,99.02
https://www.rocketmortgage.com/learn/mortgage-default,Human,99.66000000000001
https://www.rocketmortgage.com/learn/what-credit-score-is-needed-to-buy-a-house,Human,99.32
https://www.rocketmortgage.com/learn/what-is-a-mortgage,Human,99.56
https://www.rockymountaincancercenters.com/breast-cancer/signs-symptoms,Human,97.61
https://www.romanolaw.com/entertainment/trademark-registration,Human,97.95
https://www.roswellpark.org/cancertalk/202302/can-breast-cancer-be-treated-without-surgery,Human,97.02
https://www.rottentomatoes.com/m/anxiety_2024,Human,99.51
https://www.roundsandsutter.com/cooper-vs-social-security-administration,Human,99.95
https://www.rpmpmr.com/2023/02/10/top-6-treatment-options-for-hand-arthritis,Human,99.9
https://www.rrfinancialadvisors.com/post/4-benefits-of-a-roth-ira,Human,99.95
https://www.rush.edu/conditions/diabetes,Human,99.71
https://www.rwjbh.org/treatment-care/cancer/types-of-cancer/breast-cancer/symptoms,Human,99.8
https://www.rwjbh.org/treatment-care/heart-and-vascular-care/diseases-conditions/heart-attack,Human,99.95
https://www.rwjbh.org/treatment-care/heart-and-vascular-care/diseases-conditions/high-blood-pressure,Human,99.9
https://www.rxteach.com/migraines-a-quick-guide,Human,99.9
https://www.sabal.finance/glossary/wills/last-will-and-testament,Human,99.71
https://www.saberhealth.com/news/blog/signs-of-breast-cancer,Human,99.9
https://www.sacbee.com/opinion/article310818700.html,Human,99.85000000000001
https://www.safehome.org/compare/lifelock-vs-discover-identity-theft-protection,Human,99.8
https://www.safehome.org/compare/lifelock-vs-equifax,Human,99.8
https://www.safehome.org/identity-theft-protection/best,Human,99.27
https://www.safehome.org/identity-theft-protection/discover,Human,99.46000000000001
https://www.safewise.com/resources/best-identity-theft-protection,Human,99.46000000000001
https://www.sahealth.sa.gov.au/wps/wcm/connect/public+content/sa+health+internet/conditions/poisons/food+poisoning+-+including+symptoms+treatment+and+prevention,Human,99.8
https://www.saintlukeskc.org/health-library/overview-diabetes-complications,Human,99.46000000000001
https://www.saintlukeskc.org/health-library/understanding-asthma,Human,98.58
https://www.saintlukeskc.org/health-library/what-arthritis,Human,99.41
https://www.salliemae.com/blog/student-loan-forgiveness-programs,Human,99.02
https://www.salliemae.com/blog/what-to-use-student-loans-for,Human,99.8
https://www.salliemae.com/college-planning/student-loans-and-borrowing/compare-federal-vs-private-loans/federal-student-loans,Human,97.71
https://www.salliemae.com/college-planning/tools/student-loan-repayment-calculator,Human,99.8
https://www.salliemae.com/student-loans,Human,97.11999999999999
https://www.salliemae.com/student-loans/manage-your-private-student-loan/understand-student-loan-payments/federal-loan-repayment-information,Human,99.85000000000001
https://www.samhsa.gov,Human,99.8
https://www.samhsa.gov/mental-health/what-is-mental-health/conditions/anxiety,Human,99.85000000000001
https://www.samhsa.gov/mental-health/what-is-mental-health/conditions/depression,Human,99.85000000000001
https://www.sanantoniorecoverycenter.com/rehab-blog/3-benefits-of-anxiety-treatment,Human,99.95
https://www.saraswatihospitals.com/how-hypertension-affects-the-heart-and-ways-to-control-it,AI,100
https://www.saskatchewan.ca/residents/education-and-learning/saskatchewan-student-aid,Human,99.95
https://www.saskatchewan.ca/residents/justice-crime-and-the-law/answering-legal-questions/bankruptcy/consequences-of-bankruptcy,Human,99.95
https://www.savingforcollege.com/article/how-do-student-loans-work,Human,99.17
https://www.savingforcollege.com/article/how-much-student-loan-debt-is-too-much,Human,98.54
https://www.savingforcollege.com/article/student-loan-forgiveness,Human,98.63
https://www.savingforcollege.com/article/student-loan-repayment-assistance-plan-rap,Human,99.17
https://www.savingforcollege.com/article/student-loans-are-not-financial-aid,Human,99.46000000000001
https://www.savingforcollege.com/article/the-complete-guide-to-applying-for-student-loans,Human,97.41
https://www.savingforcollege.com/article/whats-the-current-state-of-student-loan-forgiveness,Human,93.02
https://www.sba.gov/business-guide/plan-your-business/establish-business-credit,Human,99.9
https://www.sba.gov/funding-programs/loans/504-loans,Human,99.85000000000001
https://www.sba.gov/funding-programs/loans/covid-19-relief-options/paycheck-protection-program/ppp-loan-forgiveness,Human,99.85000000000001
https://www.sba.gov/funding-programs/loans/covid-19-relief-options/reporting-identity-theft,Human,99.85000000000001
https://www.sbmf.org/know-the-risks-of-high-blood-pressure,Human,99.8
https://www.scbh.com/what-we-treat/mental-health-disorders-we-treat/depressive-disorders/depression,Human,99.9
https://www.schwab.com/ira,Human,99.11999999999999
https://www.schwab.com/ira/ira-calculators/roth-ira-conversion,Human,99.41
https://www.schwab.com/ira/roth-ira,Human,98.88
https://www.schwab.com/ira/roth-vs-traditional-ira,Human,98.1
https://www.schwab.com/learn/story/backdoor-roth-is-it-right-you,Human,99.07000000000001
https://www.schwab.com/learn/story/etf-vs-mutual-fund-it-depends-on-your-strategy,Human,99.07000000000001
https://www.schwab.com/learn/story/how-do-401ks-work-frequently-asked-questions,Human,99.46000000000001
https://www.schwab.com/learn/story/how-to-improve-credit-score,Human,99.51
https://www.schwab.com/learn/story/should-you-consider-roth-401k,Human,98.68
https://www.schwab.com/learn/story/what-are-index-funds,Human,99.32
https://www.schwab.com/mortgages/mortgage-rates,Human,98.05
https://www.schwab.com/small-business-retirement-plans/individual-401k-plans,Human,99.22
https://www.schwabmoneywise.com/investment-fees-calculator,Human,99.22
https://www.science.org/content/article/migraine-aura-trigger-headache,Human,99.9
https://www.sciencealert.com/first-uk-patients-receive-diabetes-drug-that-delays-symptoms-by-years,Human,99.95
https://www.sciencedirect.com/journal/diabetes-and-metabolic-syndrome-clinical-research-and-reviews,Human,99.95
https://www.sciencedirect.com/journal/diabetes-research-and-clinical-practice,Human,99.9
https://www.sciencedirect.com/science/article/abs/pii/s0047272721000591,Human,99.9
https://www.sciencedirect.com/science/article/abs/pii/s0149291820303271,Human,99.9
https://www.sciencedirect.com/science/article/abs/pii/s014976342100381x,Human,99.95
https://www.sciencedirect.com/science/article/abs/pii/s1042957324000159,Human,99.85000000000001
https://www.sciencedirect.com/science/article/abs/pii/s1544612322000083,Human,99.9
https://www.sciencedirect.com/science/article/abs/pii/s1544612323002234,Human,100
https://www.sciencedirect.com/science/article/abs/pii/s154461232500251x,Human,99.41
https://www.sciencedirect.com/science/article/abs/pii/s1871402121001545,Human,99.95
https://www.sciencedirect.com/science/article/abs/pii/s2211034825001373,AI,100
https://www.sciencedirect.com/science/article/pii/030698779090076q,Human,99.95
https://www.sciencedirect.com/science/article/pii/b9780128130049000025,Human,99.9
https://www.sciencedirect.com/science/article/pii/s001236921640108x,Human,99.85000000000001
https://www.sciencedirect.com/science/article/pii/s014976342100381x,Human,99.95
https://www.sciencedirect.com/science/article/pii/s0149763424000630,Human,99.95
https://www.sciencedirect.com/science/article/pii/s0165032710003186,Human,90.62
https://www.sciencedirect.com/science/article/pii/s0165032721009411,Human,89.21
https://www.sciencedirect.com/science/article/pii/s0165178119306742,Human,89.36
https://www.sciencedirect.com/science/article/pii/s075333222030901x,Human,90.58
https://www.sciencedirect.com/science/article/pii/s0753332223015329,Human,89.01
https://www.sciencedirect.com/science/article/pii/s0887618523001330,Human,90.09
https://www.sciencedirect.com/science/article/pii/s092544391730011x,Human,89.84
https://www.sciencedirect.com/science/article/pii/s1521694217300335,Human,90.72
https://www.sciencedirect.com/science/article/pii/s1526820921001737,Human,89.55
https://www.sciencedirect.com/science/article/pii/s1544612323002234,Human,91.5
https://www.sciencedirect.com/science/article/pii/s1544612324010353,Human,90.97
https://www.sciencedirect.com/science/article/pii/s1751991821001698,Human,91.21000000000001
https://www.sciencedirect.com/science/article/pii/s1871402118304181,Human,90.92
https://www.sciencedirect.com/science/article/pii/s2212877820301186,Human,90.42999999999999
https://www.sciencedirect.com/science/article/pii/s2213219815003906,Human,88.77000000000001
https://www.sciencedirect.com/science/article/pii/s2376060524000567,Human,88.72
https://www.sciencedirect.com/science/article/pii/s2589909019300127,Human,88.72
https://www.sciencedirect.com/science/article/pii/s2667278221000444,Human,88.53
https://www.sciencedirect.com/science/article/pii/s2950004424000063,Human,91.60000000000001
https://www.sciencedirect.com/topics/agricultural-and-biological-sciences/bronchodilator,Human,99.9
https://www.sciencedirect.com/topics/economics-econometrics-and-finance/health-care-reform,Human,99.95
https://www.sciencedirect.com/topics/social-sciences/health-reform,Human,99.76
https://www.scientificamerican.com/article/the-link-between-weather-and-migraines-explained-by-a-neurologist,Human,99.95
https://www.scimagojr.com/journalsearch.php,Human,99.66000000000001
https://www.scip.law/what-is-a-trademark-and-how-do-i-get-one-25560,Human,99.8
https://www.scope.org.uk/advice-and-support/benefits-and-mental-health,Human,99.17
https://www.scope.org.uk/advice-and-support/mortgages,AI,99.76
https://www.scotiabank.com/ca/en/personal/advice-plus/features/posts.difference-between-loan-and-mortgage.html,Human,99.95
https://www.scotiabank.com/ca/en/personal/mortgages/mortgage-calculator.html,Human,99.9
https://www.scripps.org/news_items/6977-how-does-covid-19-affect-people-with-diabetes,Human,99.37
https://www.scripps.org/news_items/7567-heart-attack-panic-attack-anxiety-and-indigestion-what-s-the-difference,Human,99.27
https://www.scripps.org/services/cancer-care/breast-cancer/signs-symptoms,Human,99.27
https://www.sdretirementplans.com/benefits-of-roth-ira,AI,100
https://www.sdretirementplans.com/what-is-401k,Human,99.76
https://www.seasiderheum.com/natural-remedies-for-rheumatic-diseases-encinitas,Human,99.95
https://www.seattletimes.com/business/retirement-plan-fees-level-out-how-does-your-401k-compare,Human,98.72999999999999
https://www.securian.com/insights-tools/articles/last-will-and-testament.html,Human,99.8
https://www.security.org/identity-theft,Human,98.63
https://www.security.org/identity-theft/best,Human,99.37
https://www.security.org/identity-theft/best/family,Human,99.85000000000001
https://www.security.org/identity-theft/best/restoration,Human,99.85000000000001
https://www.security.org/identity-theft/best/seniors,Human,99.11999999999999
https://www.security.org/identity-theft/protection,Human,99.71
https://www.security.uci.edu/how-to/identity-theft-protection-tips,Human,100
https://www.securitybenefit.com/financial-professionals/details/ira-and-ira-roth,Human,98.54
https://www.securityhero.io/our-testing-process,Human,100
https://www.segaltrials.com/the-benefits-of-research-on-anxiety,AI,99.71
https://www.self.com/story/anxiety-disorder-symptoms,Human,99.9
https://www.self.com/story/risk-of-high-blood-pressure,Human,99.95
https://www.self.com/story/understanding-hypertension,Human,99.41
https://www.seniorfinancial.org/best-identity-theft-protection-for-seniors-in-2019,Human,100
https://www.seniorliving.org/finance/estate-planning/wills,Human,96.28999999999999
https://www.seniorliving.org/identity-theft-protection/best,Human,98.14
https://www.serenityclinic.care/role-of-lifestyle-changes-in-depression-treatment,AI,100
https://www.sfpbenefits.com/health-care-reform,Human,100
https://www.sgrlaw.com/increasing-trademark-scams-discussed-at-uspto-forum,Human,99.9
https://www.sharebuilder401k.com,Human,99.95
https://www.sharebuilder401k.com/blog/how-to-assess-and-compare-401k-plan-costs,Human,100
https://www.sharebuilder401k.com/blog/how-to-choose-the-best-401-k-provider-for-your-business,Human,99.95
https://www.sharebuilder401k.com/help/401k-cost-comparison,Human,100
https://www.sharecare.com/diabetes/10-diabetes-complications,Human,99.9
https://www.shelbycountytn.gov/223/circuit-court,Human,99.95
https://www.shemdpodcast.com/risk-calculator,Human,99.32
https://www.shopify.com/blog/trademarks-small-business,Human,99.61
https://www.shoremedicalcenter.org/news/breast-cancer-rise-among-younger-women-and-asian-americans-new-report-shows,AI,99.95
https://www.shortform.com/blog/benefits-of-anxiety,Human,99.95
https://www.shrm.org/topics-tools/news/benefits-compensation/identity-theft-protection-employee-benefit,Human,95.65
https://www.shumaker.com/insight/business-bankruptcy-executive-summary-need-to-know-bankruptcy-concepts-2,Human,99.95
https://www.silverfort.com/glossary/identity-protection,Human,99.9
https://www.simonfitzgerald.com/faq/how-does-bankruptcy-affect-personal-assets-in-a-small-business-scenario-in-louisiana,AI,99.56
https://www.simplyretirement.com/financial-professionals/retirement-plans,Human,99.95
https://www.simtrade.fr/blog_simtrade/chapter-11-bankruptcies-a-strategic-insight-on-reorganisations,AI,100
https://www.singhealth.com.sg/symptoms-treatments/gastroenteritis-food-poisoning,Human,99.41
https://www.singlecare.com/blog/anxiety-and-blood-pressure,Human,99.9
https://www.singlecare.com/blog/arthritis-pain-relief,Human,99.11999999999999
https://www.singlecare.com/blog/migraine-definition,Human,99.8
https://www.singlecare.com/conditions/diabetes-symptoms,Human,99.9
https://www.singlecare.com/conditions/type-2-diabetes-treatment-and-medications,Human,99.95
https://www.sja.org.uk/first-aid-advice/food-poisoning,Human,99.95
https://www.sja.org.uk/get-advice/first-aid-advice/heart-conditions/heart-attack,Human,99.95
https://www.sju.edu/centers/icb/blog/health-care-reform-duties-and-responsibilities-of-the-stakeholders,Human,100
https://www.skedoc.com/health-topics/arthritis/arthritis-symptoms-causes-types-treatment-,Human,99.9
https://www.sliconnect.org/anxiety-benefits-and-drawbacks,AI,100
https://www.smartbusinessreports.com/pdp.aspx,Human,99.46000000000001
https://www.smartcredit.com,Human,99.56
https://www.smartmoneyhabits.com/mortgages/what-is-a-mortgage,AI,96.63000000000001
https://www.smedleylawgroup.com/blog/8-signs-divorce-may-be-in-your-future,Human,99.8
https://www.smithschafer.com/blog/what-are-the-pros-and-cons-of-roth-iras,Human,99.95
https://www.smithsonianmag.com/smart-news/michelangelo-may-have-had-arthritis-180958056,Human,100
https://www.snhu.edu/about-us/newsroom/education/what-is-a-student-loan,Human,99.95
https://www.soa.org/sections/product-dev/product-dev-newsletter/2022/june/pm-2022-06-lombardo-ruiz,Human,99.71
https://www.soarion.org/invest/individual-retirement-accounts/roth-ira,Human,99.76
https://www.socialworkers.org/advocacy/policy-issues/student-loan-debt-relief-for-social-workers,Human,98.29
https://www.sofi.com/financial-insights/credit-score-monitoring,Human,99.85000000000001
https://www.somersortho.com/services/arthritis,Human,99.66000000000001
https://www.sos.state.tx.us/corp/tradefaqs.shtml,Human,99.66000000000001
https://www.soundpainalliance.com/conditions/joints/arthritis,Human,98.88
https://www.southdenvertherapy.com/blog/health-risks-for-those-with-depression,AI,100
https://www.spbh.org/what-is-anxiety-disorder,Human,99.9
https://www.spine-health.com/conditions/arthritis/symptoms-arthritis-spine,Human,99.95
https://www.spokesman.com/stories/2020/may/20/diabetes-and-covid-19-what-you-should-know,Human,99.85000000000001
https://www.spotsaas.com/blog/10-best-401k-service-providers-2025,AI,99.27
https://www.springermedicine.com/breast-cancer/hormone-replacement-therapy/risk-for-young-onset-breast-cancer-differs-hormone-therapy-type/51235052,Human,99.95
https://www.sprintdiagnostics.in/blog/depression-signs-causes-treatment,Human,99.76
https://www.ssa.gov/benefits/disability/qualify.html,Human,99.95
https://www.ssa.gov/benefits/retirement/planner/credits.html,Human,99.11999999999999
https://www.ssa.gov/disability/disability.html,Human,99.95
https://www.ssa.gov/disability/professionals/bluebook/11.00-neurological-adult.htm,Human,99.95
https://www.ssa.gov/disability/professionals/bluebook/112.00-mentaldisorders-childhood.htm,Human,99.95
https://www.ssa.gov/disability/professionals/bluebook/12.00-mentaldisorders-adult.htm,Human,99.95
https://www.ssa.gov/disability/professionals/bluebook/14.00-immune-adult.htm,Human,99.95
https://www.ssa.gov/disability/professionals/bluebook/3.00-respiratory-adult.htm,Human,99.95
https://www.ssa.gov/disability/professionals/bluebook/4.00-cardiovascular-adult.htm,Human,99.95
https://www.ssa.gov/family,Human,99.11999999999999
https://www.ssa.gov/faqs/en/questions/ka-02459.html,Human,99.95
https://www.ssa.gov/forms/ssa-2.html,Human,99.95
https://www.ssa.gov/fraud,Human,99.9
https://www.ssa.gov/immigration,Human,100
https://www.ssa.gov/myaccount/statement.html,Human,99.46000000000001
https://www.ssa.gov/oact/tr,Human,99.9
https://www.ssa.gov/oact/trsum,Human,99.85000000000001
https://www.ssa.gov/op_home/cfr20/404/404-0331.htm,Human,99.95
https://www.ssa.gov/op_home/rulings/oasi/41/ssr79-04-oasi-41.html,Human,99.95
https://www.ssa.gov/policy/docs/policybriefs/pb2004-01.html,Human,99.66000000000001
https://www.ssa.gov/policy/docs/projections/populations/divorced-spousal-2050.html,Human,99.85000000000001
https://www.ssa.gov/policy/docs/research-summaries/divorce-women-retirement.html,Human,99.9
https://www.ssa.gov/policy/docs/ssb/v70n3/v70n3p111.html,Human,99.9
https://www.ssa.gov/policy/docs/ssb/v72n1/v72n1p11.html,Human,99.9
https://www.ssa.gov/policy/docs/statcomps/di_asr/2021/sect05.html,Human,99.32
https://www.ssa.gov/retirement,Human,99.9
https://www.ssa.gov/ssi/text-entitle-ussi.htm,Human,99.85000000000001
https://www.ssa.gov/ssi/text-resources-ussi.htm,Human,99.61
https://www.ssa.gov/survivor,Human,98.97
https://www.sshelpcenter.com/articles/how-can-i-qualify-for-social-security-disability-benefits-for-my-depression,Human,100
https://www.ssmhealth.com/services/heart-vascular/heart-attack,Human,99.9
https://www.ssmhealth.com/services/heart-vascular/women-heart-disease/heart-attack-symptoms-in-women,Human,99.85000000000001
https://www.standardbank.co.za/southafrica/personal/learn/a-student-loan-to-take-you-from-goal-to-graduation,Human,99.95
https://www.stanzioneiplaw.com/understanding-the-trademark-registration-process,Human,99.76
https://www.starcourier.com/story/news/2025/07/16/how-illinoisans-can-search-for-their-unclaimed-401k-accounts/85244468007,Human,99.95
https://www.statefarm.com/finances/retirement-plans-iras/individual-retirement-accounts/roth-ira,Human,99.95
https://www.statefarm.com/insurance/life/term-life,Human,99.8
https://www.statefarm.com/simple-insights/financial/what-is-identity-fraud,Human,99.46000000000001
https://www.statista.com/statistics/374436/average-worldwide-cost-per-diabetes-patient-by-region,Human,99.76
https://www.statnews.com/2024/06/13/insulin-cost-copay-medicare-biden-trump,Human,99.9
https://www.statueofliberty.org/ellis-island,Human,99.51
https://www.stelizabeth.com/care/medical-services-2/heart-vascular/symptoms-of-a-heart-attack,Human,99.46000000000001
https://www.stepchange.org/debt-info/how-bankruptcy-affects-me.aspx,Human,99.95
https://www.stepchange.org/how-we-help/bankruptcy.aspx,Human,99.95
https://www.stlukeshealth.org/resources/what-exactly-happens-during-heart-attack,Human,95.95
https://www.stlukeshealth.org/services-specialties/cardiovascular-care/heart-conditions/heart-attack,Human,96.67999999999999
https://www.stlukeshealth.org/services-specialties/diabetes-care/treatment,Human,99.66000000000001
https://www.stockbrokers.com/guides/best-roth-ira-accounts,Human,99.76
https://www.stopfakes.gov/article,Human,99.37
https://www.stpatricks.ie/mental-health/anxiety,Human,95.21
https://www.straitstimes.com/singapore/world-diabetes-day-shining-the-spotlight-on-diabetes-in-women,Human,99.9
https://www.streeterlaw.com/three-types-wills,Human,100
https://www.stresscoach.app/blog/the-not-so-obvious-benefits-of-anxiety,Human,100
https://www.stroke.org.uk/stroke/managing-risk/migraines-and-stroke,Human,99.85000000000001
https://www.studylink.govt.nz/products/a-z-products/student-loan/index.html,Human,99.71
https://www.sugarfit.com/blog/anxiety-and-high-blood-pressure,Human,98.39
https://www.summahealth.org/flourish/entries/2018/04/how-does-anxiety-influence-your-health,Human,100
https://www.summahealth.org/flourish/entries/2021/10/what-does-high-risk-for-breast-cancer-really-mean,Human,99.95
https://www.summahealth.org/flourish/entries/2025/04/diabetes-know-your-risks,Human,99.9
https://www.summitortho.com/find-care/services-conditions/arthritis-care/arthritis-video-library/signs-of-arthritis,Human,99.95
https://www.sunsethq.com/glossary/insolvency-risks,AI,100
https://www.sunshinecitycounseling.com/blog/overcoming-anxiety-a-comprehensive-guide-to-effective-treatments-and-therapy,AI,99.95
https://www.superlawyers.com/resources/trademarks/what-are-the-steps-to-getting-a-trademark,Human,99.32
https://www.survivingbreastcancer.org/riskfactors,Human,94.53
https://www.survivornet.com/articles/risk-factors-for-breast-cancer,Human,99.46000000000001
https://www.sutterhealth.org/ask-an-expert/answers/heart-attack-vs-severe-anxiety-1051061333,Human,90.09
https://www.sutterhealth.org/health/early-signs-of-a-heart-attack,Human,64.25999999999999
https://www.suu.edu/blog/2016/06/what-is-a-student-loan.html,Human,99.95
https://www.swmconline.com/news-stories/news/dangers-of-high-blood-pressure,Human,99.85000000000001
https://www.synchrony.com/financing/credit-cards,Human,99.66000000000001
https://www.synchrony.com/legal/fraud-protection,Human,99.61
https://www.syscobenefits.com/benefits/identity-theft-protection-plan,Human,99.37
https://www.takechargeamerica.org/understanding-the-consequences-of-bankruptcy,Human,99.71
https://www.takingcharge.csh.umn.edu/what-is-anxiety,Human,99.85000000000001
https://www.talkiatry.com/blog/stomach-pain-anxiety,Human,100
https://www.talkiatry.com/blog/what-anxiety-medication-is-best-for-me,Human,99.95
https://www.talkspace.com/mental-health/conditions/articles/anxiety-nausea,Human,99.9
https://www.talkspace.com/mental-health/conditions/articles/unexpected-positive-attributes-anxiety,Human,99.95
https://www.talkspace.com/mental-health/conditions/generalized-anxiety-disorder/symptoms,Human,99.85000000000001
https://www.tallahassee.com/story/news/2025/07/14/will-trump-reverse-student-loan-forgiveness-pslf/84516280007,Human,98.58
https://www.tamus.edu/benefits/benefits-administration/general-benefit-information/id-protection,Human,99.66000000000001
https://www.tandemdiabetes.com/products/insulin-pumps/t-slim-x2-insulin-pump,Human,99.9
https://www.tandfonline.com/doi/full/10.1080/02673843.2019.1590851,Human,99.95
https://www.tateesq.com/learn/student-loan-forgiveness-single-mothers,Human,97.41
https://www.taxnotes.com/lr/resolve/research/1kd35,Human,99.95
https://www.tcimedicine.com/post/can-you-cure-hypertension,Human,99.37
https://www.tcnf.legal/practice-areas/social-security/medical-conditions/depression,Human,99.85000000000001
https://www.td.com/ca/en/investing/direct-investing/articles/etf-vs-index-fund,Human,99.41
https://www.tdi.texas.gov/tips/id-theft.html,Human,99.9
https://www.techradar.com/best/best-identity-theft-protection,Human,99.71
https://www.techtarget.com/whatis/definition/401k,Human,99.95
https://www.tedonemortonlaw.com/joliet-il-lawyer/how-does-divorce-impact-social-security-benefits,Human,99.66000000000001
https://www.teenlife.com/blog/6-things-to-know-about-student-loans,Human,99.56
https://www.telegraph.co.uk/health-fitness/wellbeing/mental-health/the-subtle-signs-youre-heading-divorce,Human,99.8
https://www.tembomoney.com/learn/what-is-an-index-fund,Human,99.61
https://www.tempedcp.com/rsc-web-preauth/resource-center/videos/watch/what-is-a-401k,Human,99.76
https://www.templehealth.org/about/blog/heart-attack-symptoms-men-women-differences,Human,99.71
https://www.texasattorneygeneral.gov/child-support/get-started/how-apply-child-support,Human,99.9
https://www.texasattorneygeneral.gov/consumer-protection/identity-theft/help-prevent-identity-theft,Human,100
https://www.texasattorneygeneral.gov/consumer-protection/identity-theft/what-identity-theft,Human,99.8
https://www.texashealth.org/areyouawellbeing/health-and-well-being/how-to-bounce-back-after-food-poisoning,AI,56.84
https://www.texasheart.org/heart-health/heart-information-center/topics/heart-attack,Human,99.11999999999999
https://www.texasheart.org/heart-health/heart-information-center/topics/heart-attack-warning-signs,Human,99.66000000000001
https://www.texasmedclinic.com/how-do-i-manage-this-wretched-food-poisoning,Human,99.8
https://www.tezspire.com,Human,99.37
https://www.the-independent.com/news/health/menopause-hrt-breast-cancer-risk-b2779792.html,Human,99.56
https://www.thebalancemoney.com/how-401k-plans-work-4135451,AI,99.76
https://www.thebalancemoney.com/what-are-the-risks-of-a-roth-ira-5235417,Human,99.95
https://www.thebalancemoney.com/what-is-a-last-will-and-testament-3505185,Human,98.72999999999999
https://www.thebalancemoney.com/what-roth-ira-fees-do-i-owe-5270461,Human,99.41
https://www.thebankruptcysite.org/legal-advice/bankruptcy/filing-bankruptcy/can-i-declare-bankruptcy-only-income-social-security,Human,99.85000000000001
https://www.thebankruptcysite.org/resources/bankruptcy/exemptions/if-i-file-bankruptcy-will-i-lose-all-my-personal-property.htm,Human,99.56
https://www.theblock.co/post/363266/trump-eyeing-executive-order-to-allow-crypto-gold-and-private-equity-in-401k-retirement-plans-report,Human,99.95
https://www.thecentersquare.com/national/article_2d1a4e76-d7fe-11ee-aad3-47886d6d6a7b.html,Human,99.56
https://www.theedgetreatment.com/mental-disorders/anxiety-disorder,Human,99.51
https://www.theemtspot.org/can-anxiety-cause-high-blood-pressure,Human,99.8
https://www.theentrustgroup.com/blog/self-directed-roth-ira,Human,98.78
https://www.thegellerlawgroup.com/how-to-register-your-trademark-with-the-uspto,Human,99.9
https://www.theglobeandmail.com/investing/markets/markets-news/motley%20fool/33495817/want-1-million-in-retirement-4-simple-index-funds-to-buy-and-hold-for-decades,Human,100
https://www.thegoodlawgroup.com/blog/depression-social-security-disability,Human,85.74000000000001
https://www.theguardian.com/books/2022/mar/25/the-anatomy-of-anxiety-by-ellen-vora-review-the-two-types-of-unease,Human,99.85000000000001
https://www.theguardian.com/lifeandstyle/2010/jul/19/beat-depression-without-drugs,Human,99.85000000000001
https://www.theguardian.com/society/2024/jan/14/unlocking-the-truth-about-diabetes-is-it-time-for-a-diet-based-treatment,Human,99.8
https://www.theguardian.com/society/2025/mar/09/new-treatment-could-cure-high-blood-pressure-due-to-primary-aldosteronism,Human,99.9
https://www.theguardian.com/us-news/2025/apr/08/irs-ice-tax-data,Human,99.66000000000001
https://www.thehealthsite.com/diseases-conditions/hypertension-7-health-dangers-caused-by-high-blood-pressure-938350,Human,100
https://www.thehealthsite.com/photo-gallery/diseases-conditions-surprising-science-backed-benefits-of-anxiety-k0817-512521/benefits-of-anxiety-512527,Human,100
https://www.thehealthsite.com/videos/risk-factors-in-arthritis-long-term-risks-involved-in-arthritis-watch-video-916964,Human,99.41
https://www.thehealthy.com/diabetes/type-2-diabetes/signs-diabetes,Human,99.95
https://www.thehealthy.com/high-blood-pressure/can-anxiety-cause-high-blood-pressure,Human,99.95
https://www.thehortongroup.com/resources/the-importance-of-identity-theft-insurance,Human,99.71
https://www.thelancet.com/journals/lancet/article/piis0140-6736(21)00359-7/fulltext,Human,99.9
https://www.themortgagehut.co.uk/mortgage-on-benefits,Human,99.95
https://www.themortgageworks.co.uk,Human,99.51
https://www.themuse.com/advice/what-is-a-401k,Human,99.85000000000001
https://www.thepennyhoarder.com/retirement/401k-plan-guide,Human,99.9
https://www.thepeoples.com/how-do-mortgages-work,Human,99.9
https://www.thepharmacist.co.uk/in-practice/ten-tips-for-providing-effective-diabetes-reviews,Human,99.95
https://www.therapistaid.com/therapy-worksheet/what-is-anxiety,Human,97.85000000000001
https://www.therapycenterofny.com/index.php/blog/182-benefits-of-cognitive-behavioral-therapy-anxiety-disorders,AI,100
https://www.therecoveryvillage.com/mental-health/anxiety/understanding-anxiety-in-recovery,Human,99.51
https://www.therecoveryvillage.com/mental-health/depression/how-long-does-depression-last,Human,99.51
https://www.therecoveryvillage.com/mental-health/depression/living-with-a-depressed-person,Human,99.8
https://www.thesun.co.uk/health/35805080/sunday-scaries-stress-health-threat-increasing-risk-heart-attack,Human,99.95
https://www.thetimes.com/life-style/health-fitness/article/migraine-what-happens-how-to-get-rid-treatment-gzhddwtj5,Human,98.83
https://www.thetrevorproject.org/survey-2024,Human,99.9
https://www.theuniguide.co.uk/advice/student-finance/how-student-finance-actually-works,Human,99.9
https://www.thezebra.com/resources/personal-finance/what-is-a-mortgage,Human,99.9
https://www.thezenparent.com/family/10-signs-youre-headed-for-divorce-10-ways-to-stop-it,Human,95.75
https://www.thinkadvisor.com/2013/07/24/new-tools-ease-401k-cost-comparison-for-advisors,Human,100
https://www.thinkingdirections.com/what-is-anxiety,Human,99.9
https://www.thirteen.org/programs/pbs-newshour/taxpayer-data-1752784855,Human,99.85000000000001
https://www.thirteen.org/programs/pbs-newshour/trump-agenda-immigration-1752696926,Human,99.61
https://www.thomsonmedical.com/blog/arthritis,Human,99.07000000000001
https://www.thowardlaw.com/2021/08/beware-of-private-trademark-registers,Human,99.85000000000001
https://www.thrivent.com/insights/tools/roth-ira-calculator,Human,99.71
https://www.thriventfunds.com/accounts/retirement/roth-ira.html,Human,99.11999999999999
https://www.thumb.bank/personal/deposits/checking/secure-checking/id-theft-protection,Human,99.9
https://www.tiaa.org/public,Human,99.9
https://www.tiaa.org/public/retire/financial-products/iras/roth-ira,Human,99.9
https://www.tidewatermortgage.com/news_blog/benefits-of-using-a-mortgage-lender,Human,100
https://www.timetrex.com/resources/401k-retirement-savings-calculator,Human,97.22
https://www.tkntysonlaw.com/blog/how-to-register-a-trademark-step-by-step,Human,100
https://www.tlhpsychiatry.com/articles/what-is-anxiety-/6,Human,99.02
https://www.tm.org/en-us/benefits/mentalhealth,Human,99.8
https://www.tmh.org/blogs/silent-signs-diabetes-you-shouldnt-ignore,AI,85.11
https://www.tmh.org/healthy-living/blogs/healthy-living/heart-attack-or-panic-attack-heres-how-you-can-tell-the-difference,Human,99.8
https://www.today.com/health/coronavirus/new-covid-variant-nb181-nimbus-symptoms-rcna212304,Human,99.9
https://www.today.com/health/mind-body/signs-of-divorce-rcna70442,Human,99.95
https://www.tomedes.com/translator-hub/migration-vs-immigration,AI,99.9
"https://www.tomsguide.com/us/best-identity-theft-protection,review-2083.html",Human,99.85000000000001
https://www.tonyrobbins.com/blog/401k-fees-matter-video,Human,100
https://www.top10.com/legal-services/reviews/trademark-engine,Human,99.41
https://www.topconsumerreviews.com/best-anxiety-therapy/detailed-reviews.php,Human,98.0
https://www.topconsumerreviews.com/best-trademark-registration-services/reviews/trademark-engine.php,Human,98.97
https://www.topconsumerreviews.com/best-trademark-registration-services/reviews/trademarkia.php,Human,99.71
https://www.toplinemd.com/carreras-medical-center/hypertension-and-anxiety-can-anxiety-cause-high-blood-pressure,Human,99.76
https://www.townofboone.net/263/identity-theft-protection,Human,99.95
https://www.tpr.org/border-immigration/2025-04-08/the-irs-finalizes-a-deal-to-share-tax-information-with-immigration-authorities,Human,98.49
https://www.tradecommissioner.gc.ca/united-states-of-america-etats-unis-amerique/trademark-marques-commerce.aspx,Human,99.61
https://www.trademarkengine.com,Human,99.37
https://www.trademarkengine.com/blog/how-to-trademark-a-name,Human,95.7
https://www.trademarkengine.com/trademarks/trademark-registration,Human,99.95
https://www.trademarklawyerfirm.com/testimonials,Human,99.85000000000001
https://www.trademarklawyerfirm.com/what-it-means-when-your-trademark-is-registered,AI,94.34
https://www.trademarklawyerfirm.com/why-use-a-trademark-attorney/trademark-basics-101,Human,90.86999999999999
https://www.trading212.com/learn/investing-101/investing-index-funds,AI,99.95
https://www.trajectordisability.com/ssdi-and-your-credit-score,AI,100
https://www.tramatm.com/country-guide/united-states,Human,97.22
https://www.tramatm.com/en/country-guide/united-states,Human,97.22
https://www.tramatm.com/en/trademark-questions-and-answers/trademark-registration-process/i-got-a-very-strange-letter-asking-for-additional-payments-for-my-trademark-application-is-it-a-scam,Human,97.22
https://www.tramatm.com/trademark-academy/article/trademark-registration-process,Human,99.95
https://www.transunion.com,Human,99.71
https://www.transunion.com/blog/identity-protection/what-should-i-do-if-i-become-a-victim-of-identity-theft,Human,99.95
https://www.transunion.com/free-credit-monitoring,Human,99.61
https://www.transunion.com/free-credit-report,Human,99.71
https://www.transunion.com/free-credit-score,Human,99.66000000000001
https://www.traumatherapywpb.com/blog/can-depression-be-cured,Human,96.92
https://www.travelers.com/home-insurance/coverage/identity-theft-protection,Human,99.02
https://www.traverselegal.com/blog/what-is-trademark-registration-and-how-do-you-do-it,Human,99.61
https://www.traviswalkerlaw.com/blog/what-is-a-last-will-and-testament-in-florida,Human,99.95
https://www.trentonmi.org/544/prevent-identity-theft-and-scams,Human,99.8
https://www.trialsearch.com/heart-conditions/high-blood-pressure,Human,99.71
https://www.trinet.com/insights/how-does-a-401k-work,Human,99.76
https://www.troweprice.com/personal-investing/accounts/retirement/ira/roth-ira.html,Human,99.9
https://www.troweprice.com/personal-investing/accounts/retirement/small-business/compare-plans.html,Human,99.9
https://www.troweprice.com/personal-investing/resources/insights/four-reasons-401-k-plans-still-make-sense.html,Human,99.46000000000001
https://www.troweprice.com/personal-investing/resources/insights/what-divorcees-should-know-before-claiming-their-social-security-benefits.html,Human,99.95
https://www.troweprice.com/personal-investing/resources/insights/when-to-consider-a-roth-conversion.html,Human,99.85000000000001
https://www.troweprice.com/personal-investing/resources/insights/youre-age-35-50-or-60-how-much-should-you-have-by-now.html,Human,100
https://www.troweprice.com/personal-investing/resources/planning/investing-basics/what-is-a-roth-ira.html,Human,99.85000000000001
https://www.troweprice.com/workplace/en/login.html,Human,99.8
https://www.truancyprevention.org/law/all-about-last-will-and-testament,AI,100
https://www.truist.com/mortgage,Human,99.85000000000001
https://www.trustage.com/life-insurance/quote,Human,97.75
https://www.trustage.com/life-insurance/term-rate-charts,Human,97.85000000000001
https://www.trustpilot.com/review/anxietychecklist.com,Human,97.07000000000001
https://www.trustpilot.com/review/anxietywave.com,Human,99.95
https://www.trustpilot.com/review/trademark-registrar.com,Human,99.95
https://www.trustpilot.com/review/trademarkregistrationagency.com,AI,100
https://www.trustpilot.com/review/ustrademarkregistry.com,Human,99.95
https://www.trustpilot.com/review/www.trademarksforyou.com,Human,100
https://www.trustworthy.com/blog/estate-planning/what-is-a-last-will-and-testament-also-known-as-a-will,AI,99.85000000000001
https://www.tsahc.org/home-buyer-programs,Human,98.0
https://www.tsp.gov,Human,99.8
https://www.tsp.gov/funds-individual,Human,99.61
https://www.tsp.gov/taking-money-from-your-account,Human,99.8
https://www.tuftsmedicine.org/about-us/news/signs-symptoms-heart-attack,Human,99.85000000000001
https://www.txcptig.com/lifelock-identity-protection,Human,100
https://www.tylenol.com/adult-relief/arthritis/arthritis-flare-ups,Human,99.9
https://www.tylenol.com/adult-relief/arthritis/what-is-arthritis,Human,99.95
https://www.uabmedicine.org/news/diabetes-management-needs-more-attention-during-covid-pandemic,Human,99.95
https://www.uabmedicine.org/news/news/anxiety-or-calm-can-cause-false-blood-pressure-readings,Human,99.66000000000001
https://www.ubrelvy.com,Human,99.9
https://www.ucdavis.edu/magazine/how-does-immigration-affect-united-states,Human,99.51
https://www.uchealth.com/en/media-room/articles/know-the-signs-help-save-a-life-sudden-cardiac-arrest-vs-heart-attack,Human,99.71
https://www.uchicagomedicine.org/forefront/health-and-wellness-articles/2018/august/debunking-the-health-benefits-of-apple-cider-vinegar,Human,99.95
https://www.uchicagomedicine.org/forefront/heart-and-vascular-articles/2025/may/can-coughing-stop-a-heart-attack,Human,98.68
https://www.uchicagomedicine.org/forefront/orthopaedics-articles/2018/december/how-to-treat-arthritis-in-the-hands,Human,100
https://www.uchicagomedicine.org/forefront/orthopaedics-articles/2021/september/preserving-joint-health,Human,100
https://www.ucihealth.org/blog/2024/05/major-depressive-disorder,Human,99.95
https://www.uclahealth.org/medical-services/endocrinology/diabetes/type-2-diabetes/treatment,Human,99.02
https://www.uclahealth.org/news/article/both-anxiety-and-high-blood-pressure-affect-many-americans,Human,98.97
https://www.uclahealth.org/news/article/diabetes-increases-risk-for-covid-19-complications,Human,99.27
https://www.uclahealth.org/news/article/i-have-high-blood-pressure-now-what,Human,99.56
https://www.uclahealth.org/news/article/recognizing-the-common-uncommon-and-silent-symptoms-of-a-heart-attack,Human,99.46000000000001
https://www.uclahealth.org/programs/core-kidney/conditions-treated/glomerulonephritis/high-blood-pressure/what-hypertension,Human,99.17
https://www.ucsf.edu/news/2025/07/430351/can-type-2-diabetes-be-identified-positive-diagnosis,Human,97.46000000000001
https://www.ucsf.edu/news/2025/07/430361/im-bariatric-surgeon-heres-how-weigh-glp-1-or-surgery,Human,95.61
https://www.ucsfhealth.org/education/breast-cancer-risk-factors,Human,99.95
https://www.ucsfhealth.org/education/risk-factors-for-high-blood-pressure-hypertension,Human,99.95
https://www.ucsfhealth.org/education/taking-charge-how-is-breast-cancer-treated,Human,99.95
https://www.ucu.org/banking/savings/individual-retirement-accounts/roth-iras,Human,97.85000000000001
https://www.udi.no/en/want-to-apply/work-immigration,Human,99.46000000000001
https://www.uft.org/your-benefits/discounts-and-promotions/mortgage-discounts,Human,99.66000000000001
https://www.uhc.com/news-articles/healthy-living/3-tips-when-you-have-food-poisoning,Human,99.85000000000001
https://www.uhc.com/news-articles/healthy-living/6-sneaky-physical-signs-of-anxiety,Human,99.85000000000001
https://www.uhhospitals.org/health-information/health-and-wellness-library/article/adult-diseases-and-conditions-v0/how-a-migraine-happens,Human,99.95
https://www.uhsussex.nhs.uk/resources/dietary-advice-for-migraine-2,Human,98.58
https://www.umassmed.edu/dcoe/coronavirus-diabetes,Human,99.22
https://www.ummhealth.org/health-library/breast-cancer-risk-factors,Human,96.58
https://www.ummhealth.org/health-library/symptoms-of-a-heart-attack,Human,95.61
https://www.ummhealth.org/health-library/treatment-of-diabetes,Human,61.42999999999999
https://www.ummhealth.org/health-library/what-is-arthritis,Human,97.75
https://www.unbiased.com/discover/retirement/average-401k-fees,Human,99.95
https://www.unicef.org/parenting/mental-health/what-is-anxiety,Human,99.51
https://www.unionplus.org/benefits/home-auto/wells-fargo-mortgage-program,Human,99.9
https://www.unison.com/blog/home-equity/what-is-home-equity-and-how-to-use-it,Human,99.9
https://www.unitedbank.com/calculator/roth-ira,Human,99.95
https://www.unitedway.org/understanding-your-credit-score,Human,99.56
https://www.unitypoint.org/find-a-service/heart-care/heart-attack,Human,99.85000000000001
https://www.unitypoint.org/news-and-articles/prediabetes-101-signs-symptoms-and-how-to-reverse-it,Human,99.9
https://www.unitypoint.org/news-and-articles/what-happens-during-a-heart-attack,Human,99.95
https://www.universityhealth.com/blog/how-dangerous-is-covid-19-if-i-have-diabetes,AI,99.95
https://www.universityofcalifornia.edu/news/how-we-misunderstand-anxiety-and-miss-out-its-benefits,Human,99.85000000000001
https://www.upcounsel.com/c-corporation-bankruptcy,Human,99.85000000000001
https://www.upcounsel.com/post-registration-procedure-of-trademark,Human,99.95
https://www.upcounsel.com/trademark-protection,Human,99.11999999999999
https://www.upjohn.org/research-effects-raising-minimum-wage,Human,99.56
https://www.upjohn.org/research-highlights/does-increasing-minimum-wage-lead-higher-prices,Human,99.8
https://www.upmc.com/locations/hospitals/magee/services/magee-womens-cancers/breast-cancer-program/symptoms,Human,99.37
https://www.upmc.com/services/primary-care/conditions/high-blood-pressure,Human,99.32
https://www.upstate.edu/heart-services/outpatient/risks.php,Human,99.95
https://www.upstatemedicine.com/2024/12/20/osteoarthritis-vs-rheumatoid-arthritis-what-are-your-arthritis-symptoms,Human,99.22
https://www.upstatemedicine.com/2025/01/10/are-you-ignoring-the-warning-signs-common-arthritis-symptoms-you-should-never-overlook,AI,99.85000000000001
https://www.urban.org/policy-centers/housing-finance-policy-center/projects/mortgage-servicing-collaborative/help-me-understand-mortgage-servicing/what-mortgage-servicing,Human,99.76
https://www.urban.org/research/publication/underwater-student-debt,Human,99.71
https://www.urgentcaremds.com/what-are-the-early-signs-of-diabetes,Human,100
https://www.urmc.rochester.edu/encyclopedia/content,Human,99.8
https://www.urmc.rochester.edu/news/publications/health-matters/diabetes-myths,Human,99.85000000000001
https://www.urmc.rochester.edu/news/publications/health-matters/panic-attacks-vs-heart-attacks-understanding-the-differences,AI,51.12
https://www.usa.gov/agencies/u-s-citizenship-and-immigration-services,Human,99.71
https://www.usa.gov/credit-reports,Human,99.85000000000001
https://www.usa.gov/credit-score,Human,98.39
https://www.usa.gov/deportation-process,Human,99.9
https://www.usa.gov/government-home-loans,Human,99.85000000000001
https://www.usa.gov/identity-theft,Human,99.9
https://www.usa.gov/immigration-and-citizenship,Human,88.03999999999999
https://www.usa.gov/name-change,Human,99.51
https://www.usa.gov/repaying-student-loan,Human,99.76
https://www.usa.gov/student-aid,Human,99.9
https://www.usa.gov/what-is-social-security,Human,99.85000000000001
https://www.usaa.com/advice/how-much-does-life-insurance-cost,Human,99.9
https://www.usaa.com/banking/home-mortgages,Human,99.37
https://www.usaa.com/inet/wc/insurance_life_main,Human,99.71
https://www.usatoday.com/story/life/health-wellness/2024/06/10/what-is-arthritis/73782237007,Human,99.95
https://www.usatoday.com/story/life/health-wellness/2025/07/09/what-does-a-heart-attack-feel-like/84327427007,Human,99.95
https://www.usatoday.com/story/money/2019/07/09/retirement-planning-compare-your-401-k-contribution-rates-fees/39660873,Human,99.9
https://www.usatoday.com/story/money/2024/07/21/the-truth-about-maxing-out-your-401-k/74405390007,Human,99.9
https://www.usatoday.com/story/money/2025/07/17/private-equity-401k-retirement-risk/85218872007,Human,100
https://www.usatoday.com/story/money/investing/2022/12/09/401-k-ira-withdraw-contribute-tax/10858135002,Human,99.95
https://www.usatoday.com/story/money/personalfinance/2023/03/19/cost-diabetes-supplies-worse-than-insulin/11472381002,Human,99.95
https://www.usatoday.com/story/money/personalfinance/retirement/2025/02/21/social-security-benefits-divorce-facts/79419225007,Human,99.95
https://www.usatoday.com/story/money/personalfinance/retirement/2025/07/07/common-roth-ira-myths/84489992007,Human,99.9
https://www.usatoday.com/story/news/health/2024/01/03/insulin-price-cap-diabetes/72093250007,Human,99.85000000000001
https://www.usatoday.com/story/news/health/2025/06/23/new-covid-variant-2025-symptoms/84317260007,Human,99.9
https://www.usatoday.com/story/news/health/2025/06/27/covid-new-variant-nb-18-1-latest-vaccine-guidance/84386234007,Human,99.9
https://www.usatoday.com/story/special/contributor-content/2023/10/18/investing-in-a-gold-ira-pros-and-cons-explained/71227505007,AI,99.9
https://www.usatoday.com/videos/money/investing/2024/11/18/understanding-a-401k-how-it-works-and-why-its-important/76412926007,Human,99.32
https://www.usbank.com/credit-cards.html,Human,98.78
https://www.usbank.com/financialiq/invest-your-money/investment-strategies/what-is-a-401k.html,Human,99.71
https://www.usbank.com/financialiq/manage-your-household/home-ownership/what-is-a-mortgage.html,Human,98.63
https://www.usbank.com/home-loans/mortgage.html,Human,98.58
https://www.usbank.com/home-loans/mortgage/first-time-home-buyers/credit-score-for-mortgage.html,Human,98.54
https://www.usbank.com/home-loans/mortgage/first-time-home-buyers/mortgage-points.html,Human,99.02
https://www.usbank.com/home-loans/mortgage/mortgage-rates.html,Human,98.83
https://www.usbank.com/home-loans/mortgage/why-usbank.html,Human,98.83
https://www.usbank.com/investing/online-investing/automated-investing/robo-advisor-fees.html,Human,97.8
https://www.usbank.com/investing/online-investing/self-directed-investing/brokerage-fees.html,Human,98.72999999999999
https://www.usbank.com/online-mobile-banking/get-your-free-credit-score.html,Human,98.88
https://www.usbank.com/retirement-planning/financial-perspectives/backdoor-roth-ira-strategy.html,Human,98.72999999999999
https://www.usbank.com/retirement-planning/financial-perspectives/benefits-of-an-ira.html,Human,98.92999999999999
https://www.usbank.com/retirement-planning/financial-perspectives/roth-ira-benefits.html,Human,98.0
https://www.uschamber.com/co/start/strategy/small-business-credit-score,Human,99.8
https://www.uscis.gov,Human,99.95
https://www.uscis.gov/alienregistration,Human,99.95
https://www.uscis.gov/forms/all-forms,Human,99.95
https://www.uscis.gov/green-card,Human,99.95
https://www.uscis.gov/green-card/green-card-eligibility-categories,Human,99.95
https://www.uscis.gov/green-card/green-card-eligibility/green-card-for-employment-based-immigrants,Human,99.9
https://www.uscis.gov/green-card/green-card-processes-and-procedures,Human,99.95
https://www.uscis.gov/green-card/green-card-processes-and-procedures/adjustment-of-status,Human,99.95
https://www.uscis.gov/green-card/green-card-processes-and-procedures/employment-authorization-document,Human,99.95
https://www.uscis.gov/humanitarian/refugees-and-asylum/asylum,Human,99.95
https://www.uscis.gov/humanitarian/refugees-and-asylum/refugees,Human,99.95
https://www.uscis.gov/i-130,Human,99.95
https://www.uscis.gov/i-765,Human,99.95
https://www.uscis.gov/i-90,Human,99.95
https://www.uscis.gov/laws-and-policy/legislation/immigration-and-nationality-act,Human,99.95
https://www.uscis.gov/n-400,Human,99.9
https://www.uscis.gov/newsroom/news-releases,Human,99.95
https://www.uscis.gov/tools/designated-civil-surgeons/vaccination-requirements,Human,99.9
https://www.uscis.gov/tools/glossary,Human,99.95
https://www.uscis.gov/working-in-the-united-states,Human,99.95
https://www.uscis.gov/working-in-the-united-states/permanent-workers,Human,99.95
https://www.uscourts.gov/court-programs/bankruptcy/bankruptcy-basics/chapter-11-bankruptcy-basics,Human,99.8
https://www.uscourts.gov/court-programs/bankruptcy/bankruptcy-basics/chapter-7-bankruptcy-basics,Human,99.8
https://www.uscourts.gov/forms-rules/forms/your-statement-about-your-social-security-numbers,Human,99.85000000000001
https://www.usdiabetescare.com/reviews,Human,99.85000000000001
https://www.usemultiplier.com/hr-trends/guide-to-minimum-wage-by-country,Human,99.71
https://www.usfn.org/blogpost/1296766/480122/risky-business-interest-rates-can-help-creditors-leverage-risk-factors-in-bankruptcy-plans,Human,99.95
https://www.usimmigration.org/glossary/immigration,Human,52.690000000000005
https://www.uslegalwills.com/blog/last-will-and-testament,Human,98.92999999999999
https://www.uspharmacist.com/article/treating-the-covid19-patient-with-diabetes,Human,99.41
https://www.uspreventiveservicestaskforce.org/uspstf/recommendation-topics/uspstf-a-and-b-recommendations,Human,99.46000000000001
https://www.uspreventiveservicestaskforce.org/uspstf/recommendation/breast-cancer-screening,Human,99.27
https://www.uspreventiveservicestaskforce.org/uspstf/recommendation/hypertension-in-adults-screening,Human,81.78999999999999
https://www.uspto.gov/learning-and-resources/trademark-faqs,Human,99.41
https://www.uspto.gov/learning-and-resources/uspto-videos/federal-trademark-filing-overview,Human,99.27
https://www.uspto.gov/learning-and-resources/uspto-videos/trademark-enforcement-how-trademark-registrations-level-your,Human,99.61
https://www.uspto.gov/learning-and-resources/uspto-videos/trademarks-scams-how-avoid-them-and-what-do-if-you-get-fooled,Human,99.56
https://www.uspto.gov/trademarks/application-timeline,Human,99.51
https://www.uspto.gov/trademarks/apply,Human,99.51
https://www.uspto.gov/trademarks/apply/base-application-requirements,Human,99.46000000000001
https://www.uspto.gov/trademarks/basics,Human,99.51
https://www.uspto.gov/trademarks/basics/examination-application,Human,99.37
https://www.uspto.gov/trademarks/basics/trademark-process,Human,99.46000000000001
https://www.uspto.gov/trademarks/basics/what-trademark,Human,99.51
https://www.uspto.gov/trademarks/basics/why-register-your-trademark,Human,99.51
https://www.uspto.gov/trademarks/protect/how-avoid-scams-trademark-services,Human,99.41
https://www.uspto.gov/trademarks/protect/recognizing-common-scams,Human,99.41
https://www.usz.ch/en/breast-cancer-is-curable-in-most-cases,Human,99.9
https://www.utopiamortgage.net/knowledge-center/benefits-to-owning-a-home,AI,100
https://www.utsystem.edu/offices/employee-benefits/resources/identity-protection-services,Human,99.95
https://www.uwmedicine.org/conditions-symptoms/brain-nervous-system/migraine,Human,99.71
https://www.va.gov/housing-assistance/home-loans/loan-types,Human,99.61
https://www.va.gov/housing-assistance/home-loans/trouble-making-payments,Human,94.73
https://www.va.gov/life-insurance/options-eligibility/valife,Human,99.8
https://www.va.gov/life-insurance/options-eligibility/vgli,Human,99.85000000000001
https://www.va.gov/resources/the-pact-act-and-your-va-benefits,Human,99.9
https://www.va.gov/resources/va-debt-management,Human,99.95
https://www.va.gov/wholehealthlibrary/tools/supplements-to-lower-blood-sugar.asp,Human,99.9
https://www.vaccineadvisor.com/news/fda-warns-of-heart-risk-with-pfizer-moderna-covid-19-vaccines,Human,99.71
https://www.valleybehavioral.com/anxiety/signs-symptoms-causes,Human,99.71
https://www.valuepenguin.com/average-cost-life-insurance,Human,99.56
https://www.vanguardinvestor.co.uk/investing-explained/index-tracker-funds,Human,99.95
https://www.vanityfair.com/news/story/irs-immigration-undocumented-taxpayers-ice,Human,99.9
https://www.vcm.com/blog-and-resources/retirement-resources/a-guide-to-understanding-your-401k-fee-statement1,Human,99.27
https://www.veri-global.com/article/34/total_expense_ratio_(ter)_explained,AI,100
https://www.verifythis.com/article/news/verify/social-security-verify/social-security-not-going-bankrupt-when-trust-funds-run-out/536-0258d8bf-7f10-4218-af98-0b328a053db3,Human,98.34
https://www.verrill-law.com/news/state-trademark-registration,Human,95.8
https://www.verywellhealth.com/anxiety-causes-and-risk-factors-5191778,Human,99.17
https://www.verywellhealth.com/anxiety-high-blood-pressure-6747055,Human,99.8
https://www.verywellhealth.com/anxiety-symptoms-5086955,Human,99.51
https://www.verywellhealth.com/arthritis-causes-and-risk-factors-2549243,Human,99.76
https://www.verywellhealth.com/arthritis-symptoms-overview-4582011,Human,99.61
https://www.verywellhealth.com/arthritis-treatment-options-189363,Human,99.76
https://www.verywellhealth.com/best-health-products-7100603,Human,99.95
https://www.verywellhealth.com/breast-cancer-symptoms-4158485,Human,99.41
https://www.verywellhealth.com/cbd-and-congestive-heart-failure-5197134,Human,99.9
https://www.verywellhealth.com/chest-pain-anxiety-or-panic-disorder-1745280,Human,99.37
https://www.verywellhealth.com/do-asthma-medications-affect-blood-pressure-1764087,Human,99.9
https://www.verywellhealth.com/headaches-causes-4685674,Human,99.85000000000001
https://www.verywellhealth.com/heart-attack-overview-4581964,Human,98.14
https://www.verywellhealth.com/high-blood-pressure-causes-11697719,Human,99.56
https://www.verywellhealth.com/how-to-lower-blood-pressure-6888939,Human,99.9
https://www.verywellhealth.com/hyperglycemia-symptoms-and-signs-11772280,Human,99.8
https://www.verywellhealth.com/hypertension-treatment-1763942,Human,98.44000000000001
https://www.verywellhealth.com/insulin-prices-how-much-does-insulin-cost-and-why-5081872,Human,99.85000000000001
https://www.verywellhealth.com/medications-for-type-2-diabetes-7642774,Human,99.76
https://www.verywellhealth.com/migraine-7107110,Human,99.56
https://www.verywellhealth.com/migraine-and-your-life-11744553,AI,98.88
https://www.verywellhealth.com/new-diabetes-medications-5111874,Human,99.71
https://www.verywellhealth.com/post-covid-diabetes-6743441,Human,99.51
https://www.verywellhealth.com/psychological-stress-5205714,Human,99.32
https://www.verywellhealth.com/rheumatoid-arthritis-treatment-8400843,Human,98.1
https://www.verywellhealth.com/risk-factors-for-rheumatoid-arthritis-190347,Human,99.9
https://www.verywellhealth.com/severe-anxiety-5200310,Human,99.51
https://www.verywellhealth.com/stage-3-breast-cancer-429890,Human,99.37
https://www.verywellhealth.com/supplements-for-diabetes-11771868,AI,51.949999999999996
https://www.verywellhealth.com/the-effects-of-high-blood-pressure-medication-on-asthma-1764113,Human,99.95
https://www.verywellhealth.com/what-is-a-dangerously-high-blood-pressure-for-women-11758177,Human,99.46000000000001
https://www.verywellhealth.com/when-can-i-stop-my-meds-high-blood-pressure-1763996,Human,99.66000000000001
https://www.verywellmind.com/beat-depression-without-prescription-drugs-1065079,Human,99.85000000000001
https://www.verywellmind.com/benefits-of-anxiety-2584134,Human,99.8
https://www.verywellmind.com/can-anxiety-cause-high-blood-pressure-6739934,Human,99.95
https://www.verywellmind.com/can-anxiety-really-kill-you-5204411,Human,99.9
https://www.verywellmind.com/can-depression-stop-without-treatment-1067582,Human,99.8
https://www.verywellmind.com/common-causes-of-depression-1066772,Human,99.66000000000001
https://www.verywellmind.com/extreme-anxiety-symptoms-types-treatments-and-coping-5201901,Human,99.76
https://www.verywellmind.com/how-much-does-mental-health-disability-pay-5209541,Human,99.9
https://www.verywellmind.com/post-divorce-trauma-4583824,Human,99.56
https://www.verywellmind.com/top-depression-symptoms-1066910,Human,99.66000000000001
https://www.vestwell.com,Human,99.95
https://www.vetranolaw.com/legal-publications/social-security-divorce,Human,99.07000000000001
https://www.vetranolaw.com/legal-publications/social-security-remarriage-divorce,Human,98.97
https://www.viezec.com/diabetes-and-its-associated-complications-a-brief-overview,Human,99.95
https://www.villagemedical.com/journey-to-well/understanding-your-diabetes-risks-complications-and-management,Human,100
https://www.vinceretax.com/post/top-4-benefits-of-a-roth-ira,AI,100
https://www.vinmec.com/eng/blog/10-herbs-that-can-help-lower-high-blood-pressure-en,Human,99.95
https://www.virtuerecoverykilleen.com/rehab-blog/what-are-the-benefits-of-anxiety-treatment,AI,100
https://www.visionretirement.com/articles/social-security/how-it-works-for-divorced-spouses,Human,100
https://www.visitcompletecare.com/blog/is-it-a-heart-attack-or-a-panic-attack,Human,100
https://www.vo.eu/trademark-registration-how-does-it-work,Human,99.8
https://www.vocabulary.com/dictionary/immigration,Human,99.95
https://www.voltarengel.com/what-is-arthritis/symptoms.html,Human,99.8
https://www.vox.com/24124537/biden-new-student-loan-forgiveness-plan-explained,Human,99.8
https://www.vox.com/future-perfect/418849/heart-attack-deaths-cardiovascular-disease-progress-medicine,Human,99.95
https://www.voya.com,Human,99.95
https://www.wakehealth.edu/condition/h/heart-attack,Human,99.32
https://www.walgreens.com/topic/findcare/diabetes-info.jsp,Human,98.68
https://www.walgreens.com/topic/promotion/covid-vaccine.jsp,Human,97.85000000000001
https://www.walkerfc.com/blog/5-symptoms-of-diabetes,Human,99.95
https://www.washingtonpost.com/books/2024/04/26/anxiety-samir-chopra-review,Human,99.95
https://www.washingtonpost.com/books/2025/07/08/culpability-bruce-holsinger-review,Human,99.95
https://www.washingtonpost.com/business/2019/07/08/its-not-just-paychecks-surprising-society-wide-benefits-raising-minimum-wage,Human,99.95
https://www.washingtonpost.com/education/2024/student-loan-forgiveness-plan-what-to-know,Human,99.95
https://www.washingtonpost.com/opinions/interactive/2025/trump-gallup-poll-mass-deportation-disapproval,Human,99.9
https://www.wayneunc.org/wellness/health-talk-blog/health-talk/2021/10-silent-symptoms-of-diabetes,Human,99.85000000000001
https://www.wbir.com/article/news/health/high-and-rising-patients-concerned-by-cost-of-diabetes/51-441812666,Human,99.95
https://www.wcax.com/2025/07/17/vt-teen-brings-diabetes-awareness-dc,Human,99.85000000000001
https://www.wcnc.com/article/news/verify/social-security-verify/social-security-not-going-bankrupt-when-trust-funds-run-out/536-0258d8bf-7f10-4218-af98-0b328a053db3,Human,96.83
https://www.weabenefits.com/product/ira/our-ira-fees,Human,99.71
https://www.weabenefits.com/resource/calculators/roth-ira,Human,99.8
https://www.weabenefits.com/resource/insurance-forms-and-brochures/what-you-need-to-know-about-identity-theft,Human,99.8
https://www.weabenefits.com/roth-ira-facts,Human,99.85000000000001
https://www.wealth-mode.com/blog/why-roth-iras-are-overhyped,Human,99.95
https://www.wealthfront.com/blog/ira-benefits-and-drawbacks,Human,99.76
https://www.wealthmanagement.com/artificial-intelligence/the-majority-of-americans-it-would-seem-are-lukewarm-about-ai,Human,99.95
https://www.wealthmanagement.com/financial-technology/zephyr-s-adjusted-for-risk-revolutionizing-financial-advisory-with-ai,Human,99.95
https://www.wealthsimple.com/en-ca/learn/how-to-invest-in-index-funds,AI,86.42999999999999
https://www.wealthyyou.com.au/benefits-home-loan,AI,99.95
https://www.webmd.com/anxiety-panic/anxiety-attack-symptoms,Human,99.8
https://www.webmd.com/anxiety-panic/anxiety-disorders,Human,99.95
https://www.webmd.com/anxiety-panic/ss/slideshow-anxiety-risk-factors,Human,99.9
https://www.webmd.com/anxiety-panic/understanding-anxiety-treatment,AI,89.75
https://www.webmd.com/arthritis/understanding-arthritis-basics,Human,99.95
https://www.webmd.com/arthritis/understanding-arthritis-symptoms,Human,99.85000000000001
https://www.webmd.com/arthritis/understanding-arthritis-treatment,Human,99.85000000000001
https://www.webmd.com/asthma/asthma-blood-pressure,Human,99.8
https://www.webmd.com/asthma/asthma-complications-effects,Human,99.95
https://www.webmd.com/asthma/video/video-asthma-medication,Human,99.9
https://www.webmd.com/asthma/what-is-asthma,AI,77.49000000000001
https://www.webmd.com/balance/stress-management/stress-symptoms-effects_of-stress-on-the-body,Human,99.9
https://www.webmd.com/breast-cancer/breast-cancer-remission,Human,98.92999999999999
https://www.webmd.com/breast-cancer/features/breast-cancer-closer-to-a-cure,Human,99.9
https://www.webmd.com/breast-cancer/overview-risks-breast-cancer,Human,99.85000000000001
https://www.webmd.com/breast-cancer/understanding-breast-cancer-basics,Human,98.78
https://www.webmd.com/breast-cancer/understanding-breast-cancer-symptoms,Human,99.17
https://www.webmd.com/depression/alternative-therapies-depression,Human,99.9
https://www.webmd.com/depression/depression-are-you-at-risk,Human,99.8
https://www.webmd.com/depression/recovery-overview,Human,99.71
https://www.webmd.com/depression/untreated-depression-effects,Human,99.51
https://www.webmd.com/depression/what-to-know-about-depression-and-disability,Human,99.9
https://www.webmd.com/diabetes/diabetes-and-coronavirus,Human,99.61
https://www.webmd.com/diabetes/diabetes-care-options,Human,57.52
https://www.webmd.com/diabetes/diabetes-complications,Human,99.85000000000001
https://www.webmd.com/diabetes/risks-complications-uncontrolled-diabetes,Human,99.51
https://www.webmd.com/diabetes/type-2-diabetes-symptoms,Human,99.32
https://www.webmd.com/diabetes/type-2-diabetes-treatments,Human,99.9
https://www.webmd.com/diabetes/understanding-diabetes-detection-treatment,Human,99.56
https://www.webmd.com/diabetes/understanding-diabetes-symptoms,Human,99.56
https://www.webmd.com/diabetes/video/video-the-basics-type-2-diabetes-complications,Human,99.8
https://www.webmd.com/digestive-disorders/remedies-for-food-poisoning,Human,99.61
https://www.webmd.com/drugs/2/condition-971/generalized-anxiety-disorder,Human,99.95
https://www.webmd.com/drugs/2/drug-154346/dulera-inhalation/details,Human,99.95
https://www.webmd.com/fitness-exercise/mental-benefits-of-walking,Human,99.9
https://www.webmd.com/food-recipes/food-poisoning/understanding-food-poisoning-treatment,Human,99.9
https://www.webmd.com/health-insurance/features/health-reform-summary-benefits,Human,99.9
https://www.webmd.com/heart-disease/heart-disease-heart-attacks,AI,79.64
https://www.webmd.com/heart-disease/risk-factors-for-heart-disease,Human,99.76
https://www.webmd.com/heart-disease/spot-a-stroke-heart-attack_,Human,99.8
https://www.webmd.com/heart-disease/what-to-expect-in-the-er,Human,99.17
https://www.webmd.com/hypertension-high-blood-pressure/5-misconceptions-about-hypertension,Human,99.8
https://www.webmd.com/hypertension-high-blood-pressure/default.htm,Human,98.44000000000001
https://www.webmd.com/hypertension-high-blood-pressure/how-to-lower-blood-pressure,Human,99.11999999999999
https://www.webmd.com/hypertension-high-blood-pressure/video/bernstein-hypertension-affects-cardiac-risk,Human,99.9
https://www.webmd.com/migraines-headaches/guide-chapter-migraine-overview,Human,99.76
https://www.webmd.com/migraines-headaches/headaches-migraine-complications,Human,99.95
https://www.webmd.com/migraines-headaches/migraine-epidemiology,Human,99.95
https://www.webmd.com/migraines-headaches/migraine-prevention-meds-explained,Human,99.71
https://www.webmd.com/migraines-headaches/migraine-treatments-overview,Human,99.8
https://www.webmd.com/migraines-headaches/migraine-triggers-alcohol,Human,99.9
https://www.webmd.com/migraines-headaches/migraines-causes,Human,99.85000000000001
https://www.webmd.com/migraines-headaches/migraines-headaches-migraines,Human,99.41
https://www.webmd.com/migraines-headaches/ss/slideshow-migraine-overview,Human,99.9
https://www.webmd.com/migraines-headaches/video/migraine-inside-body,Human,98.68
https://www.webmd.com/migraines-headaches/video/video-migraine-affect-body,Human,99.95
https://www.webmd.com/osteoarthritis/oa-pain-relief-risks-benefits,Human,99.56
https://www.webmd.com/rheumatoid-arthritis/rheumatoid-arthritis-symptoms,Human,99.85000000000001
https://www.webmdhealthservices.com/blog/how-covid-19-affects-those-with-diabetes-and-other-chronic-conditions,Human,99.95
https://www.websterbank.com/resources/personal-banking/article/what-is-a-mortgage-and-how-does-it-work,Human,97.61
https://www.weddingwire.com/wedding-ideas/potential-signs-of-a-divorce,Human,99.95
https://www.weforum.org/stories/2021/09/what-is-hypertension-high-blood-pressure,Human,99.9
https://www.wellsfargo.com/goals-credit/smarter-credit/credit-101/fico,Human,99.9
https://www.wellsfargo.com/goals-credit/smarter-credit/improve-credit/good-to-great,Human,99.9
https://www.wellsfargo.com/investing/retirement/ira/traditional-or-roth-ira/roth,Human,98.68
https://www.wellsfargo.com/investing/retirement/tools/401k-early-withdrawal-calculator,Human,99.95
https://www.wellsfargo.com/mortgage,Human,99.8
https://www.wellsfargo.com/mortgage/learn/benefits-of-refinancing-your-mortgage,Human,99.76
https://www.wellsfargo.com/mortgage/learn/components-of-a-mortgage-payment,Human,99.85000000000001
https://www.wellsfargo.com/mortgage/manage-account,Human,99.9
https://www.weltman.com/bankruptcy-risk-assessment,Human,99.66000000000001
https://www.wescom.org/accounts/retirement-accounts,Human,100
https://www.westernsouthern.com/retirement/401k-increase-contributions,Human,85.5
https://www.westernsouthern.com/retirement/401k-when-you-retire,Human,60.11
https://www.westernsouthern.com/retirement/roth-401k,Human,96.78
https://www.westmedfamilyhealthcare.com/blog/hypertension-and-your-mental-health,Human,99.02
https://www.wfaa.com/article/news/verify/social-security-verify/social-security-not-going-bankrupt-when-trust-funds-run-out/536-0258d8bf-7f10-4218-af98-0b328a053db3,Human,97.75
https://www.wgslawfirm.com/estate-planning-law/wills-testaments/2022/last-will-and-testament,AI,99.85000000000001
https://www.wgu.edu/financial-aid-tuition/financial-aid.html,Human,98.68
https://www.wh.com.sg/forpatientsvisitors/conditionstreatments/pages/diabetes-mellitus.aspx,Human,99.95
https://www.whathouse.com/mortgages/advantages-and-disadvantages-of-having-a-mortgage,Human,98.58
https://www.whitecoatinvestor.com/where-to-open-your-solo-401k,Human,99.9
https://www.whitehouse.gov/lab-leak-true-origins-of-covid-19,Human,99.95
https://www.whitehouse.gov/presidential-actions/2025/03/restoring-public-service-loan-forgiveness,Human,99.27
https://www.who.int/emergencies/diseases/novel-coronavirus-2019,Human,99.9
https://www.who.int/health-topics/cancer,Human,99.71
https://www.who.int/health-topics/coronavirus,Human,98.83
https://www.who.int/health-topics/depression,Human,99.71
https://www.who.int/health-topics/diabetes,Human,99.95
https://www.who.int/health-topics/hypertension,Human,99.9
https://www.who.int/news-room/fact-sheets/detail/adolescent-mental-health,Human,99.51
https://www.who.int/news-room/fact-sheets/detail/anxiety-disorders,Human,99.71
https://www.who.int/news-room/fact-sheets/detail/asthma,Human,99.66000000000001
https://www.who.int/news-room/fact-sheets/detail/breast-cancer,Human,99.37
https://www.who.int/news-room/fact-sheets/detail/cancer,Human,98.44000000000001
https://www.who.int/news-room/fact-sheets/detail/cardiovascular-diseases-(cvds),Human,99.41
https://www.who.int/news-room/fact-sheets/detail/depression,Human,83.2
https://www.who.int/news-room/fact-sheets/detail/diabetes,Human,99.41
https://www.who.int/news-room/fact-sheets/detail/endometriosis,Human,99.51
https://www.who.int/news-room/fact-sheets/detail/food-safety,Human,99.95
https://www.who.int/news-room/fact-sheets/detail/headache-disorders,Human,99.8
https://www.who.int/news-room/fact-sheets/detail/hypertension,Human,99.32
https://www.who.int/news-room/fact-sheets/detail/mental-disorders,Human,99.76
https://www.who.int/news-room/fact-sheets/detail/noncommunicable-diseases,Human,99.27
https://www.who.int/news-room/fact-sheets/detail/osteoarthritis,Human,99.85000000000001
https://www.who.int/news-room/feature-stories/detail/dont-let-asthma-hold-you-back-5-ways-to-make-sure-that-you-are-in-control-of-your-asthma,Human,99.46000000000001
https://www.who.int/publications-detail-redirect/guidelines-on-second--and-third-line-medicines-and-type-of-insulin-for-the-control-of-blood-glucose-levels-in-non-pregnant-adults-with-diabetes-mellitus,Human,99.07000000000001
https://www.windroselawcenter.com/blog/2024/11/understanding-the-differences-last-will-and-testament-pour-over-will-and-living-will,AI,100
https://www.wipfli.com/insights/articles/hcm-pros-and-cons-what-is-a-safe-harbor-401k,Human,96.73
https://www.wipo.int/en/web/trademarks,Human,99.56
https://www.wisdomheal.com/post/can-high-blood-pressure-be-cured,Human,99.95
https://www.wisn.com/article/trump-student-loan-forgiveness-changes/65322778,Human,99.9
https://www.wjtv.com/news/what-is-a-401k,Human,99.41
https://www.wkyc.com/article/news/health/insulin-anxiety-what-diabetics-can-do-look-for-better-prices-on-the-life-saving-drug/95-3b079d27-f905-439f-861c-bcb67e7c7dd2,Human,99.95
https://www.wmtw.com/article/trump-student-loan-forgiveness-changes/65322778,Human,99.9
https://www.wnct.com/news/what-is-a-401k,Human,98.97
https://www.wnep.com/article/news/verify/social-security-verify/social-security-not-going-bankrupt-broke-fact-check/536-0851dc7d-91a7-443b-a83c-0585c9e60d6f,Human,99.56
https://www.wolterskluwer.com/en-au/expert-insights/the-consequences-of-bankruptcy,Human,99.27
https://www.wolterskluwer.com/en/solutions/ovid/diabetesmetabolism-research-and-reviews-9957,Human,99.41
https://www.wolverhampton.gov.uk/news/new-health-kiosks-will-help-streamline-medical-appointments,Human,99.95
https://www.womansday.com/relationships/dating-marriage/advice/g2587/signs-your-marriage-might-be-over,Human,99.95
https://www.womenshealthmag.com/health/a63675801/a-guide-to-managing-a-migraine-attack,Human,99.95
https://www.womenshealthmag.com/sex-and-love/a38848680/should-i-get-a-divorce-signs-marriage-is-over,Human,99.95
https://www.woodlandsheartinstitute.com/blog/anxiety-and-chest-pain-are-they-linked,Human,99.95
https://www.woodlandsheartinstitute.com/blog/the-dangers-of-hypertension,Human,99.9
https://www.worfolkanxiety.com/blog/is-anxiety-dangerous-to-your-health,Human,99.95
https://www.workforcebulletin.com/missouri-rolls-back-paid-sick-leave-entitlement-15-minimum-wage-remains,Human,99.9
https://www.workingcredit.org/resources/cost-of-bad-credit,Human,99.85000000000001
https://www.workrisenetwork.org/working-knowledge/minimum-wages-create-opportunities-good-jobs-and-better-business-productivity,Human,99.8
https://www.worldtrademarkreview.com/article/uspto-seeks-federal-trademark-registration-help-tackle-growing-problem-of-filing-scams,Human,99.95
https://www.worldtrademarkreview.com/data/wtr-investigation-exclusives/wtr-investigation-exclusives/article/revealed-how-controversial-low-cost-online-trademark-platforms-dominate-paid-google-search-results,Human,99.95
https://www.wowt.com/2025/07/18/nebraska-debt-counselors-advise-student-loan-borrowers-not-delay-payments-offer-free-consultations,Human,99.95
https://www.wral.com/story/cdc-drops-5-day-isolation-guidance-for-covid-19-moving-away-from-key-strategy-to-quell-infections/21308375,Human,99.8
https://www.wric.com/news/u-s-world/what-is-a-401k,Human,99.56
https://www.wsav.com/news/national-news/what-is-a-migrant-what-is-ice-10-terms-to-help-you-understand-the-debate-over-immigration,Human,99.66000000000001
https://www.wsav.com/news/what-is-a-401k,Human,99.22
https://www.wsaz.com/2025/07/15/savannahs-story-local-woman-battles-breast-cancer-25,Human,99.95
https://www.wsaz.com/2025/07/16/expert-warns-caps-student-loans-could-pose-problems-med-students,Human,99.85000000000001
https://www.wslaw.com/blog/2023/october/social-security-and-bankruptcy,AI,100
https://www.wtae.com/article/student-loan-forgiveness-explained/46939064,Human,99.95
https://www.wtae.com/article/trump-student-loan-forgiveness-changes/65322778,Human,99.76
https://www.wtcsb.org/can-i-go-to-urgent-care-for-anxiety-and-depression,Human,99.71
https://www.wthr.com/article/news/nation-world/health-officials-drop-5-day-isolation-covid-19/507-78b2b960-4026-417b-8301-af8ac5ed238f,Human,100
https://www.wtol.com/article/news/health/insulin-prices-35-dollar-cap-diabetes/512-a513ef57-e1e7-4dd5-8031-806136e93a86,Human,100
https://www.wtol.com/article/news/nation-world/health-officials-drop-5-day-isolation-covid-19/507-78b2b960-4026-417b-8301-af8ac5ed238f,Human,100
https://www.wtrf.com/news/national-news/what-is-a-migrant-what-is-ice-10-terms-to-help-you-understand-the-debate-over-immigration,Human,99.66000000000001
https://www.wusa9.com/article/news/nation-world/health-officials-drop-5-day-isolation-covid-19/507-78b2b960-4026-417b-8301-af8ac5ed238f,Human,99.95
https://www.wusf.org/health-news-florida/2025-07-11/mattel-introduces-its-first-barbie-with-type-1-diabetes,Human,98.19
https://www.xoatax.com/roth-ira-pros-and-cons,Human,96.44
https://www.yahoo.com/lifestyle/articles/divorced-people-know-social-security-170801016.html,Human,99.61
https://www.yahoo.com/lifestyle/articles/six-subtle-signs-heading-divorce-100000882.html,Human,99.95
https://www.yahoo.com/lifestyle/everything-know-breast-cancer-signs-140000751.html,Human,100
https://www.yahoo.com/news/cdc-updates-covid-isolation-guidelines-200109955.html,Human,99.9
https://www.yahoo.com/news/covid-guidelines-cdc-considers-isolation-120814978.html,Human,99.95
https://www.yahoo.com/news/covid-increased-risk-diabetes-new-study-203254291.html,Human,99.8
https://www.yahoo.com/news/diabetes-advocates-frustrated-insulin-cost-212815585.html,Human,99.8
https://www.yahoo.com/news/doctors-overlook-common-cause-high-205103501.html,Human,99.95
https://www.yahoo.com/news/irs-makes-agreement-share-immigrant-222123162.html,Human,99.8
https://www.yahoo.com/news/social-securitys-insolvency-driven-benefits-164514984.html,Human,99.8
https://www.yahoo.com/news/think-soda-bad-diabetes-risk-222425094.html,Human,99.61
https://www.yalemedicine.org/conditions/breast-cancer,Human,99.95
https://www.yalemedicine.org/conditions/diabetes-symptoms-causes-treatments,Human,99.32
https://www.yalemedicine.org/conditions/heart-attack,Human,99.95
https://www.yalemedicine.org/conditions/hypertension,Human,99.95
https://www.yalemedicine.org/conditions/migraine,Human,100
https://www.yalemedicine.org/conditions/type-2-diabetes-symptoms-treatments,Human,100
https://www.yalemedicine.org/news/13-things-to-know-paxlovid-covid-19,Human,99.95
https://www.yalemedicine.org/news/arthritis-treatments,Human,99.95
https://www.yalemedicine.org/news/chemo-for-breast-cancer,Human,99.9
https://www.yalemedicine.org/news/high-blood-pressure-hypertension,Human,99.95
https://www.yalemedicine.org/news/what-is-arthritis,Human,99.95
https://www.yashodahospitals.com/diseases-treatments/arthritis-symptoms-complications,Human,99.76
https://www.ylfbankruptcy.com/student-loans-ultimate-guide,Human,98.05
https://www.yocumlawoffice.com/social-dis,Human,99.95
https://www.youanddepression.net/en-mdd/view/m101-e04-what-are-the-risks-of-depression-expert-video,Human,99.8
https://www.youngminds.org.uk/young-person/mental-health-conditions/anxiety,Human,99.07000000000001
https://www.yourcentralvalley.com/news/u-s-world/what-is-a-401k,Human,99.07000000000001
https://www.yourcentralvalley.com/news/u-s-world/what-is-a-migrant-what-is-ice-10-terms-to-help-you-understand-the-debate-over-immigration,Human,99.76
https://www.yourdaye.com/en-us/vitals/womens-health/breast-cancer-symptoms,Human,100
https://www.yourmoneyline.com/blog/why-identity-theft-protection-is-an-important-employee-benefit,Human,97.50999999999999
https://www.yourtango.com/love/harsh-signs-youre-headed-toward-divorce-before-even-get-married,Human,99.95
https://www.z2data.com/supplier-insights-features/bankruptcy-score,Human,99.22
https://www.zanderins.com/identity-theft-protection,Human,99.32
https://www.zenbusiness.com/blog/how-register-trademark,Human,99.95
https://www.zillow.com/learn/mortgage-credit-scores,Human,99.95
https://www.zoomshift.com/blog/pros-cons-raising-minimum-wage,AI,100
https://www2.gov.bc.ca/gov/content/family-social-supports/seniors/financial-legal-matters/wills-and-estate-planning,AI,99.61
https://www2.hse.ie/conditions/anxiety-tips-and-self-help,Human,99.9
https://www2.hse.ie/conditions/asthma/asthma-attacks,Human,99.71
https://www2.hse.ie/conditions/asthma/symptoms-of-asthma,Human,99.9
https://www2.hse.ie/conditions/breast-cancer-women,Human,99.85000000000001
https://www2.hse.ie/conditions/breast-cancer-women/treatment,Human,99.9
https://www2.hse.ie/conditions/food-poisoning,Human,98.34
https://www2.hse.ie/conditions/generalised-anxiety-disorder,Human,99.95
https://www2.hse.ie/conditions/heart-attack,Human,99.61
https://www2.hse.ie/conditions/high-blood-pressure-hypertension,Human,99.8
https://www2.hse.ie/conditions/high-blood-pressure-hypertension/treatment,Human,99.46000000000001
https://www2.hse.ie/conditions/migraine,Human,99.51
https://www2.hse.ie/conditions/migraine/complications,Human,99.37
https://www2.hse.ie/conditions/migraine/treatment-and-prevention,Human,99.61
https://www2.hse.ie/conditions/type-2-diabetes/about/symptoms,Human,99.76
https://xmartinelaw.com/signs-your-marriage-will-end-in-divorce,Human,99.85000000000001
https://yapko.com/depression-treatment,Human,99.56
https://yeditepehastaneleri.com/en/health-guide/mental-health/what-anxiety-what-are-symptoms-anxiety,Human,99.11999999999999
https://your.yale.edu/work-yale/benefits/my-benefits-job-classification/financial-services-your-service,Human,100
https://yourcareeverywhere.com/health-research/health-insights/asthma--allergy-and-copd-care-insights/what-is-asthma-.html,Human,99.32
https://yournewfoundation.com/anxiety-attack-vs-heart-attack-know-difference,Human,99.95
https://yourtrademarkattorney.com/legalzoom-legit-trademark-application,Human,99.41
https://yourtrademarkattorney.com/trademarkia-a-scam,Human,99.9
https://zapresicanka.hr/10-indication-of-diabetic-issues-acknowledging-the-manifestations,Human,99.9
