"url","category"
"http://publichealth.lacounty.gov","text_too_short"
"http://www.legislature.mi.gov/documents/mcl/pdf/mcl-act-452-of-2004.pdf","pdf"
"http://www.uptodate.com/contents/treatment-of-hypertension-in-asthma-and-copd/abstract/3","text_too_short"
"https://academic.oup.com/edrv/article/45/2/227/7252742","text_too_short"
"https://academic.oup.com/inthealth/article/12/4/246/5586186","broken_link"
"https://academic.oup.com/jpubhealth/advance-article/doi/10.1093/pubmed/fdaf039/8110059","broken_link"
"https://adai.uw.edu/pubs/pdf/2017mjanxiety.pdf","pdf"
"https://americasbest401k.com","text_too_short"
"https://app.allstateidentityprotection.com/signin/login","text_too_short"
"https://ascopubs.org/journal/jco","text_too_short"
"https://aspe.hhs.gov/sites/default/files/documents/bd5568fa0e8a59c2225b2e0b93d5ae5b/aspe-insulin-affordibility-datapoint.pdf","pdf"
"https://assets2.hrc.org/files/assets/resources/last_will.pdf","pdf"
"https://attorneygeneral.delaware.gov/fraud/cpu/idtheft","text_too_short"
"https://benefits.va.gov/benefits/factsheets/financial-literacy/id-theft-fraud.pdf","pdf"
"https://bgbsbcn.bar/+1w1ig2/aueoy6nhhk/dtw3600.jspx","text_too_short"
"https://bipartisanpolicy.org/wp-content/uploads/2019/03/10-things-about-us-immigration-system.pdf","pdf"
"https://blackfriarsmedicalpractice.nhs.uk/library/conditions/articles/high-blood-pressure-hypertension/treatment","broken_link"
"https://blog.vumigroup.com/breast-cancer-myths-and-facts","broken_link"
"https://bold.org/blog/how-does-student-loan-interest-work","text_too_short"
"https://business.purdue.edu/faculty/kjmumfor/papers/who-benefits-minimum-wage-2016.pdf","pdf"
"https://card.apple.com/apply/start","text_too_short"
"https://ceflix.org/videos/watch/1873335/how-does-asthma-work","text_too_short"
"https://civicfcu.org/bank/retirement-savings/roth-ira","broken_link"
"https://cks.nice.org.uk/topics/depression/background-information/risk-factors","video"
"https://cks.nice.org.uk/topics/diabetes-type-2/management/management-adults","video"
"https://cks.nice.org.uk/topics/generalized-anxiety-disorder/background-information/risk-factors","video"
"https://cks.nice.org.uk/topics/hypertension/background-information/complications-prognosis","video"
"https://cks.nice.org.uk/topics/hypertension/background-information/definition","video"
"https://cks.nice.org.uk/topics/hypertension/background-information/risk-factors","video"
"https://cks.nice.org.uk/topics/migraine/background-information/complications","video"
"https://cks.nice.org.uk/topics/migraine/management/adults","video"
"https://clintonwhitehouse4.archives.gov/media/pdf/minwagereport000208.pdf","pdf"
"https://comagine.org/program/insulin","broken_link"
"https://commerce.mt.gov/_shared/business/sbdc/docs/intellectualproperty/trademark.pdf","pdf"
"https://consumerfed.org/pdfs/9-things-to-check-when-shopping-for-identity-services.pdf","pdf"
"https://content.naic.org/sites/default/files/healthcare-reform-principles.pdf","pdf"
"https://core-docs.s3.amazonaws.com/documents/asset/uploaded_file/3886/dks/3300877/1_what-is-healthcare-reform_custom.pdf","pdf"
"https://cosspp.fsu.edu/economics/wp-content/uploads/sites/10/2021/10/effectsofraisingtheminimumwage_2021.pdf","pdf"
"https://dev.northfieldhospital.org/news/understand-your-risks-prevent-heart-attack","broken_link"
"https://diabetes.ca/about-diabetes/type-1/symptoms","broken_link"
"https://diabetesjournals.org/care/article/44/supplement_1/s111/31020/9-pharmacologic-approaches-to-glycemic-treatment","text_too_short"
"https://diabetesjournals.org/care/article/47/1/26/153797/economic-costs-of-diabetes-in-the-u-s-in-2022","broken_link"
"https://diabetesjournals.org/care/article/47/8/1246/154402/lessons-from-insulin-policy-prescriptions-for","broken_link"
"https://diabetesjournals.org/care/article/48/supplement_1/s181/157569/9-pharmacologic-approaches-to-glycemic-treatment","broken_link"
"https://diabetesjournals.org/care/article/48/supplement_1/s27/157566/2-diagnosis-and-classification-of-diabetes","broken_link"
"https://diabetesjournals.org/collection/2178/review-articles","broken_link"
"https://diabetesjournals.org/collection/52/diabetes-and-covid-19","broken_link"
"https://diabetesjournals.org/diabetes","broken_link"
"https://diabetesonthenet.com/wp-content/uploads/pdf/dotnae85b2894f3f106434cffd9fb60f261a.pdf","pdf"
"https://diabeticstudies.org","text_too_short"
"https://digitalinvestor.navyfederal.org","text_too_short"
"https://dom-pubs.onlinelibrary.wiley.com/journal/14631326","text_too_short"
"https://doverbehavioral.com/blog/panic-attack-vs-anxiety-attack-whats-the-difference","text_too_short"
"https://dph.illinois.gov/content/dam/soi/en/web/idph/files/forms/child-health-exam-form-revised-01-31-2024.pdf","pdf"
"https://drive.ky.gov/drivers/documents/validproofdocuments.pdf","pdf"
"https://droracle.ai/articles/84767/what-is-the-management-of-gastroenteritis-with-fever-and-elevated-c-reactive-protein-crp","text_too_short"
"https://ecronicon.net/assets/ecmi/pdf/ecmi-16-00986.pdf","pdf"
"https://effectivehealthcare.ahrq.gov/products/major-depressive-disorder/consumer","text_too_short"
"https://elitelv.com/high-blood-pressure-risks","text_too_short"
"https://elsevier.health/en-us/preview/hypertension-co","text_too_short"
"https://english.stackexchange.com/questions/516189/what-is-anxiety","text_too_short"
"https://etihadbureau.ae","text_too_short"
"https://etihadbureau.ae/individual/creditscore","text_too_short"
"https://fedcapgroup.org/storage/2014/10/why-book-the-minimum-wage-increase-costs-benefits-and-complexities.pdf","pdf"
"https://finred.usalearning.gov/assets/downloads/finred-publicserviceloanforgiveness-fs.pdf","pdf"
"https://fox5sandiego.com/news/what-is-a-401k","text_too_short"
"https://global.oup.com/academic/product/the-womans-guide-to-managing-migraine-9780199744800","text_too_short"
"https://guidelines.diabetes.ca/cpg/chapter13","broken_link"
"https://guysandstthomasspecialistcare.co.uk/news/the-four-stages-of-hypertension","text_too_short"
"https://guysandstthomasspecialistcare.co.uk/news/what-is-hypertension-everything-you-need-to-know","broken_link"
"https://havenlife.com/blog/how-much-does-life-insurance-cost","video"
"https://health.maryland.gov/bha/documents/substanceuseresources/consumertipsheet_healthreform.pdf","pdf"
"https://health.maryland.gov/bha/documents/substanceuseresources/consumertipsheet_quickfactshealth%20reform.pdf","pdf"
"https://health.mil/news/articles/2022/02/11/womens-heart-attacks-symptoms-can-differ-from-mens-know-the-signs","broken_link"
"https://health.usnews.com/conditions/diabetes/treatments-for-diabetes","broken_link"
"https://health.usnews.com/conditions/heart-disease/heart-attack","broken_link"
"https://health.usnews.com/wellness/articles/surprising-breast-cancer-risk-factors","broken_link"
"https://helloprenup.com/finances/what-is-student-loan-forgiveness-debt-relief","text_too_short"
"https://hms.harvard.edu/news/covid-diabetes","text_too_short"
"https://hr.msu.edu/open-enrollment/documents/arag/ua-plus-identity-theft.pdf","pdf"
"https://humaninterest.com","text_too_short"
"https://hypertension.ca/wp-content/uploads/2025/05/hypertension-guideline.pdf","pdf"
"https://i94.cbp.dhs.gov","text_too_short"
"https://ihe.se/app/uploads/2016/10/ihe-report_2016_9_.pdf","pdf"
"https://ihs-headache.org/wp-content/uploads/2020/06/3426_dmkg-treatment-of-migraine-attacks-and-prevention-of-migraine.pdf","pdf"
"https://immigrationhelp.org/learning-center/the-ultimate-guide-to-the-united-states-immigration-process","text_too_short"
"https://jamanetwork.com/journals/jama/fullarticle/1149281","text_too_short"
"https://jamanetwork.com/journals/jama/fullarticle/1731858","broken_link"
"https://jamanetwork.com/journals/jama/fullarticle/211106","broken_link"
"https://jamanetwork.com/journals/jama/fullarticle/2533698","broken_link"
"https://jamanetwork.com/journals/jama/fullarticle/2766867","broken_link"
"https://jamanetwork.com/journals/jama/fullarticle/2799904","broken_link"
"https://jamanetwork.com/journals/jama/fullarticle/2803510","broken_link"
"https://jamanetwork.com/journals/jama/fullarticle/2806251","broken_link"
"https://jamanetwork.com/journals/jama/fullarticle/2835629","broken_link"
"https://jamanetwork.com/journals/jama/fullarticle/2836638","broken_link"
"https://jamanetwork.com/journals/jamacardiology/fullarticle/2728380","broken_link"
"https://jamanetwork.com/journals/jamainternalmedicine/fullarticle/773457","broken_link"
"https://jamanetwork.com/journals/jamanetworkopen/fullarticle/2803938","broken_link"
"https://jamanetwork.com/journals/jamanetworkopen/fullarticle/2816824","broken_link"
"https://jamanetwork.com/journals/jamanetworkopen/fullarticle/2820895","broken_link"
"https://jamanetwork.com/journals/jamanetworkopen/fullarticle/2824731","broken_link"
"https://jamanetwork.com/journals/jamanetworkopen/fullarticle/2831882","broken_link"
"https://jamanetwork.com/journals/jamanetworkopen/fullarticle/2836412","broken_link"
"https://jamanetwork.com/journals/jamapsychiatry/fullarticle/2790780","broken_link"
"https://journal.chestnet.org/article/s0012-3692(16)61384-3/fulltext","text_too_short"
"https://jp.usembassy.gov/services/welcomebacktojapan","text_too_short"
"https://kazmobrain.com/depression-can-be-cure","text_too_short"
"https://library.fiveable.me/key-terms/ap-euro/public-health-reforms","text_too_short"
"https://library.fiveable.me/trademark-law/unit-3","text_too_short"
"https://m.youtube.com/watch?pp=0gcjccmjaycqiyzv&v=4pb4citgnyw","video"
"https://m.youtube.com/watch?pp=0gcjcdgao7vqn5td&v=aw3pvguyom0","video"
"https://m.youtube.com/watch?pp=yguqi3ryywrlbwfya3dvcnroeq%3d%3d&v=rprvn2im7bm","video"
"https://m.youtube.com/watch?pp=yguxi2hvd190b19jdxjlx2rlchjlc3npb24%3d&v=f5sp7frjltm","video"
"https://m.youtube.com/watch?t=9&v=w3375_ai0qs","video"
"https://m.youtube.com/watch?v=-ieju5gklo4","video"
"https://m.youtube.com/watch?v=1icx76-rkie","video"
"https://m.youtube.com/watch?v=cbpwlljdhks","video"
"https://m.youtube.com/watch?v=l4j5rvgb-im","video"
"https://mail.ceflix.org/videos/watch/1873335/how-does-asthma-work","broken_link"
"https://mastercardus.idprotectiononline.com","text_too_short"
"https://medicine.yale.edu/news-article/depressions-disproportionate-impact-on-women","broken_link"
"https://medicine.yale.edu/news-article/prices-of-expensive-diabetes-medicines-and-weight-loss-drugs-are-drastically-higher-than-production-costs","broken_link"
"https://medicine.yale.edu/news-article/the-price-of-insulin-a-qanda-with-kasia-lipska","broken_link"
"https://meruwell.com/blogs/understanding-the-risks-of-high-blood-pressure","text_too_short"
"https://middlesexhealth.org/learning-center/articles/high-blood-pressure-dangers-hypertension-s-effects-on-your-body","text_too_short"
"https://mlaem.fs.ml.com/content/dam/ml/solutions/pdf/305305pm.pdf","pdf"
"https://momentuminjury.com/arthritis-risk-factors","text_too_short"
"https://money.usnews.com/credit-cards/articles/what-are-the-credit-score-ranges","broken_link"
"https://money.usnews.com/investing/articles/best-funds-to-hold-in-roth-ira","broken_link"
"https://money.usnews.com/investing/articles/best-performing-401-k-funds","broken_link"
"https://money.usnews.com/investing/best-brokers-beginners","broken_link"
"https://money.usnews.com/loans/mortgages/articles/what-is-a-mortgage","broken_link"
"https://money.usnews.com/loans/student-loans/articles/private-student-loan-forgiveness-options","broken_link"
"https://money.usnews.com/money/retirement/401ks/articles/are-401-k-s-worth-it","broken_link"
"https://money.usnews.com/money/retirement/401ks/articles/companies-with-the-best-retirement-plans","broken_link"
"https://money.usnews.com/money/retirement/401ks/articles/what-is-a-401-k","broken_link"
"https://money.usnews.com/money/retirement/articles/10-reasons-to-save-for-retirement-in-a-roth-ira","broken_link"
"https://money.usnews.com/money/retirement/articles/heres-how-much-money-you-could-lose-if-social-security-goes-bankrupt","broken_link"
"https://money.usnews.com/money/retirement/iras/articles/mistakes-to-avoid-with-a-roth-ira","broken_link"
"https://mwg.aaa.com/via/your-money/credit-score-101","text_too_short"
"https://my.valic.com/documentservices/retrievedocument.aspx","text_too_short"
"https://mydoctor.kaiserpermanente.org/mas/news/what-is-arthritis-doctor-explains-types-and-treatments-2247763","text_too_short"
"https://nb.fidelity.com/public/nbpreloginnav/spa/fidelitywork/core/401k","text_too_short"
"https://nelnet.studentaid.gov/content/faq/faqdischargeforgivenesscancellation","text_too_short"
"https://nelnet.studentaid.gov/content/forgivenessanddischarge","text_too_short"
"https://news.ycombinator.com/item","text_too_short"
"https://npers.ne.gov/selfservice/public/howto/publications/tradorroth.pdf","pdf"
"https://nsldsfap.ed.gov","text_too_short"
"https://onlinelibrary.wiley.com/doi/10.1002/brb3.497","text_too_short"
"https://onlinelibrary.wiley.com/doi/10.1111/1467-8551.12792","broken_link"
"https://onlinelibrary.wiley.com/doi/10.1111/apa.70226","broken_link"
"https://onlinelibrary.wiley.com/doi/10.1111/dme.70105","broken_link"
"https://onlinelibrary.wiley.com/doi/abs/10.1002/brb3.497","broken_link"
"https://onlinelibrary.wiley.com/journal/15207560","broken_link"
"https://parade.com/908540/ccopelan/is-it-a-heart-attack-or-a-panic-attack-heres-how-to-tell","text_too_short"
"https://participant.empower-retirement.com","text_too_short"
"https://patient.boehringer-ingelheim.com/us/products/jardiance/type-2-diabetes/pricing","text_too_short"
"https://pdfs.semanticscholar.org/dc6f/aa12701ccb196015d0834c8a9a9398071bba.pdf","pdf"
"https://perks.optum.com/blog/arthritis-pain-relief","text_too_short"
"https://perks.optum.com/blog/can-high-blood-pressure-cause-anxiety","text_too_short"
"https://plsma.org/wp-content/uploads/2021/07/how_the_united_states_immigration_system_works.pdf","pdf"
"https://policy-wizard.fas.harvard.edu/term-life-insurance-rates","broken_link"
"https://portal.ct.gov/-/media/departments-and-agencies/dph/dph/hems/asthma/pdf/illinioiscoachpacketpdf.pdf","pdf"
"https://portal.nosscr.org/nosscr/icore/store/storelayouts/item_detail.aspx","video"
"https://precardix.com/anxiety-and-hypertension","text_too_short"
"https://prismahealth.org/services/cancer-care/prevention-and-screening/breast-cancer-prevention-clinic","text_too_short"
"https://pro.boehringer-ingelheim.com/us/payor/strategiesforqualitycare/bipdf/understanding-complications-diabetes","text_too_short"
"https://probatesearch.service.gov.uk/help","text_too_short"
"https://publiccounsel.org/wp-content/uploads/2025/01/risks-of-filing-bankruptcy-after-la-fires_english.pdf","pdf"
"https://risetowin.org/stories/2022/2-18/rise-super-bowl-leadership-rogram/assets/anthony-almaguer/whatisimmigration__anthonyalmaguer_dodgersrbi_youthparticipant.pdf","pdf"
"https://ro.co/health-guide/anxiety-blood-pressure","text_too_short"
"https://ro.co/health-guide/heart-attack","broken_link"
"https://ro.co/health-guide/symptoms-of-breast-cancer","broken_link"
"https://ro.co/health-guide/treatment-for-diabetes","broken_link"
"https://rupri.org/wp-content/uploads/high-performance-rural-hcs-of-the-future-2011.pdf","pdf"
"https://sba.thehartford.com/business-management/small-biz-owner/pros-cons-minimum-wage","broken_link"
"https://sbi.co.in/web/personal-banking/loans/education-loans/student-loan-scheme","text_too_short"
"https://smallbusiness.chron.com/advantages-minimum-wage-2773.html","broken_link"
"https://static1.squarespace.com/static/5e31ce1fc5393e00e46cd6c0/t/5e69339aeb25502cb8528a68/1583952794459/how+the+united+states+immigration+system+works.pdf","pdf"
"https://stlawyers.ca/law-essentials/anxiety-disability-benefits-canada","text_too_short"
"https://storymd.com/journal/pwgr5onu4j-arthritis/page/ykk6et5bdn-what-is-arthritis","text_too_short"
"https://storymd.com/journal/qjo8dy9fnm-anxiety/page/68n9zoh9365-what-are-the-risk-factors-for-anxiety","text_too_short"
"https://studentaid.gov/announcements-events/idr-account-adjustment","text_too_short"
"https://studentaid.gov/announcements-events/idr-court-actions","text_too_short"
"https://studentaid.gov/apply-for-aid/fafsa/filling-out/parent-info","text_too_short"
"https://studentaid.gov/glossary/forgiveness","text_too_short"
"https://studentaid.gov/help-center/answers/article/check-online-idr-forgiveness-eligible","text_too_short"
"https://studentaid.gov/help-center/answers/article/difference-between-loan-forgiveness-cancellation-and-discharge","text_too_short"
"https://studentaid.gov/help-center/answers/article/pslf-program","text_too_short"
"https://studentaid.gov/help-center/answers/article/what-is-federal-student-loan","text_too_short"
"https://studentaid.gov/help-center/answers/article/what-is-sai","text_too_short"
"https://studentaid.gov/manage-loans/forgiveness-cancellation","text_too_short"
"https://studentaid.gov/manage-loans/forgiveness-cancellation/public-service","text_too_short"
"https://studentaid.gov/manage-loans/forgiveness-cancellation/public-service/public-service-loan-forgiveness-application","text_too_short"
"https://studentaid.gov/manage-loans/forgiveness-cancellation/public-service/public-service-loan-forgiveness-buyback","text_too_short"
"https://studentaid.gov/manage-loans/forgiveness-cancellation/public-service/temporary-expanded-public-service-loan-forgiveness","text_too_short"
"https://studentaid.gov/manage-loans/forgiveness-cancellation/teacher","text_too_short"
"https://studentaid.gov/manage-loans/lower-payments/get-temporary-relief","text_too_short"
"https://studentaid.gov/manage-loans/repayment","text_too_short"
"https://studentaid.gov/manage-loans/repayment/plans","text_too_short"
"https://studentaid.gov/manage-loans/repayment/plans/income-driven","text_too_short"
"https://studentaid.gov/manage-loans/repayment/plans/standard","text_too_short"
"https://studentaid.gov/manage-loans/repayment/repaying-101","text_too_short"
"https://studentaid.gov/pslf","text_too_short"
"https://studentaid.gov/sites/default/files/federal-loan-programs.pdf","pdf"
"https://studentaid.gov/understand-aid/types","text_too_short"
"https://studentaid.gov/understand-aid/types/loans","text_too_short"
"https://studentaid.gov/understand-aid/types/loans/federal-vs-private","text_too_short"
"https://studentaid.gov/understand-aid/types/loans/interest-rates","text_too_short"
"https://studentaid.gov/understand-aid/types/loans/plus/grad","text_too_short"
"https://studentaid.gov/understand-aid/types/loans/plus/parent","text_too_short"
"https://studentaid.gov/understand-aid/types/loans/subsidized-unsubsidized","text_too_short"
"https://study.com/academy/lesson/video/what-is-a-mortgage-definition-purpose.html","text_too_short"
"https://study.com/academy/lesson/video/what-is-hypertension-htn-definition-symptoms-causes.html","text_too_short"
"https://study.com/academy/lesson/what-is-a-roth-ira-definition-rules-benefits.html","text_too_short"
"https://study.com/learn/lesson/video/what-is-emigration-difference-between-emigration-immigration.html","text_too_short"
"https://study.com/learn/lesson/what-is-emigration-difference-between-emigration-immigration.html","text_too_short"
"https://swhr.org/wp-content/uploads/2019/07/swhr_migraine_patient_toolkit_2019.pdf","pdf"
"https://thehill.com/homenews/education/5397335-student-loan-borrowers-repayment-plans-debt-forgiveness-big-beautiful-trump-save-plan","text_too_short"
"https://thehill.com/opinion/healthcare/5064095-health-care-system-us-reform","text_too_short"
"https://threeshiresmedical.co.uk/website/l81029/files/diabetes%20appointment%20information.pdf","pdf"
"https://tradocfcoeccafcoepfwprod.blob.core.usgovcloudapi.net/usag/jag/doc/laoinfopapers/cl/factors%20affecting%20your%20credit%20score.pdf","pdf"
"https://tricare.mil/costs","broken_link"
"https://uhs.berkeley.edu/sites/default/files/headachesmigraines.pdf","pdf"
"https://unclaimedretirementbenefits.com","text_too_short"
"https://uphtotalrewards.com/wp-content/uploads/2022/03/identity-theft-benefits-flyer.pdf","pdf"
"https://usa.visa.com/pay-with-visa/find-card/apply-credit-card","text_too_short"
"https://usa.visa.com/pay-with-visa/find-card/apply-credit-card/bad_credit_rebuilding","text_too_short"
"https://wisconsindot.gov/pages/dmv/license-drvs/how-to-apply/identity.aspx","broken_link"
"https://www.53identityalert.com","text_too_short"
"https://www.ace.aaa.com/financial/idtheft.html","text_too_short"
"https://www.ace.aaa.com/insurance/life-insurance/term-life-insurance-rates-by-age.html","text_too_short"
"https://www.ace.aaa.com/insurance/life-insurance/whole-life-insurance-rates-by-age.html","text_too_short"
"https://www.actuarialstandardsboard.org/wp-content/uploads/2018/07/asop054_193.pdf","pdf"
"https://www.aetna.com/health-care-reform.html","text_too_short"
"https://www.afsa.gov.au/i-cant-pay-my-debts/bankruptcy/what-bankruptcy","broken_link"
"https://www.ag.state.mn.us/consumer/handbooks/probate/ch1.asp","broken_link"
"https://www.ag.state.mn.us/consumer/identitytheft","broken_link"
"https://www.ahajournals.org/doi/10.1161/cir.0000000000001063","text_too_short"
"https://www.ahajournals.org/doi/10.1161/cir.0000000000001309","broken_link"
"https://www.ahajournals.org/doi/10.1161/circ.133.suppl_1.p186","broken_link"
"https://www.ahajournals.org/doi/10.1161/hyp.0000000000000065","broken_link"
"https://www.ahajournals.org/doi/10.1161/hypertensionaha.115.03480","broken_link"
"https://www.ahajournals.org/doi/10.1161/hypertensionaha.118.10916","broken_link"
"https://www.ahajournals.org/doi/10.1161/hypertensionaha.120.15026","broken_link"
"https://www.ahajournals.org/doi/10.1161/hypertensionaha.121.17283","broken_link"
"https://www.ahajournals.org/doi/10.1161/jaha.119.014546","broken_link"
"https://www.aihw.gov.au/reports/diabetes/diabetes/contents/diabetes-risk-factors","text_too_short"
"https://www.aihw.gov.au/reports/diabetes/diabetes/contents/impact-of-diabetes/diabetes-related-complications","broken_link"
"https://www.aihw.gov.au/reports/risk-factors/risk-factors-to-health/contents/high-blood-pressure","broken_link"
"https://www.ajg.com/services/compliance-consulting/compliance-consulting-healthcare-reform","text_too_short"
"https://www.ajpmonline.org/article/s0749-3797(13)00338-3/pdf","text_too_short"
"https://www.alexandramassey.co.uk/post/who-gets-depression-heres-the-top-9-risk-factors-for-getting-depression","text_too_short"
"https://www.allstate.com/identity","text_too_short"
"https://www.allstate.com/identity/theft-protection","text_too_short"
"https://www.allstate.com/life-insurance","text_too_short"
"https://www.allstate.com/resources/identity-protection/identity-theft-insurance","text_too_short"
"https://www.allstate.com/resources/identity-protection/identity-theft-insurance-claim","text_too_short"
"https://www.amazon.com/anxiety-multidisciplinary-review-peter-tyrer/dp/1860940730","text_too_short"
"https://www.amazon.com/depression-cure-6-step-program-without/dp/0738213888","text_too_short"
"https://www.amazon.com/depression-cured-last-sherry-rogers/dp/1887202013","text_too_short"
"https://www.amazon.com/end-diabetes-live-prevent-reverse/dp/0062219987","text_too_short"
"https://www.amazon.com/migraine-american-council-headache-education/dp/0440504589","text_too_short"
"https://www.amazon.com/migraine-brains-bodies-comprehensive-migraines/dp/0977870200","text_too_short"
"https://www.amazon.com/theraice-rx-headache-comfortable-stretchable/dp/b082wn9njl","text_too_short"
"https://www.americafirstpolicy.com/issues/5-steps-toward-a-fresh-approach-to-health-care-reform","text_too_short"
"https://www.americanbar.org/groups/public_education/resources/law_issues_for_consumers/everydaylaw0/personal_finance/bankruptcy/pros_and_cons_of_bankruptcy","text_too_short"
"https://www.americanexpress.com/us/credit-cards/check-for-offers","text_too_short"
"https://www.annualcreditreport.com/protectyouridentity.action","text_too_short"
"https://www.anxietycanada.com/sites/default/files/what_is_anxiety.pdf","pdf"
"https://www.aota.org/advocacy/issues/health-care-reform","text_too_short"
"https://www.apa.org/monitor/2012/07-08/ce-corner","text_too_short"
"https://www.apa.org/monitor/2019/05/ce-corner-isolation","text_too_short"
"https://www.apa.org/news/podcasts/speaking-of-psychology/anxiety","text_too_short"
"https://www.apa.org/pi/aging/resources/guides/depression","text_too_short"
"https://www.apa.org/topics/anxiety","text_too_short"
"https://www.apa.org/topics/depression/overcoming","text_too_short"
"https://www.apa.org/topics/stress/anxiety-difference","text_too_short"
"https://www.apollohospitals.com/diseases-and-conditions/best-ways-to-treat-food-poisoning","broken_link"
"https://www.atsjournals.org/doi/pdf/10.1164/ajrccm-conference.2024.209.1_meetingabstracts.a1372","text_too_short"
"https://www.bankhillsboro.com/financial-benefits-of-homeownership-beyond-the-mortgage","text_too_short"
"https://www.barnesjewish.org/medical-services/heart-vascular/conditions-treatments/coronary-artery-disease/heart-attack-symptoms","text_too_short"
"https://www.baystatehealth.org/medical-services/endocrinology/diabetes-treatments","broken_link"
"https://www.bcaction.org/site-content/uploads/2024/03/breast-cancer-risks.facts-and-myths.pdf","pdf"
"https://www.bcm.edu/bodycomplab/bpappzjs/bpvageappz.html","text_too_short"
"https://www.beankinney.com/wp-content/uploads/2021/09/74_jbd-how-bankruptcy-affects-real-estate-titles-and-bankruptcy-risks-covered-by-title-insurance-_00104887.pdf","pdf"
"https://www.billingsclinic.com/services-specialties/heart-care/heart-attack-signs-risks","broken_link"
"https://www.blackdoginstitute.org.au/resources-support/anxiety/signs","text_too_short"
"https://www.blackdoginstitute.org.au/resources-support/depression/causes","text_too_short"
"https://www.blankrome.com/sites/default/files/2020-10/bankruptcy_risks_for_personal_property_lessors.pdf","pdf"
"https://www.bluecrossmn.com/understanding-health-insurance/preventive-care/how-prevent-arthritis-pain","text_too_short"
"https://www.brainandspine.org.uk/health-information/fact-sheets/migraine","text_too_short"
"https://www.breastcancer.org/risk/risk-factors","text_too_short"
"https://www.cancercenter.com/cancer-types/breast-cancer/treatments","video"
"https://www.capitalgroup.com/advisor/account-resource-center/simple-plan-comparison.html","text_too_short"
"https://www.capitalgroup.com/advisor/investments/iras.html","text_too_short"
"https://www.carboncollective.co/401k/plan-comparison-tool","text_too_short"
"https://www.cardio.com/blog/panic-attack-vs-heart-attack-difference","text_too_short"
"https://www.cato.org/sites/cato.org/files/four_reasons_not_to_raise_the_minimum_wage.pdf","pdf"
"https://www.cbpp.org/research/social-security/what-the-2024-trustees-report-shows-about-social-security","text_too_short"
"https://www.cbpp.org/research/topics/health-reform","broken_link"
"https://www.cbs8.com/article/news/verify/social-security-verify/social-security-not-going-bankrupt-when-trust-funds-run-out/536-0258d8bf-7f10-4218-af98-0b328a053db3","broken_link"
"https://www.cci.health.wa.gov.au/-/media/cci/mental-health-professionals/anxiety/anxiety---information-sheets/anxiety-information-sheet---01---what-is-anxiety.pdf","pdf"
"https://www.cdc.gov/high-blood-pressure/docs/hmp_evaluation_executive_summary-508.pdf","pdf"
"https://www.cdc.gov/high-blood-pressure/docs/hmp_toolkit_508.pdf","pdf"
"https://www.cdc.gov/high-blood-pressure/media/pdfs/2024/04/hclc_pa_action_plan_2024-508.pdf","pdf"
"https://www.cdc.gov/high-blood-pressure/media/pdfs/sg-cta-htn-control-report-508.pdf","pdf"
"https://www.cdc.gov/nchs/data/databriefs/db364-h.pdf","pdf"
"https://www.cdc.gov/nchs/data/databriefs/db511.pdf","pdf"
"https://www.cdc.gov/nchs/data/nhsr/nhsr213.pdf","pdf"
"https://www.cdc.gov/pcd/issues/2005/apr/pdf/04_0134_01.pdf","pdf"
"https://www.cdc.gov/steadi/media/pdfs/steadi-assessment-measuringbp-508.pdf","pdf"
"https://www.cga.ct.gov/asaferconnecticut/tmy/0129/some%20facts%20about%20suicide%20and%20depression%20-%20article.pdf","pdf"
"https://www.chase.com/content/dam/chase-ux/documents/digital/resources/identity-theft-kit.pdf","pdf"
"https://www.chestercountyhospital.org/services-and-treatments/heart-and-vascular/care-of-your-heart/what-is-a-heart-attack","text_too_short"
"https://www.citi.com/mortgage/home-mortgage","text_too_short"
"https://www.citi.com/mortgage/relationship-benefits","text_too_short"
"https://www.ck12.org/flexi/life-science/adulthood/are-there-any-health-risks-associated-with-anxiety","broken_link"
"https://www.cms.gov/files/document/fy-2025-icd-10-cm-coding-guidelines.pdf","pdf"
"https://www.colo-law.com/signs-your-marriage-is-heading-toward-divorce","text_too_short"
"https://www.commercialappeal.com/embed/video/98523450","text_too_short"
"https://www.commonwealthfund.org/sites/default/files/documents/___media_files_publications_issue_brief_2016_sep_1903_saltzman_trump_hlt_care_reform_proposals_ib_v2.pdf","pdf"
"https://www.communitylender.org/wp-content/uploads/2024/01/chla-credit-score-white-paper-final-vsn.pdf","pdf"
"https://www.corebridgedirect.com/life-insurance-rates","text_too_short"
"https://www.creditchecktotal.com","text_too_short"
"https://www.creditonebank.com/pre-qualification/data-entry/index","text_too_short"
"https://www.cuanswers.com/wp-content/uploads/regvtu09_re.pdf","pdf"
"https://www.dailymotion.com/video/x9hmyqi","video"
"https://www.diabetes.ca/about-diabetes/type-1/complications","broken_link"
"https://www.diabetes.ca/about-diabetes/type-2/complications","broken_link"
"https://www.diabetes.ca/about-diabetes/type-2/symptoms","broken_link"
"https://www.diabetes.ca/about-diabetes/type-2/treatment","broken_link"
"https://www.diabetes.ca/advocacy---policies/advocacy-reports/diabetes-and-diabetes-related-out-of-pocket-costs","broken_link"
"https://www.diabetes.ca/diabetescanadawebsite/media/campaigns/covid-19%20and%20diabetes/relationship-between-diabetes-and-covid-lh-june-2021.pdf","pdf"
"https://www.diabetes.ca/resources/tools-resources/faq-about-covid-19-and-diabetes","broken_link"
"https://www.dol.gov/sites/dolgov/files/ebsa/about-ebsa/about-us/erisa-advisory-council/2023-long-term-disability-benefits-and-mental-health-disparity-mccoy-turner-written-statement-09-21.pdf","pdf"
"https://www.dol.gov/sites/dolgov/files/ebsa/about-ebsa/our-activities/resource-center/fact-sheets/tips-for-selecting-and-monitoring-service-providers.pdf","pdf"
"https://www.dol.gov/sites/dolgov/files/ebsa/about-ebsa/our-activities/resource-center/faqs/cobra-continuation-coverage.pdf","pdf"
"https://www.dol.gov/sites/dolgov/files/ebsa/about-ebsa/our-activities/resource-center/publications/401k-plan-fees.pdf","pdf"
"https://www.dol.gov/sites/dolgov/files/ebsa/about-ebsa/our-activities/resource-center/publications/401k-plans-for-small-businesses-2022.pdf","pdf"
"https://www.doylestownhealth.org/blog/everything-you-need-to-know-about-food-poisoning","text_too_short"
"https://www.drbillhefley.com/what-to-expect-from-an-orthopedic-surgery","broken_link"
"https://www.droracle.ai/articles/112603/do-people-get-cured-from-hipertension","text_too_short"
"https://www.droracle.ai/articles/21173/which-antihypertensive-should-avoid-in-asthma-patients-","text_too_short"
"https://www.droracle.ai/articles/84652/anxiety-and-hypertension","text_too_short"
"https://www.earnest.com/blog/how-do-federal-student-loans-work","text_too_short"
"https://www.earnest.com/blog/how-do-student-loans-work","broken_link"
"https://www.ecgi.global/sites/default/files/working_papers/documents/gopalangormleykaldafinal_1.pdf","pdf"
"https://www.edwardjones.com/sites/default/files/acquiadam/2022-12/ira-schedule-of-fees.pdf","pdf"
"https://www.ellsworth.af.mil/portals/146/5_%20credit%20reports%20and%20scores.pdf","pdf"
"https://www.faa.gov/ame_guide/media/headache_migraine.pdf","pdf"
"https://www.facebook.com/americanheart/posts/now-heres-another-question-for-you-can-you-locate-your-defibrillator-at-work-abo/1212470457580443","text_too_short"
"https://www.facebook.com/anxietyhealthreview","text_too_short"
"https://www.facebook.com/baptisthealthsf/videos/panic-attack-or-heart-attack-the-symptoms-can-be-so-similar-its-scary-for-many-i/895463239378492","text_too_short"
"https://www.facebook.com/bonamarkip","text_too_short"
"https://www.facebook.com/drsatyakampsychiatrist/videos/is-your-hypertension-or-blood-pressure-always-high-it-could-be-anxietydo-you-hav/1220195449745908","text_too_short"
"https://www.facebook.com/groups/1247563199057863/posts/2292334804580692","text_too_short"
"https://www.facebook.com/medlifecare/videos/5-home-remedies-for-food-poisoning/3680396958654791","text_too_short"
"https://www.facebook.com/nbcnewsnow/videos/diabetes-a-risk-factor-for-severe-cases-of-coronavirus/222040765678656","text_too_short"
"https://www.facebook.com/nih.nhlbi/videos/today-is-worldhypertensionday-hypertension-otherwise-known-as-high-blood-pressur/423421780426117","text_too_short"
"https://www.facebook.com/nih.niams/videos/arthritis-explained/456692063712262","text_too_short"
"https://www.facebook.com/thedoctorasky/videos/signs-of-arthritisyou-should-take-seriously/618577324384344","text_too_short"
"https://www.facebook.com/tramatrademarks/posts/were-grateful-for-your-feedback-your-reviews-inspire-us-to-keep-raising-the-bar-/1594394624841418","text_too_short"
"https://www.facebook.com/univisionchicago/videos/el-irs-compartir%c3%a1-informaci%c3%b3n-de-contribuyentes-indocumentados-con-inmigraci%c3%b3n/694921136439579","text_too_short"
"https://www.facebook.com/upmc/videos/common-signs-of-a-heart-attack/471438475395949","text_too_short"
"https://www.fbi.gov/how-we-can-help-you/more-fbi-services-and-information/freedom-of-information-privacy-act/department-of-justice-fbi-privacy-impact-assessments/ncic-identity-theft","text_too_short"
"https://www.fdic.gov/consumers/consumer/moneysmart/podcast/documents/borrowing-money-how-much-mortgage-can-i-afford.pdf","pdf"
"https://www.federalreserve.gov/creditreports/pdf/credit_reports_scores_2.pdf","pdf"
"https://www.fico.com/blogs/fico-s-adoption-and-pricing-mortgage-origination-market","text_too_short"
"https://www.fico.com/blogs/fico-s-royalty-pricing-role-and-adoption-mortgage-industry","text_too_short"
"https://www.fico.com/en/products/fico-score","text_too_short"
"https://www.fidelityworkplace.com/s/401ksmallbusiness-pricing","text_too_short"
"https://www.forcecom.uscg.mil/portals/3/last%20will%20%26%20testaments%20informational%20handout.pdf","pdf"
"https://www.forhers.com/blog/risk-factors-of-depression","text_too_short"
"https://www.forhers.com/conditions/anxiety","broken_link"
"https://www.franciscanhealth.org/community/blog/symptoms-of-a-silent-heart-attack","broken_link"
"https://www.freecreditreport.com","text_too_short"
"https://www.freecreditscore.com","text_too_short"
"https://www.freewill.com","text_too_short"
"https://www.freewill.com/learn/last-will-vs-living-will","text_too_short"
"https://www.gao.gov/assets/gao-21-357.pdf","pdf"
"https://www.goodrx.com/conditions/coronary-artery-disease/heart-attack-risk","text_too_short"
"https://www.goodrx.com/conditions/depression/can-you-get-disability-for-depression","text_too_short"
"https://www.goodrx.com/conditions/diabetes-type-2","text_too_short"
"https://www.goodrx.com/conditions/diabetes/blood-glucose-smartwatches","text_too_short"
"https://www.goodrx.com/conditions/diabetes/true-cost-of-diabetes","text_too_short"
"https://www.goodrx.com/conditions/food-poisoning/food-poisoning-treatment","text_too_short"
"https://www.goodrx.com/conditions/generalized-anxiety-disorder/anxiety-and-high-blood-pressure-what-is-the-connection","text_too_short"
"https://www.goodrx.com/conditions/heart-attack","text_too_short"
"https://www.goodrx.com/conditions/heart-attack/heart-attack-vs-panic-attack","text_too_short"
"https://www.goodrx.com/conditions/hypertension/high-blood-pressure-cure","text_too_short"
"https://www.goodrx.com/conditions/hypertension/what-does-high-blood-pressure-feel-like","text_too_short"
"https://www.goodrx.com/conditions/hypertension/what-drinks-lower-blood-pressure-quickly","text_too_short"
"https://www.goodrx.com/conditions/migraine/migraine-triggers-food-stress-sleep","text_too_short"
"https://www.goodrx.com/conditions/migraine/treatment-guide","text_too_short"
"https://www.goodrx.com/conditions/migraine/types","text_too_short"
"https://www.goodrx.com/healthcare-access/research/how-much-does-insulin-cost-compare-brands","text_too_short"
"https://www.gov.im/immigration","text_too_short"
"https://www.govinplace.org/content/raising_minimum_wage.pdf","pdf"
"https://www.healthcare.gov/see-plans","text_too_short"
"https://www.heart.org/-/media/files/health-topics/answers-by-heart/cholesterol-levels-affect-risk.pdf","pdf"
"https://www.hhs.gov/sites/default/files/call-to-action-to-control-hypertension.pdf","pdf"
"https://www.hhs.gov/sites/default/files/surgeon-general-social-connection-advisory.pdf","pdf"
"https://www.hmpgloballearningnetwork.com/site/cathlab/news/heart-attacks-dont-follow-hollywood-script","text_too_short"
"https://www.horizonnjhealth.com/membersupport/resources/controlling-high-blood-pressure","text_too_short"
"https://www.hr.vt.edu/content/dam/hr_vt_edu/benefits/optional-benefits/identity%20theft%20protection%20brochure.pdf","pdf"
"https://www.identitytheft.gov","text_too_short"
"https://www.identitytheft.gov/assistant","text_too_short"
"https://www.identitytheft.gov/dashboard/fraudalert/1","text_too_short"
"https://www.identitytheft.gov/info-lost-or-stolen","text_too_short"
"https://www.idx.us","text_too_short"
"https://www.idx.us/knowledge-center/hrs-guide-to-protecting-employees","text_too_short"
"https://www.ilrc.org/sites/default/files/resources/lgbt_immigrants.pdf","pdf"
"https://www.indeed.com/career-advice/pay-salary/how-does-a-401k-plan-work","text_too_short"
"https://www.indeed.com/hire/c/info/401k-providers","broken_link"
"https://www.indeed.com/hire/c/info/raising-minimum-wage","broken_link"
"https://www.indielaw.com/blog/first-use-vs-first-to-file","video"
"https://www.indystar.com/embed/video/110265404","text_too_short"
"https://www.instagram.com/p/dmlhsquyrrb","text_too_short"
"https://www.instagram.com/p/dmqac-sujbl","text_too_short"
"https://www.instagram.com/reel/dmfjcdhigik","video"
"https://www.instagram.com/reel/dmmsr7brn0m","video"
"https://www.instagram.com/reel/dmnbwyzpuvj","video"
"https://www.instagram.com/reel/dmpws93s8fu","video"
"https://www.irs.gov/pub/irs-pdf/p1635.pdf","pdf"
"https://www.jeffersonhealth.org/your-health/living-well/8-supplements-that-can-help-reduce-anxiety-according-to-a-psych","text_too_short"
"https://www.jeffersonhealth.org/your-health/living-well/how-to-prevent-or-reverse-diabetes-including-after-a-covid-19-infection","text_too_short"
"https://www.jeffersonhealth.org/your-health/living-well/how-to-tell-the-difference-between-panic-and-heart-attacks","text_too_short"
"https://www.jeffersonhealth.org/your-health/living-well/recognizing-the-signs-of-a-heart-attack","text_too_short"
"https://www.jwatch.org/na58933/2025/07/10/can-stem-cells-cure-type-1-diabetes","text_too_short"
"https://www.kansascityfed.org/documents/8351/economicreviewv106n3glovermustredelrio.pdf","pdf"
"https://www.kff.org/wp-content/uploads/2011/03/5-02-13-history-of-health-reform.pdf","pdf"
"https://www.khanacademy.org/college-careers-more/financial-literacy/xa6995ea67a8e9fdd:insurance/xa6995ea67a8e9fdd:life-insurance/a/cost-and-benefits-of-life-insurance","text_too_short"
"https://www.khanacademy.org/college-careers-more/personal-finance/pf-housing/pf-mortgages-tutorial/v/introduction-to-mortgage-loans","text_too_short"
"https://www.khanacademy.org/science/health-and-medicine/advanced-muscular-system/arthritis/v/what-is-arthritis","text_too_short"
"https://www.khanacademy.org/science/health-and-medicine/circulatory-system-diseases/hypertension/a/what-is-hypertension","text_too_short"
"https://www.khanacademy.org/science/health-and-medicine/circulatory-system-diseases/hypertension/v/hypertension-symptoms-and-categories","text_too_short"
"https://www.khanacademy.org/science/health-and-medicine/respiratory-system-diseases/asthma2/v/what-is-asthma","text_too_short"
"https://www.koreascience.kr/article/jako202200567727471.pdf","pdf"
"https://www.law.wvu.edu/files/d/07582672-f11b-4ce4-8a9e-070be27a2142/eilc-registering-federal-trademark.pdf","pdf"
"https://www.lawdepot.com/au/last-will-and-testament-au","text_too_short"
"https://www.lawdepot.com/us/estate/last-will-and-testament-usa","text_too_short"
"https://www.linkedin.com/posts/thefionascott_beware-this-trademark-scam-last-week-i-received-activity-7224307864561954817-d842","text_too_short"
"https://www.linkedin.com/posts/trademark-registration-agency_trademark-registration-agency-reviews-activity-7272538037891313666-6kdi","text_too_short"
"https://www.lordabbett.com/en-us/financial-advisor/insights/retirement-planning/2025/when-does-a-qualified-longevity-annuity-contract-make-sense.html","text_too_short"
"https://www.lowenstein.com/media/0yihg4me/2q2023-journal-requirements-and-risks-in-petitioning-for-an-involuntary-bankruptcy-case-ls-cw.pdf","pdf"
"https://www.ma-law.org.pk/immigration/what_is_immigration_facts_lawyer_consultant_karachi_lahore_pakistan.html","text_too_short"
"https://www.mayoclinicproceedings.org/article/s0025-6196(19)31008-0/fulltext","text_too_short"
"https://www.mcgill.ca/counselling/files/counselling/anxiety_moodjuice_self_help_guide.pdf","pdf"
"https://www.mcleanhospital.org/essential/social-media","text_too_short"
"https://www.mcleanhospital.org/video/treatment-resistant-depression-recognition-and-treatment","broken_link"
"https://www.medparkhospital.com/en-us/disease-and-treatment/arthritis","text_too_short"
"https://www.medparkhospital.com/en-us/disease-and-treatment/food-poisoning","text_too_short"
"https://www.medparkhospital.com/en-us/disease-and-treatment/high-blood-pressure-hypertension","text_too_short"
"https://www.metzlewis.com/wp-content/uploads/2016/01/protect_against_loss-bankruptcy.pdf","pdf"
"https://www.mfs.com/content/dam/mfs-enterprise/mfscom/sales-tools/sales-ideas/mfsp_ssdiv_fly.pdf","pdf"
"https://www.migrationpolicy.org/article/frequently-requested-statistics-immigrants-and-immigration-united-states","text_too_short"
"https://www.migrationpolicy.org/content/explainer-how-us-legal-immigration-system-works","broken_link"
"https://www.migrationpolicy.org/programs/immigration-basics","broken_link"
"https://www.mind.org.uk/information-support/types-of-mental-health-problems/anxiety-and-panic-attacks/about-anxiety","text_too_short"
"https://www.mind.org.uk/information-support/types-of-mental-health-problems/anxiety-and-panic-attacks/causes","broken_link"
"https://www.mind.org.uk/information-support/types-of-mental-health-problems/anxiety-and-panic-attacks/symptoms","broken_link"
"https://www.moneyhelper.org.uk/en/homes/buying-a-home/mortgage-affordability-calculator","text_too_short"
"https://www.moneyhelper.org.uk/en/homes/buying-a-home/mortgage-calculator","broken_link"
"https://www.moneysupermarket.com/mortgages/advantages-and-disadvantages","text_too_short"
"https://www.morningstar.com/news/globe-newswire/9495620/national-advertising-division-recommends-guideline-modify-or-discontinue-1-and-most-popular-401k-claims","text_too_short"
"https://www.morningstar.com/personal-finance/what-is-mortgage","text_too_short"
"https://www.mountcarmelhealthpartners.com/pdfs/clinical-guidelines/mount-carmel-health-partners-clinical-guidelines-migraine.pdf","pdf"
"https://www.msn.com/en-us/health/wellness/10-signs-youre-headed-for-divorce-10-ways-to-stop-it/ss-aa1iavaq","text_too_short"
"https://www.multivu.com/players/english/8386051-lilly-emgality-fda-approval-migraine-treatment/docs/quickreferenceguide_1538062692036-1702106775.pdf","pdf"
"https://www.nami.org/about-mental-illness/mental-health-conditions/anxiety-disorders","text_too_short"
"https://www.nami.org/about-mental-illness/mental-health-conditions/depression","broken_link"
"https://www.nami.org/advocacy/policy-priorities/supporting-community-inclusion-and-non-discrimination/supplemental-security-income-ssi-and-social-security-disability-insurance-ssdi","broken_link"
"https://www.nami.org/blogs/nami-blog/may-2021/anxiety-and-fear-what-s-the-difference","broken_link"
"https://www.nami.org/your-journey/individuals-with-mental-illness/social-security-disability-insurance-benefits-supplemental-security-income","broken_link"
"https://www.nasi.org/learn/social-security/social-security-marriage-and-divorce","text_too_short"
"https://www.nber.org/system/files/working_papers/w24635/w24635.pdf","pdf"
"https://www.nejm.org/doi/full/10.1056/nejmc1913646","text_too_short"
"https://www.nejm.org/doi/full/10.1056/nejmc2018688","broken_link"
"https://www.nejm.org/doi/full/10.1056/nejme2504947","broken_link"
"https://www.nejm.org/doi/full/10.1056/nejmoa2206038","broken_link"
"https://www.nejm.org/doi/full/10.1056/nejmoa2416394","broken_link"
"https://www.nejm.org/doi/full/10.1056/nejmp2000821","broken_link"
"https://www.nejm.org/doi/full/10.1056/nejmra1800345","broken_link"
"https://www.nhshealthatwork.co.uk/images/library/files/bulletins/twf_migrane_guidance_-_final.pdf","pdf"
"https://www.nhsinform.scot/illnesses-and-conditions/infections-and-poisoning/food-poisoning","text_too_short"
"https://www.nhsinform.scot/illnesses-and-conditions/lungs-and-airways/asthma","text_too_short"
"https://www.nhsinform.scot/illnesses-and-conditions/mental-health/anxiety-disorders-in-children","text_too_short"
"https://www.nhsinform.scot/illnesses-and-conditions/stomach-liver-and-gastrointestinal-tract/gastroenteritis","text_too_short"
"https://www.nilc.org/wp-content/uploads/2017/07/employerguide-nelp-nilc-2017-07.pdf","pdf"
"https://www.nj.gov/mvc/realid/pdf/26.pdf","pdf"
"https://www.nottsapc.nhs.uk/media/1229/diabetes-type-2-treatment-algorithm.pdf","pdf"
"https://www.novanthealth.org/healthy-headlines/a-mild-heart-attack-is-still-a-heart-attack-heres-what-you-need-to-know","text_too_short"
"https://www.nychealthandhospitals.org/locations/bellevue","broken_link"
"https://www.oakland.edu/assets/oakland/business/files-and-documents/sem-datacenter/jan2016.pdf","pdf"
"https://www.ohioattorneygeneral.gov/identitytheft","broken_link"
"https://www.osha.gov/sites/default/files/publications/osha3707.pdf","pdf"
"https://www.paho.org/cardioapp/web","text_too_short"
"https://www.paycor.com/resource-center/articles/how-to-setup-401k","video"
"https://www.penfed.org/mortgage/apply-for-a-mortgage","text_too_short"
"https://www.pennmedicine.org/conditions/arthritis","text_too_short"
"https://www.pennmedicine.org/conditions/breast-cancer/risks-prevention","text_too_short"
"https://www.pennmedicine.org/conditions/heart-attack","text_too_short"
"https://www.pennmedicine.org/conditions/hypertension","text_too_short"
"https://www.pennmedicine.org/conditions/metastatic-breast-cancer","text_too_short"
"https://www.pheaa.org/student-loans/pa-forward","text_too_short"
"https://www.piedmont.org/living-real-change/10-ways-to-fight-depression-%e2%80%93-naturally","text_too_short"
"https://www.piedmont.org/living-real-change/how-to-treat-food-poisoning","text_too_short"
"https://www.piedmont.org/living-real-change/signs-you-have-too-much-anxiety","text_too_short"
"https://www.piedmont.org/living-real-change/the-difference-between-a-panic-attack-and-a-heart-attack","text_too_short"
"https://www.piedmont.org/orthopedic/arthritis","text_too_short"
"https://www.pillsburylaw.com/a/web/2404/f83e6f0b3bc23e7185b1955031013898.pdf","pdf"
"https://www.politico.com/news/2025/04/08/irs-agrees-to-share-tax-data-with-immigration-authorities-00278548","text_too_short"
"https://www.politico.com/news/2025/07/17/education-department-cuts-student-loans-fafsa-00459032","broken_link"
"https://www.politico.com/newsletters/politico-pulse/2025/07/08/the-future-of-the-cdc-00441774","broken_link"
"https://www.practitioners.slc.co.uk/media/1970/sfe_understanding_student_loans_overview_feb2023.pdf","pdf"
"https://www.privacyguard.com","text_too_short"
"https://www.prudential.com","text_too_short"
"https://www.prudential.com/financial-education/calculate-life-insurance","text_too_short"
"https://www.prudential.com/financial-education/how-to-get-401k-money-without-owing","text_too_short"
"https://www.prudential.com/financial-education/traditional-vs-roth-ira","text_too_short"
"https://www.prudential.com/financial-education/what-is-a-roth-ira","text_too_short"
"https://www.prudential.com/personal/life-insurance","text_too_short"
"https://www.quikaid.com/article/depression-disability","text_too_short"
"https://www.quora.com/are-401k-good-retirement-vehicles-yes-or-no-and-why","text_too_short"
"https://www.quora.com/can-anxiety-and-depression-automatically-qualify-for-social-security-disability-insurance-ssdi-and-supplemental-security-income-ssi","text_too_short"
"https://www.quora.com/can-anxiety-cause-more-serious-health-issues-if-you-dont-overcome-it","text_too_short"
"https://www.quora.com/can-anxiety-trigger-hypertension","text_too_short"
"https://www.quora.com/can-asthma-cause-pulmonary-hypertension","text_too_short"
"https://www.quora.com/can-breast-cancer-be-cured-completely-with-early-treatment","text_too_short"
"https://www.quora.com/can-breast-cancer-be-cured-fully","text_too_short"
"https://www.quora.com/can-depression-be-completely-cured-if-yes-how-did-you-realize-that-you-are-absolutely-fine","text_too_short"
"https://www.quora.com/can-hypertension-be-cured-or-does-it-have-to-be-managed-like-diabetes","text_too_short"
"https://www.quora.com/can-migraine-headaches-cause-other-health-issues","text_too_short"
"https://www.quora.com/can-you-explain-what-school-loan-forgiveness-is-and-how-it-works","text_too_short"
"https://www.quora.com/does-the-government-benefit-from-a-minimum-wage-increase","text_too_short"
"https://www.quora.com/has-anyone-ever-been-fully-cured-from-major-depression-or-lifelong-depression","text_too_short"
"https://www.quora.com/how-can-i-differentiate-a-hypertension-crisis-from-a-panic-attack-or-anxiety-attack","text_too_short"
"https://www.quora.com/how-do-asthma-inhalers-work-so-fast-in-the-body-and-can-even-save-a-person-within-seconds","text_too_short"
"https://www.quora.com/how-do-i-win-an-ssi-appeal-for-anxiety-and-depression","text_too_short"
"https://www.quora.com/how-do-index-funds-work-and-what-should-beginners-know-before-investing","text_too_short"
"https://www.quora.com/how-do-medicines-for-asthma-work-how-does-the-air-inhaled-from-the-medicine-work-so-fast-and-what-does-it-do-precisely","text_too_short"
"https://www.quora.com/how-does-401-k-contribution-work-and-what-does-it-mean-to-be-vested-after-x-number-of-years-is-a-pension-different-than-standard-401-k","text_too_short"
"https://www.quora.com/how-does-a-mortgage-work-and-how-does-it-give-the-bank-ownership-of-your-house","text_too_short"
"https://www.quora.com/how-does-a-mortgage-work-and-what-are-some-things-to-consider-when-applying-for-one","text_too_short"
"https://www.quora.com/how-does-a-trademark-work-what-is-everything-you-must-know","text_too_short"
"https://www.quora.com/how-does-the-current-immigration-system-in-the-united-states-prioritize-immigrants-of-certain-backgrounds-or-professions","text_too_short"
"https://www.quora.com/how-exactly-does-student-debt-work-in-america","text_too_short"
"https://www.quora.com/how-serious-can-a-migraine-become-if-not-treated-in-time","text_too_short"
"https://www.quora.com/i-m-19-should-i-set-my-roth-ira-at-conservative-aggressive-or-somewhere-in-between","text_too_short"
"https://www.quora.com/if-student-loans-are-being-forgiven-who-is-paying-for-them","text_too_short"
"https://www.quora.com/if-you-have-an-anxiety-disorder-what-are-some-benefits-that-you-have-discovered-as-opposed-to-not-having-one","text_too_short"
"https://www.quora.com/im-attempting-to-understand-my-401k-and-how-much-i-need-to-contribute-to-maximize-the-match-any-tip","text_too_short"
"https://www.quora.com/is-5-75-front-load-fee-too-high-for-a-roth-ira-account-american-funds-should-i-prefer-vanguard-as-a-beginner","text_too_short"
"https://www.quora.com/is-the-tie-between-asthma-and-hypertension-complicated","text_too_short"
"https://www.quora.com/is-there-a-permanent-cure-for-hypertension-or-high-blood-pressure-why-does-it-sometimes-reoccur-even-after-treatment-and-lifestyle-changes","text_too_short"
"https://www.quora.com/what-are-some-benefits-and-downsides-of-using-identity-theft-protection-services","text_too_short"
"https://www.quora.com/what-are-some-common-symptoms-of-diabetes-and-why-do-they-occur","text_too_short"
"https://www.quora.com/what-are-some-potential-benefits-of-having-money-in-an-ira-and-later-converting-it-to-a-roth-ira-for-retirement-planning","text_too_short"
"https://www.quora.com/what-are-some-recommended-free-identity-theft-protection-services-are-paid-services-like-lifelock-or-identity-guard-worth-the-cost","text_too_short"
"https://www.quora.com/what-are-some-signs-that-may-indicate-it-is-time-to-consider-divorce-from-a-partner","text_too_short"
"https://www.quora.com/what-are-some-unexpected-benefits-of-embracing-anxiety-instead-of-fighting-it","text_too_short"
"https://www.quora.com/what-are-some-ways-to-obtain-a-credit-score-without-paying-or-providing-credit-card-information","text_too_short"
"https://www.quora.com/what-are-student-loans","text_too_short"
"https://www.quora.com/what-are-the-4-signs-of-an-impending-heart-attack","text_too_short"
"https://www.quora.com/what-are-the-advantages-and-disadvantages-of-taking-out-a-mortgage-to-buy-a-house","text_too_short"
"https://www.quora.com/what-are-the-alternative-treatments-for-diabetes-besides-insulin-injections-and-tablets","text_too_short"
"https://www.quora.com/what-are-the-benefits-of-making-ira-contributions-or-roth-ira-conversions","text_too_short"
"https://www.quora.com/what-are-the-benefits-of-using-a-mortgage-when-investing-in-real-estate-even-if-you-have-the-funds-to-pay-for-it-upfront","text_too_short"
"https://www.quora.com/what-are-the-common-symptoms-of-breast-cancer-and-what-are-the-typical-methods-for-diagnosing-and-treating-the-disease","text_too_short"
"https://www.quora.com/what-are-the-early-symptoms-and-risk-factors-of-breast-cancer","text_too_short"
"https://www.quora.com/what-are-the-effects-of-anxiety-on-our-mental-and-physical-health","text_too_short"
"https://www.quora.com/what-are-the-exact-mechanisms-of-a-migraine","text_too_short"
"https://www.quora.com/what-are-the-most-effective-treatments-for-arthritis-and-joint-pain-can-rheumatoid-or-osteoarthritis-be-cured-without-medication","text_too_short"
"https://www.quora.com/what-are-the-signs-and-symptoms-of-diabetes-and-management","text_too_short"
"https://www.quora.com/what-are-the-symptoms-of-anxiety-are-there-any-specific-examples-google-doesn-t-give-examples","text_too_short"
"https://www.quora.com/what-are-the-treatment-options-for-type-2-diabetes-is-insulin-therapy-the-most-common-treatment","text_too_short"
"https://www.quora.com/what-are-the-warning-signs-of-a-heart-attack-and-what-should-i-do-if-i-experience-them","text_too_short"
"https://www.quora.com/what-do-you-know-about-the-federal-immigration-policy","text_too_short"
"https://www.quora.com/what-exactly-is-anxiety-and-how-does-it-appear-in-people","text_too_short"
"https://www.quora.com/what-is-a-genuine-review-of-the-diabetes-care-program-on-mfine","text_too_short"
"https://www.quora.com/what-is-a-migraine-and-how-do-we-control-it","text_too_short"
"https://www.quora.com/what-is-an-explanation-in-simple-terms-for-immigration","text_too_short"
"https://www.quora.com/what-is-an-index-fund-everyone-is-telling-me-to-invest-in-index-funds-is-a-index-fund-an-eft","text_too_short"
"https://www.quora.com/what-is-anxiety-and-how-does-it-differ-from-normal-feelings-of-stress-or-worry","text_too_short"
"https://www.quora.com/what-is-anxiety-and-what-are-the-most-common-symptoms-associated-with-it","text_too_short"
"https://www.quora.com/what-is-food-poisoning-and-how-can-it-be-treated","text_too_short"
"https://www.quora.com/what-is-the-best-company-to-use-to-file-a-trademark","text_too_short"
"https://www.quora.com/what-is-the-best-online-low-cost-brokerage-for-a-roth-ira","text_too_short"
"https://www.quora.com/what-is-the-difference-between-a-heart-attack-and-a-cardiac-arrest-and-how-do-you-act-in-each-case","text_too_short"
"https://www.quora.com/what-is-the-process-for-applying-for-forgiveness-of-a-federal-college-loan","text_too_short"
"https://www.quora.com/what-is-the-purpose-of-having-a-minimum-wage-should-the-minimum-wage-be-increased","text_too_short"
"https://www.quora.com/what-is-your-review-of-diabetes","text_too_short"
"https://www.quora.com/which-is-the-best-arthritis-treatment","text_too_short"
"https://www.quora.com/why-does-a-heart-attack-happen-can-you-explain-it-well","text_too_short"
"https://www.quora.com/will-i-lose-my-social-security-benefit-if-i-get-a-divorce","text_too_short"
"https://www.raisin.com/en-us/retirement/can-you-have-multiple-retirement-accounts","text_too_short"
"https://www.realtor.com/advice/finance/how-mortgages-work","text_too_short"
"https://www.realtor.com/advice/finance/mortgage-basics-what-is-a-mortgage","text_too_short"
"https://www.reddit.com/r/adulting/comments/1e33hbx/what_exactly_are_we_going_to_do_once_us_social","text_too_short"
"https://www.reddit.com/r/anxiety/comments/10r785s/so_has_anyone_actually_got_any_good_news_on_here","text_too_short"
"https://www.reddit.com/r/anxiety/comments/171hrcx/what_are_the_good_things_you_get_from_anxiety","text_too_short"
"https://www.reddit.com/r/anxiety/comments/184jppm/what_is_anxiety","text_too_short"
"https://www.reddit.com/r/anxiety/comments/18c8mnz/can_the_symptoms_of_anxiety_lead_to_ca_or_a_heart","text_too_short"
"https://www.reddit.com/r/anxiety/comments/18ce3l1/what_is_exactly_anxiety_i_havent_got_a_good","text_too_short"
"https://www.reddit.com/r/anxiety/comments/1c5xi70/what_are_the_health_risks_from_long_term_anxiety","text_too_short"
"https://www.reddit.com/r/anxiety/comments/1cq8y18/what_are_the_risk_factors_for_anxiety_disorders","text_too_short"
"https://www.reddit.com/r/anxiety/comments/1cwsx58/heart_vs_panic","text_too_short"
"https://www.reddit.com/r/anxiety/comments/1czzuoo/here_is_a_full_list_of_anxiety_symptoms_i_dealt","text_too_short"
"https://www.reddit.com/r/anxiety/comments/1i811mq/the_benefits_of_anxiety_when_has_anxiety_ever","text_too_short"
"https://www.reddit.com/r/anxiety/comments/1khjw49/huge_list_of_anxiety_symptoms_to_hopefully_put","text_too_short"
"https://www.reddit.com/r/anxiety/comments/6dhahk/anxietycentrecom","text_too_short"
"https://www.reddit.com/r/askarussian/comments/1m19r9b/what_is_the_process_usually_like_for_passing","text_too_short"
"https://www.reddit.com/r/askreddit/comments/mhrsbd/serious_what_are_the_first_signs_of_diabetes","text_too_short"
"https://www.reddit.com/r/askwomenover30/comments/16xzn39/what_are_some_signs_that_couple_will","text_too_short"
"https://www.reddit.com/r/asthma/comments/r12fxk/asthma_attacks_or_high_blood_pressure","text_too_short"
"https://www.reddit.com/r/bogleheads/comments/17j2d3m/expense_ratios_and_fees_comparison_question","text_too_short"
"https://www.reddit.com/r/chronicpain/comments/14yblr3/what_helps_arthritis_pain","text_too_short"
"https://www.reddit.com/r/creditscore/comments/14mmbbd/the_actual_cost_of_a_fico_score_to_a_lender_part_1","text_too_short"
"https://www.reddit.com/r/creditscore/comments/1f7cat8/how_do_i_request_my_credit_score","text_too_short"
"https://www.reddit.com/r/daveramsey/comments/hyrxfw/what_to_do_with_401k_when_leaving_job","text_too_short"
"https://www.reddit.com/r/deathstranding/comments/1lwpd2r/this_near_miss_gave_me_a_mini_heart_attack","text_too_short"
"https://www.reddit.com/r/financialplanning/comments/11xueyh/is_a_575_management_fee_for_a_roth_ira_normal_low","text_too_short"
"https://www.reddit.com/r/financialplanning/comments/18t48y0/want_to_open_a_roth_ira_with_10k_what_would_be_a","text_too_short"
"https://www.reddit.com/r/frugal/comments/1bpt8be/is_signing_up_for_an_identity_theft_protection","text_too_short"
"https://www.reddit.com/r/heartattack/comments/1kb00nr/how_do_you_know_you_had_a_heart_attack","text_too_short"
"https://www.reddit.com/r/identitytheft/comments/15nkje9/what_identity_theft_protectionmonitoring_service","text_too_short"
"https://www.reddit.com/r/identitytheft/comments/1fm4on8/what_is_the_best_identity_theft_protection_service","text_too_short"
"https://www.reddit.com/r/identitytheft/comments/1hhsxci/best_identity_theft_protection_services_my","text_too_short"
"https://www.reddit.com/r/money/comments/1cskvm3/why_is_a_roth_ira_so_powerful","text_too_short"
"https://www.reddit.com/r/mortgages/comments/1d5bfc3/credit_score_report_cost","text_too_short"
"https://www.reddit.com/r/mortgages/comments/1ix1qb9/is_there_any_benefit_to_me_being_on_the_mortgage","text_too_short"
"https://www.reddit.com/r/nostupidquestions/comments/17ddp37/why_does_doctors_say_theres_no_cure_for_high","text_too_short"
"https://www.reddit.com/r/ped_asthma_rsv/comments/1jztkos/is_asthma_related_to_high_blood_pressure","text_too_short"
"https://www.reddit.com/r/sciencebasedparenting/comments/1m2wuqi/at_what_age_can_babies_start_eating_foods_with","text_too_short"
"https://www.reddit.com/r/socialsecurity/comments/1ds6ocf/can_you_sign_away_your_rights_to_ss_benefits_in_a","text_too_short"
"https://www.reddit.com/r/ssdi/comments/16qhzk6/how_possible_is_it_to_get_ssdi_for_severe","text_too_short"
"https://www.reddit.com/r/studentloans","text_too_short"
"https://www.reddit.com/r/studentloans/comments/1kq172e/how_do_student_loans_work_and_how_do_i_get_one","text_too_short"
"https://www.reddit.com/r/studentloans/comments/1lyxpot/im_tired_of_taxpayers_funding_student_loan","text_too_short"
"https://www.reddit.com/r/studentloans/comments/1m2zqj2/whats_one_thing_you_wish_you_knew_before_taking","text_too_short"
"https://www.reddit.com/r/trademark/comments/1f2t7rx/trademarkregistryexpertscom_scam","text_too_short"
"https://www.reddit.com/r/trademark/comments/1gm2uul/is_this_company_legit","text_too_short"
"https://www.reddit.com/r/trademark/comments/1j3mjpm/is_this_a_scam","text_too_short"
"https://www.reddit.com/r/trademark/comments/1ka340p/stay_away_from_trademark_engine","text_too_short"
"https://www.reddit.com/r/trademark/comments/sjca4v/what_are_the_first_steps_to_securing_a_trademark","text_too_short"
"https://www.reddit.com/r/trademark/comments/uvow7z/explain_it_like_im_5_how_do_i_register_a_business","text_too_short"
"https://www.reddit.com/r/trademark/comments/wvsadj/best_trademark_service","text_too_short"
"https://www.reddit.com/r/workreform/comments/181oqtw/argument_against_higher_minimum_wage_higher","text_too_short"
"https://www.regions.com/help/products-services/investments/ira/are-there-fees-on-ira-accounts","text_too_short"
"https://www.regions.com/personal-banking/credit-cards","text_too_short"
"https://www.regions.com/personal-banking/home-loans","text_too_short"
"https://www.researchgate.net/post/what-are-the-primary-signs-of-breast-cancer","text_too_short"
"https://www.riddhiclinic.com/symptoms-and-signs-of-arthritis-what-you-need-to-know","broken_link"
"https://www.robertsonwendt.com/social-security-disability/qualifying-impairments-for-disability-in-south-carolina/depression","text_too_short"
"https://www.santabarbara.courts.ca.gov/system/files/healthcarereformoverview.pdf","pdf"
"https://www.scielo.br/j/rlae/a/l34w8qg8ccfqxw79fzh3bnh","text_too_short"
"https://www.science.org/content/blog-post/health-care-reform---really","text_too_short"
"https://www.selectquote.com","text_too_short"
"https://www.selectquote.com/life-insurance-quotes","text_too_short"
"https://www.selectquote.com/life-insurance/rates","text_too_short"
"https://www.shayahealth.com/resources/alternative%20therapies%20useful%20in%20the%20management%20of%20diabetes_%20a%20systematic%20review.pdf","pdf"
"https://www.singlecare.com/resources/diabetes","text_too_short"
"https://www.smithstrong.com/library/social-security-benefits-and-divorce.cfm","text_too_short"
"https://www.sofi.com/invest/retirement-accounts","text_too_short"
"https://www.sofi.com/invest/retirement-accounts/roth-ira","broken_link"
"https://www.sofi.com/learn/content/basics-student-loans-work","broken_link"
"https://www.sofi.com/learn/content/can-you-lose-money-in-an-ira","broken_link"
"https://www.sofi.com/learn/content/index-fund-investing-for-beginners","broken_link"
"https://www.sofi.com/learn/content/ira-contribution-deadline","broken_link"
"https://www.sofi.com/learn/content/ira-fees","broken_link"
"https://www.sofi.com/learn/content/monthly-cost-300000-mortgage","broken_link"
"https://www.sofi.com/learn/content/raising-minimum-wage","broken_link"
"https://www.sofi.com/learn/content/what-is-a-401k","broken_link"
"https://www.sofi.com/learn/content/what-is-a-good-401k-expense-ratio","broken_link"
"https://www.sofi.com/learn/content/who-pays-for-student-loan-forgiveness","broken_link"
"https://www.sofi.com/private-student-loans/undergraduate-loans","broken_link"
"https://www.sofi.com/student-loan-forgiveness-guide","broken_link"
"https://www.spravato.com","text_too_short"
"https://www.ssa.gov/pubs/en-05-10029.pdf","pdf"
"https://www.ssa.gov/pubs/en-05-10044.pdf","pdf"
"https://www.ssa.gov/pubs/en-05-10064.pdf","pdf"
"https://www.ssa.gov/pubs/en-05-10072.pdf","pdf"
"https://www.ssa.gov/pubs/en-05-10107.pdf","pdf"
"https://www.ssa.gov/pubs/en-05-10127.pdf","pdf"
"https://www.ssa.gov/pubs/marketing/fact-sheets/will-social-security-be-there-for-me.pdf","pdf"
"https://www.ssa.gov/sf/factsheets/womenandssrev1.pdf","pdf"
"https://www.ssa.gov/thirdparty/materials/pdfs/educators/work%20creditstp_2019.pdf","pdf"
"https://www.standard.com/individuals-families/workplace-benefits/retirement","text_too_short"
"https://www.stash.com/learn/roth-ira-benefits","text_too_short"
"https://www.stash.com/learn/what-is-a-roth-ira","text_too_short"
"https://www.stash.com/learn/what-is-an-index-fund","text_too_short"
"https://www.state.gov/pepfar","text_too_short"
"https://www.stern.nyu.edu/sites/default/files/assets/documents/con_043413.pdf","pdf"
"https://www.stifel.com/newsletters/adgraphics/pdf/rp/maximizing-roth-ira-savings.pdf","pdf"
"https://www.strategie-plan.gouv.fr/files/files/publications/2024/the%20impact%20of%20immigration%20on%20the%20labour%20market/report-immigration-juillet-2019.pdf","pdf"
"https://www.stylist.co.uk/health/mental-health/benefits-of-anxiety/627008","text_too_short"
"https://www.talktoangel.com/blog/what-to-know-about-complications-of-depression","broken_link"
"https://www.tandfonline.com/doi/full/10.1080/1351847x.2025.2460527","text_too_short"
"https://www.tandfonline.com/doi/full/10.3109/02770901003734306","broken_link"
"https://www.tandfonline.com/doi/full/10.31887/dcns.2017.19.2/fthibaut","broken_link"
"https://www.tandfonline.com/doi/pdf/10.1080/08039488.2022.2075460","broken_link"
"https://www.tcpalm.com/story/news/local/florida/2025/07/14/cdc-allows-covid-vaccine-for-immunocompromised-patients-every-2-months-policy-cvs-publix-walgreens/84517756007","text_too_short"
"https://www.tdecu.org/images/pdf/twa/tdecu-wealth-advisors-your-guide-to-popular-retirement-plans.pdf","pdf"
"https://www.thelancet.com/journals/landia/article/piis2213-8587(20)30238-2/fulltext","text_too_short"
"https://www.thelancet.com/journals/landia/article/piis2213-8587(22)00251-0/fulltext","broken_link"
"https://www.thelancet.com/journals/landia/article/piis2213-8587(24)00180-3/fulltext","broken_link"
"https://www.thelancet.com/journals/landia/article/piis2213-8587(24)00346-2/abstract","broken_link"
"https://www.thelancet.com/journals/landia/home","broken_link"
"https://www.thelancet.com/journals/lanpsy/article/piis2215-0366(25)00196-8/fulltext","broken_link"
"https://www.thestreet.com/dictionary/401k-plan","text_too_short"
"https://www.thestreet.com/personal-finance/best-identity-theft-protection-services-12789673","text_too_short"
"https://www.thestreet.com/retirement-daily/video/the-risks-of-owning-stocks-in-your-roth-ira","text_too_short"
"https://www.thestreet.com/retirement/401k/12-best-401k-providers-15147547","text_too_short"
"https://www.thestreet.com/retirement/roth-ira-conversions-just-got-more-complicated","text_too_short"
"https://www.tiktok.com/@afraidofnowoman/video/7526928989303196959","video"
"https://www.tiktok.com/@drjeremylondon/video/7342505619607407915","video"
"https://www.tiktok.com/@drkirren/video/7429042225406856480","video"
"https://www.tiktok.com/@drkirren/video/7431193061826383136","video"
"https://www.tiktok.com/@humphreytalks/video/7528108786771348767","video"
"https://www.tiktok.com/@sdimmigrationlawyer/video/7527473044495912222","video"
"https://www.tiktok.com/@themedicarefamily/video/7526697899581787422","video"
"https://www.tiktok.com/@theprobatenurse/video/7364808821446872362","video"
"https://www.tiktok.com/discover/how-to-know-if-your-husband-is-checked-out-mentally-and-wants-a-divorce","video"
"https://www.tiktok.com/discover/i-tell-my-husband-i-want-a-divorce-and-says-ok","video"
"https://www.tiktok.com/discover/what-does-asthma-do-to-u-face","video"
"https://www.tn.gov/content/dam/tn/safety/documents/realidrequirements.pdf","pdf"
"https://www.transamerica.com","text_too_short"
"https://www.transamerica.com/individual/retirement/retirement-overview","text_too_short"
"https://www.transamerica.com/portal","text_too_short"
"https://www.troutman.com/a/web/343549/tp_creditors-rights-toolkit_post-bankruptcy-claims-and-transacti.pdf","pdf"
"https://www.trs.texas.gov/pension-benefits/forms","text_too_short"
"https://www.twinkl.com/teaching-wiki/immigration","text_too_short"
"https://www.uchealth.org/today/managing-diabetes-and-covid-19-risk","text_too_short"
"https://www.uclahealth.org/workfiles/clinical_updates/womens-health/17v3-06_gestdiabetes_final.pdf","pdf"
"https://www.united.com/en/us/fly/travel/what-to-expect.html","video"
"https://www.upmcmyhealthmatters.com/arthritis-signs-and-symptoms-how-it-hurts","broken_link"
"https://www.uptodate.com/contents/acute-treatment-of-migraine-in-adults","text_too_short"
"https://www.uptodate.com/contents/cardiovascular-risks-of-hypertension","text_too_short"
"https://www.uptodate.com/contents/epidemiology-of-risk-factors-for-and-possible-causes-of-rheumatoid-arthritis","text_too_short"
"https://www.uptodate.com/contents/factors-that-modify-breast-cancer-risk-in-females","text_too_short"
"https://www.uptodate.com/contents/foodborne-illness-food-poisoning-beyond-the-basics","text_too_short"
"https://www.uptodate.com/contents/image","text_too_short"
"https://www.uptodate.com/contents/migraine-associated-stroke-risk-factors-diagnosis-and-prevention","text_too_short"
"https://www.uptodate.com/contents/rheumatoid-arthritis-symptoms-and-diagnosis-beyond-the-basics/print","text_too_short"
"https://www.uptodate.com/contents/rheumatoid-arthritis-treatment-beyond-the-basics/print","text_too_short"
"https://www.uptodate.com/contents/table-of-contents/calculators/categorized","text_too_short"
"https://www.uptodate.com/contents/treatment-of-hypertension-in-asthma-and-copd","text_too_short"
"https://www.uptodate.com/contents/type-2-diabetes-treatment-beyond-the-basics/print","text_too_short"
"https://www.uscis.gov/sites/default/files/document/forms/i-693.pdf","pdf"
"https://www.uscis.gov/sites/default/files/document/forms/i-693instr.pdf","pdf"
"https://www.uscis.gov/sites/default/files/document/forms/i-864instr.pdf","pdf"
"https://www.uscis.gov/sites/default/files/document/guides/m-618.pdf","pdf"
"https://www.uscourts.gov/sites/default/files/form_b121.pdf","pdf"
"https://www.usnews.com/360-reviews/privacy/identity-theft-protection","broken_link"
"https://www.usnews.com/360-reviews/privacy/is-id-theft-protection-worth-it","broken_link"
"https://www.usnews.com/education/best-colleges/articles/federal-student-loan-forgiveness-your-questions-answered","broken_link"
"https://www.usnews.com/education/blogs/student-loan-ranger/articles/terms-you-need-to-know-before-repaying-your-student-loans","broken_link"
"https://www.usnews.com/insurance/life-insurance/how-much-does-life-insurance-cost","broken_link"
"https://www.usnews.com/news/health-news/articles/2025-07-14/cdc-says-covid-19-cases-rise-in-25-states","broken_link"
"https://www.uspto.gov/sites/default/files/documents/tm-registration-toolkit.pdf","pdf"
"https://www.uspto.gov/sites/default/files/documents/tm-trademarks-scamprevention_20230427.pdf","pdf"
"https://www.utep.edu/student-affairs/financialaid/_files/docs/interpret-your-credit-score.pdf","pdf"
"https://www.utimf.com/articles/what-is-an-index-fund-and-how-does-it-work","text_too_short"
"https://www.uwhealth.org/news/anxiety-and-high-blood-pressure-reduce-your-risk","text_too_short"
"https://www.vaccines.gov/en","text_too_short"
"https://www.valeofyorkccg.nhs.uk/seecmsfile","text_too_short"
"https://www.valley.com/personal/loans/mortgages/community-mortgage-program","text_too_short"
"https://www.walmart.com/reviews/product/108675461","text_too_short"
"https://www.wcnc.com/video/news/verify/social-security-verify/social-security-isnt-going-bankrupt-heres-why-video/536-24235081-4974-4019-9965-4012763984db","video"
"https://www.weekand.com/home-garden/article/benefits-mortgage-18034947.php","text_too_short"
"https://www.whittington.nhs.uk/document.ashx","video"
"https://www.wockhardthospitals.com/articles/diabetes/diabetes-symptoms-signs-causes","broken_link"
"https://www.womens-health-concern.org/wp-content/uploads/2019/10/whc-understandingrisksofbreastcancer-march2017.pdf","pdf"
"https://www.wsj.com/articles/what-is-401","text_too_short"
"https://www.wsj.com/arts-culture/books/anxiety-review-confronting-that-queasy-feeling-111e359e","text_too_short"
"https://www.wsj.com/arts-culture/books/rethinking-diabetes-review-beyond-insulin-c267e33a","text_too_short"
"https://www.wsj.com/arts-culture/books/the-headache-review-of-migraines-and-mystery-802b1b88","text_too_short"
"https://www.wsj.com/personal-finance/trump-student-loans-tax-spending-bill-9dfc96eb","text_too_short"
"https://www.wsj.com/politics/policy/social-security-insolvency-retirement-benefits-outlook-3eeec2ea","text_too_short"
"https://www.wsj.com/video/series/moving-upstream/high-insulin-prices-drive-diabetics-to-take-extreme-measures/1ab7653d-d0f8-4441-9218-5668d1bc62a7","text_too_short"
"https://www.yelp.com/questions/2rc1ki2g8oggevf_1rrsyg/vengr39glf3jskxocjwybg","text_too_short"
"https://www.youtube.com/shorts/5cgzek7fo3e","video"
"https://www.youtube.com/shorts/_ppbhusjiag","video"
"https://www.youtube.com/shorts/_sgklxpzgug","video"
"https://www.youtube.com/shorts/b9be3iscbbk","video"
"https://www.youtube.com/shorts/ci0jxnps0am","video"
"https://www.youtube.com/shorts/dinwvs3hjfs","video"
"https://www.youtube.com/shorts/hlwrgds5wom","video"
"https://www.youtube.com/shorts/rzfsigjna7e","video"
"https://www.youtube.com/shorts/t1mnkytfu6i","video"
"https://www.youtube.com/shorts/u1eyryibx_8","video"
"https://www.youtube.com/shorts/yngkwsdxuao","video"
"https://www.youtube.com/watch?pp=0gcjcdgao7vqn5td&t=63&v=tzijiwdqd1a","video"
"https://www.youtube.com/watch?pp=0gcjcdgao7vqn5td&v=7vy3go07owi","video"
"https://www.youtube.com/watch?pp=0gcjcdgao7vqn5td&v=a9wwzmbgkiu","video"
"https://www.youtube.com/watch?pp=0gcjcdgao7vqn5td&v=dkuja2wpv1s","video"
"https://www.youtube.com/watch?pp=0gcjcdgao7vqn5td&v=n9yumdug820","video"
"https://www.youtube.com/watch?pp=0gcjcdgao7vqn5td&v=rgtl97yo5ec","video"
"https://www.youtube.com/watch?pp=0gcjcdgao7vqn5td&v=tzijiwdqd1a","video"
"https://www.youtube.com/watch?pp=0gcjcdgao7vqn5td&v=xblmioydjue","video"
"https://www.youtube.com/watch?pp=0gcjcdgao7vqn5td&v=ysohxijcv-o","video"
"https://www.youtube.com/watch?pp=0gcjcf0ao7vqn5td&t=338&v=6rwngfqa_cg","video"
"https://www.youtube.com/watch?pp=0gcjcf0ao7vqn5td&v=rzgyfo2j67c","video"
"https://www.youtube.com/watch?pp=0gcjcfwao7vqn5td&v=-xgs2sgu6sm","video"
"https://www.youtube.com/watch?pp=0gcjcfwao7vqn5td&v=1-1hc2gaemu","video"
"https://www.youtube.com/watch?pp=0gcjcfwao7vqn5td&v=1pn6ivujaam","video"
"https://www.youtube.com/watch?pp=0gcjcfwao7vqn5td&v=2kctz16mz_k","video"
"https://www.youtube.com/watch?pp=0gcjcfwao7vqn5td&v=acga59t_sk0","video"
"https://www.youtube.com/watch?pp=0gcjcfwao7vqn5td&v=cwditwyuuyk","video"
"https://www.youtube.com/watch?pp=0gcjcfwao7vqn5td&v=hedwk99su2q","video"
"https://www.youtube.com/watch?pp=0gcjcfwao7vqn5td&v=inj3spfsv3y","video"
"https://www.youtube.com/watch?pp=0gcjcfwao7vqn5td&v=jp0qt6gpbvy","video"
"https://www.youtube.com/watch?pp=0gcjcfwao7vqn5td&v=kdu5qariniy","video"
"https://www.youtube.com/watch?pp=0gcjcfwao7vqn5td&v=mjhiao0hpi8","video"
"https://www.youtube.com/watch?pp=0gcjcfwao7vqn5td&v=n2oaru9k-au","video"
"https://www.youtube.com/watch?pp=0gcjcfwao7vqn5td&v=njukoe1gb5e","video"
"https://www.youtube.com/watch?pp=0gcjcfwao7vqn5td&v=ok6pcoyt_rk","video"
"https://www.youtube.com/watch?pp=0gcjcfwao7vqn5td&v=om2kwt_0amg","video"
"https://www.youtube.com/watch?pp=0gcjcfwao7vqn5td&v=p6fyxr8w5sm","video"
"https://www.youtube.com/watch?pp=0gcjcfwao7vqn5td&v=pr37kqibqs4","video"
"https://www.youtube.com/watch?pp=0gcjcfwao7vqn5td&v=qm5kb5x70oa","video"
"https://www.youtube.com/watch?pp=0gcjcfwao7vqn5td&v=r5xttep039q","video"
"https://www.youtube.com/watch?pp=0gcjcfwao7vqn5td&v=s1wqxavsypi","video"
"https://www.youtube.com/watch?pp=0gcjcfwao7vqn5td&v=uhtksnkiwzc","video"
"https://www.youtube.com/watch?pp=0gcjcfwao7vqn5td&v=ur6zujsnv1e","video"
"https://www.youtube.com/watch?pp=0gcjcfwao7vqn5td&v=vwo-or1ux2e","video"
"https://www.youtube.com/watch?pp=0gcjcfwao7vqn5td&v=wcqcmx8fhw0","video"
"https://www.youtube.com/watch?pp=0gcjcfwao7vqn5td&v=zxc2z5ffo34","video"
"https://www.youtube.com/watch?pp=ygufi2hichq%3d&v=bc5agqreonc","video"
"https://www.youtube.com/watch?pp=ygugi2jwbgfj&v=v04zdvxmbuw","video"
"https://www.youtube.com/watch?pp=yguji2hlywroy2hl&v=s0sk8to30ru","video"
"https://www.youtube.com/watch?pp=yguli2zvb2rwb2lzyw4%3d&v=-elqn6lqmbu","video"
"https://www.youtube.com/watch?pp=ygumi2fjdxrlc3rhdhvz&v=rkkdtwitwdk","video"
"https://www.youtube.com/watch?pp=yguni21pz3jhaw5lymxvzw%3d%3d&v=megeq1gfmga","video"
"https://www.youtube.com/watch?pp=ygupi3rozwrhdmlkz2j1cm5z&v=0fedmpyebio","video"
"https://www.youtube.com/watch?pp=yguzi2rpzmvyzw5jywvudhjlbwvkb2vmb2jpyq%3d%3d&v=cz_t4lre800","video"
"https://www.youtube.com/watch?t=107&v=qo3v3f31vow","video"
"https://www.youtube.com/watch?t=112&v=cekk2kg8-qk","video"
"https://www.youtube.com/watch?t=176&v=2kbbzddifky","video"
"https://www.youtube.com/watch?t=23&v=inj3spfsv3y","video"
"https://www.youtube.com/watch?t=2642&v=fzmkrfgokfs","video"
"https://www.youtube.com/watch?t=30&v=bur6wvq8s38","video"
"https://www.youtube.com/watch?t=41&v=vgbrgziy5qc","video"
"https://www.youtube.com/watch?t=69&v=mq_fvum8gvy","video"
"https://www.youtube.com/watch?v=-1j6rck0d2m","video"
"https://www.youtube.com/watch?v=-5le_ibbtfs","video"
"https://www.youtube.com/watch?v=-c2zg4_myy8","video"
"https://www.youtube.com/watch?v=-evjhliyflg","video"
"https://www.youtube.com/watch?v=-f2dix-9jb8","video"
"https://www.youtube.com/watch?v=-knqzzhonw0","video"
"https://www.youtube.com/watch?v=-vfwbp1xytk","video"
"https://www.youtube.com/watch?v=04axodiwbrg","video"
"https://www.youtube.com/watch?v=0fxa9sjm-eq","video"
"https://www.youtube.com/watch?v=0kqv9kcgce0","video"
"https://www.youtube.com/watch?v=0m7lbltuelm","video"
"https://www.youtube.com/watch?v=0zabhmdkdnc","video"
"https://www.youtube.com/watch?v=16ued-18meq","video"
"https://www.youtube.com/watch?v=1apbcd9kmac","video"
"https://www.youtube.com/watch?v=1h0ffwavnek&vl=it","video"
"https://www.youtube.com/watch?v=1j3x7c04x0a","video"
"https://www.youtube.com/watch?v=1mlviwdrsiw","video"
"https://www.youtube.com/watch?v=1qgcoaulxje","video"
"https://www.youtube.com/watch?v=1wckn4pazmg","video"
"https://www.youtube.com/watch?v=2ema0o6xkse","video"
"https://www.youtube.com/watch?v=2kctz16mz_k","video"
"https://www.youtube.com/watch?v=2nponk84jke","video"
"https://www.youtube.com/watch?v=2w8xjb45xly","video"
"https://www.youtube.com/watch?v=2wwa4fghscw","video"
"https://www.youtube.com/watch?v=3_pynwvouzm","video"
"https://www.youtube.com/watch?v=3gvwt59de6a","video"
"https://www.youtube.com/watch?v=3sphzbmmnio","video"
"https://www.youtube.com/watch?v=3u-gkvey4qg","video"
"https://www.youtube.com/watch?v=46ndvchjfo4","video"
"https://www.youtube.com/watch?v=4ak76doxkgk","video"
"https://www.youtube.com/watch?v=4ghkfsegorc","video"
"https://www.youtube.com/watch?v=4xlplf4xcuo","video"
"https://www.youtube.com/watch?v=4zrvv9hbooy","video"
"https://www.youtube.com/watch?v=561_gyktzz0","video"
"https://www.youtube.com/watch?v=5iox_infhrw","video"
"https://www.youtube.com/watch?v=5qjbr1rutgy","video"
"https://www.youtube.com/watch?v=5qqbim97cru","video"
"https://www.youtube.com/watch?v=5w_nfmvrksq","video"
"https://www.youtube.com/watch?v=6-lf4eteiaq","video"
"https://www.youtube.com/watch?v=6-pvz9ykv1u","video"
"https://www.youtube.com/watch?v=6exs49dwtgm","video"
"https://www.youtube.com/watch?v=6gwkiu3qou0","video"
"https://www.youtube.com/watch?v=6ijzit0im0o","video"
"https://www.youtube.com/watch?v=6ikuzslihky","video"
"https://www.youtube.com/watch?v=6rog9b68ty4","video"
"https://www.youtube.com/watch?v=6rwngfqa_cg","video"
"https://www.youtube.com/watch?v=6sqrkvh33xi","video"
"https://www.youtube.com/watch?v=6umaytv9nig","video"
"https://www.youtube.com/watch?v=7qeqoxezujm","video"
"https://www.youtube.com/watch?v=7zejxrefnvi","video"
"https://www.youtube.com/watch?v=81_kcv4r9nu","video"
"https://www.youtube.com/watch?v=82gvj8sbllo","video"
"https://www.youtube.com/watch?v=82iioagyjpa","video"
"https://www.youtube.com/watch?v=8il6j3njxdc","video"
"https://www.youtube.com/watch?v=8kouil7u-ya","video"
"https://www.youtube.com/watch?v=8nssnjfeqta","video"
"https://www.youtube.com/watch?v=8pnuo9czkma","video"
"https://www.youtube.com/watch?v=8rytydyzfs0","video"
"https://www.youtube.com/watch?v=8wfdbni07oc","video"
"https://www.youtube.com/watch?v=8xgl6n2pjlc","video"
"https://www.youtube.com/watch?v=966iyfcxjcg","video"
"https://www.youtube.com/watch?v=96qrq4urqf8","video"
"https://www.youtube.com/watch?v=9fbj7s_a-eo","video"
"https://www.youtube.com/watch?v=9itd7h3oric","video"
"https://www.youtube.com/watch?v=9ju3edyvlpg","video"
"https://www.youtube.com/watch?v=9riqd67hwqs","video"
"https://www.youtube.com/watch?v=_0dezcrdre0","video"
"https://www.youtube.com/watch?v=_1_3q4nkfgk","video"
"https://www.youtube.com/watch?v=_62yt-hp8n4","video"
"https://www.youtube.com/watch?v=_hwv6ixey4k","video"
"https://www.youtube.com/watch?v=_jcac-8pr2y","video"
"https://www.youtube.com/watch?v=_vz0lefpg_0","video"
"https://www.youtube.com/watch?v=_wr2z-faaum","video"
"https://www.youtube.com/watch?v=a6kbjr9yuvs","video"
"https://www.youtube.com/watch?v=a9wwzmbgkiu","video"
"https://www.youtube.com/watch?v=a_juojp9tew","video"
"https://www.youtube.com/watch?v=acga59t_sk0","video"
"https://www.youtube.com/watch?v=acgazrw0bxg","video"
"https://www.youtube.com/watch?v=aoeshgt8sb4","video"
"https://www.youtube.com/watch?v=apddbbbfiwm","video"
"https://www.youtube.com/watch?v=aqsgdrv8efu","video"
"https://www.youtube.com/watch?v=av4si4y4yee","video"
"https://www.youtube.com/watch?v=axjknklppvy","video"
"https://www.youtube.com/watch?v=aykf09jz-x8","video"
"https://www.youtube.com/watch?v=b8ix7m-cgx4","video"
"https://www.youtube.com/watch?v=b_mtvws5-ia","video"
"https://www.youtube.com/watch?v=baxqppm-qsg","video"
"https://www.youtube.com/watch?v=bc5agqreonc","video"
"https://www.youtube.com/watch?v=bcrw2o15qsq","video"
"https://www.youtube.com/watch?v=bhtteidztky","video"
"https://www.youtube.com/watch?v=bihy-rb2xp4","video"
"https://www.youtube.com/watch?v=bkxkj2q7_mu","video"
"https://www.youtube.com/watch?v=bnlwbms4_k8","video"
"https://www.youtube.com/watch?v=bq5jn8q2sxi","video"
"https://www.youtube.com/watch?v=bur6wvq8s38","video"
"https://www.youtube.com/watch?v=bvjkf8iurje","video"
"https://www.youtube.com/watch?v=bvlr4wfgg6e","video"
"https://www.youtube.com/watch?v=bw_vv2wrg-a","video"
"https://www.youtube.com/watch?v=bweofiodjj4","video"
"https://www.youtube.com/watch?v=bzbunmau-60","video"
"https://www.youtube.com/watch?v=bzfur3daova","video"
"https://www.youtube.com/watch?v=c-n6azm71ue","video"
"https://www.youtube.com/watch?v=c10mydg2n_4","video"
"https://www.youtube.com/watch?v=c1lmpw5m7qa","video"
"https://www.youtube.com/watch?v=c9qhdqintey","video"
"https://www.youtube.com/watch?v=cajm2haxpkk","video"
"https://www.youtube.com/watch?v=cekk2kg8-qk","video"
"https://www.youtube.com/watch?v=cfea5ofm_lc","video"
"https://www.youtube.com/watch?v=cgi48plktnq","video"
"https://www.youtube.com/watch?v=chn_dcevii4","video"
"https://www.youtube.com/watch?v=cqjfgm5monq","video"
"https://www.youtube.com/watch?v=cqlzho06yee","video"
"https://www.youtube.com/watch?v=cssy5m-gqk8","video"
"https://www.youtube.com/watch?v=d7npnvkfs2y","video"
"https://www.youtube.com/watch?v=db3k8b3ftay&vl=en","video"
"https://www.youtube.com/watch?v=dbgft9nw2zc","video"
"https://www.youtube.com/watch?v=dckoulkq-ta","video"
"https://www.youtube.com/watch?v=ddyhykizphe","video"
"https://www.youtube.com/watch?v=derlmori54i","video"
"https://www.youtube.com/watch?v=digom9ohyb8","video"
"https://www.youtube.com/watch?v=dlx90ti8vg0","video"
"https://www.youtube.com/watch?v=dnw7ppt-i80","video"
"https://www.youtube.com/watch?v=drhusol3ahe","video"
"https://www.youtube.com/watch?v=dwtqsi2xjpu","video"
"https://www.youtube.com/watch?v=dzcqjwwmtpm","video"
"https://www.youtube.com/watch?v=e3bbvndb6jq","video"
"https://www.youtube.com/watch?v=e6lmgcorbpa","video"
"https://www.youtube.com/watch?v=ea3-fe0pc3g","video"
"https://www.youtube.com/watch?v=ec_of8fu83e","video"
"https://www.youtube.com/watch?v=ejiqzfs0zao","video"
"https://www.youtube.com/watch?v=eq8wbehwnds","video"
"https://www.youtube.com/watch?v=eqcxac7bhno","video"
"https://www.youtube.com/watch?v=evujf1adoxk","video"
"https://www.youtube.com/watch?v=exzxisvkp7o","video"
"https://www.youtube.com/watch?v=f2mx6qbdfnw","video"
"https://www.youtube.com/watch?v=f7s3lcvjv1k","video"
"https://www.youtube.com/watch?v=faqsupvnfi4","video"
"https://www.youtube.com/watch?v=fepounvvb20","video"
"https://www.youtube.com/watch?v=fhcgyb7xbgg","video"
"https://www.youtube.com/watch?v=fhroxccr7di","video"
"https://www.youtube.com/watch?v=flcq25cvtcm","video"
"https://www.youtube.com/watch?v=fm6hxgbzssi","video"
"https://www.youtube.com/watch?v=fwtyiwkimge","video"
"https://www.youtube.com/watch?v=fxmdg7qz7y8","video"
"https://www.youtube.com/watch?v=fzghw8cbx2s","video"
"https://www.youtube.com/watch?v=g29ri1jitww","video"
"https://www.youtube.com/watch?v=g7p7wsldeuo","video"
"https://www.youtube.com/watch?v=g9de-dgauma","video"
"https://www.youtube.com/watch?v=ggpw3f48mr4","video"
"https://www.youtube.com/watch?v=gio0jjz4jlu","video"
"https://www.youtube.com/watch?v=gj1c1l49ej4","video"
"https://www.youtube.com/watch?v=gjh0s1lahfw","video"
"https://www.youtube.com/watch?v=gsuusjmklu4","video"
"https://www.youtube.com/watch?v=gsvyygg8qee","video"
"https://www.youtube.com/watch?v=h8zs8tbsze4","video"
"https://www.youtube.com/watch?v=hbg8iflsxd8","video"
"https://www.youtube.com/watch?v=hdgwcimfapu","video"
"https://www.youtube.com/watch?v=hduz5z9iues","video"
"https://www.youtube.com/watch?v=hekjicqb9-g","video"
"https://www.youtube.com/watch?v=hnps8nj4xcy","video"
"https://www.youtube.com/watch?v=hou-xao8-eo","video"
"https://www.youtube.com/watch?v=htgcwg90brg","video"
"https://www.youtube.com/watch?v=hwdcyb-e-im","video"
"https://www.youtube.com/watch?v=hy8bib1wlxe","video"
"https://www.youtube.com/watch?v=i-3ezu8b4os","video"
"https://www.youtube.com/watch?v=i-hibreb3pm","video"
"https://www.youtube.com/watch?v=i8h01pdwcgc","video"
"https://www.youtube.com/watch?v=ib3ymnmt9tq","video"
"https://www.youtube.com/watch?v=ibv6dheudpc","video"
"https://www.youtube.com/watch?v=ieowysicwiy","video"
"https://www.youtube.com/watch?v=imt1r16wvyq","video"
"https://www.youtube.com/watch?v=ivpgknjiip4","video"
"https://www.youtube.com/watch?v=iwlt4-2lusy","video"
"https://www.youtube.com/watch?v=ixuqmthuliu","video"
"https://www.youtube.com/watch?v=j2mmrurvy_s","video"
"https://www.youtube.com/watch?v=jcaj6zc6fjm","video"
"https://www.youtube.com/watch?v=jd5jvxb4atk","video"
"https://www.youtube.com/watch?v=jdmcwbza7ry","video"
"https://www.youtube.com/watch?v=jfel8ux_d-c","video"
"https://www.youtube.com/watch?v=jgpzt8_kth8","video"
"https://www.youtube.com/watch?v=jivbsubsyv4","video"
"https://www.youtube.com/watch?v=jlsearpujp4","video"
"https://www.youtube.com/watch?v=job4vfwq7f4","video"
"https://www.youtube.com/watch?v=joks9bx8-sw","video"
"https://www.youtube.com/watch?v=jzmhvynijcu","video"
"https://www.youtube.com/watch?v=k6oizkkpurm","video"
"https://www.youtube.com/watch?v=k77okynt4nu","video"
"https://www.youtube.com/watch?v=kcub92p4rpq","video"
"https://www.youtube.com/watch?v=kcxszpu8u68","video"
"https://www.youtube.com/watch?v=khrcjnftf7e","video"
"https://www.youtube.com/watch?v=ki5jqwmpdkg","video"
"https://www.youtube.com/watch?v=kovagze29jg","video"
"https://www.youtube.com/watch?v=krx20grs9gc","video"
"https://www.youtube.com/watch?v=ktbxxhpz6fs","video"
"https://www.youtube.com/watch?v=kw-mrnt5aic","video"
"https://www.youtube.com/watch?v=kzbrv5bnjtg","video"
"https://www.youtube.com/watch?v=kzgqvbnkcwg","video"
"https://www.youtube.com/watch?v=l4j5rvgb-im","video"
"https://www.youtube.com/watch?v=l_0yhbwh3yk","video"
"https://www.youtube.com/watch?v=ladp3nt4bfa","video"
"https://www.youtube.com/watch?v=lfhwltzgfm0","video"
"https://www.youtube.com/watch?v=lfvis_epysg","video"
"https://www.youtube.com/watch?v=lgqm1ennqsc","video"
"https://www.youtube.com/watch?v=lj7gm6eidu0","video"
"https://www.youtube.com/watch?v=ljb1-3e__qc","video"
"https://www.youtube.com/watch?v=lms24cqfb0g","video"
"https://www.youtube.com/watch?v=lpsfs1hav5a","video"
"https://www.youtube.com/watch?v=lqorutjms7m","video"
"https://www.youtube.com/watch?v=ly7u5voyyqw","video"
"https://www.youtube.com/watch?v=lzgww7djopy","video"
"https://www.youtube.com/watch?v=lzjw-jg54he","video"
"https://www.youtube.com/watch?v=m-8ck4lcype","video"
"https://www.youtube.com/watch?v=m0fihglqivo","video"
"https://www.youtube.com/watch?v=me_ezse-dkw","video"
"https://www.youtube.com/watch?v=minmniveoiw","video"
"https://www.youtube.com/watch?v=mjtmz_sm0lq","video"
"https://www.youtube.com/watch?v=mkpxg2-krbu","video"
"https://www.youtube.com/watch?v=mozg5ywubwk","video"
"https://www.youtube.com/watch?v=mq_fvum8gvy","video"
"https://www.youtube.com/watch?v=mrkkw3rivia","video"
"https://www.youtube.com/watch?v=mybh6cbp3is","video"
"https://www.youtube.com/watch?v=myfrzyrjrvq","video"
"https://www.youtube.com/watch?v=n-g6z6lewyw","video"
"https://www.youtube.com/watch?v=nafjtf0jtmy","video"
"https://www.youtube.com/watch?v=nf0chjk_wgs","video"
"https://www.youtube.com/watch?v=nfpyhmyhebe","video"
"https://www.youtube.com/watch?v=ngii_jwaouy","video"
"https://www.youtube.com/watch?v=nibhzmnwxvm","video"
"https://www.youtube.com/watch?v=nmutdab4iii","video"
"https://www.youtube.com/watch?v=nmuzxbyu7yy","video"
"https://www.youtube.com/watch?v=nosjhd0irre","video"
"https://www.youtube.com/watch?v=nudchf71q_e","video"
"https://www.youtube.com/watch?v=nzyn5qfp9xq","video"
"https://www.youtube.com/watch?v=obvgbn1mupu","video"
"https://www.youtube.com/watch?v=ocbwsi5fi9y","video"
"https://www.youtube.com/watch?v=odg02igrdko","video"
"https://www.youtube.com/watch?v=odyvm8ewm1a","video"
"https://www.youtube.com/watch?v=og47a0rxgoy","video"
"https://www.youtube.com/watch?v=ojbqxw4rovo","video"
"https://www.youtube.com/watch?v=omedt7wpklw","video"
"https://www.youtube.com/watch?v=oogykldcqnk","video"
"https://www.youtube.com/watch?v=ootxknptawo","video"
"https://www.youtube.com/watch?v=oovqdrhru-s","video"
"https://www.youtube.com/watch?v=oqanzgnfxcy","video"
"https://www.youtube.com/watch?v=oqd1f5caszw","video"
"https://www.youtube.com/watch?v=oqia-r06gtu","video"
"https://www.youtube.com/watch?v=ovv8intb9ky","video"
"https://www.youtube.com/watch?v=p0sutbxxwhs","video"
"https://www.youtube.com/watch?v=p4pgqdatzvm","video"
"https://www.youtube.com/watch?v=p6rjvwmgy5w","video"
"https://www.youtube.com/watch?v=p71qfkouffi","video"
"https://www.youtube.com/watch?v=papuqzr3f7k","video"
"https://www.youtube.com/watch?v=pcj7plzw8ho","video"
"https://www.youtube.com/watch?v=pib0pqvw5de","video"
"https://www.youtube.com/watch?v=pnbjjbb4kfm","video"
"https://www.youtube.com/watch?v=pnss0ioad-e","video"
"https://www.youtube.com/watch?v=pspu_jwb22y","video"
"https://www.youtube.com/watch?v=ptssayiqowu","video"
"https://www.youtube.com/watch?v=pzfldi-sl3w","video"
"https://www.youtube.com/watch?v=q07h85rjiqy","video"
"https://www.youtube.com/watch?v=q5jvfepbjpi","video"
"https://www.youtube.com/watch?v=qdwbaihofoq","video"
"https://www.youtube.com/watch?v=qh23grarapa","video"
"https://www.youtube.com/watch?v=qo3v3f31vow","video"
"https://www.youtube.com/watch?v=qofdynul82k","video"
"https://www.youtube.com/watch?v=qrtbwk0aldm","video"
"https://www.youtube.com/watch?v=qu1i5wuqzpm","video"
"https://www.youtube.com/watch?v=qwzypa0ikq8","video"
"https://www.youtube.com/watch?v=qzeehyuorhy","video"
"https://www.youtube.com/watch?v=r8exvahduec","video"
"https://www.youtube.com/watch?v=ra--ksyifni","video"
"https://www.youtube.com/watch?v=rdxbtrkz1yw","video"
"https://www.youtube.com/watch?v=rgtl97yo5ec","video"
"https://www.youtube.com/watch?v=rjeqcikmkai","video"
"https://www.youtube.com/watch?v=rm8elcy-wye","video"
"https://www.youtube.com/watch?v=rn8ujhw2vxq","video"
"https://www.youtube.com/watch?v=rnopxnvqedk","video"
"https://www.youtube.com/watch?v=rnwqz-g_e6c","video"
"https://www.youtube.com/watch?v=roij1gmvake","video"
"https://www.youtube.com/watch?v=ron_6bgptbs","video"
"https://www.youtube.com/watch?v=rp1c9yi7jru","video"
"https://www.youtube.com/watch?v=rt2fif_kfda","video"
"https://www.youtube.com/watch?v=rtwx1de-kom","video"
"https://www.youtube.com/watch?v=rvxmin1uotm","video"
"https://www.youtube.com/watch?v=rw7yildidrw","video"
"https://www.youtube.com/watch?v=rxdsshpeuls","video"
"https://www.youtube.com/watch?v=rxiko7sram4","video"
"https://www.youtube.com/watch?v=rxxqljh2kxi","video"
"https://www.youtube.com/watch?v=s3sm595m8ee","video"
"https://www.youtube.com/watch?v=si6jwkgnkdq","video"
"https://www.youtube.com/watch?v=skxto3ozwcy","video"
"https://www.youtube.com/watch?v=sm2ewbveymw","video"
"https://www.youtube.com/watch?v=smgybuyi4qy","video"
"https://www.youtube.com/watch?v=sqjmeqon67c","video"
"https://www.youtube.com/watch?v=srddibflbjy","video"
"https://www.youtube.com/watch?v=srtyszhkruc","video"
"https://www.youtube.com/watch?v=suob2pr4lfw","video"
"https://www.youtube.com/watch?v=sxns7ipy864","video"
"https://www.youtube.com/watch?v=t00hcrfnvog","video"
"https://www.youtube.com/watch?v=t40nsdbmtba","video"
"https://www.youtube.com/watch?v=t5hophqbi3e","video"
"https://www.youtube.com/watch?v=tcagt0pde8q","video"
"https://www.youtube.com/watch?v=terin6xcyj4","video"
"https://www.youtube.com/watch?v=tgpokcmkhsy","video"
"https://www.youtube.com/watch?v=tos3kycf1sg","video"
"https://www.youtube.com/watch?v=tqo9nnyl1dy","video"
"https://www.youtube.com/watch?v=tvhl-lg2cl0","video"
"https://www.youtube.com/watch?v=tvqheba02_8","video"
"https://www.youtube.com/watch?v=u33-7oub5hs","video"
"https://www.youtube.com/watch?v=u7ol9dtmjc0","video"
"https://www.youtube.com/watch?v=ub9hxjji9yg","video"
"https://www.youtube.com/watch?v=ufhacf5yuw8","video"
"https://www.youtube.com/watch?v=uj7euxbx8_0","video"
"https://www.youtube.com/watch?v=um_xjjpordc","video"
"https://www.youtube.com/watch?v=usgkxsvgrui","video"
"https://www.youtube.com/watch?v=uv9huvbzpds","video"
"https://www.youtube.com/watch?v=uvlz-gjmin0","video"
"https://www.youtube.com/watch?v=ux-ihfybcao","video"
"https://www.youtube.com/watch?v=uxl53vj13hu","video"
"https://www.youtube.com/watch?v=vax4ej1tqfi","video"
"https://www.youtube.com/watch?v=vjkdr02toj0","video"
"https://www.youtube.com/watch?v=vlecc2_bx7y","video"
"https://www.youtube.com/watch?v=vtk5evofyyi","video"
"https://www.youtube.com/watch?v=vyqzyluadp0","video"
"https://www.youtube.com/watch?v=w7lpfvnpfbg","video"
"https://www.youtube.com/watch?v=wa-dc6bwric","video"
"https://www.youtube.com/watch?v=wa_4ttrkweu","video"
"https://www.youtube.com/watch?v=wkbaqjojjtg","video"
"https://www.youtube.com/watch?v=wkllof2ap_o","video"
"https://www.youtube.com/watch?v=wlfphhlf0ws","video"
"https://www.youtube.com/watch?v=wlvszcinsga","video"
"https://www.youtube.com/watch?v=wrgxuc-auum","video"
"https://www.youtube.com/watch?v=wymhpwfes4a","video"
"https://www.youtube.com/watch?v=x2kz443oyry","video"
"https://www.youtube.com/watch?v=xe6xah1pgp0","video"
"https://www.youtube.com/watch?v=xfvxlf1ldr8","video"
"https://www.youtube.com/watch?v=xg07oc5ljtq","video"
"https://www.youtube.com/watch?v=xjeta7xxmu0","video"
"https://www.youtube.com/watch?v=xjw9memqk28","video"
"https://www.youtube.com/watch?v=xlcueney9oo","video"
"https://www.youtube.com/watch?v=xmi9qghwqey","video"
"https://www.youtube.com/watch?v=xoxqyo-sw-g","video"
"https://www.youtube.com/watch?v=xpczco9ygbu","video"
"https://www.youtube.com/watch?v=xqmlco_qu-i","video"
"https://www.youtube.com/watch?v=xycp6de4as8","video"
"https://www.youtube.com/watch?v=xyq9ztj-bva","video"
"https://www.youtube.com/watch?v=xzpit9_q04a","video"
"https://www.youtube.com/watch?v=y1i-kqspyt8","video"
"https://www.youtube.com/watch?v=y4ym9csokas","video"
"https://www.youtube.com/watch?v=y5kuyebujma","video"
"https://www.youtube.com/watch?v=yfso65kh0f8","video"
"https://www.youtube.com/watch?v=yko4e6yexrw","video"
"https://www.youtube.com/watch?v=yl2jxfd6hno","video"
"https://www.youtube.com/watch?v=yv1jnuyevim","video"
"https://www.youtube.com/watch?v=ywxytziedj0","video"
"https://www.youtube.com/watch?v=z3gcc1emb4i","video"
"https://www.youtube.com/watch?v=z3k_b1gdpp4","video"
"https://www.youtube.com/watch?v=z3wnvemcqlm","video"
"https://www.youtube.com/watch?v=zezdcelrygs","video"
"https://www.youtube.com/watch?v=zg4owpdbvfe","video"
"https://www.youtube.com/watch?v=zi2syhrbehk","video"
"https://www.youtube.com/watch?v=zqpibjxtgao","video"
"https://www.youtube.com/watch?v=zy8s9mssu_q","video"
"https://www.youtube.com/watch?v=zyii5xtm0nq","video"
"https://www.youtube.com/watch?v=zzz_rv7hrdy","video"
"https://www.zillow.com/learn/what-is-a-mortgage","text_too_short"
"https://www1.wellesley.edu/sites/default/files/assets/departments/humanresources/003-identity_theft_protection_services_handout.pdf","pdf"
"https://x.com/altverseyas/status/1946190398738554959","text_too_short"
"https://x.com/kobeissiletter/status/1945952334778884468","text_too_short"
"https://x.com/newshour/status/1946042261671645617","text_too_short"
"https://x.com/seckennedy/status/1927368440811008138","text_too_short"
"https://x.com/thedulab/status/1945991877414830419","text_too_short"
"https://zh-cn.facebook.com/ted/videos/1587240247955842","text_too_short"
