averitec_id,claim,classification
train_0,"Hunter Biden had no experience in Ukraine or in the energy sector when he joined the board of Burisma.",true
train_1,"Donald Trump delivered the largest tax cuts in American history.",false
train_2,"In Nigeria … in terms of revenue share, 20% goes to the local government.",true
train_3,"Biden has pledged to stop border wall construction and give amnesty and health care to all illegal immigrants.",true
train_4,"After the police shooting of Jacob Blake, Gov. Tony Evers & Lt. Gov. Mandela Barnes did not call for peace or encourage calm.",false
train_5,"The Common Law Admission Test (CLAT) 2020 will not be conducted on September 7, 2020, as planned",false
train_6,"35% of revenue goes to states. (In Nigeria)",false
train_9,"Biden will take away the Second Amendment.",false
train_10,"Biden has pledged to defund the police",false
train_11,"45% of Nigeria's revenue goes to the federal government.",false
train_13,"Joe Biden voted for the Iraq War and he supported wars in Serbia, Syria, and Libya.",true
train_14,"President Muhammadu Buhari sign a new Police bill to allow officers arrest without a warrant",true
train_15,"Plant Seeds Can Restructure Their Own DNA Through Human Saliva",false
train_16,"We actually saw revenues to the Treasury increase after we lowered taxes in 2017. Rest assured the Democrats do not want you to know that.",false
train_17,"In 2019 the US Police were 20.8 times more likely to kill than be killed by a criminal",true
train_20,"The Edo Modular Refinery is Governor Obaseki's project.",false
train_22,"In Kenya now with a population of about 48 million, there is one judge serving over 300,000 people.",true
train_25,"The Kenyan judiciary does not even get 1% of the national budget.",true
train_28,"Kenya only disposes of about 300,000 cases.",true
train_29,"The judiciary of Kenya have an average of 400,000 cases being filed in our courts every year.",true
train_30,"There is an average of 400,000 cases being filed in Kenya's courts every year.",true
train_32,"The Kenya judiciary have one magistrate serving over 77,000 people.",true
train_33,"The judiciary does not even get 1% of the national Kenyan budget.",true
train_34,"All government schools in India are being privatised.",false
train_36,"If one gets the Spanish flu you have a 50% chance of dying",false
train_37,"Ghana's economy previously grew at 3.4% under the form President Mahama's government and on average, for three successive years, at 7% per year with the current administration.",true
train_38,"Kenya settles  about 300,000 court cases each year.",true
train_40,"Kenya's judiciary does not even get 1% of the national budget",true
train_41,"In Kenya, one Magistrate serves 77,000 people.",false
train_42,"In Kenya now, with a population of about 48 million, they have one judge serving over 300,000 people.",true
train_43,"No Democrats have condemned the rioting that has occurred alongside recent protests.",false
train_44,"A pizza place in Washington, D.C. -- Comet Ping Pong has ties to Hillary Clinton and other leading Democrats",false
train_45,"South Africans that drink are amongst the top drinkers in the world.",true
train_46,"South Africans are among the top drinkers in the world.",true
train_47,"South African consume more alcohol per person on average than anywhere else in Africa.",false
train_48,"South Africans drink more per person than anywhere else in Africa",false
train_50,"South Africans drink more per person than anywhere else in Africa.",false
train_51,"world bank currently rates Nigeria as one of ten top performing countries on its Doing Business Index.",true
train_52,"South Africans are among the top drinkers in the world",true
train_53,"Only 31% of South Africans drink alcohol",true
train_54,"Only 31% of South Africans drink alcohol.",true
train_56,"Democratic Arizona Superintendent of Public Instruction Kathy Hoffman is “pushing” for sex education that would teach kindergartners about masturbation and sexual positions.",false
train_57,"The interface of the COVID-19 Exposure Notification System, a contact tracing programme developed by Apple and Google has been secretly inserted onto phones and tracks user’s location.",false
train_58,"Democratic Arizona Superintendent of Public Instruction Kathy Hoffman was sworn into office on a Dr. Seuss book.",false
train_59,"India's Supreme Court recently changed its motto from ‘Satyamev Jayate’ to ‘Yato Dharmastato Jai’.",false
train_60,"Democrats recited the US Pledge of Allegiance tonight and took out ""under God"".",false
train_61,"Democratic VP candidate Kamala Harris called young voters stupid.",true
train_62,"Israel has developed super-quick saliva test for COVID-19.",true
train_63,"Children are silent super-spreaders of coronavirus.",false
train_65,"Candace Owens was fired from her show at One America News after a  racist outburst.",false
train_66,"President Trump is the most pro-gay president in American history.",false
train_68,"Messages in Google Earth show the ""Deep States New Home,"" which shows up on the map as ""Setatspeed Emohwen Gardens"" near Guantanamo Bay, Cuba.",false
train_69,"USA is the only major industrial economy to have it unemployment rate triple.",true
train_70,"The USA has only 4% of the worlds population but has 25% of the worlds Covid-19 Cases.",true
train_71,"Donald Trump is trying to take away the health care by getting rid of the Affordable Care Act.",true
train_72,"Mughal Gardens Renamed To Dr. Rajendra Prasad Garden",false
train_73,"Trumps January 2018 travel ban was unlawful.",false
train_75,"Drinking vodka protects an individual against COVID-19.",false
train_76,"BJP MP and former Union Minister Alphons Kannanthanam  sent his mother's dead body from Delhi to Kerala for the funeral without revealing she died of Covid-19.",false
train_77,"Drinking traditional Chinese medicine (TCM) or steroids, along with antibiotics at the onset of symptoms cures COVID-19.",false
train_78,"The Sarang Jeil Church of Jesus took preventative measure against coronavirus but the government spread the virus to prevent Rev. Jeon Kwang-hun attending the anti-government demonstration on August 15th.",false
train_79,"In 2016, 33 million Americans voted by mail.",true
train_80,"In Michigan, US one of the three key states that enabled Donald Trump to win the presidential election in 2016, the winning margin averaged out to just over two votes per precinct.",true
train_81,"The Trump administration disbanded the pandemic response team that was given to them.",true
train_82,"Auto workers across Michigan could have lost their jobs if not for Barack Obama and Joe Biden",true
train_83,"Vice President Biden and President Obama assembled a pandemic playbook to make sure that America was prepared and protected.",true
train_84,"Nigeria is the largest producer of rice in Africa, ranking 14th in the world.",true
train_85,"There are many scientific studies saying masks should be worn only in enclosed spaces, such as in elevators and conference rooms, and not outdoors",false
train_86,"In the US, envelopes used for mail-in ballots in general elections reveal the party affiliation of the voter allowing postal workers to toss votes.",false
train_87,"In one of the states that determined the outcome"" of the 2016 presidential race, ""the winning margin averaged out to just two votes per precinct — two votes.",true
train_91,"Social Security beneficiaries count on the post office to get their checks.",true
train_92,"Vice President Biden and President Obama assembled a pandemic playbook to make sure that America was prepared and protected. The Trump administration disbanded the pandemic response team that was given to them.",true
train_93,"Sweden, which does not require the wearing of masks in public, has had few deaths due to COVID-19",false
train_94,"Beijing government announced that Chinese people should not travel to the United States or buy American-made products.",false
train_95,"MS Dhoni has exited the cricket team for refusing to campaign for BJP in Jharkhand election.",false
train_96,"warm water is effective in curing joint pain",false
train_97,"Walmart stores have stopped accepting cash payments.",false
train_98,"warm water is effective in curing asthma",false
train_100,"Facebook deleted a photo of Melania Trump with her sister and mother.",false
train_101,"UK Prime Minister Boris Johnson apologised for colonial rule in India.",false
train_102,"Cold water affects the internal walls of the stomach. It affects the large intestine and results in cancer",false
train_104,"warm water is effective in curing migraine",false
train_105,"Sweden, despite never having had lockdown, has a lower COVID-19 death rate than Spain, Italy, and the United Kingdom.",true
train_106,"warm water is effective in curing epilepsy",false
train_107,"The United States Postal Service advises customers to never send cash in the mail.",true
train_108,"Tricolour to be hoisted for first time at Niagara Falls to mark 74th Indian Independence Day.",true
train_109,"Former U.S. President George W. Bush supports the Democratic presidential ticket of Joe Biden and Kamala Harris.",false
train_110,"The United States has reached herd immunity for COVID-19",false
train_111,"The Annabelle doll escaped from the Warren's Occult Museum on 14th August 2020 at 3am.",false
train_113,"Vitamin D prevents COVID-19 infection and reduces severity.",false
train_114,"The media is ignoring the tragic death of a 5-year-old boy who was fatally shot by a neighbor in Wilson, North Carolina, on August 9, 2020.",false
train_115,"The murder of Oscar Grant, by a police officer in the United States, was never prosecuted by the DA.",false
train_116,"Former president Pranab Mukherjee from India has passed away.",false
train_117,"Kamala Harris called Joe Biden 'A Racist And A Rapist'",false
train_118,"COVID-19 has caused more casualties than WWI; the Korean, Vietnam, Iraq, and Afghanistan-US wars; and 9/11.",false
train_119,"Creativity is contagious. Pass it on was said by Albert Einstein",false
train_120,"Kamala Harris said ""And once Trump’s gone and we have regained our rightful place in the White House, look out if you supported him and endorsed his actions, because we’ll be coming for you next"".",false
train_121,"Russia has successfully developed a vaccine for Covid-19 and it has passed all checks.",false
train_122,"Kamala Harris was descended from enslavers, and this is an inconvenient part of her history and this is a deep dark secret.",false
train_123,"Democratic California Sen. Kamala Harris was the Alameda County district attorney when Oscar Grant, a 22-year-old black man, was shot and killed in Oakland, California.",false
train_124,"Sarah Huckabee Sanders said ""it's not the government's job to protect my health"" and that ""when you trade liberty for safety, you end up losing both""",false
train_125,"President Trump Says He Hopes The NFL Season Gets Canceled Due To Coronavirus",false
train_126,"Russia has developed a new vaccine to fight COVID-19.",true
train_127,"All regular Indian Railways trains cancelled till 30th September, 2020.",false
train_128,"COVID-19 virus is airborne.",true
train_129,"LITTLE CAESARS IS OFFERING FREE PIZZA TO ANYONE WHO SHARES AND COMMENTS ON A FACEBOOK POST",false
train_130,"Amazon CEO Jeff Bezos has offered free one-day Prime shipping for all mail-in ballots.",false
train_131,"The NZ Green Party should have delivered 16,000 KiwiBuild houses by now (10/08/2020). They’ve only managed just around 400. And so to promise 5,000 extra houses a year is nothing more than just wishful thinking and is destined to go the same way as KiwiBuild.",false
train_133,"Vaccines have caused deaths in the Philippines.",false
train_134,"Amid the coronavirus pandemic, Facebook has changed its privacy rules, allowing it to use pictures and posts shared by users in lawsuits against them.",false
train_135,"A video shows people in Pakistan are uprooting the trees planted as part of Imran Khan’s plantation campaign because they consider planting trees as ""unIslamic"".",false
train_136,"Donald Trump's payroll tax deferral could leave American workers liable for thousands of dollars during tax season and could potentially leave programs like Social Security and Medicare weakened.",true
train_138,"Choluteca bridge withstood a hurricane in 1998 but the river changed course and no longer flows under the bridge.",true
train_139,"T cells may play a role in the body’s immune response against the virus SARS-CoV-2",true
train_140,"According to Harry Roque, even if 10,000 people die, 10 million COVID-19 cases in the country will not be a loss.",false
train_141,"The Australian govt is handing out $25,000 to all nursing homes who label covid as the main cause of deaths on death certificates.",false
train_142,"Massive international study shows a much lower COVID-19 mortality rate in countries where hydroxychloroquine was prescribed to patients.",false
train_143,"Balbir Singh converted to Islam after he participated in the demolition of Babri Masjid",true
train_144,"82% of the public are wearing face masks on Translink buses and trains.",true
train_145,"330,000 people a day are being tested for Covid-19 under the Test and Trace programme in the United Kingdom",false
train_146,"Madagascar has found a coronavirus medicine that can wipe out the virus at any stage within a period of six days.",false
train_147,"The GOP lawyer who helped Kanye West get on the ballot in Wisconsin USA is actively working for Donald Trump's campaign.",true
train_148,"Communist government in Kerala India impose a blackout on August 5 to prevent people from watching the Ram Mandir bhoomi pujan ceremony.",false
train_149,"Large country-randomized controlled trial in 2.7 billion people shows 79.1% lower death rate in COVID-19 patients treated with hydroxychloroquine",false
train_150,"The U.S. Health and Human Services Secretary Alex Azar's visit to Taiwan in August 2020 is a breach of international rules.",false
train_151,"The USA has more COVID-19 cases, because they do more tests",false
train_152,"France approves the use of HCQ for treatment of Covid 19. After trials proved successful. 800 hospital have commenced using it.",false
train_153,"At Trump’s Tulsa rally there were 12000 people, not 6000 as reported by Axios and others.",false
train_154,"Angela Merkel is the daughter of Adolf Hitler, Justin Trudeau is the son of Fidel Castro and Barbara Bush is the daughter of Aleister Crowley.",false
train_155,"There is now a 10-year rule. If you damage a federal property such as courthouse, you go to jail for 10 years.",true
train_157,"Trump did more for the Black community than anybody with the possible exception of Abraham Lincoln.",false
train_158,"With African Americans, Trump is doing very well. They had the best employment numbers they’ve ever had. ... They were making more money than they ever made.",true
train_159,"The late Rep. John Lewis, D-Ga., didn't come to Trump's inauguration. He didn't come to Trump's State of the Union speeches.",true
train_160,"California is going to send tens of millions of ballots to California, all over the place.",false
train_161,"Covid deaths are way down from where it was … It spiked, but now it's going down again. It's going down in Arizona. It's going down in Florida. It's going down in Texas.",false
train_162,"Ghislaine Maxwell's boyfriend Jeffrey Epstein died in jail and people are still trying to figure out how did it happened, was it suicide, was he killed.",true
train_163,"COVID-19 has infected fewer people than H1N1 virus, but “media hysteria” has prompted an overblown response.",false
train_166,"The violence in Portland is getting better since federal agents went in. They've arrested a lot of people.",false
train_167,"Millions of ballots are being mailed, nobody even knows where they’re going.",false
train_168,"South Korea have spikes of Covid cases and nobody knows if they only had 300 deaths.",false
train_169,"Devender Sharma fabricated false covid-19 positive reports for patients  in order to get them admitted for kidney harvesting.",false
train_170,"""Depending on which study you look at,"" he said, ""either 68% or 5 out of 6 individuals ... are making more on unemployment than they did on the job.""",true
train_171,"US Washington mayor exempted members of Congress from the mandatory 14 day quarantine, after travelling to a coronavirus high risk area to attend the funeral of John Lewis.",true
train_172,"Devender Sharma ran an illegal kidney racket on the pretext of coronavirus.",false
train_173,"The COVID-19 vaccine developed by Bharat Biotech will be available on the market on August 15, 2020.",false
train_174,"Kenya's judiciary does not get even 1% of the national budget.",true
train_175,"In 2018, South African police service officers were accused of 217 cases of torture and 3,661 cases of assault",true
train_176,"A married couple in Florida, Tito and Amanda Watts, was arrested for selling fake golden tickets to heaven to hundreds of people.",false
train_177,"There is a ‘global average’ for the number of judges and magistrates to number of people",false
train_178,"Michigan Senator Gary Peters is known for doing nothing, where he has skipped 84% of small business hearings and 89% of hearings on China.",false
train_179,"Kenya's courts dispose of about 300,000 cases every year",true
train_180,"In Kenya now with a population of about 48 million, we have one judge serving over 300,000 people",true
train_181,"Soon Ram Mandir will also have a kitchen and Bhojanalya, where devotees visiting the town will be offered free meals and the ‘Raghupati’ laddus as Prasadam",true
train_182,"Kenya has one magistrate serving over 77,000 people",true
train_183,"With a population of about 48 million, Kenya has only one judge serving over 300,000 people",true
train_184,"1.110,000 Delicious Laddus are being prepared for the Bhoomi Poojan Ceremony at Sri Ramachandra Janmabhoomi Ayodhya",true
train_185,"Kenya has an average of 400,000 cases being filed in our courts every year",true
train_186,"Kenya has one magistrate serving over 77,000 people",true
train_187,"an average of 400,000 cases being filed in Kenya's courts every year",true
train_188,"Kenya President Uhuru Kenyatta said that health experts had “indicated that levels of the positivity rate countrywide have fallen from a high of 13% in June to 8% in August” and described this as “very encouraging”.",false
train_189,"The judiciary does not even get 1% of the Kenyan national budget.",true
train_190,"Since 2002 South Africa’s police force has grown by 50%",true
train_192,"face coverings/masks became “mandatory” in shops and indoor public spaces in Northern Ireland on 1 August 2020",false
train_193,"Social distancing, to prevent the spread of coronavirus was not practiced at the funeral of civil rights icon, John Lewis.",false
train_194,"In the UK the new daily allowance for peers in the House of Lords in 2020 is £323.",true
train_195,"Walt Disney's Characters Mickey and Minnie Mouse Were Twins",false
train_196,"COVID-19 cases in the Baranguay UP campus increased due to the SONAgkaisa rally held there on July 27 2020.",false
train_198,"Ratneshwar temple leans at an angle higher than the Leaning Tower of Pisa.",true
train_199,"3.8% of Wisconsin’s coronavirus funding has been spent.",true
train_200,"Ghislaine Maxwell tested positive for Covid-19 in jail.",false
train_201,"Taylor Swift says we should remove the Statue of Liberty.",false
train_202,"COVID Outbreak Discovered in Oregon Minks",true
train_203,"The Philippines, during the Marcos dictatorship, developed a missile system before China did.",false
train_204,"Tint Tint Htun, a former Myanmar actress and singer who became a Buddhist nun, has died.",false
train_205,"Congress-led government closed Rafale deal in 2012.",true
train_206,"Russia offered bounties to the Taliban to kill U.S. troops in Afghanistan.",true
train_207,"The South Sudan government has teamed up with the world bank to offer grants worth 41.4$ million to entrepreneurs",false
train_208,"John Mahama presided over higher inflation. Nana Akufo-Addo has reduced inflation.",true
train_209,"John Mahama presided over a decline in Ghana's agriculture. Nana Akufo-Addo increased Ghana's agricultural output.",true
train_210,"Uttar Pradesh Police, in India, took several goats into custody for not wearing masks.",false
train_211,"Republican bill says no medical malpractice suits until 2024.",false
train_212,"The New York state Labor Department is giving essential workers $4,800 in hazard pay.",false
train_213,"Actor Sonu Sood launched a toll-free number on May 26 to facilitate migrants to reach their home. Through this toll-free number, one can easily reach out to Sonu Sood’s team for help.",true
train_214,"Hetero is selling 6 vials of Remdesivir at Rs 32,400 at Kukatpally",true
train_215,"John Mahama presided over low industrial growth during his four years in office. Nana Akufo-Addo has increased industrial growth.",true
train_216,"Reports as recent as 2017 reported 92% prevalence of blood lead poisoning in children from some villages in the Nigerian state of Zamfara.",true
train_217,"Tom Hanks went on on national TV to say he had COVID 19",false
train_218,"USA is largely out of Afghanistan.",false
train_219,"Four Ukrainian soldiers died after taking part in Covid-19 vaccine trials conducted by USA.",false
train_220,"Smartphone apps can measure blood pressure, heart rate and oxygen levels by asking you to press your index finger on the camera.",false
train_221,"Samajwadi Party leader Azam Khan had said he  (water burial)would take jalsamadhi if he was not invited for the Bhumi Pujan of the Ram Temple in Ayodhya on August 5, 2020.",false
train_222,"The United Nations delivered a formal stand down order to the Trump administration in July 2020, ordering the President to stop Federal officers from using non-lethal force against peaceful protesters in Portland.",false
train_223,"Too much exposure to 5G, can literally fry the human central nervous system.",false
train_224,"Nigeria recorded 1.25 million abortion cases in 2012 alone, but that this figure represented double the 1996 figures.",true
train_225,"Your face will become exposed to the virus if you wear your mask on your chin.",true
train_226,"Florida is doing over five times better” than New Jersey and New York in COVID-19 deaths per million people",false
train_227,"UNICEF stated that Coronavirus (COVID-19) is large in size where the cell diameter is 400-500 micro and for this reason any mask prevents its entry.",false
train_228,"5G towers unleash severely damaging level of radiation to DNA",false
train_229,"Those most susceptible to the radiation from 5G technology are fetuses in utero and children.",false
train_230,"Due to their exterior anatomy, male testicles are especially susceptible to 5G radiation, which lowers sperm count. Just the same, cellular radiation kills off irreplaceable eggs in females.",false
train_231,"US healthcare workers still don't have enough PPE during the COVID-19 pandemic",true
train_232,"APC is luring Abubakar Shekau with Vice Presidential ticket  as an inducement to end Boko-Haram War.",false
train_233,"BLM injures 1000 police officers, kills36 people and does $8 billion in damage .",false
train_234,"Ghanan government presented inconsistent data about the Free Senior High School programme in the 2020 Mid-year review budget.",true
train_235,"Clint Eastwood endorsed Donald Trump.",false
train_236,"Wisconsin Democrats say lawmakers in neighbouring states have implemented more safety precautions against the spread of COVID-19 than state GOP.",true
train_238,"Jim Carrey said,  'Hollywood Elites Eat Whole Babies For Christmas' - 'The More They Suffer - The Better They Taste'",false
train_239,"US drug prices in 2019 went down for the first time in 51 years.",false
train_240,"PM Modi has not imposed President’s rule even a single time since 2014.",false
train_242,"County governments in Kenya have continued to adhere to the two-thirds gender principle. Three counties of Kilifi, Nyeri and Migori have gone higher and have a 50/50 representation of male and female CECs (county executive committee members).",false
train_243,"Target ended its “Heroes & Helpers” program that pairs children with police officers for holiday shopping trips",false
train_246,"Federal High Court has restrained Godwin Obaseki, the incumbent Edo state governor, from participating in the Peoples’ Democratic Party’s gubernatorial primaries in the state.",false
train_248,"Counties in Kenya have over the past year sustained an average allocation of 24% of their total budgets to the health sector",true
train_250,"Kenyan Counties allocated an average of 7.3% of budgets to agriculture.",false
train_251,"Counties in Kenya are striving to reach the 10% budget allocation to agriculture recommended by the Malabo declaration.",false
train_252,"Study Concludes that Mask Wearers Have Lower IQ",false
train_253,"In Kenya, Water coverage now stands at 63% from 57%.",false
train_254,"Kenyan counties allocated an average of 7.3% of budgets to agriculture.",false
train_256,"Kenya's county governments have continued to adhere to the two-thirds gender principle. Four counties, Mombasa, Kilifi, Nyeri, and Migori, have gone higher and have a 50/50 representation of male and female CECs.",true
train_257,"Two-thirds of the debt in the Australian budget was borrowed before the start of the pandemic",true
train_258,"The allocation to agriculture is an increase of 0.6% from what was reported last year in Kenya.",false
train_259,"Modi Govt Make 'Country Of Origin' Label Mandatory on Products For GeM Platform.",true
train_260,"Joe Biden owns island next to sex offender Jeffrey Epstein’s hideaway.",false
train_261,"Counties allocated an average of 7.3% of budgets to agriculture in 2019/20",false
train_262,"[The allocation to agriculture] is an increase of 0.6% from what was reported last year.",false
train_263,"Little girl shown lying in a casket in a photo died from COVID-19.",false
train_265,"Mandatory vaccinations is in direct violation of the Nuremberg Code.",false
train_266,"Kenyan counties have over the past year sustained an average allocation of 24% of their total budgets to the health sector.",true
train_268,"Man dies at the R N Cooper Hospital in Mumbai due to medical negligence.",false
train_269,"There Is An Upcoming Shortage Of Dr. Pepper Because Of The Coronavirus",false
train_270,"New Zealand has authorised troops to enter homes to enforce COVID-19 quarantine.",false
train_271,"US Home Health workers receive low pay, Limited benefits and 40% of them are on SNAP or Medicaid.",true
train_272,"Indiana woman charged for mail in voter fraud, delivered 400 ballots with Democrat box prechecked",true
train_274,"Mel Gibson accused Hollywood of child sacrifices and paedophillia.",false
train_276,"Greenhouse gases emitted into the ocean are causing more holes in the ozone layer; the ozone layer has holes in it, causing global temperatures to rise.",false
train_277,"A rare yellow turtle was spotted in Balasore, Odisha.",true
train_278,"US space agency NASA has added a 13th star sign named ""Ophiuchus"" to the zodiac.",false
train_279,"Medical experts from the World Health Organization (WHO), US Centers for Disease Control and Prevention (CDC) and The New England Journal of Medicine have warned against wearing face masks because they can cause “severe health issues”.",false
train_280,"Former President of the United States, Theodore Roosevelt once said ""To anger a conservative, lie to him. To anger a liberal, tell him the truth.""",false
train_281,"As of July 2020 Covid-19 vaccines are not safe, because of the accelerated pace of their development",false
train_282,"The WHO has said that cats and dogs cannot contract Covid-19.",false
train_283,"United States space agency NASA has added a 13th Zodiac sign named “Ophiuchus” to the list of existing 12 Zodiac signs.",false
train_284,"Netflix will end its Turkish service after the production of an upcoming local drama that was blocked by the country’s government over a gay character.",false
train_285,"COVID-19 vaccine is DNA-altering and has been fast-tracked through safety qualifications.",false
train_286,"In Madipur area of Delhi,three jihadists killed a minor boy in the middle of a road with a knife for a petty matter.",false
train_287,"Joe Biden wants to end school choice",false
train_288,"President Trump tweeted  'Child Lifes Matter' Should Be Painted On Hollywood Streets",false
train_289,"Cal Cunningham, North Carolina’s 2020 Democratic Senate candidate, voted to raise taxes in the state by over $1 billion in 2001.",true
train_290,"Donald Trump tweeted, “WHO Thinks ‘Child Lifes Matter’ Should Be PAINTED In The STREETS OF HOLLYWOOD???",false
train_291,"CORONAVIRUS IS A LAB-ENGINEERED BIOWEAPON",false
train_292,"Anthony Fauci, director of the National Institute of Allergy and Infectious Diseases wrote: I reject the notion that it’s 'just a virus’ and we’ll all get it eventually. What a careless, lazy, heartless stance.",false
train_293,"The Governor of Osun State, Gboyega Oyetola, was in Abuja for three days and was not able to see Governor Mai Mala Buni, who is the Chairman of the All Progressives Congress (APC) National Caretaker Committee.",false
train_294,"Washing glasses with soap will prevent lenses from fogging whilst wearing a mask.",true
train_295,"Hackers in China hide phishing codes inside WhatsApp good morning and good night images or videos, to steal personal information, such as bank card information and other data.",false
train_296,"Shanghai China International News asked all subscribers not to send good morning and good night images or videos on WhatsApp",false
train_297,"A covid patient died outside a medical shop in Siwan India, which is the constituency of Bihar's Health Minister.",false
train_298,"A black kid named Tyrone Woodfork was arrested yesterday for severely beating an elderly Tulsa, Oklahoma, white couple, raping and killing the wife and leaving the husband for dead and the national media is ignoring the crime",false
train_299,"The Bank of America pledged $1 billion dollars to Black Lives Matter.",false
train_300,"if the Trump administration “had done its job, the virus wouldn’t come” to New York",false
train_301,"A motorcycle fatality in Orlando Florida was counted as a COVID death.",false
train_302,"Matt Hancock claimed that the UK covid-19 lockdown began on 16th March 2020.",true
train_303,"All workers at Gardenia, a bread-manufacturing factory in the Philippines, had tested positive for COVID-19.",false
train_304,"Nigeria, Ghana, Cote d’Ivoire, Senegal and Guinea are responsible for over 80 per cent of COVID-19 cases in West Africa.",true
train_305,"Azerbaijan has threatened to bomb the nuclear power plant in Armenia.",true
train_306,"John Hickenlooper, the former Governor of Colorado accepted donations from Anadarko Petroleum Corp, a oil and gas company involved in a 2017 fatal explosion, in exchange for the company not being penalized.",false
train_307,"US Businesses that refuse any legal tender can be fined and sued.",true
train_308,"Free federal housing for former inmates.",false
train_309,"Betting on online slot machines has increased by 25% during lockdown.",false
train_310,"United States citizens don't get the level of benefits that Bidens policy would be looking to give illegal immigrants",false
train_311,"The Democrats want to abolish US police departments. They want to abolish our prisons, I guess.",false
train_312,"Biden wants to end mandatory minimums in criminal sentences.",true
train_313,"Vaccines were responsible for 50 million deaths during the Spanish flu pandemic in 1918.",false
train_314,"Biden plans to ""mandate net-zero carbon emissions for homes, offices and all new buildings by 2030. That basically means no windows, no nothing.",false
train_315,"One of the key elements of the Biden-Sanders Unity Task Force Recommendations (Biden, the presumptive Democratic presidential nominee, and Sanders, the leading voice for the most progressive Democrats Biden-Sanders (Biden, the presumptive US Democratic presidential nominee, and Sanders, the leading voice for the most progressive US Democrats) is that all charter schools will be abolished.",false
train_316,"Biden plans to stop all deportation.",false
train_317,"The US Biden-Sanders unity task force seeks to abolish immigration detention in the US.",false
train_318,"The Democrats want to rejoin the Paris Climate Accord and seek an even higher level of restrictions on climate change.",true
train_319,"Border-wall construction under the Trump administration has replaced already existing barriers.",true
train_320,"The Biden-Sanders unity platform includes a plan to appoint social justice prosecutors in order to free violent criminals.",false
train_321,"Abolish immigration detention. No more detention. You come in here illegally, no more detention.",false
train_322,"Donald Trump claimed that Biden's mandate for net zero carbon emissions for home, offices and new buildings would mean no windows.",false
train_323,"Under Biden’s policy, immigrants in the country illegally ""get welfare benefits. United States citizens don't get what they're looking to give illegal immigrants.",false
train_325,"What they're going to do is they're going to rip down the wall. They're taking it down.",false
train_326,"Migrant arrests and expulsions in the US along the southern border are down.",true
train_328,"Bonnie Henry issued advice about living with the threat of Covid-19.",true
train_329,"The United States has one of the lowest Covid-19 mortality rates",false
train_330,"Former Indian Deputy Chief Minister and rebel Congress leader Sachin Pilot has joined the Bharatiya Janata Party.",false
train_331,"Philippine Depositary Receipts are equal to actual ownership in the Philippines.",false
train_332,"Clinical trials have been completed for potential Russian COVID-19 vaccine.",false
train_333,"The Obama administration stopped testing during the H1N1, Swine Flu, pandemic.",false
train_334,"South Africa has “expertise in the development and trial of a range of vaccines”",true
train_335,"Russia's Sechenov University has completed clinical trails of COVID-19 vaccine.",true
train_336,"South Africa has expertise in the development and trial of a range of vaccines.",true
train_337,"Sarah Sachin Pilot attacks Gehlot in a tweet saying that even ""big magicians"" will start sweating when they turn to Delhi.",false
train_338,"An Indian student finds a Home remedy cure for Covid-19 and it is accepted by WHO (World Health organization)",false
train_339,"South Africans have the right to resist isolation or quarantine if found to hsve the virus",false
train_341,"A cobbler in West Bengal, Sanjoy Rabidas, scored 93% in West Bengal board exams. He is also an RSS member.",false
train_342,"Answering a call from '+140' will empty your bank account.",false
train_343,"Prof Stephen Adei praises Prof Naana Opoku-Agyeman as a great leader",false
train_345,"A graphic from the World Health Organization (WHO) lists the “7 biggest brain damaging habits",false
train_346,"PR stunt by TV channel leads to police warning on phone no. starting with 140",true
train_347,"You no longer have to quarantine if you have returned to England from an exempt country before July 10.",false
train_348,"Proud to be AMU alumnus, 35-year-old scientist Kushbu Mirza, has been promoted as Director in ISRO. She is an alumnus of Aligarh Muslim University and only the 2nd Muslim Scientist after Dr.A.P.J. Abdul Kalam to hold this rank at ISRO",false
train_349,"The CDC may have to stop calling COVID-19 an ‘epidemic’ due to a remarkably low death rate.",false
train_350,"A letter from a consultant at a hospital in Surrey claims that hospitals are empty and that there is no pandemic.",false
train_351,"The World Health Organization (WHO) is advertising home-based jobs to ""fight coronavirus"" and says no experience is necessary.",false
train_354,"Deaths from COVID-19 are nearing zero in the U.S. in early July 2020.",false
train_355,"People are developing fungal lung infections due to wearing face masks.",false
train_356,"The founder of Ghana's Progressive People’s Party (PPP), Dr Paa Kwasi Nduom tweeted that Prof. Jane Opoku Agyeman was far better than Ghana's current Vice-President Mahamudu Bawumia.",false
train_357,"Herbal drink made of snake grass can cure cancer by killing cancer cells in 24 hours.",false
train_359,"International students contributed over $40 billion to the U.S. economy in 2018-19.",true
train_360,"Over 1 million international students studied at American universities in the 2018-19 school year.",true
train_363,"Ghana’s Health Minister, Kwaku Agyeman-Manu claims that President Akufo-Addo is tired of the coronavirus fight due to citizens reluctance to adhere to the preventive protocols.",false
train_364,"President Donald Trump claimed that Nascar's decision to ban confederate flags at NASCAR events, has caused the lowest ratings ever.",false
train_365,"NOT ONE POLITICIAN DIED, LOST THEIR JOB OR WORN MASKS DURING THE COVID-19 PANDEMIC",false
train_366,"An image in New Zealand shows that a rural New Zealand town is set to remove a trout statue",false
train_367,"The COVID-19 pandemic has seen conspiracy theories emerge with claims 5G vendors have used the lockdown in Australia – and elsewhere – to roll out 5G networks without public knowledge. Accompanying those are claims that the expanded network may cause negative health effects in people.",false
train_370,"Muslims failing to understand government messaging were responsible for Leicester’s local outbreak.",false
train_371,"Ghislaine Maxwell, the recently arrested associate of Jeffrey Epstein, has tested positive for COVID-19 in jail.",false
train_373,"American rapper Kanye West is running for President of the United States in the 2020 elections.",true
train_374,"Obasanjo said there will be a second war in Nigeria",false
train_375,"Muslims can’t use alcohol-based hand sanitiser as it is against their religion.",false
train_376,"Zara closed 1,200 stores due to effects the covid19 pandemic had on the  economy",false
train_377,"The founder of AirBnb said that because of this pandemic, 12 years of efforts were destroyed in 6 -8 weeks due to effects the covid19 pandemic had on the  economy",true
train_380,"Tata Motors has come up with a new electric car called EVision, which can run up to 1,000 kms on being charged once and the battery has a 10-year warranty.",false
train_381,"Rolex discontinued production due to effects the covid19 pandemic had on the  economy",false
train_382,"Shanghai-based clothing company La Chapelle Closed 4391 stores due to effects the covid19 pandemic had on the  economy",false
train_383,"Viral video shows Pakistani and Chinese soldiers celebrating after 20 Indian soldiers were killed in action at Galwan Valley.",false
train_384,"Dr VK Srinivas, Vice President of Bharat Biotech photographed having the first COVID-19 vaccine developed by Bharat Biotech.",false
train_385,"One in four NI adults are now at risk of hunger and malnutrition.",false
train_386,"A cartoon showing piglets with given names of Indian national media outlets feeding on a pig with the face of Indian Prime Minister Nerendra Modi is drawn by American cartoonist Ben Garrison.",false
train_387,"People are starting to enter ERs with fungal lung infections from wearing masks.",false
train_388,"Donald Trump tweeted that he told the South Dakota governor that “everyone is fine without a mask. They just need to close there (sic) border with California.”",false
train_390,"Budweiser admits several employees have been pissing in its beer tanks for years.",false
train_391,"Photos showing sewer, sacks and trash-filled beaches in Boracay were taken during the past administration of former president Benigno Aquino III.",false
train_392,"A Budweiser employee has been urinating in a beer tank for 12 years.",false
train_393,"Wearing of a face mask while carrying a gun is a class 4 felony.",false
train_394,"""Now Even The COMMON COLD Is Being Counted As A Positive COVID-19 Result.",false
train_395,"New Zealand’s national debt has risen to more than $NZ120 billion.",true
train_396,"Kapil Sibal, an Indian lawyer and politician, is going to challenge India's government’s decision to ban 59 Chinese apps, including TikTok, in India's Supreme Court.",false
train_397,"Everyone including essential workers will be compensated $1,000 by FEMA.",false
train_398,"Taylor Swift Says We Should Remove The Statue of Liberty",false
train_399,"A Muslim woman who ordered a drink from a Target Starbucks was given a cup with “ISIS” written on the cup instead of her name.",true
train_400,"Dr. Kary B. Mullis, Nobel Laureate and inventor of the Polymerase Chain Reaction (PCR) test used to detect coronavirus said it couldn't be used for virus detection.",false
train_401,"Whole Foods stores do not accept cash payments.",false
train_402,"Leicester has gone back into lockdown soon after 5G coveage was rolled out there.",false
train_403,"Covid 19 symptoms and 5G are related.",false
train_404,"The national security law will only target an extremely small minority of people who have breached the law, while the life and property, basic rights and freedoms of the overwhelming majority of Hong Kong residents will be protected.",false
train_405,"US Congresswoman Maxine Waters of California introduced a bill, H.R. 2020, the Erasing Confederate History Act of 2020, to rename the 11 US states that originally made up the Confederacy.",false
train_406,"An image purported to show a political billboard from the young arm of New Zealand National Party shows a culturally insensitive slogan towards Māoris.",false
train_407,"Charles Krauthammer wrote that former President Barack Obama’s non profit Organizing for Action, is the “shadow government organization aimed at resisting and tearing down the Constitutional Republic we know as America”.",false
train_408,"Michelle Obama had to Surrender her Law License because she committed  'Insurance Fraud'",false
train_409,"“Oklahoma 100% positive coronavirus test rate after Trump Tulsa rally.”",false
train_410,"Surface air temperatures at the bottom of the world have risen three times faster than the global average since the 1990s.",true
train_411,"Democrat-controlled states suffered the harshest restriction in the US during the coronavirus pandemic.",false
train_412,"Black Lives Matter was funded and designed by the US Democrats to be a social weapon.",false
train_413,"The US Democratic Party has a owned and controlled corporate media monopoly.",false
train_414,"The next major advantage of the pandemic for the Deep State was the case made to the public for mail-in voting, a highly insecure practice proven to be rampant with fraud.",false
train_415,"President Geingob of Namibia fined all those who attended the party he hosted to mark his political party Swapo’s (South West Africa People’s Organisation) 60th birthday during the coronavirus lockdown when gatherings were banned.",false
train_416,"US Democratic nominee for US President Joe Biden avoided interviews and debates during the COVID-19 pandemic lockdowns.",false
train_417,"They [Democrats and the Deep State] flooded US streets with deadly drugs to manufacture a devastating epidemic of addiction and mass incarceration.",false
train_418,"US President Barack Obama was directed by the Deep State to authorize millions in funding for the Wuhan Institute of Virology  to finance a global biological attack timed to release within an  election year.",false
train_419,"COVID-19 (Polymerase chain reaction (PCR) tests are ‘scientifically meaningless’",false
train_420,"COVID-19 Removal Cards kill Coronavirus",false
train_421,"Drinking water will protect you from COVID-19.",false
train_422,"Keir Starmer stopped Jimmy Savile being charged in 2009.",false
train_423,"The Ministry of AYUSH, Government of India Has Approved Patanjali's 'Coronil'.",false
train_424,"Seven people were shot in the neighbourhood of Newark in June 2018.",true
train_425,"Jay Inslee claims he's the first governor to implement a public option health insurance plan.",true
train_426,"Most Americans support Roe v. Wade.",true
train_427,"Idli is the healthiest breakfast item in the whole world as certified by UNESCO.",false
train_428,"Beto O'Rourke said that he does not want to repeal Section 1325.",true
train_429,"South Africa is number one in the killing of women internationally.",false
train_431,"The average family in America forks over more of their hard-earned income to their local hospital than to the IRS.",true
train_432,"The United States Annual Arms Control Compliance Report does not address the U.S. withdrawal from the Arms Trade Treaty (ATT).",true
train_434,"Covid-19 surcharges are being applied in the USA.",true
train_435,"The US Annual Arms Control Compliance Report  Mulling resumption of nuclear tests.",true
train_436,"The US Annual Arms Control Compliance Report  Blocking negotiation of the  Biological Weapons Convention (BWC) verification protocol.",true
train_437,"The Honor Guard soldiers that march at the Tomb of the Unknown Soldier in Arlington Cemetery carry live ammunition",false
train_439,"In the Indian marketplace, Livfavir, manufactured by Livealth Biopharma, is cheaper than Glenmark's Fabiflu.",false
train_440,"In 1977, U.S. President Joe Biden said integrating black students would turn schools into ""a jungle… a racial jungle.""",false
train_441,"There were issues with polling places in Kentucky",true
train_442,"Gargling with a salt water concoction, or drinking water with salt or vinegar will “kill” the virus causing COVID-19",false
train_443,"No country currently has a functioning Covid-19 track and trace app.",false
train_444,"British Prime Minister Boris Johnson, speaking in the British Parliament, stated that no country currently has a functioning track and trace app for countering Covid-19.",false
train_445,"Transactions by Google Pay are not protected by the Reserve Bank of India nor by Indian law.",false
train_446,"Unused COVID-19 tests that already showed positive results were found in Tuscaloosa, Alabama.",false
train_447,"A video showing emergency services helping COVID-19 patients in the streets of the Pune's Deccan Corner area in June 2020 is real",false
train_448,"U.S. coronavirus cases are increasing because more people are being tested for the virus.",false
train_449,"Glenmark Pharmaceuticals received approvals from Drug Controller General of India to manufacture and market Favipiravir, an anti-viral drug, to treat COVID-19 patients.",true
train_450,"In June 2020, 46 US states had gyms/fitness centers open, while North Carolina was one of four states that did not.",true
train_453,"In June 2020, Nigerian debt servicing obligations stood at N943.12 billion.",true
train_454,"President Trump said coronavirus testing makes the U.S. look bad, ""so I said to my people, ‘Slow the testing down.’""",true
train_455,"Former US president Barack Obama  Declared He And His Family Will Leave the U.S. For Canada If Donald j. Trump Wins Re-Election in the U.S.",false
train_456,"In June 2020, 99% of Nigerian revenue was being committed to debt servicing alone.",true
train_457,"Masks violate the US Department of Labor Occupational Safety and Health Administration’s 19.5% minimum oxygen level respiratory protection standard.",false
train_458,"Alex Jones claimed on the InfoWars website that Covid-19 is only killing older people.",false
train_459,"President Trump tweeted ""Anyone who ordered a ticket to my (Tulsa) rally and didn't attend should be arrested and face very powerful charges.""",false
train_460,"The Government of India has issued a memorandum and directed Google and Apple to restrict several Chinese applications from the respective stores with immediate effect.",false
train_461,"Alex Jones claimed on the InfoWars website that hospitals received $52,000 for every Covid-19 patient and knowingly misdiagnosed patients during the pandemic",false
train_462,"Cloth masks trap carbon dioxide which is a risk to health.",false
train_463,"Cloth masks do not filter anything.",false
train_464,"Alex Jones claimed on the InfoWars website that The United Nations said the economic crisis caused by the Covid-19 pandemic was ‘a good thing'.",true
train_465,"Alex Jones claimed on the InfoWars website that Democratic-led areas told people to ‘never’ remove their masks during the pandemic.",false
train_466,"CERT-In issues a warning of possible phishing attacks.",true
train_467,"A phishing attack that seemed like an official communique on the COVID-19 pandemic was expected to be launched from June 21 2020 onwards in major metropolitan cities of India.",true
train_469,"Surgical masks were designed and approved for sterile environments. Every time a person puts on their (surgical) mask they are breathing in the germs from everywhere they went. They should be changed or thrown out every 20-30 minutes in a non sterile environment.",false
train_470,"Alex Jones claimed on the InfoWars website that there were no patients for US hospital ships during the pandemic.",false
train_471,"Vijaya Hospital founder's son died of Covid-19",false
train_472,"China Manufactured 'Boycott China' Goods for the Indian market",false
train_473,"In Nigeria,99% of revenue is being committed to debt servicing alone.",true
train_474,"Kamala Harris vowed vengeance against Trump backers",false
train_475,"During the first quarter of 2020, Nigeria's revenues stood at N950 billion.",false
train_476,"Debt servicing obligations of Nigeria stood at N943.12 billion",true
train_477,"Since the COVID-19 crisis there has been disinformation on a scale we have never seen before.",true
train_478,"Melania Trump tweeted in support of India, following the Indo-China clash at Galwan Valley.",false
train_479,"Donald Trump, Melania Trump, Angela Merkel and Benjamin Netanyahu tweeted in support of India, following the Indo-China clash at Galwan Valley.",false
train_480,"Nigeria bears 50% of the global sickle cell burden",false
train_481,"NIC, under the Government of India, has directed the regional executive and representatives of Google India and Apple India to restrict the functioning of Chinese applications from their respective stores as per instructions by the Ministry of Electronics and Information Technology (MeitY). Including 15 apps in particular, which include TikTok, Club Factory, Shein, Vivo Video among others.",false
train_482,"Prime minister of Israel Benjamin Netanyahu tweeted ""i stand with India"" after a clash between the Indian Army and the Chinese PLA",false
train_483,"PLA released names of 56 Chinese soldiers who died in Galwan Valley face-off",false
train_484,"Telangana govt has released guidelines to reopen schools in the state",false
train_485,"Chancellor of Germany Angela Merkel tweeted ""I stand with India"" after clash between the Indian Army and the Chinese PLA",false
train_486,"First Lady of US Melania Trump tweeted  ""I stand with India"" after clash between the Indian Army and the Chinese PLA",false
train_487,"Police departments in Germany were defunded and eliminated by the Nazis under Hermann Goering.",false
train_488,"Prime Minister of Israel, Benjamin Netanyahu tweeted in support of India, following the Indo-China clash at Galwan Valley.",false
train_489,"Shinzo Abe, Prime Minister of Japan tweeted ""I stand with India"" after clash between the Indian Army and the Chinese PLA",false
train_490,"US President Donald Trump  tweeted in support of India, following the Indo-China clash at Galwan Valley.",false
train_491,"'For every two babies born with sickle cell in the world, one is a Nigerian.’",false
train_492,"Ghana Health Service Central regional director halts mass coronavirus testing",true
train_494,"A grocery store worker who wore a mask for hours at a time got a lung infection (pleurisy,) from “breathing in her own bacteria”.",false
train_495,"Public Health England issued new guidance that encourages the public to consider taking vitamin D supplements during community lockdownds due to COVID19",true
train_496,"Huawei Technologies was secretly in control of Iran’s Skycom Tech Co Ltd.",true
train_498,"Viral message claims Facebook will make private photos public",false
train_501,"Nancy Green aka Aunt Jemima was the FIRST black millionaire! she sold her pancake mix to General Mills Corp",false
train_502,"Donald Trump made Juneteenth ""very famous,"" as he described in a Wall Street Journal interview June 17, 2020. Prior to him planning a rally on June 19, ""nobody had ever heard of it.""",false
train_503,"Myanmar will launch a satellite to provide free internet to all of its citizens.",false
train_504,"Establishing A One World Government is Part Of UN's 'mission goals.",false
train_505,"A study conducted by World Health Organization (WHO) and major hospitals has found that Covid-19 has become weaker and harmless.",false
train_506,"Herbal medicine from Tanzania cure Covid-19",false
train_507,"Former President Barack Obama was born in Kenya, according to his birth certificate.",false
train_508,"North Korea blew up the office used for South Korea talks.",true
train_509,"Denis Mukwege, a medical doctor and Nobel Peace laureate from the Democratic Republic of Congo, resigned from the Congolese government’s Coronavirus Response (Taskforce) Team because he was asked to manipulate numbers of COVID-19 patients.",false
train_510,"America’s most violent cities are that way because of their Democratic politics",false
train_511,"Myanmar citizens to get free phone internet.",false
train_513,"Boy Scouts of America are committed to act against racial injustice.",true
train_514,"An Expansion of Mail-in Ballots would increase the chance of theft in the USA.",false
train_515,"Absentee voters in the USA have to go through a Very strict process.",false
train_516,"The Boy Scouts are supporting Black Lives Matter and are required to earn a diversity badge.",true
train_517,"Comedian Steve Harvey Wrote 'How I Feel About Trump' Post",false
train_518,"US House Speaker Nancy Pelosi violated a military tradition when she gave a folded US flag to the brother of George Floyd, who was killed in police custody in Minneapolis in late May 2020.",false
train_521,"AICTE is conducting online survey related to university exam.",false
train_522,"There will be a strict lockdown reimposed in Delhi starting June 18, 2020 to contain the spread of COVID-19.",false
train_523,"Mexico is leaving the most difficult stage of the COVID-19 pandemic and I consider the worst is over.",false
train_524,"Actor Matt Damon was planning on leaving the United States for Australia to get away from President Trump.",false
train_525,"Milwaukee health department declared racism as a public health crisis in 2019.",true
train_526,"Milwaukee declared racism as a public health crisis in 2019.",true
train_527,"The Ministry of Home Affairs of India has decided to implement a complete lockdown in Delhi-NCR from June 18, 2020 for four weeks.",false
train_528,"Sarah Huckabee Sanders posted a conspiratorial tweet and claimed “It’s ‘odd’ that the ANITFA insurgency happened just as COVID-19 loses steam It’s ‘odd’ that COVID-19 happened the moment impeachment failed. It’s ‘odd’ that impeachment happened the moment Russian hoax failed. The Russian hoax happened because Hillary lost. Notice the pattern?”",false
train_529,"The police officer charged with killing George Floyd still eligible for pension benefits.",true
train_530,"NASCAR bans the confederate flag.",true
train_531,"The Daughters of the Confederacy sued NASCAR for violating the First Amendment.",false
train_533,"The external reserves of Nigeria grew from $33.42 billion on April 29th, 2020 to about $36 billion in May 2020.",true
train_534,"Biker gangs unite to drive Antifa out of Seattle",false
train_536,"President Muhammadu Buhari of Nigeria says the GDP grew from 1.91% in 2018 to 2.27% in 2019 but declined to 1.87% in the first quarter of 2020 as a result of the decline in global economic activities due to the Covid-19 pandemic.",true
train_537,"Trump said that to a lot of people “defunding the police” means breaking up police forces or not giving them any money",false
train_538,"Black Lives Matter Scotland have produced posters and stickers with phrases such as “Kill a white on sight” on them.",false
train_539,"President Muhammadu Buhari of Nigeria said We have witnessed 11 quarters of consecutive GDP growth since exiting recession.",true
train_541,"Every single economy in the world has suffered a decline due to the Covid-19 pandemic.",false
train_542,"President Muhammadu Buhari of Nigeria said Our revenue from cocoa and sesame seed increased by $79.4 million and $153 million",false
train_543,"The World Health Organization is offering jobs   over social media to help fight the coronavirus pandemic.",false
train_544,"President Muhammadu Buhari of Nigeria said Nigeria is now rated as one of the top ten reforming countries.",true
train_545,"Nigeria's external reserves grew from $33.42 billion on 29 April 2020 to about $36 billion in May 2020",true
train_546,"President Donald Trump said the “when the looting starts, the shooting starts,” phrase has two meanings.",true
train_547,"A prescription written by Dr Raj Kamal Agarwal prescribes medicine to prevent or cure COVID-19.",false
train_548,"Nigeria has witnessed 11 quarters of consecutive GDP growth since exiting recession in 2016.",true
train_549,"Nigeria is now rated as one of the top ten reforming countries.",true
train_552,"More than 100 Irish slaves were dumped overboard to drown in the 18th century because ships’ supplies were running low.",false
train_553,"In Kenya the Judiciary has almost 7,000 employees.",false
train_554,"The kenyan Judiciary has “almost 7,000 employees” as at 2019",false
train_555,"Kenyan Parliament is getting KSh38 billion, the judiciary is getting KSh18 billion, basically 50% [of parliament’s allocation] in 2020",true
train_556,"A white armed-robbery suspect was sentenced to two years in jail while a black armed-robbery suspect was sentenced to 26 years in prison by the same Florida judge.",true
train_557,"British writer and former communist Philip Spratt, wrote in 1939. Gujarat, though economically advanced, is culturally a backward province… . Bengal in contrast is economically backward but culturally advanced.",false
train_558,"Over 500,000 Irish catholics were sold into slavery in the 16th century.",false
train_559,"The amount set aside for repayment of debt in Kenya is much higher than all the money that Treasury Cabinet Secretary Ukur Yatani is putting together for development expenditure.",true
train_560,"A post shared on Facebook claims President Donald Trump approved $2.5 million for the mass production of the herbal tonic touted by Madagascar’s president as a COVID-19 remedy",false
train_561,"The first slaves shipped to the American colonies in 1619 were 100 white children from Ireland.",false
train_562,"The law in Ireland in 1619 held that it was was no more a sin to kill an Irishman than a dog or any other brute.",false
train_563,"In Kenya the judiciary sits six days in a week.",false
train_564,"Kenya is dealing with a situation where the amount set aside for repayment of the debt is much higher than all the money that Ukur Yatani is putting together for development expenditure",true
train_567,"In 2018, South African police service officers were accused of 217 cases of torture and 3,661 cases of assault",true
train_568,"Trump Will Remove Troops from Germany",true
train_569,"558 people were killed by the South African police in 2018, while 201 people died in police custody",true
train_570,"20% of African Americans had jobs where they could work from home during the Covid 2020 crisis",true
train_571,"Consuming grape seeds and bitter almonds will cure cancer",false
train_572,"National polls have never predicted who will be president from the democratic party in the US presidential elections.",true
train_573,"Mixing lemon and baking soda will kill coronavirus",false
train_574,"Walmart Tweeted ""We wont be Rebuilding Walmarts in Cities without police""",false
train_575,"North Korea cancels all communication with South Korea.",true
train_576,"52 free horses in June  2020 needed rehoming in Ohio because their owner died of Covid-19",false
train_578,"Assam Government Announces, ""100% free admission for students in colleges up to the postgraduate level.  ""No colleges are allowed to charge any student for anything. No Saraswati Puja charges, no excursion fees, no prospectus fees. If any colleges are found charging students for anything during the admission, strict actions will be taken against them,""",true
train_579,"Democratic assembly woman for the 143rd District of New York. Monica Wallace Significantly more people died of Covid-19 in two months than died of overdoses all of last year or the year before.",true
train_580,"The Federal Police did not use chemical irritants to clear the area around St. John's Church in Washington, D.C.",false
train_581,"Fact Check: LeBron James Did NOT Say He Wants Nothing To Do With White People",false
train_583,"Drinking Pigeon Membrane Slurry Cures Coronavirus",false
train_584,"Thyrocare labs are sealed in Thane over false-positive COVID-19 testing.",false
train_585,"Wastewater can be an early indicator for a coronavirus outbreak.",true
train_586,"Video in India shows that Putting basil leaves, camphor inside masks will purify the air and will protect you from Covid-19",false
train_588,"The United Nations is creating a new country out of Nigeria to be called Ambazonia or the new State of Cameroon.",false
train_589,"Joe Biden stated in a debate from July 2019 that fossil fuels including coal and fracking would be eliminated in a Biden administration.",false
train_590,"By June 2020 autopsies performed by the Italian pathologists proved that COVID-19, as a Disseminated Intravascular Coagulation, ought to be fought with antibiotics, antivirals, anti-inflammatories and anticoagulants",false
train_591,"Donald Trump was elected US President.",true
train_592,"Prince Andrew is accused of pedophilia and was extremely close with Jeffrey Epstein.",true
train_593,"UV Rays from sunlight kill Corona virus.",false
train_594,"COVID-19 is not a virus, but a bacterium.",false
train_596,"The Federal Reserve and the Treasury were merged making Donald Trump the Chairman for the global banking system with the people's money.",false
train_597,"The US has deployed 30,000 troops to Europe for training without masks or any hand sanitizer.",false
train_598,"600 Mexican drug cartels have recently been arrested, one of the biggest busts in history by the U.S.",false
train_599,"298 Saudi Arabian royals, billionaires, lawyers and judges were recently arrested for crimes and corruption.",true
train_600,"The Duke and Duchess of Sussex left the British Royal Family due to the family being Satan-worshipping child traffickers.",false
train_601,"Bill Gates is pushing vaccines and global depopulation, and he owns 15% of the WHO (World Health Organisation). The WHO is a business which is also owned by George Soros and the Rockerfellers.",false
train_602,"Prince Harry and Meghan Markle left the royal family.",true
train_603,"The US economy was crashed during the COVID-19 pandemic to drain all corrupt coins - this was best achieved through a 14-28 day lock down and money was re-distributed back to people on government grants.",false
train_604,"The entire world is in lockdown because of the COVID-19 pandemic.",false
train_606,"Harvey Weinstein, a Hollywood film producer, was arrested for sex crimes and then suddenly contracted Coronavirus.",true
train_608,"Rashida Tlaib claimed in 2020 that Detroit spend $294 million on police in 2019, and $9 million on health.",true
train_610,"There are underground tunnel systems that have been used for decades to traffick people for sex slaves and organ harvesting, across the globe. There is currently a military operation happening, lead by the US President to uncover these children, arrest those involved, and stop this once and for all.",false
train_611,"The COVID-19 pandemic has helped bolster the relationship between China and Middle Eastern countries.",true
train_612,"Bird e-scooters are shutting down service in the Middle East, and scrapping as many as 10,000 scooters.",true
train_613,"Over 600 elephants are killed in Kerala every year.",false
train_614,"The Supreme Court of India has ruled in favour of renaming the country in all languages.",false
train_615,"“India let 65 lakh tonne of grain go waste in four months, even as the poor went hungry.",false
train_616,"Hillary Clinton is on trial for the 2002 terror attack on Americans in Benghazi, Libya.",false
train_617,"The COVID-19 tests conducted at the 199 testing centres in the UK, as well as the mobile test centres, are all done within 24 hours.",false
train_618,"Zimbabwe's fuel consumption is the same as Ethiopia's.",false
train_619,"Ultraviolet light could kill the coronavirus (SARS-CoV2)",true
train_620,"The Instagram algorithm is merging #BlackOutTuesday posts with the #BlackLivesMatter hashtag.",false
train_622,"A German Shephard dog in New York state, USA was the first domesticated dog in the United States to test positive for Covid-19 infection.",true
train_623,"An elephant was 'fed' a pineapple laced with firecrackers and the incident took place in Kerala's Malappuram district.",true
train_624,"During the widespread unrest that has occurred in the United States after the murder of unarmed African American man George Floyd in Minneapolis, Minnesota on Memorial Day 2020, a video began circulating on social media. The video claims to show two white police officers attempting to arrest a Sudenese American FBI agent.",false
train_625,"The NBA told president Trump to resign or they would never play again",false
train_626,"A new executive order put in place by President Donald Trump to target social media companies is in violation of the First Amendment and free speech protections.",true
train_627,"South-South zonal head of Nigeria’s anti-graft agency, the Economic and Financial Crimes Commission (EFCC), Ishaq Salihu, addressed a group of protesters in its Port-Harcourt office, Rivers state recently over the trial of George Turnah.",false
train_628,"President Uhuru Kenyatta of Kenya said, ‘At independence, we had only 1,800 kilometres of tarmacked roads.’",true
train_629,"US President Trump sent out a tweet claiming that he and Vice President Pence were escorted to the secret White House bunker, and that former President Obama had left it dirty and unsupplied.",false
train_630,"At independence from British Rule in 1963, Kenya had only 1,800 kilometres of tarmacked roads.",true
train_631,"Wearing a mask for an extended time may lead to death.",false
train_632,"Gretchen Whitmer, the governor of Michigan is the niece of George Soros.",false
train_633,"On Kenyas independence, they only had 1,800 kilometres of tarmacked roads",true
train_635,"Democratic Michigan governor Gretchen Whitmer is the niece of billionaire investor George Soros.",false
train_636,"By June 2020, less than 100 people in Ireland had died directly from Covid-19.",false
train_637,"After independence from British rule, Kenya's Founding Fathers, President Jomo Kenyatta, President Moi and President Kibaki, built 11,200 kilometres of tarmacked roads, in 50 years at an average of 224 kilometres per year.",false
train_638,"The United States of America will be designating ANTIFA as a domestic Terrorist Organization.",true
train_639,"Kenya's president claims 'After 78 years of colonial rule and 50 years of the independence administrations, a total of 4.5 million households were connected to electricity'.",false
train_640,"Ear loop face masks don't protect against Covid-19.",false
train_641,"After Kenya's independence, Kenyas Founding Fathers built an extra 11,200 kilometres of tarmacked roads. This was done in a period of 50 years by President Jomo Kenyatta, President Moi and President Kibaki, at an average of 224 kilometres per year.’",false
train_642,"Kenya's president said ' we have connected 99% of all schools to electricty'",false
train_643,"Vaccines will hook everyone up to an artificial intelligence interface",false
train_644,"Derek Chauvin, the Minneapolis police officer charged with the death of George Floyd, was released from custody.",false
train_646,"Uhuru Kenyatta's administration has built 1,000 kilometres of tarmacked roads, in Kenya, every year.",false
train_647,"Former Minneapolis Police Officer Derek Chauvin, who is accused in the death of George Floyd has committed suicide in prison.",false
train_648,"18 CHINESE people were sent packing back to China on Wednesday 27th May 2020 after the president of Rwanda found out that they were mistreating Rwandan workers.",false
train_649,"Piles of bricks are being staged in cities around the USA, indicating riots are planned.",false
train_650,"Anthony Fauci director of the National Institute of Allergy and Infectious Diseases in the United States said “As soon as the Covid-19 vaccine is manufactured it must be immediately delivered to health care professionals world wide for immediate human injection. Proper studies can be performed later.”",false
train_651,"Democrats want stimulus payments taken from Social Security and military.",false
train_652,"Nancy Pelosi diverted $2.2 billion from Social Security to Democratic New York Gov. Andrew Cuomo’s budget",false
train_653,"INDIA’S GOVERNMENT BANNED PEOPLE FROM POSTING ABOUT COVID-19 ON SOCIAL MEDIA",false
train_654,"Recent UK and international data suggests that children are as likely as adults to become infected by COVID-19 and carry the virus.",true
train_655,"George Soros is ""funding the chaos (riots and protests)"" in Minneapolis via his Open Society Foundations.",false
train_656,"US House speaker Nancy Pelosi was removed from the house floor for drunkenly cursing at republican party members.",false
train_657,"Hand sanitizer bottle can catch fire when left in a hot vehicle",false
train_658,"Amy Klobuchar declined to prosecute Derek Chauvin, the cop at the center of George Floyd's death in the 2006 police shooting of Wayne Reyes.",false
train_659,"U.S. House Speaker Nancy Pelosi deferred $2.2 billion from Social Security to New York Gov. Andrew Cuomo's budget amid the ongoing battle against the coronavirus pandemic.",false
train_660,"Two-thirds of Americans disapprove of Donald Trump not wearing a face mask in public.",true
train_661,"The US is near the low end of per capita deaths, most places are 60 deaths per 100,000 the US is 29",false
train_662,"Most places are at 60 deaths from COVID-19 per 100,000. The US is at 29.",false
train_663,"A man knocked down by vehicle in Toronto as reported May 2011, was identified as former Sri Lankan cricketer Sanath Jayasuriya",false
train_664,"Coconut oil prevents dengue fever",false
train_665,"The Influenza, MMRV, Varicella, Rotavirus and Zoster vaccines contain vecuronium bromide",false
train_666,"Raffia Arshad is the first hijab-wearing court judge to be appointed in the UK.",true
train_667,"India has the second fastest doubling rate of COVID-19 cases at the threshold of 1.5 lakh cases",false
train_668,"Sen. Grace Poe vowed to file a measure that would block Facebook (FB) from the Philippines and allow the media network ABS-CBN to continue operating.",false
train_670,"Organic foods are more nutritious than conventional foods.",false
train_671,"Italy violated WHO rule and conducted an autopsy of a COVID-19 patient.",false
train_672,"COVID-19 causes blood clotting.",true
train_673,"COVID-19 is not a virus but a bacteria.",false
train_674,"Anthony Fauci director of the National Institute of Allergy and Infectious Diseases in the United States said “Just because thousands of independent doctors are saying Hydroxychloroquine cures all Covid-19 patients, it is not valid until we have a major study done.”",false
train_675,"Russia exposes Covid-19 with Scientific Data as a Hoax, says its a Fake Pandemic",false
train_676,"BJP MLA Kuldeep Singh Sengar, who is serving life imprisonment for the Unnao rape scandal as of May 24th  2020, got bail from the High Court.",false
train_677,"A Muslim man in Los Angeles, Mohamed Bzeek, has fostered over eighty terminal children.",true
train_678,"Since the week ending March 14, Wisconsin actually saw a drop in tourism spending compared to last year of $1.7 billion.",true
train_680,"The Scientific Advisory Group for Emergencies said that the 1st of June 2020 was too soon to reopen UK schools.",false
train_681,"Pakistani cricketer Yasir Shah died in the Karachi Plane crash on May 22, 2020.",false
train_682,"There is a correlation between vitamin D deficiencies and higher COVID-19 mortality rates",true
train_683,"President Donald Trump took more than a month to allocate Congress’ emergency funding to Native American tribes.",true
train_684,"President Donald Trump only allocated Congress’ emergency funding to Native American tribes because they sued.",true
train_685,"Russia sent a plane with domestic medical items and equipment to New York whilst the coronavirus situation was stressful. Russia and the U.S each paid their respective costs for the equipment they supplied.",true
train_686,"The Rajasthan government made the Uttar Pradesh government pay fees at midnight before allowing buses to transport students.",false
train_687,"Dr. Anthony Fauci played a role in creating the new coronavirus.",false
train_688,"Video claims Hindu ancient temples were found after Muslims' homes were demolished during construction of Kashi Vishwanath Corridor in India.",false
train_689,"In the UK 118,000 care home residents had been tested for Covid-19 as of mid-May 2020",false
train_690,"The deaths of 181 NHS workers have involved Covid-19.",true
train_691,"Audio Clip hears Amy McGrath saying, “I am further left, I am more progressive than anybody in the state of Kentucky.”",true
train_692,"Farm Bankruptcies in the USA Increased by 20%  in the past year due largely to Trump's Unmitigated disaster of a tariff war.",true
train_693,"Amy McGrath supports abortion “even in the 9th month"".",false
train_694,"The F.D.A. did not say that hydroxychloroquine should not be used outside of a hospital setting or outside of a research study",false
train_695,"The only survey showing negative results from the use of hydroxychloroquine as a preventive treatment against COVID-19 was one of very old, almost dead people.",false
train_696,"US President Donald Trump is morbidly obese.",false
train_697,"Is inspector-general of the Namibian Police, Sebastian Ndeitunga, correct in  saying ""Namibia is a “drunkard society”.",true
train_698,"House of Representatives revoked the passage of the Media network ABS-CBN Franchise Bill on second reading in the Philipines.",false
train_699,"Interpol has identified a  small town on the outskirts of Nairobi as a cybercrime hotspot",false
train_700,"Voting by mail results in widespread fraud",false
train_702,"No single Covid-19 research has been sponsored in Nigeria",true
train_704,"Nigeria has 69 research labs",false
train_705,"Bill Gates admits that 700,000 people will be harmed or killed by his coronavirus vaccines",false
train_706,"California is in $54 billion debt in 2020.",false
train_707,"Nigeria was able to produce vaccines in the 1970s and 1980s,",true
train_708,"Rwanda gets its electricity from 70% renewable energy",false
train_709,"New York is in $6.1 billion debt in 2020.",false
train_710,"Texas has a 'balanced budget' in 2020.",false
train_711,"Nigeria does not produce any vaccines in 2020",true
train_712,"In the 1970s and 1980s Nigeria was producing vaccines",true
train_715,"The UK Government put nurses' pay up in April 2020.",true
train_716,"In 2019 some nurses starting their career got a pay rise of over 15%",false
train_717,"Airline travelers to Florida must fill out a form at the airport with contact information and trip details and self-quarantine for 14 days",true
train_718,"Corona Virus is less likely to spread in a retail setting because people are moving around frequently and not just sitting or standing indoors for long periods of time during Worships.",true
train_719,"Madagascar’s President Andry Rajoelina called on African nations to leave the World Health Organization (WHO).",false
train_720,"China is not the only source of serious viral outbreaks around the world",true
train_721,"19 million people in the UK have already been infected with the new coronavirus.",false
train_722,"Democratic presidential nominee Joe Biden proposes raising the age to be eligible for Social Security benefits to 75.",false
train_723,"TheJournal.ie is closing down.",false
train_724,"World Bank blacklisted China Civil Engineering Construction Corporation, a company that has executed projects in Nigeria under foreign agreements with China.",true
train_725,"A picture of a notice issued by Bulandshahr Police states that people have been punished for feeding migrant people have been punished for feeding migrant labourers.",false
train_726,"India has gone through the entire three months without a single person starving.",false
train_727,"Hydroxychloroquine cures Covid-19.",false
train_729,"Chinese are not taking any medicine or vaccine of coronavirus and are treating themselves at their homes with heat. They take hot steam, do hot gargles, and have hot tea four times a day each. This kills the virus in 4 days and they are free of coronavirus on 5th day.",false
train_730,"Journalists in China, Singapore and the UK and US, can only operate if they obtain government-issued press passes.",false
train_731,"Until 12 March, the government’s advice said it was ‘very unlikely’ people in care homes will become infected.",true
train_732,"Until 12 March, the government’s advice said it was ‘very unlikely’ people in care homes will become infected.",true
train_733,"New Coronavirus antibody tests by Swiss pharmaceutical company Roche are 100% accurate.",false
train_734,"U.S. Rep. Alexandria Ocasio-Cortez authored a bill that would strike from the voting rolls anyone in the United States who is 65 or older.",false
train_735,"Internment camps operated by the US Federal Emergency Management Agency have been stocked with modernized guillotine devices.",false
train_736,"HEROES Act would eliminate state requirements for voter IDs in US federal elections",false
train_737,"Tourism forms 24% of Kenya's GDP.",false
train_738,"During the 1968 flu pandemic, no businesses were ordered to close and large events such as Woodstock were still able to be held.",true
train_739,"In the first six years of life your child receives 26 substances in vaccines; some that are toxic or carcinogenic.",false
train_740,"US Democratic California Sen. Dianne Feinstein once said, “All vets are mentally ill in some way and the (US)  government should prevent them from owning firearms.”",false
train_741,"Billionaire currency speculator George Soros has hailed the Covid-19 pandemic as the crisis of his lifetime, all but salivating over the chance to remake society amid the revolutionary moment he claims preceded the virus.",false
train_742,"The United States is unmatched and unrivalled in its coronavirus testing capacity.",false
train_743,"House Resolution 6666 provide funds to forcibly removed people with COVID-19 from their homes",false
train_744,"Toni Gonzaga said she would leave the ABS-CBN network immediately if she got paid higher.",false
train_745,"100,000 people have arrived in the UK since the lockdown began in mid to late March 2020.",true
train_746,"COVID-19 Infection rates in Allegany, Cattaraugus and Chautauqua counties have consistently been among the lowest in the state.",true
train_747,"Pelosi's Daughters Were Arrested Breaking Into Liquor Store For 'Quarantine Supplies'",false
train_749,"Indian Council of Medical Research (ICMR) asked people to postpone travel abroad for the next two years.",false
train_750,"House bill would “give the government the power to forcibly remove” children from their homes",false
train_751,"Democrats are pushing for an implanted microchip in humans, and everyone to be vaccinated.",false
train_752,"Dr Devi Shetty has published a series of 22 measures needed to be taken to avoid contracting coronavirus.",false
train_755,"On 8th May 2020 Donald Trump tweeted ""American shops want to open! Hair needs cutting. Demokraps don’t want to bite the bullet but that’s the price we have to pay. Some oldies will have to die. We’re in God’s hands, folks! Liberate America""",false
train_756,"Vice President Mike Pence delivers empty boxes of PPE to a hospital as a publicity stunt",false
train_757,"COVID-19 has created the highest level of unemployment in the US since the Great Depression.",true
train_758,"Joe Biden said voting by mail is a way to “fundamentally change this country,”.",false
train_759,"New York Gov. Andrew Cuomo said that “with all the technology we have, we don't need actual classrooms.”",false
train_760,"flu vaccines make people more vulnerable to infections",false
train_761,"The Katyn plaques were removed because the mass executions of Polish POWs 30 years ago in Russia didn't happen.",false
train_762,"The Canadian government included Black Rifle Coffee Company products in its recent assault-style weapons ban.",false
train_763,"Thrombosis is The Leading Cause Of COVID-19 Deaths",false
train_764,"A mixture of aspirin, honey, and lemon juice attacks COVID-19 and cures coronavirus.",false
train_765,"$3 trillion for federal coronavirus stimulus packages is ""being borrowed basically from China.""",false
train_766,"NASCAR ELIMINATED PRE-RACE PRAYERS, MILITARY FLYOVERS AND NATIONAL ANTHEM PERFORMANCES",false
train_767,"Cadbury Has Announced Everyone Who Shares A Link Will Receive Chocolate Hamper",false
train_768,"The risk of death from COVID-19 is vastly less than the risk of death from driving your car home in the United States. There are about 36,000 automotive deaths per year, as compared to 36 so far this year [13 March 2020] for COVID-19.",false
train_769,"FDA Approved Remdesivir As A Treatment For Coronavirus.",false
train_771,"Congress MP Rahul Gandhi said weak upa policies were embraced by the current govt.",false
train_772,"Gloves shouldn’t be worn in public because if you are wearing the same set of gloves all over town you are only spreading germs everywhere you go.",true
train_773,"A PPE shipment was destroyed at the Port of Dover after illegal immigrants were found travelling alongside it",false
train_775,"Billionaire philanthropist and Microsoft founder Bill Gates promotes lab grown meat.",true
train_776,"The Irish Government's roadmap to ease Covid-19 restrictions will be set out in 5 phases. These phases will be on 3 week review process, the current phases would commence on the following dates: Phase 1 - 18th May Phase 2 - 8th June Phase 3 - 29th June Phase 4 - 20th July Phase 5 - 10th August",true
train_778,"5G plays a part in this ‘plandemic’” The cases of COVID-19 are “directly related to electromagnetic radiation exposure by 5G",false
train_779,"COVIDsafe app “hidden” rules could allow workplaces and supermarkets to bar people who haven’t installed the program on their phone.",false
train_780,"Aspirin combined with Honey & Lemon Juice will kill the Coronavirus",false
train_781,"Virtually no-one could have predicted that COVID-19 would spread exponentially in the U.S from February 2020 to May 2020.",false
train_782,"Jack Ma said, ""2020 is not the year of thinking about your dreams or plans, but just to ensure that you stay alive""",false
train_783,"Seating arrangement in Sudarshan 35mm cinema has been rearranged to suit physical distancing norms",true
train_784,"Department of telecom in India has made internet free till May 17, 2020.",false
train_787,"Nigerian Vice President Yemi Osibanjo said ""I plead to Nigerians Don’t Retaliate Fulani Herdsmen Killings, Pray For Them Instead; just as we the Federal Executive are praying hard now.""",false
train_788,"The COVID-19 pandemic is a cover-up to allow for the deployment of dangerous 5G telecommunications towers.",false
train_789,"Retail milk prices have gone up, farmer price pay has dropped",true
train_790,"The CDC made 30,000 COVID-19 Deaths Disappear",false
train_791,"Covid-19 pandemic is not real",false
train_792,"All employees of the Punjab National Bank branch at Loni in Ghaziabad, on the outskirts of Delhi, were  found to be corona positive, in May 2020.",false
train_793,"A WhatsApp text that lists 21 dos and don’ts on how to resume life after the  COVID-19 lockdown has been ascribed to Indian Council of Medical Research (ICMR), New Delhi, India.",false
train_794,"U.S. Is the Only Country With Lockdown Protests.",false
train_795,"Top White House coronavirus adviser Dr. Anthony Fauci served on the Clinton Foundation’s board of directors for 20 years.",false
train_796,"Ron Johnson has changed his stance on the independence of Inspectors General when related to the President.",true
train_797,"News Report Shows Police manhandled by crowd dispersing from Mosque after Namaz.",false
train_799,"Men are more likely to die than women from Covid-19.",true
train_800,"A satire website posted a story that AOC Proposed Ending Social Security Benefits After Age 75",true
train_801,"Soviet leader Nikita Khrushchev said in a speech, ""Your children's children will live under communism. You Americans are so gullible...""",false
train_802,"Professor Tasuku Honjo said that coronavirus is “not natural”.",false
train_803,"Professor Tasuku Honjo worked in the Wuhan laboratory in China for four years.",false
train_804,"The CDC does not Recommend That People Who Are Healthy Wear Facemasks",false
train_805,"In Pennsylvania, US, if you're refused service at a store for not wearing a mask you can call the Department of Health and report the store.",false
train_806,"Trader Joe's are giving away a chance to get a $250 coupon.",false
train_807,"100 Indian nurses in Jhalawar resigned because Jamaatis spit at them",false
train_808,"Sam's Club is giving away $250 coupons to everyone",false
train_809,"The Democrats' H.R. 5717 bill would implement a 30% tax on all gun sales and a 50% tax on all ammunition sales.",true
train_810,"The CDC has stopped reporting flu deaths because they are so low",false
train_811,"Children in the U.S. don't seem to be getting COVID-19.",false
train_812,"A virus simply does not exist.",false
train_814,"New York is one of only 12 states in the USA where the average gallon of gas costs more than $2.00.",true
train_815,"Over 100 nurses in Rajasthan’s Jhalawar (India) resigned because of misconduct by members of the Tablighi Jamaat (non-political organisation) and claim that they were spitting on them.",false
train_816,"Australia's COVIDsafe app traces and monitors the location of a user.",false
train_817,"The CARES Act was introduced Jan. 24, 2019.",false
train_818,"US President Donald Trump tried to defund the National Institute of Health.",true
train_819,"Declassified FBI files show Biden plotted to kidnap John F. Kennedy Jr",false
train_820,"Wisconsin US has no contact tracing program (during COVID-19 pandemic) we can speak of.",false
train_822,"Kim Jung Un is dead.",false
train_823,"The Supreme Leader of North Korea, Kim Jung Un, is seriously ill.",false
train_824,"Indian government is giving all willing citizens Rs 1000 under a 'Corona Aid Scheme'",false
train_825,"Presidents Lincoln and Kennedy were Assasinated for trying to end Federal reserve banking system.",false
train_826,"Without Donald Trump's China travel ban, millions would have died of coronavirus",false
train_828,"In the USA Mosques have been allowed to remain open for services during Covid-19, while churches have not.",false
train_829,"A photo of a billboard in the United States highlights advice from Islam’s prophet regarding guidelines during the pandemic.",true
train_830,"Home Minister Anil Deshmukh said “No Hindu among those arrested in Palghar lynching incident"".",false
train_831,"Actor Aamir Khan distributed 1kg packets of flour containing Rs 15,000 in the sums of Mumbai.",false
train_832,"There's a COVID-19 law that requires rent (or mortgage) refunds.",false
train_833,"No Covid-19 patients in the United States have been denied a ventilator.",true
train_835,"Former Nigeria VP Abubakar’s claims about the economy - The price of oil was lower when president Obasanjo and Abubakar assumed office on 29 May 1999 than it is today ...",true
train_837,"Was the Biden campaign correct in saying top CDC official was 'silenced'.",false
train_838,"Novel coronavirus was spreading in US as early as November 2019",false
train_839,"Coronavirus started spreading in the US in November 2019.",false
train_840,"Nigeria's debt had been paid off by the time former President Obasanjo and VP Abubakar exited office in 2007.",false
train_841,"The United Nations Economic Commission for Africa is projecting that Africa’s growth will drop to 1.8%, and perhaps lower.",true
train_842,"The Safer at Home plan, implemented in Wisconsin, US during the COVID-19 pandemic, has prevented the death of at least 300 Wisconsinites.",true
train_843,"The Covid-19 virus is a miracle of miracles, a miracle of miracles! Children do not die, do not get ill, do not end up in intensive care up to 20 years old.""",false
train_844,"Quinine found in tonic water along with 50-100mg of zinc daily will kill COVID-19.",false
train_845,"Being long term unemployed for a year or over nearly halves your chances of ever getting back into employment.",true
train_846,"An image shared on Facebook over 4,100 times claims 42 Democratic senators, plus two Independents, voted against sending direct payments to Americans as part of the coronavirus economic stimulus package.",false
train_848,"Convalescent plasma therapy showing promise against COVID-19",true
train_850,"Keep the room temperature at 30-40 degrees Celsius to prevent COVID-19.",false
train_851,"If the patient has energy then s/he should run half an hour twice a day. This will burn the cough inside.",false
train_852,"Drinking milk three times a day with Shilajit, and Licorice (Mulethi) for five days can help beat the virus.",false
train_853,"Drinking milk with honey on an empty stomach is the antidote to COVID-19.",false
train_854,"President Buhari of Nigeria has decided to resign but some Nigerians are against it.",false
train_855,"Drinking ash of Phyllostachys nigra (black bamboo) mixed with honey and cow’s milk is a potent treatment for COVID-19.",false
train_856,"China halted exports of face masks to US during the coronavirus pandemic",false
train_857,"Former President Olusegun Obasanjo donated 5000 naira each to Nigerians.",false
train_858,"Prior to Nigeria’s former Chief of Staff Abba Kyari's death, Kyari was flown to the United Kingdom for medical treatment and his body was later cremated.",false
train_859,"Barcodes tell consumers where a product was manufactured.",false
train_860,"Chief of Staff to the President of Nigeria, Mallam Abba Kyari, died of ulcer and not coronavirus.",false
train_861,"The seasonal flu killed 80,000 people in the United States in 2018-2019",false
train_862,"All vaccines contain MRC-5 cells, which are aborted fetal cells.",false
train_863,"Chinese products can be identified by the first three digits of a barcode",false
train_864,"There is always the possibility of an iatrogenic reaction to a vaccine.",true
train_865,"Boko Haram leader, Shekau says he’s ready to surrender",false
train_866,"Autopsy reports suggest Jeffrey Epstein most likely died from COVID-19 not suicide in August 2019.",false
train_867,"Immunization is compulsory in Canada",false
train_868,"26 members of one family in Jahangirpuri, Delhi, tested positive for coronavirus on April 17 2020.",false
train_869,"Immunization is mandatory in the United States",false
train_870,"There are 360,000 deaths a year in the US from swimming pools. But we don’t shut the country down for that.",false
train_871,"Donald Trump tweeted in 2009 that ""Obama’s handling of this whole [H1N1] pandemic has been terrible! As President, ALL responsibility becomes yours during a crisis like this, whether or not you’re entirely to blame. John McCain, and myself for that matter myself, would never let thousands of Americans die from a pandemic while in office""",false
train_872,"Jay Leno Dead at 71",false
train_873,"Africans living in China are being forced to sleep outside in the cold as Chinese nationals blame them for the rising number of new coronavirus cases in the country.",true
train_874,"video showing policemen picking up currency notes lying on the road in Indore is being shared with the claim that they were thrown on purpose to spread Coronavirus.",false
train_875,"Lady Michelle Obama  slam Country music industry, saying the the genre was for morons.",false
train_876,"COVID-19 is sparing essential workers, so it's not so deadly.",false
train_878,"US Centers for Disease Control and Prevention lied about the number of deaths caused by COVID-19 by combining the count with pneumonia and influenza fatalities.",false
train_879,"The drug Diamox, often used as treatment for high-altitude sickness, can cure the Coronavirus.",false
train_880,"Other countries that reopened saw an increase in coronavirus infections.",true
train_881,"Alcohol plays a major role in killing the coronavirus because it is a “throat sanitizer”.",false
train_882,"An employee at a funeral home in New York City was accidentally cremated while taking a nap during the 2020 COVID-19 crisis",false
train_883,"150 health workers quarantined at Max Hospital Saket.",false
train_884,"""The 1st Amendment comes before the 13th and 14th, and the Bible clearly approves of owning slaves"" stated David Green on Fox News this morning.",false
train_885,"Trump Claims ‘Ultimate Authority’ to Override States’ Virus Measures",false
train_886,"The US media minimized the risk of the new coronavirus from the start,",false
train_887,"The Squad' Want's The Bible Deemed Hate Speech",false
train_888,"Some 150 foreigners attended spiritual leader Jaggi Vasudev aka Sadhguru's event in March 2020, which has led to over 1,000 corona cases in Tamil Nadu. The foreigners are quarantined at Isha Yoga Center.",false
train_889,"In June 2017, Conservative MPs voted against a pay rise for nurses.",true
train_890,"Some states, like Montana and Nebraska, are getting more than $300,000 in federal stimulus money per reported COVID-19 case. New York is the hardest-hit state and yet we are getting only about $12,000 per case.",true
train_891,"NY: EXHAUSTED FUNERAL HOME EMPLOYEE CREMATED BY MISTAKE WHILE TAKING A NAP",false
train_892,"The coronavirus originated outside China.",false
train_893,"Ratan Tata has said “Experts are predicting huge downfall of Economy due to the Corona. I do not know much about these experts. But I know for sure that they do not know anything about the value of human motivation and determined efforts.”",false
train_894,"In November 2019 the Pirbirght Institute, funded by Bill Gates, was granted European patent number EP 317-2319B1 for a coronavirus vaccine that may be used to treat humans.",false
train_895,"In the United States, the CDC (Centers for Disease Control and Prevention) admitted in federal court that it does not have studies to support the claim that vaccines do not cause autism.",false
train_896,"In October 2019, Bill Gates sponsored Event 201, a simulation that estimated 65 million people would be killed by coronavirus.",false
train_898,"Former President Barack Obama gave $3.8 million to a lab in Wuhan, China.",false
train_899,"The U.S. government is planning to force Americans to take vaccinations during the coronavirus pandemic with the help of Bill Gates.",false
train_900,"Kalonji or black cumin seeds contain 100% Hydroxychloroquine which can cure Coronavirus.",false
train_901,"Bill Gates owns the patent and vaccine for coronavirus.",false
train_903,"Bill Gates is a partner in the lab in Wuhan, China.",false
train_904,"5G radiation is harmful to human health",false
train_905,"North Carolina is ""in the small minority of states that requires an absentee ballot to be signed by two witnesses or a notary public.""",true
train_906,"An image shared on Facebook purportedly shows former Vice President Joe Biden biting a young girl on the cheek.",false
train_907,"Dr. Vandana Tiwari has died in the attacks of Muslims in UP when she went to screen them for COVID-19",false
train_908,"The Nigerian Finance Minister claims that Nigeria lost N700 billion Naira COVID-19 Relief Funds due to a fire.",false
train_909,"The U.S. “resisted” blacklisting ISIS.",false
train_910,"N13 billion was devoted to the State House clinic in the last five years.",false
train_912,"LA County sheriff’s deputies arrested a surfer for violating the state’s stay-at-home order",true
train_913,"The flu vaccine doesn’t work because the flu has not been eliminated.",false
train_914,"U.S. Senator Bernie Sanders has not yet endorsed Joe Biden for President.",false
train_915,"The price of oil was lower when president Obasanjo and Abubakar assumed office on 29 May 1999 than it is today ...",true
train_916,"The United Nations Economic Commission for Africa is projecting that Africa’s growth will drop to 1.8%, and perhaps lower because of the COVID-19 pandemic",true
train_917,"The price of oil was lower when president Obasanjo and Abubakar assumed office on 29 May 1999 than it was on 08/04/2020",true
train_918,"There's a lot of fraudulent voting in the US elections.",false
train_919,"Sanders Has Ended His Fight for Democratic Nomination",true
train_920,"The World Health Organisation states that there are up to 650,000 deaths per year associated with respiratory illnesses linked to seasonal flu.",true
train_921,"Before the novel coronavirus pandemic hit the globe, Nigeria spent 42% of its earnings on debt servicing.",true
train_922,"N13 billion was devoted to the State House clinic in the last five years.",false
train_923,"All restaurants and hotels in India would be closed till October 15, 2020, due to Coronavirus.",false
train_924,"The United Nations Economic Commission for Africa is projecting that Africa’s growth will drop to 1.8%, and perhaps lower.",true
train_926,"Nigeria spent 1 billion naira on COVID-19 text messages",false
train_927,"The state of California admitted in a court settlement that a million people voted improperly in the US elections in 2019.",false
train_928,"British Prime Minister Boris Johnson is down with Covid-19 and admitted to hospital and has subsequently died.",false
train_930,"Two nurses who were in intensive therapy units (ITUs) in Swansea, Wales have died and three more ventilated.",false
train_931,"It’s illegal to hold an absentee-only election or mail ballots to every registered voter.",true
train_932,"Consuming ewedu will cure COVID-19.",false
train_933,"British author David Icke claimed that the Covid-19 pandemic was orchestrated by supernatural forces attempting to “dismantle” the world economic system and “control” the population using new technologies like 5G.",false
train_934,"The RT-PCR test does not detect Covid-19.",false
train_935,"Cadbury gave away 500 Free baskets of Cadbury Chocolate to celebrate its 196th Anniversary.",false
train_936,"British author David Icke claimed that Microscope images of exosomes and of the virus that causes Covid-19 are “exactly the same",false
train_937,"India's government is going to cut the pension of employees by 30 per cent and terminate it for those above the age of 80 in order to divert funds towards managing health services and tackle the adverse effects of the coronavirus pandemic in the country.",false
train_938,"5G antennas on fire in La Spezia, Italy.",false
train_940,"The Supreme Court of the United States issued an order to remove Rep. Ilhan Omar from Congress",false
train_941,"There is a link between the launch of 5G and the Covid-19 outbreak in 2019.",false
train_942,"Doctors, scientist and political figures did not say we need to cancel Mardi Gras",true
train_943,"Dr Charles Lieber of Harvard University was arrested for manufacturing the novel coronavirus in collusion with China.",false
train_944,"People with lupus who take hydroxychloroquine have protection against COVID-19.",false
train_945,"Barack Obama told Africans to reject coronavirus vaccines in March 2020",false
train_946,"Data from a Philippine General Hospital claims that there is a correlation between grocery shopping and COVID-19",false
train_947,"Lighting a Diya or candle, can kill Coronavirus.",false
train_948,"The United States had done more testing for COVID-19 infections in eight days than South Korea had done in eight weeks",false
train_949,"A majority of 6,200 doctors said hydroxychloroquine is the most effective coronavirus treatment.",false
train_951,"The WHO published a 4step lockdown procedure that countries need to follow to control Coronavirus.",false
train_952,"COVID-19 testing kits imported by Britain supplied by China are contaminated with coronavirus.",false
train_953,"Bill Withers left $2 Million estate to trump Re-election Campaign.",false
train_954,"VIRAL VIDEO SHOWS THE FBI SEIZING CORONAVIRUS-INFECTED FACE MASKS SENT FROM CHINA",false
train_955,"Video shows a Hindu priest being pinned down by a policeman.",true
train_956,"WHO ranked Sri Lanka as the fifth best country for COVID-19 pandemic response.",false
train_957,"The U.S. military rescued over 35,000 malnourished, caged children out of U.S. tunnels.",false
train_958,"Prince Charles was cured of Covid by Ayurveda medicine.",false
train_959,"Morel Mushrooms are the source of Coronavirus.",false
train_960,"U.S. Democratic Presidential candidate Joe Biden called the coronavirus a ""hoax""",false
train_962,"Covid virus is now ""gone"" in South Korea because residents stayed at home for three weeks.",false
train_963,"Alcohol weakens the immune system, making it difficult for the body to fight infections such as Covid-19.",true
train_964,"All viruses are really common colds gone bad and can be defeated with fruits, vegetables and a strong immune system.",false
train_965,"Coronavirus is part of a conspiracy designed to introduce a ""new world order.",false
train_966,"Barack Obama has urged Africans to reject  Covid-19 vaccines.",false
train_967,"52 group admins from WhatsApp are now at Dadar cyber crime police station for having misleading fowards in the group.",false
train_969,"The radiation from cell phones and 5G towers are what is currently killing people, not coronavirus.",false
train_971,"Air India is evacuating Indians stranded in UK",false
train_973,"India trying to prevent people from posting COVID-19 updates.",false
train_974,"The president of Nigeria has dismissed his Chief of Staff because of his wellbeing challenge on the coronavirus.",false
train_975,"If you ask Amazon’s Alexa about the origin of the coronavirus pandemic, it says “the government planned” it.",false
train_976,"Jio is giving Indian users a free recharge of ₹498.",false
train_977,"The anti-tuberculosis vaccine protects against coronavirus.",false
train_978,"In Serbia, the stricter Covid19 curfew measures prevented dog walking for up to 14 hours at a time.",true
train_980,"COVID-19 is transmitted through fruits and vegetables in Hong Kong",false
train_981,"In India the 21-day lockdown due to COVID-19 is to be extended.",false
train_982,"Depending on the poll, between 58% and 81% of Americans were supportive of keeping current restrictions in place or even expanding them to the nation as a whole.",true
train_983,"A Chinese doctor who went to help Italians found out that the main reason why COVID-19 spreads quickly in Italy is because Italians like to use the same shoes that they wear outside into the house, for some people even into the bedroom.”",false
train_984,"Madhya Pradesh Chief Minister Shivraj Singh Chauhan said that from 01/04/2020 people who violate lockdown would be shot down immediately.",false
train_985,"Democratic nominee for president Joe Biden has received campaign donations from Antifa.",false
train_986,"Illinois banned the sale of alcohol on March 30 2020",false
train_987,"It has been confirmed and tested that 2 spoonfuls of palm oil every morning can stop the spread of Covid-19.",false
train_988,"A Sri Lankan military hospital, Kotelawala Defence University Hospital, has been reserved exclusively for the use of ""VIPs"" who test positive for COVID-19.",false
train_989,"Nigella Sativa contains 100% hydroxychloroquine.",false
train_990,"It took Obama ‘millions infected and over 1,000 deaths’ to declare the H1N1 flu a health emergency.",false
train_992,"Coronavirus caused the serious birth defect of a stillborn baby in Rajasthan, India.",false
train_993,"The U.S. Centers for Disease Control and Prevention are planning, in the next 10 days, to change guidance and advise Americans to wear masks in everyday life.",false
train_994,"PM Narendra Modi has given the contract for Coronavirus testing kits to a Gujurati company selling them for Rs4,500.",false
train_995,"Drinking water or other liquids will wash the coronovirus through the oesophasgus where they will be killed by the stomach acid.",false
train_997,"The coloured part of a surgical mask is to be worn inwards to the face to help  prevent of the spread of coronavirus.",false
train_998,"A man in Pakistan threw a party consisting of 100 people after recovering from Coronavirus and after attending the party, multiple people present there were infected with the virus.",false
train_999,"The installation of 5G in the United Kingdom a cover-up for a secret weapon deployment",false
train_1001,"70% of Coronavirus cases are found in Muslims.",false
train_1002,"Tea can cure COVID-19",false
train_1003,"China and Japan are free of SARS-COV-2.",false
train_1004,"No Democrats voted for the coronavirus stimulus measures.",false
train_1005,"Extinction Rebellion issued a flyer that reads: “Corona is the cure, humans are the disease” .",false
train_1006,"As prosecutor, Jill Karofsky Karofsky gave no jail time to a sexual predator who assaulted a 5-year-old girl.",false
train_1007,"Dr. Deborah Birx claimed that 40% of the USA had less than 200 cases combined of covid 19 on 26th of march 2020",false
train_1008,"Newborn baby advises people to eat boiled eggs during pandemic.",false
train_1009,"Free Netflix Account for All",false
train_1011,"Lemon and baking powder can cure coronavirus.",false
train_1012,"Italy has apparently discovered that the microorganism which causes COVID-19 is a bacteria and not a Virus. This bacteria is responsible for blood clotting and hindering the transport of oxygen throughout the body.",false
train_1014,"CNN published the news that Tea can cure Covid-19 patients as suggested by by China’s whistleblower doctor Li Wenliang.",false
train_1015,"Italy went against the WHO instruction of not performing autopsies on COVID-19 casualties.",false
train_1016,"Dr Li Wenliang China's whistleblower doctor suggested tea can cure Covid-19 patients.",false
train_1017,"There are 2 million illegal immigrants in the UK.",false
train_1018,"Vaccines to cure Covid-19 are ready",false
train_1019,"Under Trump, “coronavirus was declared a health emergency and public safety measures were in place before a single U.S. death occurred.",false
train_1020,"People with pre-existing respiratory conditions such as COPD or Asthma will be given a “rescue pack” of medication from their general practitioners during the novel coronavirus pandemic.",false
train_1021,"A zoology book authored by Dr Ramesh Gupta speaks of COVID-19 and the treatment for the disease has already been found.",false
train_1022,"French astrologer Nostradamus had predicted the outbreak of coronavirus in his book “Les Prophéties”.",false
train_1023,"Everyone is required to wear a mask everywhere at all times because of COVID-19.",false
train_1024,"Neem leaves can cure the novel coronavirus and relieve its symptoms.",false
train_1025,"Tom Hanks passes away after confessing his admiration for President Trump",false
train_1026,"A zoology book authored by Dr Ramesh Gupta speaks of COVID-19 and Coronavirus can be cured with aspirin, antihistamines and nasal spray.",false
train_1027,"A zoology book authored by Dr Ramesh Gupta speaks of COVID-19 and The novel coronavirus (nCoV) or COVID-19 is not a new disease.",false
train_1029,"From 23 March until the foreseeable future, Microsoft and Sony will shut down their gaming servers during UK school hours.",false
train_1030,"Presidential candidate Joe Biden referred to the novel Coronavirus pandemic as a time when ""people are dying that have never died before.""",false
train_1031,"People Clapping together at 5pm during Janta Curfew will kill coronavirus.",false
train_1032,"Kenny Rogers' Wife plans to Donate part of his estate to Trumps Re-election campaign.",false
train_1033,"Cases of coronavirus in the United States are linked to the rollout of 5G, the fifth-generation wireless technology.",false
train_1034,"Kenny Rogers' wife donate half of the singer's estate to Trump's re-election",false
train_1035,"American automakers, including Ford and General Motors, are manufacturing much needed medical ventilators “right now.”",false
train_1036,"LeBron James has said Duterte is ""better"" than Trump in handling the COVID-19 crisis.",false
train_1037,"President Donald Trump said, “Nobody knew there’d be a pandemic or an epidemic of this proportion.” at a White House briefing on March 19 2020",false
train_1038,"MPs in the UK have awarded themselves a £10,000 bonus to cover ‘expenses’ during the Covid-19 crisis.",false
train_1039,"Chloroquine, a Covid-19 drug, would be made available 'almost immediately.'",false
train_1040,"Several First Nations communities in Canada have closed their borders to avoid COVID-19",true
train_1041,"Historic flu and other outbreaks are accurately named based on the country where they originated",false
train_1042,"Philippine President Rodrigo Duterte approved the release of P20,000 (USD $400) to all recipients of the Philippines’ Social Security System (SSS) to help them through the novel coronavirus pandemic.",false
train_1043,"Clapping hands  Kills Corona virus",false
train_1044,"Italy did not close its borders from travellers from China during the coronavirus pandemic",false
train_1045,"temples ring bells “not only to bring the disciples into prayer mode but also to kill viruses and bacteria surrounding the temple.",false
train_1046,"Chloroquine, a Covid-19 drug was almost ready to be used on March 19 2020.",false
train_1047,"F. Scott Fitzgerald wrote a letter in the 1920 Spanish Influenza pandemic, in which he wrote to someone named “Rosemary” in which he wrote: “Even the bars, as I told Hemingway, but to that he punched me in the stomach, to which I asked if he had washed his hands,” the alleged letter says. “He hadn’t. He is much the denier, that one. Why, he considers the virus to be just influenza.”",false
train_1048,"US President Donald Trump referred to the novel Coronavirus pandemic as a time when ""people are dying that have never died before.""",false
train_1049,"Passport of the passengers arriving at the T3 Of Delhi airport was taken away and kept till COVID-19 tests were completed, resulting in chaos at the airport on 18th March, 2020.",false
train_1050,"Novel coronavirus could live up to 3 days, depending on the surface.",true
train_1051,"Gargling with warm salt water or warm vinegar water will cure you from Coronavirus.",false
train_1053,"Chennai municipal corporation has shut all vegetable and fruit markets in the city due to coronavirus.",false
train_1054,"The Australian state of Western Australia has recently passed a “COVID-19 Emergency Powers Act” that authorises forcible medical examination and vaccination in schools.",false
train_1055,"Covid-19 is very similar to the seasonal flu with U.S mortality rates just above 0.1 percent and students are being punished and academies easily incapacitated by the common cold.",false
train_1056,"US President Donald Trump failed to make timely use of his powers under the Defense Production Act to compel companies to manufacture medical supplies that were expected to be needed to treat those infected with the novel coronavirus.",false
train_1057,"The World Health Organization's director-general, Tedros Adhanom Ghebreyesus, overstated the COVID-19 fatality rate.",true
train_1058,"A recent survey found that Filipinos have rated President Rodrigo Duterte as the most loving, caring, solid and decisive among the five highest government officials in the Philippines.",true
train_1059,"There are people going door to door in Colorado Spring who are stating they are testing for Covid-19 so they can rob people",false
train_1060,"No city in the state can quarantine itself without state approval.",false
train_1061,"Exposing ourselves to the sun or to high temperatures kills the Covid-19 virus",false
train_1062,"Japan has produced a cure for coronavirus disease (COVID-19).",false
train_1063,"The United Stated had 27 deaths from covid19 between January 22nd 2020 and march 17 2020",false
train_1064,"A 103-year-old Chinese grandmother has made a full recovery from Covid-19 after being treated for 6 days in Wuhan, China",true
train_1066,"Donald Trump tweeted that the US Treasury will check a recipients social media accounts for any anti President Trump comments before being considered for a covid19 stimulus cheque.",false
train_1067,"President Donald Trump always knew that the Coronavirus was a pandemic.",false
train_1068,"Marriott International effectively denied employees unemployment and health benefits by saying the company had not laid them off, instead putting them on a zero-hour schedule?",false
train_1069,"Doctors in India have been successful in treating Coronavirus using combination of drugs used: Lopinavir, Retonovir, Oseltamivir along with Chlorphenamine. They are going to suggest same medicine, globally",false
train_1070,"Cleveland Clinic developed a Covid-19 test that gives results in hours, not days.",false
train_1071,"China has closed down its last makeshift coronavirus hospital in Wuhan as there is not enough new cases to support them.",true
train_1072,"stated on March 17, 2020 in a Facebook post: All US citizens are entitled to $700 per week to stay at home to avoid the spread of COVID-19 novel coronavirus, starting from March 17 2020.",false
train_1073,"The United States has had 4700 deaths from Flu between January 22nd 2020 and march 17 2020",false
train_1074,"A charitable hospital in Pakistan charged patients for novel coronavirus tests",false
train_1075,"An Illinois News Station Air ‘Pre-Rigged Election Results’ The Day Before The Primary.",false
train_1076,"All U.S. Citizens were entitled to $700 per week to stay at home to avoid the spread of Coronavirus.",false
train_1078,"Now, as it stands, The US health care system has adequate ventilators, ICU beds, medical professionals",false
train_1079,"Disposable masks should be worn white-side-out to keep COVID-19 out",false
train_1080,"United Emirates have completed mass arrests of their Royal Family and affiliates.",false
train_1081,"Bernie sanders has nine super PACs.",false
train_1082,"""I went out and campaigned for (raising the minimum wage) … $15 an hour in New York City. Go talk to the governor.""",true
train_1083,"The lab-created coronavirus was a cover-up for the mass mandatory vaccination agenda.",false
train_1084,"Italy's airports have been completely shut down.",false
train_1086,"""You have been on the floor of the Senate time and time again talking about the need to cut Social Security, Medicare and veterans' programs.""",true
train_1087,"The US has a lack of medical personnel and hospitals may not have the capacity to deal with hundreds of thousands of people at the peak of the coronavirus pandemic.",true
train_1089,"Cristiano Ronaldo is turning his CR7 hotels into hospitals for people with coronavirus.",false
train_1090,"Tom Hanks was arrested for paedophilia on 13/03/2020   in Australia, where he is  being kept in a hotel room, refusing to fly back to USA.",false
train_1091,"Canadian prime minster Justin Trudeau was served a criminal indictment by the U.S. for corporate and financial crimes.",false
train_1092,"""I have been consistent (on the Hyde Amendment). I have always believed in that.""",true
train_1093,"Australia's Prime Minister Scott Morrison was served a criminal indictment by the US for corporate & financial crimes.",false
train_1094,"Every household in the United States receiving $500 in emergency food stamps and a $1,000 stimulus check",false
train_1095,"Novel coronavirus can be eliminated by drinking lots of water and gargling with warm water mixed with salt or vinegar.",false
train_1096,"An Italian company threatened to sue two men for 3D printing valves for a respiratory device.",false
train_1097,"Harvard University admitted that the degrees held by former first lady Michelle Obama are fakes",false
train_1098,"A story published by Tomas Pueyo about the grave threat posed by the new coronavirus overstated the threat.",false
train_1099,"Gargling warm water with salt or vinegar can eliminate the novel coronavirus, COVID-19.",false
train_1100,"The Tokyo Olympics logo has been redesigned in the wake of the coronavirus outbreak.",false
train_1101,"A Dallas student celebrating Spring Break on South Padre Island collapsed from symptoms resembling coronavirus in March 2020",false
train_1103,"Donald Trump cut funding to the CDC.",false
train_1104,"The H1N1 response ""was one of the worst on record. Our response is one of the best, with fast action of border closings & a 78% Approval Rating, the highest on record. His was lowest!""",false
train_1106,"""Biden was in charge of the H1N1 Swine Flu epidemic which killed thousands of people.""",false
train_1107,"COVID-19 came to the United States in 2019.",false
train_1108,"Hand-washing with an ordinary soap protects against COVID-19.",true
train_1109,"There is no vaccine for tuberculosis.",false
train_1110,"In South Florida “all children and adults must remain in their homes” due to coronavirus.",false
train_1111,"Donald Trump called the COVID-19 outbreak a hoax by the democrats.",false
train_1112,"Prime Minister Narendra Modi tweet that his endless joy turned into endless grief after Devendra Fadnavis resigned as chief minister of Maharashtra on Tuesday",false
train_1113,"President Donald Trump refused World Health Organization (WHO) tests.",true
train_1115,"Pandemics are cyclical and occur every 100 years",false
train_1116,"Ancient medical herb drink Ayurvedic treats Covid-19",false
train_1119,"Australian Gold Coast hospital staff roll in a Wilson volleyball to keep actor Tom Hanks company in quarantine.",false
train_1121,"Some states are only getting 50 COVID-19 tests per day, and the Utah Jazz got 58.",true
train_1123,"The places worst affected by Coronavirus cases are along the same Latitude 40° from left: France, Italy, Iran, Wuhan, South Korea, Japan, Seattle, Washington, New York.",false
train_1124,"Tom Hanks has a Wilson volleyball to keep him company while he’s quarantined.",false
train_1125,"Republican Florida Rep. Ted Yoho said that black Americans should only get three-fifths of a vote.",false
train_1126,"Tom Hanks has passed away at 63",false
train_1127,"The first case of coronavirus in Milwaukee County, Wisconsin, had been declared as of March 11, 2020.",false
train_1128,"The public thinks disruption caused by protests is “completely unacceptable” by a ratio of five to one.",false
train_1129,"University of Johannesburg student Phindile hacked the system and gave herself distinctions.",false
train_1130,"Drinking water regularly will kill COVID-19.",false
train_1131,"Whole of Italy goes into quarantine, In Italy, people must stay home except for work or emergencies",true
train_1132,"A study published in the journal Antiviral Research claims that coronavirus was ""genetically engineered for efficient spread in humans""",false
train_1133,"Pennsylvania Governor Tom Wolf mandated closures for schools and workplaces to curb the spread of coronavirus.",false
train_1134,"Harry Potter actor Daniel Radcliffe has tested positive for the novel coronavirus.",false
train_1136,"It took Barack Obama until October of 2009 to declare Swine Flu a National Health Emergency. It began in April of ’09 but Obama waited until 20,000 people in the US had been hospitalized & 1,000+ had died",false
train_1137,"Joe Biden mistook Idaho for Iowa in visit to Boise fundraiser.",false
train_1138,"Congressional Democrats in the U.S. are planning to halt Social Security payments in 2024.",false
train_1139,"Trade agreements like NAFTA and permanent normal trade relations with China, which forced American workers to compete against people making pennies an hour, has resulted in the loss of 160,000 jobs in Michigan.",true
train_1140,"700,000 people died homeless on streets of England and Wales last year",false
train_1141,"The novel coronavirus has been found in crawfish in Mobile, Alabama.",false
train_1142,"In Massachusetts, Biden’s vote exceeded exit polling by 15%. That’s statistically a huge red flag that fraud occurred",false
train_1143,"Drinking water with lemon can prevent COVID-19",false
train_1144,"Mexico does not have any cases of the novel coronavirus.",false
train_1145,"COLLOIDAL SILVER KILLS CORONAVIRUS",false
train_1146,"Extensive research by Saint Luke’s Hospital of Kansas City in the U.S revealed that consuming alcoholic beverages may help reduce the risk of COVID-19 infection, and that vodka is most recommended for drinking, cleaning and sanitizing.",false
train_1147,"Tweets circulated from a twitter handle @dilawarshaik (with a Jazeera Correspondent profile Twitter account), giving an Anti-Hindu remark & screenshots of a tweet calling for ""butchering Hindus"" is not associated with Al Jazeera or The Wire",false
train_1148,"Anybody that needs a COVID-19 test can have a test. They are all set. They have them out there.",false
train_1149,"As of 6th March 2020 there is no coronavirus testing kit shortage in the United States, nor has there ever been prior to this date.",false
train_1150,"There have been no deaths from the novel coronavirus in South Africa (as of March 12, 2020)",true
train_1151,"Bernard Sanders, United States senator is a communist.",false
train_1153,"Kim Jong Un, Supreme Leader of North Korea, rejected calls from the Obama administration",false
train_1155,"Hunter Biden was unemployed when he joined the board of Burisma Holdings in 2014.",false
train_1156,"Hunter Biden left  China with a $1.5 billion for a fund.",false
train_1157,"US illegal immigration numbers have been down for the past nine or 10 months.",true
train_1158,"The restrictions that Donald Trump placed on travel to and from China, saved a lot of lives, probably hundreds of thousands by early April 2020.",false
train_1159,"Trump closed the borders to China and other badly affected areas and closed them down very early against the advice of most people.",false
train_1160,"Children can’t get COVID-19.",false
train_1161,"We’ve gotten the highest poll numbers of anybody for handling a coronavirus outbreak.",false
train_1162,"HHS has designated the coronavirus test as an essential health benefit. That means, by definition, it's covered in the private health insurance of every American, as well as covered by Medicare and Medicaid.",true
train_1163,"An employee of the Bojangles' fast food chicken restaurant placed a sign on a door banning customers who wear pro-Trump hats or shirts",false
train_1164,"Slowed Coronavirus testing was due to Obama-era regulations.",false
train_1165,"Viral posts claim President Donald Trump received more votes in the California primary than the top two Democratic candidates combined.",false
train_1167,"Trump claims that the Obama administration “didn’t do anything” about the 2009 pandemic.",false
train_1168,"The 3.4% mortality rate for Covid-19 as reported by WHO is false.",false
train_1169,"The Obama administration made a decision on testing and that turned out to be very detrimental to what we’re doing, and we undid that decision a few days ago.",false
train_1170,"Gargling with bleach is a cure for coronavirus.",false
train_1172,"Coronavirus has been discovered in rice bags.",false
train_1173,"In the US, it costs almost $4,000 to get tested for COVID-19 without insurance.",false
train_1174,"The World Health Organisation (WHO) have advised people to use contactless payments instead of cash to reduce the risk of Covid-19 transmission.",false
train_1175,"Seven things that can kill COVID-19: UV Temperatures higher than 56 degrees celsius Ventilated air   Chlorine disinfectants Alcohol 75% Frequently washed hands Strong human’s immunity system",false
train_1176,"The United States is right now ranked by far No. 1 in the world for preparedness.",true
train_1177,"The Treasury expects the UK economy to shrink by 4.9% under a Canada-style deal with the EU.",false
train_1178,"The United States is “actually screening fewer people (for the coronavirus than other countries) because we don't have appropriate testing.""",true
train_1180,"Coronavirus symptoms emerge only after the virus has entered a person’s bloodstream.",false
train_1181,"US President Donald Trump hasn't allowed scientists to speak about the coronvirus.",false
train_1182,"As of March 1st 2020 the U.S. Trump administration hadn't even prepared a Coronavirus test kit.",false
train_1183,"Shands Hospital of Gainesville Florida confirmed its first case of coronavirus.",false
train_1184,"Pope Francis and two aides have tested positive for Coronavirus.",false
train_1185,"The Canadian Army was deployed in Montreal to keep the peace during the Covid-19 pandemic.",false
train_1187,"Florida Man Arrested For Robbery Using Cough As A Weapon",false
train_1188,"US President Donald Trump called COVID-19 a hoax.",false
train_1189,"John Mahama presided over a decline in Ghana's economic growth for his four years in office, while Nana Akufo-Addo presided over higher economic growth in his first three years in office before the COVID-19 pandemic.",true
train_1190,"Drinking water every 15 minutes prevents being infected by the novel coronavirus, COVID-19.",false
train_1191,"The first case of Covid19 reported in Australia  was from the New South Wales town of Dubbo",false
train_1192,"The coronavirus outbreak is US Democrats new hoax.",false
train_1193,"38 Percent of Americans are avoiding Corona Beer because of the Coronavirus.",false
train_1194,"Japan issued a health advisory listing drinking water as a prevention method for COVID-19.",false
train_1195,"Mike Pence moved decisively when confronted with a disturbing HIV outbreak in a rural Indiana county in 2014-15 when he was governor of the state.",false
train_1196,"Jaffrabad Shooter In Red T-Shirt Is Mumbai's Actor Anurag Mishra",false
train_1197,"Holding your breathe for 10 seconds, without any discomfort or coughing, proves there is no infection in the lungs from COVID19",false
train_1198,"Russian Academy of Sciences Takes Aim at Musk’s SpaceX Satellites",true
train_1199,"3,500 tonnes of gold was discovered in a field in the north Indian state of Uttar Pradesh.",false
train_1200,"the Canadian government will welcome three million immigrants in 2020.",false
train_1202,"Dettol products can kill Coronavirus.",true
train_1203,"The NHS has warned people should not shake hands to prevent the spread of the Wuhan coronavirus",false
train_1204,"The CDC recommends men shave their beards to protect against coronavirus.",false
train_1205,"Sen. Lindsey Graham said ""President Donald Trump probably knows more about medicine and specifically viruses than the so called scientists at the NIH and CDC"".",false
train_1206,"Thailand’s Ministry of Health has raised the country’s alert on the novel coronavirus to the highest level.",false
train_1208,"COVID-19 cases are going very substantially down, not up.",false
train_1210,"Russian Cops Don’t Beat People For No Reason.",false
train_1211,"US President Trump called for reduced funding for the Centre for Disease Control and Prevention.",true
train_1213,"Congress files charges against speaker of the U.S House of Representatives Nancy Pelosi, for tearing up her copy of the State of the Union speech.",false
train_1216,"Kunal Kamra said, The RDX laden car which caused the blast in Pulwama, RTO has not been able to access its papers stating under whose name it was registered, till date. The government wants more than 70 year old papers in the NRC.",false
train_1219,"The majority of hunters and the majority of Trump voters now want universal background checks on gun buyers.",true
train_1222,"Mayor Bloomberg blamed African Americans & Latinos for the housing crash of 2008.",false
train_1223,"Amy Klobuchar’s health plan is just two paragraphs long.",false
train_1224,"Car thefts are increasing in 8 of the 10 most populous Wisconsin, US counties",true
train_1225,"Former mayor of New York, US, Mike Bloomberg owns more wealth than the bottom 125 million Americans.",true
train_1226,"Under the government’s new immigration rules anyone earning less than £25,600 is regarded as an unskilled worker.",false
train_1227,"While he was mayor of NYC, Bloomberg cut stop-and-frisk by 95% because they were doing too many.",false
train_1228,"VIRAL IMAGE SHOWS SENATOR JAMES INHOFE NOW SERVES AS THE EPA’S CHIEF OF STAFF",false
train_1229,"Biden was arrested in 1977 in South Africa when trying to meet Nelson Mandela.",false
train_1230,"$150 million had been collected by the Australian Red Cross as of 16/02/2020.",false
train_1231,"The High court in India,  passed a mandatory order that says Bank of Baroda’s license must be revoked.",false
train_1232,"Of the $150 million, only $7 million in $10,000 lots had been given out to bushfire victims by the Australian Red Cross as of the 16/02/2020.",false
train_1234,"Rashtriya Sikhshit Berojgar Yojna launched a scheme to pay Rs 50,000 to educated unemployed citizens in India.",false
train_1235,"A U.S. federal judge released Benghazi evidence that puts former Secretary of State Hillary Clinton in deep trouble.",false
train_1236,"FBI Ignored Evidence That Hillary Clinton Put A Hit Out On Brett Kavanaugh.",false
train_1237,"Very close to 160 million people are now working in the United States.",true
train_1238,"A doctor's office in New South Wales was visited by people who had been exposed to the coronavirus.",true
train_1239,"Bernie Sanders returns a donation from Mike Bloomberg in the amount of $18.53",false
train_1240,"BJP leaders did not say that Shaheen Bagh protestors will enter homes and rape women and daughters.",false
train_1241,"Donald Trump cut scheduled federal worker pay raises in early 2020",true
train_1242,"At the level of gender, at senior management level in South Africa, males remain dominant at 67.6% and females at 32.4%",true
train_1243,"US Senator Amy Klobuchar vows to resettle no refugees in her neighbourhood.",false
train_1245,"Turkey is responsible for the escalating tensions between Turkey and Russia in northwest Syria.",false
train_1246,"Donald Trump cited 'serious economic conditions' as the reason for reducing federal worker pay raises in early 2020",true
train_1248,"There has been no load shedding since August last 2015",false
train_1250,"To curb water wastage, the Department of Water and Sanitation has begun its programme of training 15,000 young people as artisans.",true
train_1251,"BJP, the Bharatiya Janata Party lost a total of 8 seats by a margin of fewer than 100 votes, 19 seats by less than 1000 votes and 9 seats by less than 2000 votes, in India.",false
train_1253,"Hollywood actor Mel Gibson says, ""The only reason liberals hate Trump is they hate God""",false
train_1254,"A bowl of “freshly” boiled garlic water cures ‘Wuhan’s coronavirus.",false
train_1255,"Sri Lanka's Ehelepola Walawwa Mansion school will be converted into a Muslim school.",false
train_1257,"Thailand cured a COVID-19 patient within 48 hours using a cocktail of an anti-HIV drug and an antiviral drug used for treating influenza.",false
train_1258,"The salaries of MPs in the UK have grown faster than the starting salaries of nurses, teachers and police officers between 2010 and 2020.",true
train_1259,"Presidential candidate Bernie Sanders said supporting abortion up to birth is an ""essential part of being a Democrat.""",false
train_1260,"As of February 10th 2020, the United States only had 11 cases of Coronavirus",false
train_1261,"People were pursued with Fulani Knives after an attack on Peter Obi's Convoy in Abuja Market.",false
train_1262,"Seven Cars in Peter Obi's Convoy were burnt by Hausa Men during an attack at Abuja Market",false
train_1263,"President Trump said he removed Lt. Col. Alexander Vindman from the White House's National security Council because his superior publicly stated that 'Vindman had problems with judgment, adhering to the chain of command, and leaking information'",true
train_1264,"Cocaine kills the Coronavirus.",false
train_1265,"Over 700,000 children accessed early childhood education in South Africa in 2018",true
train_1266,"China sought court approval to kill over 20,000 patients who were infected by the deadly novel Coronavirus",false
train_1267,"William Barr tweeted, “ IN A COMPLETELY UNRELATED STORY Senator Mitt Romney is also the only Republican Senator who has a son who sits on the board of a Ukrainian Energy Company.”",false
train_1268,"China is seeking the court's permission to kill over 20,000 coronavirus patients in order to prevent the virus from spreading further.",false
train_1269,"William Barr tweeted, “BREAKING NEWS Senator Mitt Romney is the only Republican Senator who voted to remove President Trump from office",false
train_1270,"A ‘HUGE PERCENTAGE’ OF DEPORTED SALVADORANS KILLED OR HARMED UPON RETURN TO EL SALVADOR",false
train_1271,"Sen. Chuck Schumer deleted a tweet criticizing President Donald Trump’s decision to ban some forms of travel to and from China.",false
train_1272,"President Donald Trump will protect patients with pre-existing conditions.",false
train_1273,"In America, we are spending twice as much on health care as the people of Canada or any other major countries",true
train_1274,"Two racist black thugs in Brunswick, Georgia, shot a white baby in the face for fun.",false
train_1275,"Cannabis Boosts immunity against Novel Coronavirus",false
train_1276,"Three people have more wealth than the bottom half of American society",true
train_1277,"In eight years under the President Barack Obama administration, over 300,000 working-age people dropped out of the workforce.",false
train_1278,"Traditionally, the Speaker says: ‘Members of Congress, I have the high privilege and distinct honor of presenting to you the President of the United States.’ (Tonight) Speaker Pelosi said, ‘Members of Congress, the President of the United States.’",true
train_1279,"Over 130 legislators in the USA have endorsed legislation that would bankrupt our nation by providing free taxpayer-funded health care to millions of illegal aliens, forcing taxpayers to subsidize free care for anyone in the world who unlawfully crosses our borders.",false
train_1280,"Nigeria is one of the Freest Countries for the Press and Media",false
train_1281,"Sex traffickers are leaving $100 bills, laced with a debilitating substance attached to the handles of parked cars at Northgate Mall in Revere, Massachusetts.",false
train_1282,"The UK has taken in 41,000 unaccompanied children since 2010.",false
train_1283,"Sri Lanka is the first country in the world to completely eradicate the coronavirus.",false
train_1284,"As of 2019, unemployment in the US, is at a 49-year low, under the Trump-led administration",true
train_1285,"American workers are seeing the “best wage growth in a decade,” under the Trump administration",false
train_1286,"Under a COVID-19 financial relief scheme called Rashtriya Shikshit Berojgar Yojana, the Government of India will provide financial aid of Rs 50,000 to ration cardholders.",false
train_1287,"Dr. Charles Lieber, chair of Harvard University’s Dept of Chemistry and Chemical Biology and two Chinese students were arrested for creating the COVID-19 virus.",false
train_1288,"NZ cricket captain said "" I request to NZ government please cancel KL Rahul's visa immediately.""",false
train_1289,"World Health Organisation reports 340,000 people infected with Coronavirus in China.",false
train_1290,"World Health Organisation reports 75,000 people have been killed by the 2019 Novel Coronavirus in China.",false
train_1291,"World Health Organisation labels Coronavirus a plague.",false
train_1292,"The EU did not help Britain during the Falklands War, and instead sent weapons to Argentina.",false
train_1293,"Weapons seized from a West Bengal madrassa.",false
train_1294,"The fatality rate stood at 17.40% for H1N1 compared to 2% for the ongoing coronavirus outbreak.",false
train_1295,"A Colorado school forces students to wear hijabs.",false
train_1296,"World Health Organization officially declares the Coronavirus as a plague.",false
train_1297,"Under three years of Donald Trumps administration, net farm income has already gone up nearly 50%.",true
train_1298,"The Delhi Police in India is being slammed for their apparent inaction when a man was shot at Jamia Millia Islamia University",false
train_1299,"CHUCK SCHUMER SAY ‘IT’S RACIST TO ONLY ALLOW CITIZENS TO VOTE’",false
train_1300,"President Donald Trump claimed that the new trade agreement with China “will boost American agriculture by $50 billion every year.”",false
train_1301,"Trump signed a bill ""to clean millions of tons of garbage from world’s oceans.",true
train_1302,"Germ scientists have confirmed that the ‘five-second rule’ for eating food off the floor is fairly accurate.",false
train_1303,"Kobe Bryant's business ventures in China, posed a threat to the NBA's success.",false
train_1305,"Clorox and Lysol Already Knew About New Coronavirus",false
train_1306,"Kobe Bryant was assassinated by the NBA",false
train_1307,"Viral newspaper clipping shows Arvind Kejriwal Was Accused Of Rape In College",false
train_1308,"The World Health Organization (WHO) infographic advises people to avoid unprotected sex with animals to reduce their risk of contracting coronavirus.",false
train_1309,"The novel coronavirus has been found in Ethiopia.",false
train_1310,"In India, the health ministry warns people not to keep their throats dry and to avoid spicy and fried foods.",false
train_1311,"Punjab province in Pakistan issued a warning against eating goat meat for 60 days following a coronavirus outbreak in the livestock.",false
train_1312,"A Kenyan showing flu-like symptoms has been quarantined at the Kenyatta National Hospital",true
train_1314,"People in Australia are warned not to consume certain foods made or held in neighbouring areas close to Wuhan China and to not visit certain locations in Sydney Australia to avoid the risk of becoming infected with coronavirus.",false
train_1315,"American Muslim woman, Dr. Debbie Almontaser, made history by reciting the Koran during the inauguration ceremony of US President Joe Biden.",false
train_1316,"Namibian social media posts claim that Coronavirus is a hoax",false
train_1317,"U.S. President Joe Biden has lowered the age of consent.",false
train_1318,"Comedian, Samuel Whitcomb Hyde is behind the spread of Coronavirus.",false
train_1319,"American TV series 'The Simpsons' predicted the outbreak of Coronavirus.",false
train_1320,"Nobody had ever even heard of Ebola before 2014",false
train_1321,"The Chinese Communist Party ""will finally admit that the real source of the coronavirus is from ‘a lab in Wuhan’ linked to its covert biological weapon programs.",false
train_1322,"A spray known as Miracle Mineral Solution can offer protection against coronavirus",false
train_1323,"Doctors have expressed fears that the entire population of the Chinese city of Wuhan will die following the global outbreak of the 2019 Novel Coronavirus (2019-nCoV).",false
train_1325,"The coronavirus recently discovered in China was lab created and patented in 2015 by the CDC, the leading US public health agency.",false
train_1327,"Trump's lawyer Jay Sekulow says Trump’s hold on Ukraine aid is like Obama with Egypt in 2013",false
train_1328,"Correct way” to wear a disposable blue and white face mask, coloured side out,(If you are sick & dont want to spread the germs around and white side out when you are not sick & want to keep germs from getting in.",false
train_1329,"The average Wisconsin resident’s tax burden is at its lowest level in nearly 50 years, while incomes continue to grow.",true
train_1330,"iPhone belonging to Amazon CEO and Washington Post owner Jeff Bezos was hacked via a WhatsApp account used by Saudi Crown Prince Mohammed bin Salman.",true
train_1331,"Google threatened to shut down search in Australia if they pass a digital news code.",true
train_1332,"Presidential candidate Joe Biden fought for decades to cut social security in the US.",true
train_1333,"In 2018, US presidential candidate Joe Biden lauded Paul Ryan for proposing cuts to Social Security and Medicare",false
train_1334,"Man accused of sexual Harassment of minor girls is a muslim.",false
train_1335,"In the Senate trial, not even House Intelligence Chairman Adam Schiff’s Republican colleagues were allowed into the SCIF during the House impeachment investigation.",false
train_1336,"Gold fringe on a U.S. flag signifies maritime and martial law is in effect.",false
train_1337,"Biden Is The First President to Denounce White Supremacy in His Inaugural Address?",true
train_1338,"Witnesses have been part of ""every other impeachment trial the US Senate has ever had.",true
train_1340,"At independence, Nigeria had a population of 45 million",true
train_1341,"52% of Nigeria’s current population lives in urban areas",true
train_1343,"Barack Obama had $3 million before running for president and $40 million after.",false
train_1344,"Nigeria’s urban population at independence was approximately 7 million",true
train_1345,"Nigeria has a population exceeding 200 million.",true
train_1346,"For a cumulative 29 of 60 years of existence as a nation, Nigeria has been under military rule.",true
train_1347,"There was a 40% drop in oil prices",true
train_1348,"All data relating to Qwikloan have been lost and cannot be restored",false
train_1349,"Colloidal silver is effective for any infection when applied topically and taken orally and can be used to fight infections and heal wounds, support the immune system, and eliminate nasty germs",false
train_1350,"The NHS operate on the wrong part of someone’s body four times a day.",false
train_1351,"A casting call for crisis actors coincided with a pro-gun rally in Virginia on 16th January 2020.",false
train_1355,"Elizabeth Warren is the only person out of the six candidates for the US presidency on stage at the January 2020 debate in Iowa, who has beaten an incumbent Republican in the past 30 years.",false
train_1356,"The remaining male candidates for the US presidency in January 2020 (Pete Buttigieg, Joe Biden, Bernie Sanders, Tom Steyer) have collectively lost 10 elections.",true
train_1357,"Emeka Ihedioha won just 9 LGAs and lost in 18 during the 2020 elections.",false
train_1358,"Former U.S President Barack Obama said ""He's low risk"" in reference to ISIS leader Abu Bakr al-Baghdadi before he was released from U.S custody.",false
train_1359,"Senator Bernie Saunders told a Democratic presidential primary debate that the healthcare industry makes $100 billion a year.",true
train_1362,"Patrick Mahomes thinks George Zimmerman is innocent.",false
train_1364,"The remaining female candidates for the US presidency in January 2020, Elizabeth Warren and Amy Klobuchar, have won every election they have been in.",true
train_1365,"Nigeria’s cancer cases are about 15% of all cases in West Africa.",false
train_1366,"President Gotabaya Rajapaksa has ordered an investigation into the whereabouts of state-owned goods, including a bus and “other priceless, high technological equipment”.",false
train_1368,"Indian Oil is now owned by the Adani group.",false
train_1369,"Iain Duncan Smith has been awarded a knighthood for services to the country.",true
train_1370,"6 months ago the DWP promised a review of Universal Credit for the terminally ill.",true
train_1373,"Jussie Smollett Charges Reinstated",false
train_1375,"Each month 22 NHS patients with glaucoma unnecessarily lose their sight due to NHS treatment delays.",true
train_1376,"Rep. Ilhan Omar said, “There is no way to overstate how ASHAMED I am to be called an ‘American.’ We need every world leader to rise and demand that someone stops Trump from starting a catastrophic war with Iran. THE TIME FOR VIOLENCE IS NOW!",false
train_1377,"Nancy Pelosi defended Qassem Soleimani, Iran's top military commander.",false
train_1378,"Volcanoes Melting West Antarctic Glaciers, Not Global Warming. Three new research studies confirm that geothermal heat flow, not man-made global warming, is the dominant cause of West Antarctic Ice Sheet (WAIS) melting.",false
train_1380,"Olive Garden Revoke 'Never Ending Pasta Pass' For Sean Hannity And Capitol Insurrectionists",false
train_1381,"Iran’s hostilities substantially increased after the foolish Iran nuclear deal was signed in 2013 and they were given $150 billion, not to mention $1.8 billion in cash",false
train_1382,"By the way, in terms of the money, it got there two or three weeks ahead of schedule, long before it was supposed to be there",false
train_1383,"Trump-Owned Property In Agrabah Burned To The Ground By Terrorists",false
train_1384,"Ratan Tata has stated that Tata Group will not recruit students from Jawaharlal Nehru University.",false
train_1385,"Nancy Pelosi assured Iran that Trump will ""pay for his crimes.""",false
train_1386,"There are only DUP members (who are/were members of a Northern Ireland political party) in the House of Lords.",false
train_1387,"Saudi's rent the entire 45th floor of Trump Tower, And pay him in cash.",false
train_1388,"Nancy Pelosi Said Trump Must Apologize To Iran ""Or Else"".",false
train_1389,"New York is trying to pass a bill that would place non mask wearers and unvaccinated people in concentration camps for forced vaccination.",false
train_1390,"Amy Klobuchar has won Michele Bachmann's district every one of her 3 U.S Senate campaigns.",true
train_1391,"Iihan Omar tweeted ""There is no way to overstate how ASHAMED I am to be called an 'American'. We need every world leader to rise up and demand that someone stops Trump from starting a catastrophic war with Iran."" THE TIME FOR VIOLENCE IS NOW! #NoWarWithIran",false
train_1393,"Donald Trump was given $413 million from his dad over the course of his career.",true
train_1394,"Trump had not brought pharmaceutical costs down, as he claimed he would, in May 2019.",true
train_1395,"A biodiesel plant in Crawfordsville, Iowa, closed, ""partly due to the trade war but mostly due to the waivers that Trump secretly gave to the oil companies""",true
train_1397,"There are 64 mental health beds in the state of Iowa.",true
train_1398,"A non-profit, public health care option was Barack Obama's plan from the beginning of his presidency.",true
train_1400,"The U.S. Supreme Court ruled that Americans do not need a licence to drive automobiles on public roads",false
train_1401,"Mayor Bloomberg helped lower the number of people without health insurance in New York, by 40 percent.",true
train_1402,"NASA had 58% Indian employees",false
train_1403,"CO-2 is not a greenhouse gas.",false
train_1404,"Former secretary of state Hillary Clinton let four Americans die in Benghazi.",false
train_1405,"Trump rushed in reinforcements.",true
train_1406,"Trump Threatened to destroy Iran.",false
train_1409,"Hot temperatures in a car can cause hand sanitiser to catch fire without a spark.",false
train_1411,"California is refusing to cooperate with the “Federal Election Integrity Program.”",false
train_1413,"There have been 317 criminal indictments under three recent Republican presidents and only three indictments under three recent Democratic presidents.",false
train_1414,"Nigeria owed its foreign creditors $81.274 billion in 2019, despite being “debt free” in 2007 after all its external loans were “paid off”.",false
train_1416,"A 13-year-old boy attacked at a northern California skate park by Hispanic youths because he was white and a supporter of President Trump.",false
train_1417,"Aysha Renna tweeted a comment celebrating the Pulwama attack in India.",false
train_1418,"An irrational House Speaker Nancy Pelosi was handcuffed by federal agents as they raided her office.",false
train_1419,"There is a phone scam in which ""these guys only ring once and hang up,"" and if you call back, they can copy your contact list in three seconds as well as your bank or credit details.",false
train_1421,"Pervez Musharraf led a Pakistani commando unit to flush out rebels occupying the Grand Mosque in Mecca, Saudi Arabia in 1979.",false
train_1422,"Actress Parineeti Chopra's role as brand ambassador for the 'Beti Bachao Beti Padhao' campaign was cut short after she tweeted condemning the violence against the anti- Citizen Amendment Act protestors.",false
train_1424,"Hong Kong uses AI technology using facial recognition to identify protesters if they so much as do anything on the street, so they can follow up with them and detain them later.",true
train_1425,"The sixth Democratic presidential debate of the 2020 campaign, hosted by PBS and Politico, had seven candidates, lasted more than 2½ hours — and did not have many statements that merited fact-checking. Here are six claims that caught our attention, some of which may seem familiar from previous debates. Our practice is not to award Pinocchios in debate roundups.",true
train_1426,"50 Journalists who were in Mangaluru to cover anti-Citizenship Amendment Act protests were fake journalists that had come from Kerala and have been arrested.",false
train_1427,"Hong Kong has banned protesters from wearing face masks.",false
train_1428,"Before he was mayor, Pete Buttigieg ran statewide in Indiana and lost by 20 points.",true
train_1429,"Donald Trump is rated international public opinion polls below Xi Jinping.",true
train_1430,"Real wages went up last year 1.1%",true
train_1432,"Heavy Artillery in Donbas comes from sympathetic governments and not Russia.",false
train_1433,"Former European Commission president, Jean-Claude Juncker said that ""the world's most foolish voters are from India""",false
train_1434,"Pete Buttigieg won voting with 80% in Indiana.",true
train_1435,"Elizabeth Warren proposed tax for the wealthy is two percent for millionaires and billionaires",true
train_1436,"Donald Trump did not support the people in Hong Kong standing up for democracy.",false
train_1438,"Failed Senate Impeachment Conviction Means Trump Can Run Two More Times",false
train_1439,"China produces ninety percent of global carbon emissions.",false
train_1441,"RBI has said that ₹2000 notes are banned and ₹1000 notes have been introduced",false
train_1442,"RBI said you can exchange ₹2000 notes only up to the amount of ₹50,000",false
train_1443,"The Reserve Bank of India said from 1st January 2020, they are going to implement new ₹1000 note",false
train_1444,"Koalas are functionally extinct because bushfires have continued to destroy their habitat",false
train_1445,"A TMZ news alert claimed 4 people died and 12 were injured after singer Melissa Jefferson aka Lizzo, performed a stage dive at a New York concert in 2019.",false
train_1446,"During Michael Bloomberg's mayoral tenure of New York City between 2005 and 2013, the city's carbon footprint was reduced twice as much as the rest of the US.",true
train_1447,"Congress leader Rahul Gandhi said 'women should be raped'.",false
train_1448,"Trump Mocks Global Warming, Lowballs Sea Level Rise",true
train_1449,"104 US House Democrats voted for impeachment of US President Donald Trump before the Ukraine call in which Trump asked  Ukrainian President Volodymyr Zelensky to  look into activities in Ukraine by Democratic presidential contender Joe Biden’s son Hunter.",false
train_1450,"Bernie Sanders lost third place spot in Nevada primary polls to Pete Buttigieg",false
train_1451,"Over the past two years, climate and weather disaster damage has cost the U.S. over $400 billion.",true
train_1452,"Finkenauer voted to extend the ExIm bank.",true
train_1453,"The Export-Import Bank “costs taxpayers billions in corporate welfare subsidies.",false
train_1455,"The ExIm Bank provided taxpayer-backed handouts to foreign companies such as Air China and Saudi Aramco.”",true
train_1456,"After the election debate on ITV between Boris Johnson and Jeremy Corbyn, ITV and the BBC quoted the only poll which didn’t find Jeremy Corbyn to be the winner.",false
train_1457,"Thai politician Thanathorn Juanroongruangkit faked his military service documents.",false
train_1458,"It's against the law for Medicare to negotiate lower drug prices.",true
train_1459,"Zurab Khangoshvili was one of the organizers of explosions in the Moscow metro.",false
train_1460,"A female army sergeant who became a hero for her war-time actions is the first woman to earn a Silver Star since WWII.",true
train_1461,"Facebook meme suggests that the measles vaccine caused 2019 Samoa measles outbreak",false
train_1462,"China responsible for 90 percent of the world's carbon emissions.",false
train_1463,"Telangana Police started a service for women safety with a helpline number ‘9969777888’ for tracking the vehicle in which they are travelling through GPRS.",false
train_1464,"Donald Trump got $130 billion increase  from Nato.",false
train_1466,"Over 95% of people living in South Belfast own their own home.",false
train_1467,"A study showed one in four people have had a package stolen from their residence in the U.S.",true
train_1468,"Police have launched a free ride scheme in LUDHIANA where any women who is alone & not able to find vehicle to get home between 10pm-6am can call helpline numbers (1091 & 7837018555) 24×7. PCR vehicle will drop her home Free of Cost.",true
train_1469,"Northern Ireland remains the only UK jurisdiction without funded childcare provision.",false
train_1470,"Male birth control testing has been halted in India after 30 test subjects’ testicles exploded during sexual intercourse.",false
train_1473,"Donald Trump is waging a trade war against Wisconsin farmers forcing 1600 dairy farms to close.",true
train_1476,"Video shows police distributing tasbeehs as a part of Shiv Senas secularism campaign.",false
train_1477,"Former Ukraine President Poroshenko actively worked on behalf of US Secretary Hillary Clinton.",true
train_1478,"As of December 2019 the Narendra Modi govt had enacted a new law on self-defence, to combat crimes against women in India.",false
train_1479,"Zip ties on windshield wipers linked to human trafficking",false
train_1480,"US governments speaker of the  House Nancy Pelosi Spent $106K of tax payer Money on a party With Hollywood Elitists",false
train_1481,"As mayor, Cory Booker, US Democratic presidential candidate and US New Jersey Senator,  passed criminal justice reform in a US Republican Senate.",true
train_1482,"A screenshot shows a tweet from UK Labour leader Jeremy Corbyn saying the London Bridge attacker was ""murdered by British Police”.",false
train_1483,"Soros and Clinton paid women to accuse Trump of sexual attacks.",false
train_1484,"Democratic presidential candidate and New Jersey Sen. Cory Booker was a Rhodes scholar.",true
train_1485,"Adam Schiff used tax dollars to settle sexual harassment lawsuit witha 19 year old man.",false
train_1486,"Nigeria was exposed to less than $7 billion of debt in 2015.",false
train_1488,"Michelle Obama slammed First Lady Melania Trump, saying, ""She's a terrible role model for America's women.""",false
train_1489,"Only 3 out of 12 regions are net contributors to the UK Treasury",true
train_1490,"Raising teachers' starting salaries to £30,000 by 2022/2023 would make it among the most competitive in the graduate labour market in England.",true
train_1491,"House Speaker Nancy Pelosi approved $4.8 million in impeachment-related consulting fees to the Clinton Foundation.",false
train_1492,"Xavier Becerra the California Attorney General says there are now ten million illegal aliens in the state.",false
train_1493,"Xavier Becerra the California Attorney General says California will receive thirteen extra seats in congress by including ten million illegal aliens in the 2020 census.",false
train_1494,"Dominic Raab posted and then deleted a tweet describing Scotland as a region of England.",false
train_1495,"European countries aren't giving financial support to Ukraine.",false
train_1496,"Putin publicly approved Wagner’s activities numerous times.",true
train_1497,"The National Committee of the USA's Democratic party gave their computer server to the Ukrainian company CrowdStrike",false
train_1498,"CNN admitted the Entire Russian Collusion Theory Was A Hoax",false
train_1499,"Nigel Farage stated Nearly two-thirds of British businesses do not make a profit of over £10,000 but are subjected to corporation tax.",false
train_1502,"Northern Ireland has the highest femicide rate in Western Europe",false
train_1503,"Saving A Quarter A Day For A Year Will Get You $9100.25.",false
train_1504,"Former U.S. Ambassador to Ukraine Marie Yovanovitch’s net worth is as high as $23 million.",false
train_1505,"In the 266 days since we sent this bill, about 25,000 people have died from gun violence in our country, 47 percent of them teenagers or children younger than that.",false
train_1506,"Bay leaves eliminate the need for a pharmacy as the plant cures or alleviates everything from digestive disorders to kidney stones.",false
train_1508,"13 Uber drivers were arrested for alleged sex trafficking in Atlanta, Georgia.",false
train_1510,"The U.S. Constitution sets up the  election redistricting process to be partisan.",false
train_1511,"No other city in America did what (New York) did. We reduced murders by 50%, reduced police shootings to historic lows, reduced the number of people incarcerated by nearly 40% during Bloomberg's tenure",true
train_1512,"Ron Kind is the only member of Congress that voted for inquiries into Bill Clinton and Donald Trump",true
train_1513,"Under the current system, people on a work, study or family visa in the UK incur average NHS costs of £625 per year.",true
train_1516,"Dwayne Johnson 'The Rock' Johnson dies at 47",false
train_1518,"The Chinese government spent the same amount -- Rs 3,000 crore -- to construct a bridge that the Indian government spent to build the Statue of Unity in Gujarat.",false
train_1519,"Tirupati Balaji Temple Will Donate Rs. 100 Crores For Ram Mandir.",false
train_1520,"In 2019 there have been over fifty reports of attacks and harassment on Nigerian journalists.",true
train_1521,"Political Scientist Alexey Martynov said ‘Transnistria is an Independent State.’",true
train_1522,"The US is  winning World Trade Organization cases for the first time.",false
train_1523,"Ivanka Trump has created 14 million jobs.",false
train_1524,"Every UK taxpayer  will have an additional bill of £2,400 per year under a Labour  Government.",false
train_1526,"South African public utility Eskom generates approximately 45% of the electricity used in Africa",false
train_1527,"Sri Lanka's Election Commissions announced a three-day social media ban around the country November 16 2019 election.",false
train_1528,"South African public utility Eskom generates approximately 95% of the electricity used in South Africa.",true
train_1529,"US manufacturing jobs have increased by over 600,000",false
train_1530,"About 2% of pregnancy terminations are between 20 and 24 weeks in Great Britain in 2018.",true
train_1531,"Scotland’s youth unemployment rate fell by 0.3 percentage points over 2019.",false
train_1532,"More people are coming home from Iraq with brain cancer than any other war.",false
train_1535,"In 2018, South African police service officers were accused of 217 cases of torture and 3,661 cases of assault",true
train_1536,"558 people were killed by the police in 2018, while 201 people died in police custody",true
train_1537,"Confederate veterans were conferred with many of the same benefits of other United States military veterans by Acts of Congress back in 1929 and 1957",false
train_1538,"Since 2002, South Africa’s police force has grown by 50%",false
train_1539,"The South African Police Service kills three times more people per capita than the United States police force",true
train_1540,"Nancy Pelosi said Dems will 'shut it all down' if they don't get their way on impeachment.",false
train_1542,"Total university enrolment for university in South Africa, 1994 was around 300,000.",false
train_1543,"Access to antiretroviral therapy in the South African public health sector was given to 45,500 patients in 2004.",false
train_1544,"The size of the South African economy over the past 25 years has doubled.",true
train_1545,"84% of all households in South Africa have electricity.",true
train_1546,"In 2017, South Africa recorded an inflow of foreign direct investment amounting to R17 billion.",true
train_1547,"Over the past five years the South African government has invested in electrifying more than a million homes.",true
train_1548,"Since introducing the Safe initiative, 699 schools in SA have been provided with safe and appropriate sanitation facilities and projects and a further 1,150 schools are either in planning, design or construction stages.",false
train_1549,"Donald Trump and the Republicans have spent the past four years trying to dismantle the Affordable Care Act. They are doing everything they can — without a plan to replace it",true
train_1550,"Over the past five years the SA government has built two new universities.",true
train_1551,"The SA government launched the Safe initiative in August 2018.",true
train_1552,"Over the past five years the SA government has  invested in building hundreds of thousands of new homes.",true
train_1553,"The SA government  launched the Youth Employment Service, which is placing unemployed youth in paid internships in companies across the country.",true
train_1554,"Over the past 5 years the SA government has invested more than R1.3 trillion in the country's infrastructure.",true
train_1555,"Every month 17.5 million social grants are provided to South Africans.",true
train_1556,"If Donald Trump is successful in dismantling the Affordable Care Act, there is no guarantee for people who have pre-existing conditions.",true
train_1557,"There is a possibility that this poisonous gas could have been released by any neighboring country which is afraid of us",false
train_1558,"The UK will send Trump £500 million a week in a trade deal that will fund US drug firms instead of NHS.",false
train_1560,"Americans in swing states do not want to hear about the impeachment of Donald Trump in 2019.",false
train_1561,"Indian social activist Mahatma Gandhi once said, “First they ignore you, then they laugh at you, then they fight you, then you win.”",false
train_1562,"Over 200,000 NHS nurses have resigned since 2010.",false
train_1563,"The Information and Communication Technology sector contributes more to Nigeria’s Gross Domestic Product than the Oil and Gas sector.",true
train_1564,"This is the first health-care plan in the U.S. proposed by anyone in this presidential primary that lays out the full cost and how to pay for it.",true
train_1565,"35 million votes were counted in the October 21, 2019 Canadian federal elections although Canada only has 27.4 million eligible voters.",false
train_1566,"BBC producer Rob Burley hired his son to pose as a Brexit & Boris Johnson supporter on Question Time.",false
train_1567,"Drinking Cold Water After Meals Can Cause Cancer",false
train_1568,"United States Republican Matt Gaetz has had numerous DUIs and his dad, a Florida State senator, got him off each time,",false
train_1569,"Democrats in the USA have issued more subpoenas than they’ve passed bills.",true
train_1570,"The World Health Organization is still pushing this [MMR vaccine] depopulation agenda throughout Africa",false
train_1571,"US President Donald Trump's administration built the greatest economy in history.",false
train_1572,"The Conservatives plan to take on 6,000 more police officers in 12 months at a cost of £750 million.",true
train_1573,"More than 500 scientists and professionals in climate and related fields have sent a ""European Climate Declaration"" to the Secretary-General of the United Nations.",false
train_1575,"EUPATORIUM PERFOIAM 200 can cure dengue in 48 hours.",false
train_1577,"Texas, US school district mandate teaches kids how to have anal sex.",false
train_1579,"Viral Photos show new coins minted for a paperless currency in the Philippines",false
train_1580,"Islamic State (IS) “doesn’t exist anymore,",false
train_1581,"Obama tweeted on Al Baghdad ""he was a great man, an innocent man and my friend"".",false
train_1582,"Kenyan revenue has been under-performing for the last 10 years.",true
train_1583,"Cambridge University Student Union (CUSU) banned Remembrance Day celebrations remembering British war veterans.",false
train_1584,"Kathy Griffin, Tom Arnold, Robert DeNiro and Barbara Streisand have had U.S federal warrants issued for threats against President Donald Trump.",false
train_1585,"90,000 Californians are unsheltered and homeless.",true
train_1586,"A majority of UK voters say violence against MPs is “worth it” to get their way in Brexit.",false
train_1587,"Actress Shaina Magdayao, Died at the Age of 30 Because of Hypothyroid Disease",false
train_1588,"Lakshmi Vilas Bank shuts down 569 branches and 1046 ATMs",false
train_1589,"US Red flag laws allow gun seizure without a judge's ok.",false
train_1590,"Four U.S Republicans, Will Hurd of Texas, Brian Fitzpatrick of Pennsylvania, Fred Upton of Michigan and Susan Brooks of Indiana voted to have President Donald Trump impeached.",false
train_1591,"The WHO said that the Polio vaccine is responsible for the return of Polio in the Philippines.",false
train_1592,"Cream Of Tartar Mixed With Orange Juice Will Help You Quit Smoking.",false
train_1593,"Thomas Jefferson said, “When the people fear the government, there is tyranny. When the government fears the people, there is liberty.”",false
train_1594,"Mombasa is Kenya’s oldest town.",false
train_1595,"Life expectancy in Kenya has increased to 67 years currently.",true
train_1596,"Mombasa is Kenya’s oldest town.",false
train_1597,"The Kenyatta administration has more than doubled the volume of cleared cargo passing through Kilindini, Mombasa's main port, annually.”",false
train_1598,"Kenyan President Kenyatta in national day speech stated Our life expectancy [has increased] from 35 years at independence",false
train_1599,"US White House did not withhold security aid to Ukraine, in part, because the administration wanted Ukraine to investigate Democrats and the 2016 election.",false
train_1600,"Kenyan President Kenyatta in national day speech stated Our life expectancy [has increased to 67 years currently.",false
train_1601,"Over the last six years, the counties of Kilifi, Kwale, Lamu, Mombasa, Taita Taveta and Tana River, have cumulatively received close to KSh190 billion from the Kenyan national treasury.",true
train_1602,"Over the last six years, the Kenyan counties of Kilifi, Kwale, Lamu, Mombasa, Taita Taveta and Tana River, have cumulatively received close to KSh190 billion from the national treasury.",true
train_1603,"Kenyan life expectancy at independence in 1963 was 35 years.",false
train_1604,"Mombasa is Kenya’s oldest town.",false
train_1605,"Over the last six years, the counties of Kilifi, Kwale, Lamu, Mombasa, Taita Taveta and Tana River, have cumulatively received close to KSh190 billion from the national treasury.",true
train_1606,"Kenyan President Kenyatta in national day speech stated Under this administration … at Kilindini we have more than doubled the volume of cleared cargo passing [through] the port annually.",false
train_1607,"Trump has sent 14,000 troops to Middle East since May.",true
train_1608,"Life expectancy in Kenya was 35 years in 1963 - the year Kenya became independent from Britain.",false
train_1609,"Mombasa is Kenya’s oldest town.",false
train_1610,"Kenyan President Kenyatta in national day speech stated Over the last six years, the counties of Kilifi, Kwale, Lamu, Mombasa, Taita Taveta and Tana River, have cumulatively received close to KSh190 billion from the national treasury.",true
train_1611,"“Under this administration … at Kilindini we have more than doubled the volume of cleared cargo passing [through] the port annually",false
train_1612,"German TV said there were 2.2 million people at the People’s Vote march on Saturday 19 October.",false
train_1613,"President Donald Trump has endorsed a supposed “Congressional Reform Act of 2017''.",false
train_1614,"In 2008 the US Congress gave Wall Street trillions of dollars of zero interest loans.",false
train_1615,"Pricking a needle on the fingertips of a stroke victim can save their life as they will gain consciousness in some time.",false
train_1616,"Once a stroke victim's mouth is crooked, you should pull their the ears until they are red and prick them until they bleed. This technique will stop capillaries in the victim’s brain from bursting.",false
train_1617,"Tote bags made from cotton harm the environment",true
train_1618,"Asaduddin Owaisi, president of All India Majlis-e-Ittehadul Muslimeen (AIMIM) danced at an election rally to celebrate the murder of Hindu Samaj leader, Kamlesh Tiwari.",false
train_1619,"Donald Trump stated ""Make no mistake: They’re not after me. They are after you; your guns, your Christian values, your freedom. I’m just in their way.""",false
train_1620,"Late US advice columnist Ann Landers was the originator of the quote: ""At age 20, we worry about what others think of us. At age 40, we don’t care what they think. At age 60, we discover that they have not been thinking of us at all.""",false
train_1624,"You need a toll receipt during any medical emergency, flat tyre, or in need of fuel, where you can call the phone number given on the other side of the toll receipt for assistance.",false
train_1628,"Eric Trump claims that the Trumps' no longer profit from foreign deals",false
train_1631,"Americans prefer giving people under 65 an option to join Medicare as opposed to requiring them to give up their current coverage.",true
train_1632,"A twitter account @Polytikle changed their account name to Abhikit Banerjee in an attempt to parody the real Abhikit Banerjee, Nobel Prize Winner.",true
train_1633,"Union Jack flags in London have replaced EU flags outside parliament ahead of the opening of parliament by the Queen.",false
train_1634,"$53 million a week is coming across the Mexico/US border in drugs",false
train_1636,"There has been a reduction in Right to Information (RTI) applications filed in the last few years leading upto 2019.",true
train_1637,"Rapper Kurtis Blow is In Critical Condition After Emergency Heart Surgery",false
train_1638,"AOC Said Children Should Be Raised By The State.",false
train_1639,"Every week, at least 12 doctors leave Nigeria to seek employment in the UK.",true
train_1642,"There are only eight neuropsychiatric hospitals in Nigeria.",false
train_1644,"134ft Anaconda snake found in the Amazon has killed 257 human beings and 2325 animals.",false
train_1646,"There are less than 150 psychiatrists in this country of 200 million.",false
train_1648,"Nigeria has an estimated physician-patient ratio of one doctor to every 4,000 to 5,000 patients.",true
train_1649,"Nigeria has Africa's highest rate of depression.",false
train_1651,"Nigeria ranks fifth in the world in the frequency of suicide.",false
train_1652,"By 2018, Nigeria had allocated just 3.95% of its budget to funding its ministry of health.",true
train_1655,"Nigeria ranks fifth in the world in the frequency of suicide.",false
train_1656,"There are less than 150 psychiatrists in this country of 200 million.",false
train_1657,"Nigeria has Africa's highest rate of depression.",false
train_1658,"Congressional benefits include 67 paid holidays, three weeks paid vacation, unlimited paid sick days.",false
train_1659,"WHO estimates that fewer than 10% of mentally ill Nigerians have access to the care they need.",true
train_1660,"The Amazon river is in Africa",false
train_1661,"Nigeria ranks fifth in the world in the frequency of suicide.",false
train_1662,"Nigeria has Africa's highest rate of depression.",false
train_1663,"Nigeria ranks fifth in the world in the frequency of suicide",false
train_1664,"Nigeria has an estimated physician-patient ratio of one doctor to every 4,000 to 5,000 patients.",true
train_1665,"Congressional benefits include retirement package.",true
train_1667,"WHO estimates that fewer than 10% of mentally ill Nigerians have access to the care they need.",true
train_1668,"The snake found in the Amazon is 134 feet long and 2067 kgs",false
train_1670,"There are less than 150 psychiatrists in Nigeria who has a population of 200 million.",false
train_1671,"There are only eight neuropsychiatric hospitals in Nigeria.",false
train_1673,"In Nigeria, the physician-patient ratio is six times smaller (one physician to every 600 doctors) than what is recommended by WHO.",false
train_1674,"Congressional benefits include free health care.",false
train_1677,"By 2018, Nigeria had allocated just 3.95% of its budget to funding its ministry of health.",true
train_1678,"WHO estimates that fewer than 10% of mentally ill Nigerians have access to the care they need.",true
train_1679,"Nigeria has Africa's highest rate of depression.",false
train_1680,"Nigeria has an estimated physician-patient ratio of one doctor to every 4,000 to 5,000 patients.",true
train_1681,"Joe Biden wants to abolish the ""stepped up basis"" that currently reduces inheritance taxes.",true
train_1682,"CNN reported Philip Andrei Gancia Became a Porn Star",false
train_1683,"Viral Video states that Filipino National ID's can now be obtained.",false
train_1684,"Reserve Bank of India (RBI) will introduce a new ₹1000 banknote post January 1, 2020",false
train_1687,"In the US the impeachment process has always gone through the House Judiciary Committee, because it is the committee of jurisdiction over the Constitution and over impeachment, not the Intelligence Committee.",false
train_1688,"The Trump family was disallowed from operating any charity in the State of New York because they stole from a kids cancer charity.",false
train_1689,"US food standards allow for insect fragments in peanut butter.",true
train_1690,"Minneapolis ""city government preemptively informed the Target Center that it would be responsible for $530,000 in security and other costs"" related to a Trump rally, ""more than 26 times the estimated security costs for a 2009 Target Center health care rally held by President Barack Obama.",true
train_1691,"US food standards allow for maggots in orange juice.",true
train_1692,"Thomas Jefferson said, “The government will one day be corrupt and filled with liars, and the people will flock to the one that tells the truth.""",false
train_1693,"One in four women in Africa suffer from depression.",false
train_1695,"""New Starbucks CEO"" Rosalind Brewer admits she doesn't like white people?",false
train_1697,"Cancer is a fungus called myotoxin, not a disease.",false
train_1698,"Theoretical physicist Albert Einstein once stated, “The difference between stupidity and genius is that genius has its limits.”",false
train_1700,"Trump TV Ad Misleads on Biden and Ukraine",true
train_1704,"Democrats are draining Americans’ health care to finance open borders.",false
train_1705,"Donald Trump and the Republicans are committed to protecting people who have preexisting medical conditions.",false
train_1708,"In Nigeria, the physician to patient ratio is one doctor to every 4,000 to 5,000 patients.",true
train_1709,"The physician to patient ratio in Nigeria of one doctor to every 4,000 to 5,000 patients is six times smaller than the World Health Organisation's recommendation of one physician to every 600 patients.",false
train_1710,"Nigeria is fifth in the world rankings for the frequency of suicides.",false
train_1711,"The World Health Organisation estimates that fewer than 10% of Nigerians suffering from mental health disorders have access to the care that they need.",true
train_1712,"By 2018 only 3.95% of Nigeria's budget for funding the country's ministry of health had been allocated.",true
train_1713,"Donald Trump  put a stop to  Millionaires being eligible for the Supplemental Nutritional Assistance Program (SNAP), commonly known as food stamps in the US.",true
train_1714,"Nigeria has the highest rate of depression within the continent of Africa.",false
train_1715,"Nigeria has a population of 200 million and there are less than 150 psychiatrists in the country.",false
train_1716,"Every week in Nigeria, twelve doctors leave to seek employment in the United Kingdom.",false
train_1717,"The government should distribute multivitamins, vitamin c and zinc tablets to the common people as it will cure people of coronavirus and to those people who don't have the disease, they will get immune to the disease.",false
train_1718,"Donald Trump says his impeachment is a coup.",false
train_1720,"The South African government has successfully increased the contribution of clean energy from 0% in 2010 to over 4.5% within five years.",true
train_1721,"Rules for whistle-blowers recently changed.",true
train_1722,"YES Bank may shut down",false
train_1724,"Pretty Little Thing products may contain chemicals that can cause cancer, birth defects or other reproductive harm.",true
train_1725,"Donald Trump asked Ukrainian president Volodymyr Zelensky to ""make up dirt"" on Biden.",false
train_1726,"Trump said Ukrainian president Volodymyr Zelensky to not call back until he'd satisfied Donald Trump's demands.",false
train_1727,"During his telephone call with Ukrainian President Zelensky on 25th July 2019 Donald Trump said the United States had been good to Ukraine.",true
train_1728,"Australian Prime Minister Scott Morrison has given himself a pay rise.",false
train_1729,"Luxembourg benefits the most from being in the EU, getting back 3,304% of what it pays in.",false
train_1730,"Hunter Biden, son of then Vice President Joe Biden  had a payoff of $1.5 billion from China, after accompanying his father, on a 2013 diplomatic trip to Beijing.",false
train_1731,"Donald Trump released a summary of his call with the Ukrainian President, Zelensky because Adam Schiff gave a false rendition of the call.",false
train_1732,"US Democratic senators  threatened Donald Trump with votes and no money coming into Ukraine.",false
train_1733,"Hunter Biden made millions of dollars from a deal made in China. The deal put $1.5 billion into a fund after one quick meeting in China which he flew into on Air Force Two.",false
train_1734,"Indian equity stock index markets, Sensex and Nifty have their biggest single day gains in the last ten years on 20th September 2019.",true
train_1735,"The Trump family took seats reserved for disabled guests at the 74th session of the UN General Assembly.",false
train_1736,"President Muhammadu Buhari of Nigeria told the United Nations Climate Action Summit in New York last month that the Lake Chad basin has shrunk significantly due to climate change, depriving many people of their livelihood in the region.",false
train_1737,"ERNEST HEMINGWAY SAID, WE ARE ALL BROKEN — THAT’S HOW THE LIGHT GETS IN",false
train_1738,"Russian Energy Narrative Targets Poland, Ukraine and the Baltic States",false
train_1739,"A Muslim man in India was killed by a mob after being accused of cow slaughter.",false
train_1740,"Banks in India will be closed from September 26 to October 2 2019.",false
train_1741,"Congress party claims regarding shortfall in Government earnings",true
train_1742,"About universal basic income, Thomas Paine was for it at our founding ... Martin Luther King, champion in the ‘60s, called it a guaranteed minimum income for all Americans… It passed the U.S. House of Representatives twice in 1971",true
train_1743,"Congresswoman Tulsi Gabbard is of Indian-origin.",false
train_1744,"AN 11-YEAR-OLD GIRL KILL TWO ILLEGAL IMMIGRANTS DURING AN ATTEMPTED HOME INVASION",false
train_1745,"On average, one person dies by suicide every 22 hours in West Virginia, United States.",true
train_1747,"French philosopher Voltaire said “To learn who rules over you, simply find out who you are not allowed to criticize.”",false
train_1748,"Your reaction to an optical illusion is an indication of your state of mind.",false
train_1749,"Indian banks are to be closed continuously from 26th September 2019 to 30th September 2019.",false
train_1750,"Science fiction and popular science writer Isaac Asimov said your assumptions are your windows on the world.Scrub them off every once in a while, or the light won’t come in.",false
train_1751,"Cherie Blair is representing Shamima Begum.",false
train_1754,"In the U.S fifty million people a year lose their private insurance when they quit a job, are made unemployed or employers change insurance policies.",false
train_1755,"In Congress, Elizabeth Warren introduced 110 bills. 2 passed. Cory Booker introduced 120 bills. 0 passed,"" the Sept. 12 post reads. ""Kamala Harris introduced 54 bills. 0 passed. Bernie Sanders never held a job until age 53. He lived off of welfare and four different women",false
train_1756,"Actress Jane Fonda was denied service at Sir Scott’s Oasis Steakhouse in Montana which is run by a Vietnam War veteran.",false
train_1758,"Kamala Harris say criminals and illegals are better than U.S. servicemen.",false
train_1759,"Americans lost wealth and income under Barack Obama's presidency.",false
train_1760,"New numbers from the US Census Bureau show an uptick in the number of Americans who have no health insurance.",true
train_1761,"The Conservatives are levelling up per pupil funding in schools in the UK.",true
train_1762,"Thousands of companies are leaving China because they can’t pay the tariffs.",false
train_1763,"Hundreds of billions of dollars have been and are coming into our country in the form of tariffs, and China’s eating the cost.",false
train_1764,"China lost 3 million jobs as a result of the US-China trade war.",false
train_1766,"Zaira Wasim who quit acting in June citing religion is making a comeback to Bollywood.",false
train_1767,"Several well-known charities such as Goodwill and American Red Cross overpay their CEOs and spend a small percentage on helping people",false
train_1768,"Some women have no choice but to take epidural injections during childbirth.",false
train_1769,"Epidural injections given during childbirth are one of the worst and dangerous injections in the world resulting in chronic back pain.",false
train_1770,"VA hospitals were removing Bibles and banning Christmas carols under Obama administration",false
train_1771,"Sinn Féin MPs do not receive parliamentary salaries.",true
train_1772,"The presidents of Rwanda, the Democratic Republic of Congo and Malawi boycotted the 2019 World Economic Forum (WEF) summit in Cape Town in protest against xenophobic attacks in South Africa.",false
train_1773,"Lewis Carroll once wrote, “You know what the issue is with this world? Everyone wants a magical solution to their problems, and everyone refuses to believe in magic.”",false
train_1774,"U.S.A. now leads the world in energy production.",false
train_1775,"US Representative Alexandria Ocasio-Cortez tweeted, ""I see people are rushing out to fill up their cars for this hurricane at the gas station. This wouldn’t be an issue if they had electric cars. If the power is out for a week how are they going to get gas? We need to start planning ahead and moving forward.""",false
train_1776,"Donald Trump threatened economic sanctions over recent xenophobic violence in South Africa with a posted tweet stating “This barbaric attacks by South African is very disappointing, its time we put South Africa under strong economic sanctions, first it was the minority White people now its African. Either Cyril get his people in line or we pull out all our investments and they learn.”",false
train_1777,"No Americans are exposed to air pollution above the World Health Organization’s suggested level.",false
train_1778,"The USA now has, under Trump, got crystal clean water.",false
train_1779,"91% of the world’s population is exposed to air pollution above the World Health Organization’s suggested level.",true
train_1780,"America has the cleanest and safest air and water",false
train_1781,"Thomas Jefferson Said ""Freedom is lost gradually from an uninterested, uninformed and unresponsive people.",false
train_1782,"The last time people created a Hollywood blacklist, people ended up killing themselves. They were accused, and they lost their right to work.",true
train_1783,"Democrats in the United States are calling for the Second Amendment to be repealed.",false
train_1784,"A new EU withdrawal bill allows the EU to choose the length of a further Brexit extension and the UK has no say in it.",false
train_1787,"Dan McCready, a Democratic candidate standing in the special election for North Carolina’s 9th Congressional District, is a socialist.",false
train_1788,"Author Theodor Seuss Geisel once said, “Be who you are and say what you feel, because those who mind don’t matter and those who matter don’t mind.”",false
train_1789,"Life expectancy in the UK is falling",false
train_1790,"America has more governors who’ve worn blackface than black governors",true
train_1791,"Getting up too quickly in the middle of the night can cause sudden death.",false
train_1793,"contraceptive pills destroys the fertility system within 72 hours",false
train_1794,"I-Pill contains arsenic.",false
train_1795,"Former top cop Mumbai Police Commissioner Ahmed Javed a 1980-batch IPS officer had only taken Rs 1 salary throughout his 36 years tenure.",false
train_1796,"Arsenic is present in the unwanted 72 contraceptive pill.",false
train_1798,"Crimea was taken away from President Obama.",false
train_1799,"Canada’s Liberal Finance Minister Bill Morneau is related to the Royal Canadian Mounted Police (RCMP) High Commissioner Brenda Lucki",false
train_1800,"Florida’s red flag gun law has been used about five times a day.",true
train_1801,"Former U.S. President Barack Obama wanted Russia to be out of the G-8.",true
train_1802,"Obama's motivation for wanting Russia out of the G8 was the Russian annexation of Crimea.",true
train_1804,"The rupee is now lower than even the Bangladeshi taka",false
train_1805,"As the main importer of Chinese goods, India should stop all trade ties with Beijing.",false
train_1806,"Japan has refused to import even a needle from US as a mark of patriotism as Americans had nuked Hiroshima and Nagasaki in 1945.",false
train_1808,"PLATO SAID, ‘YOU CAN DISCOVER MORE ABOUT A PERSON IN AN HOUR OF PLAY THAN IN A YEAR OF CONVERSATION’?",true
train_1809,"Proscribed indigenous leader of Biafra, Nnamdi Kanu ordered members of the Indigenous People of Biafra (IPOB) to arrest the Nigerian president and hand him over to the Japanese authorities.",true
train_1811,"An old Nokia 3310 phone found in a drawer after 20 years with 70% battery remaining",false
train_1812,"President Donald Trump can force US firms out of China.",true
train_1813,"40% of NI Unionists are happy about a potential trade border in the Irish Sea.",false
train_1815,"West Virginia highways move up twenty places in the U.S national highway system to place sixteenth, and affirms all the hard work we do on our states roads.",true
train_1816,"The 5G radiation is bad for humans.",false
train_1817,"Donald Trump's fuel efficiency plan would reduce the cost of cars “by more than $3000” and make them “substantially safer.”",false
train_1818,"A 5G test in the Netherlands resulted in the death of 297 birds.",false
train_1819,"President Trump wanted the USA to buy Greenland from Denmark.",true
train_1820,"In the US, medical bills drive half a million people into bankruptcy every year.",false
train_1822,"The UK has lost its measles free status just three years after the virus was eliminated.",true
train_1823,"Trump has challenged Nevada’s new state election law - that requires mail-in ballots to be sent to all active voters amid the coronavirus pandemic - in court. Nevada’s Republican Secretary of State has asked the judge to dismiss the Trump lawsuit.",true
train_1824,"Former British Prime Minister Winston Churchill said, 'Courage is what it takes to stand up and speak; courage is also what it takes to sit down and listen'.",false
train_1825,"Andrew Jackson said “One man with courage makes a majority.”",false
train_1826,"Pennsylvania just opened up a $10 billion plant, during the presidency of Donald Trump, this would never normally have happened because they wouldn't have allowed them to frack.",false
train_1827,"TRUMP SAID Earlier this month, the U.S. government officially labeled China for the first time ever a currency manipulator — another promise kept.",true
train_1828,"TRUMP said If he was a great president (barack Obama), how come he left me 138 judges to appoint when everybody said that’s the single most important thing a president of the United States has to do?",false
train_1829,"""wealthy people in Canada donate to hospitals"" to get better health care treatment.",false
train_1830,"Robert Sweet, a federal judge who was overseeing a civil case against Jeffrey Epstein was killed.",false
train_1831,"The push by Assembly Democrats seeking Americans with Disabilities Act accommodations for a lawmaker were timed to make Vos look bad.",false
train_1832,"Professor HC Verma still drives an old scooter.",false
train_1833,"Eminent Physics professor HC Verma donates Rs 1 crore to PM relief fund and for charity.",false
train_1834,"Professor HC Verma,  gets Rs 1 cr as royalty per year for his book ""'Concepts of Physics'",false
train_1836,"CNN's Chris Cuomo exploded at a man who called him fredo.",true
train_1837,"Would Florida assault weapon law amendment proposal ban virtually all guns?",false
train_1838,"Britons have spent £4bn stockpiling goods in case of no-deal Brexit.",true
train_1839,"U.S. Attorney General William Barr made a secret visit to the Manhattan jail where Jeffrey Epstein was being held just two weeks before the accused sex trafficker was found dead in his cell",false
train_1840,"Attorney General William Barr visited the prison where accused sex trafficker Jeffrey Epstein was being held.",false
train_1841,"In the weeks following El Paso and Dayton, evidence of an impending mass shooting spread on Snapchat and iMessage.",false
train_1842,"Jean Monnet said a European superstate should be created without the understanding of European people.",false
train_1843,"Donald Trump said that he 'did criminal justice reform, which President Obama could not get approved...'",false
train_1844,"Democratic Republicans  Alexandria Ocasio-Cortez and Ilhan Omar have vowed to take benefits like Social Security and Medicare away from senior citizens.",false
train_1845,"Olive Garden restaurant chain  are funding trumps 2020 campaign.",false
train_1846,"Abortion is never medically necessary.",false
train_1847,"The Nigerian Embassy in The Democratic Republic of Congo (DRC) has been ejected from its premises.",false
train_1848,"Social Security beneficiaries count on the US post office to get their checks.",false
train_1849,"Supreme Court Justice Ruth Bader Ginsburg has suffered a massive stroke.",false
train_1850,"White supremacy is a hoax and ""not a real problem in America.""",false
train_1851,"Plane crashes resumed after FFK’s tenure as Minister of Aviation.",true
train_1853,"Five plane crashes with a death toll of 453 were recorded the year before Femi Fani Kayode became Nigeria’s Minister of Aviation.",false
train_1854,"Just like Omoyele Sowore, a Nigerian human rights activist, President Muhammadu Buhari called for a revolution in 2011.",true
train_1855,"Mental illness is main driver of mass shootings says Donald trump when talking about the shootings in Texas and Ohio that killed 31 people.",true
train_1856,"Donald Trump said, ""Last year - 2018, we prosecuted a record number of firearms offenses.""",true
train_1857,"Republicans voted to allow people with pre-existing mental illness to buy firearms.",true
train_1858,"The common theme with mass shooters is that the assailants were on psychotropic drugs.",false
train_1859,"AG William Barr Tweets Odds Of Mass Shootings In Hometowns Of 2 Democrat Presidential Candidates Are 250 Billion To 1",false
train_1861,"Police stopped a mass shooting in Omaha, NE, in early August 2019",false
train_1862,"Police stopped a mass shooting in Des Moines, IA, in early August 2019",false
train_1863,"President Buhari approves the creation of state police.",false
train_1864,"""in a city of almost 700,000, we had five murders the entire year. Our average over the last 10 years is 18 (murders per year). We exceeded that average just on one day"" after a gunman opened fire at a Walmart in the city.",true
train_1865,"Social media videos claim that Clearblue pregnancy tests contain a type of morning-after pill called Plan B.",false
train_1867,"George Washington said “It will be found an unjust and unwise jealousy to deprive a man of his natural liberty upon the supposition he may abuse it.”",false
train_1868,"Zomato's Sales Have  Dropped By 60% In 10 Hours",false
train_1869,"News report claims that Ghana has been named the second most corrupt country in Africa by Transparency International (TI).",false
train_1870,"Telecommunications company Airtel Nigeria is giving away 500,000 iPhones.",false
train_1871,"Leaves of sweet potatoes can kill cancer.",false
train_1872,"Joe Biden, whilst vice president, said the Obama administration had passed the criminal justice reform bill.",true
train_1873,"In an op-ed, then-sen. Joe Biden wrote that he believed that women working outside the home would, quote, ""create the deterioration of family."" He also said that women who were working outside the home were, quote, ""avoiding responsibility.""",false
train_1874,"Rodrigo Duterte changed his position again on opening in-person classes amid the coronavirus 2019 pandemic.",true
train_1875,"The City of New York could not proceed with the case of murder of Eric Garner because the Justice Department was pursuing its prosecution.",false
train_1876,"Companies like Amazon that made billions in profits did not pay one nickel in federal income tax",false
train_1877,"As governor of Colorado, John Hickenlooper created the No. 1 economy in the country.",false
train_1879,"500,000 Americans are sleeping out on the street",false
train_1880,"In 1988 Bernie Sanders lost an election because he called for the ban of the sale and distribution of assault weapons.",true
train_1881,"Pinning Down Prescription Drug Prices",true
train_1882,"87 million Americans are uninsured or underinsured",true
train_1883,"Albert Einstein once said, “Art is standing with one hand extended into the universe and one hand extended into the world, and letting ourselves be a conduit for passing energy.”",false
train_1884,"The health-care industry made $100 billion in profits last year",true
train_1885,"Pro-Kremlin Pundit Blames Demonstrators for Police Crackdown on Moscow Protest",true
train_1887,"Ancient Roman politician Marcus Tullius Cicero once said, “The Budget should be balanced, the Treasury should be refilled, public debt should be reduced.”",false
train_1888,"Hitesh Mulchandani was burnt to death.",false
train_1890,"More than half of death row prisoners are people of color",true
train_1891,"Robert S Mueller's investigation into Russia’s interference in the 2016 presidential election took over 2 years and cost over £25 million.",true
train_1892,"Prime Minister Justin Trudeau took two billion dollars from Canada’s retirement fund in order to give it to housing projects in India.",false
train_1893,"Robert S Mueller can't provide evidence that his investigation into  Russia’s interference in the 2016 presidential election reached a conclusion.",false
train_1894,"The European Union asked for a 100 billion euro settlement for the UK to leave the EU.",false
train_1895,"An exercise being done in a video can cure heart blockage and back pain in 7 days",false
train_1897,"President Trump fully co-operated with the investigation into Russian interference in the 2016 U.S presidential campaign.",false
train_1898,"Robert Mueller applied and was interviewed for the job of FBI director the day before he was appointed Special Counsel.",false
train_1899,"The Trump campaign welcomed and made full use of Russian intervention  in the 2016 U.S presidential election.",false
train_1900,"A dossier by former British intelligence officer Christopher Steele containing contacts between Russian officials and members of the Trump campaign started the investigation into Russian interference in the 2016 election campaign.",false
train_1901,"The Baltnews.lv news website is an “independent and not controlled by the state media.”",false
train_1903,"London has no go areas.",false
train_1904,"London has a Muslim mayor.",true
train_1905,"London is now one of the world’s most violent capital cities.",false
train_1906,"Police in Gujarat seized weapons from a mosque.",false
train_1907,"Some government buildings in London are operating under sharia law.",true
train_1908,"More than 450 mosques have opened in London.",true
train_1909,"19th century writer and feminist Margaret Fuller said: Today a reader, tomorrow a leader.",true
train_1910,"Rep. Ilhan Omar ""voted yes"" to ""provide further funding for the 9/11 First Responders Victims Fund",true
train_1911,"Abraham Lincoln said ""America will never be destroyed from the outside. If we lose our freedoms it will be because we have destroyed ourselves from within.""",false
train_1912,"Sen. Rand Paul ""voted no."" to provide further funding for the 9/11 first responders Victims Fund.",true
train_1913,"Is Donna Shalala correct in saying that Children at Homestead migrant facility ""get 30 minutes over a month to talk to family members. If they were in a prison — a federal prison — they would get 300 minutes.""",false
train_1914,"President Donald Trump’s 2020 campaign is selling plastic straws with the president’s name on them.",true
train_1915,"Botswana President was in a Plane Crash",false
train_1916,"Obama ‘Yanked’ Citizenship Question From Census",false
train_1917,"That the Imo state has a debt of over N100 billion",true
train_1918,"Bombardier to open rail car assembly plant in the USA due to Trump’s reduced corporate tax rate.",false
train_1919,"British Airways is giving free tickets to 5,000 people to celebrate its 50th anniversary.",false
train_1920,"Winston Churchill said  “You have enemies? Good. That means you’ve stood up for something, sometime in your life.”",false
train_1922,"If you’re a black woman in America today — in New York City, you’re 12 times more likely to die in childbirth, four times more likely nationwide.",true
train_1923,"French writer and philosopher Voltaire once said, “I may disapprove of what you say, but I will defend to the death your right to say it.”",false
train_1924,"Judge in Epstein Case Found Dead of Apparent Suicide",false
train_1925,"Ukraine’s language law prohibits Russian from being spoken by doctors and teachers.",false
train_1927,"President Muhammadu Buhari has no house in Abuja, Nigeria.",false
train_1928,"Atiku Abubakar chaired a council that “paid off Nigeria's entire debt” in 2006.",false
train_1929,"Former Vice President Atiku Abubakar and His Team Cleared Nigeria’s Entire Debt In 2006.",false
train_1930,"US senator Elizabeth Warren said, ""The law says that mental health must be treated the same as physical health,"" but coverage by health insurers is unequal.",true
train_1931,"George Washington said, ""It is impossible to rightly govern a nation without God and the Bible.""",false
train_1932,"Poltergeist child star Heather O'Rourke was killed by a Hollywood pedophile ring",false
train_1934,"Ireland's national debt was 856 Billion Euros in 2019.",false
train_1935,"The Obama administration in the USA has cut the citizenship question from the US census in 2010.",false
train_1937,"The ACS (American Community Survey) asks about citizenship in the US census every fifth year.",false
train_1940,"If the UK leaves the EU, France and Germany’s economies will collapse.",false
train_1941,"Food stamp participation in America hits 10 year low.",true
train_1942,"Italy owes 1 Trillion.",false
train_1943,"Alexandria Ocasio-Cortez said  ""I’m speaking with myself, number one, because I have a very good brain and I’ve said lots of things.""",false
train_1944,"99.5 per cent of the Australian population is housed, about half a per cent of the population don't have a permanent roof over their head.",true
train_1945,"Microwave Ovens Are Banned In Japan",false
train_1946,"British prime minister Winston Churchill once said, ""A pessimist sees the difficulty in every opportunity; an optimist sees the opportunity in every difficulty""",false
train_1947,"The State of Florida passed a law that makes nudity legal at all public beaches.",false
train_1949,"That Joel Osteen's Ministries charge people for prayers via a ""prayer request account.",false
train_1950,"No European country engages in electronic voting",false
train_1951,"Female soccer players in the U.S are earning less money than male players.",true
train_1952,"Metropolitan police officers took part in the pride parade.",true
train_1953,"US president Joe Biden didn’t support any mandatory minimum prison sentences.",true
train_1954,"In the 1980s and 1990s violent crime was out of control.",true
train_1956,"Biden's crime bill  included Violence Against Women Act, It also included strengthening the Brady Bill on background checks, eliminated assault weapons.",true
train_1957,"The UK is the best country for education in 2019.",false
train_1958,"Joe Biden wrote into the 1994 Crime Bill that anyone arrested for for drug related crimes, who are suffering from drug addictions, should be diverted into drug courts.",true
train_1961,"In 2017, The US had more arrests for marijuana possession  than for all other violent crimes combined.",true
train_1962,"Moscow, Russia, metro allows free rides to commuters for 30 squats",true
train_1964,"Whatsapp has been sold to Mukesh Ambani.",false
train_1967,"Fox News Channel reports that Justice Ruth Bader Ginsburg has suffered massive stroke.",false
train_1968,"Varun Pulani is the director of WhatsApp.",false
train_1969,"A proposed $4.6 billion US emergency aid bill wasn’t humanitarian.",false
train_1970,"US Republican Alexandria Ocasio-Cortez opposed it a proposed $4.6 billion US emergency aid bill, saying it wasn’t humanitarian.",true
train_1971,"President Trump Said ""I Will Pay For July 4 Parade Out Of My Own Pocket""",false
train_1972,"President Trump said “I will pay for July 4 Parade out of my own pocket.”",false
train_1976,"The U.S. is using SWIFT as a political weapon in its foreign policy.",false
train_1979,"Guards had instructed the U.S. Customs and Border Protection detainees to drink water from toilets.",true
train_1980,"We spent just over £1 trillion bailing out the banks after the financial crisis.",false
train_1981,"North Korea blew up the office used for South Korea talks.",true
train_1982,"RSS workers thrash a Dalit woman",false
train_1983,"Section 1325 of the U.S immigration law was ""put into place in 1929, by a segregationist"".",true
train_1984,"President Obama 'begged' to meet with Chairman Kim Jong Un, but Chairman Kim Jong Un refused.",false
train_1985,"BJP Mahila Morcha Leader made offensive remarks asking Hindu brothers to rape Muslim mothers and sisters",true
train_1986,"Migrant children housed at U.S. Customs and Border Protection detention facilities at the border are receiving access to key supplies, including toothbrushes, appropriate meals, blankets, showers as soon as they can be provided and medical screening.",false
train_1987,"Kenya's County governments have allocated on average 6.7 % of their total budgets to the agriculture sector",false
train_1988,"Since 2013, County Governments in Kenya have cumulatively received KSh1.57 trillion worth of the equitable share of the allocation of the consolidated fund revenue budget.",false
train_1989,"Children in U.S. Customs and Border Protection custody are receiving appropriate meals and showers.",false
train_1990,"In 2013 to 2019 the total shareable revenue in Kenya totalled 7.8 trillion shillings, of which 20% or KSh1.57 trillion was transferred to the counties.",true
train_1991,"KSh1.57 trillion is equivalent to 20% of the total shareable revenue of 7.8 trillion shillings.",true
train_1992,"as of 2019, 47 Kenyan counties has met the two-thirds threshold on the appointment of the county executive committee members, with three counties of Kilifi, Nyeri and Kericho attaining a 50-50 representation.",true
train_1994,"In Kenya, since 2013, county governments have cumulatively received Ksh1.57 trillion worth of equitable share of allocation.",true
train_1995,"In Kenya the County Governments’ allocation of 6.7% of their total budgets to the agriculture sector is just 3% less than the 10% recommended allocation for agriculture as per the Comprehensive Africa Agriculture Development Program (CAADP) Malabo declaration.",false
train_1996,"KSh1.57 trillion is equivalent to 20% of Kenya's total shareable revenue of KSh7.8 trillion.",true
train_1997,"In Kenya, the amount of total budgets, allocated for agriculture is just 3% less than the recommended allocation of 10%, as per the Comprehensive Africa Agriculture Development Program (CAADP) Malabo declaration.",false
train_1998,"In Kenya, for the 2018/19 year under review all County Governments allocated at least 20% of their budgets to health.",false
train_1999,"In 2019, each of Kenya's 47 counties met the two-thirds threshold for the appointment of county executive committee members, with Kilifi, Nyeri, and Kericho counties attaining 50-50 gender equality representation.",true
train_2000,"So far, each of the 47 counties has met the two-thirds threshold on the appointment of the county executive committee members, with three counties of Kilifi, Nyeri and Kericho attaining a 50-50 representation.",true
train_2001,"For the year under review all County Governments allocated out of their budgets at least 20% to health.",false
train_2002,"In Kenya, the average development budget allocation by counties over the last six financial years has been 40% surpassing the legal requirement of at least 30%.",true
train_2003,"In Kenya the number of functional health facilities increased from 9,858 to 10,820 in 2018 across all counties.",true
train_2004,"So far, each of Kenya's 47 counties has met the two-thirds threshold for the appointment of the county executive committee members, with three counties (Kilifi, Nyeri, and Kericho) attaining a 50-50 representation.",true
train_2005,"County governments have allocated on average 6.7 % of their total budgets to the agriculture sector.",false
train_2006,"In Kenya, County Governments have allocated on average 6.7% of their total budgets to the agriculture sector.",false
train_2007,"KSh1.57 trillion is equivalent to 20% of the total shareable revenue of 7.8 trillion shillings in Kenya.",true
train_2008,"Since 2013, Kenyan County Governments have cumulatively received KSh1.57 trillion worth of equitable share of allocation.",true
train_2009,"The average development allocation by Kenya's counties over the last six financial years has been 40% surpassing the legal requirement of at least 30%",true
train_2010,"We experienced an increase in the number of functional health facilities growing from 9,858 to 10,820 in 2018 across all counties.",true
train_2011,"In Kenya, county governments have allocated an average of 6.7% of their total budgets to the agriculture sector.",true
train_2012,"In 2018/2019 in Kenya, all county governments allocated at least 20% of their budgets to health.",false
train_2013,"The legal requirement of the Kenyan county government’s budget  allocated to development expenditure is at least 30%.",true
train_2014,"Kenyan County Governments allocated out of their budgets at least 20% to health in the 2018/19 financial year.",true
train_2015,"In Kenya, the average development allocation by counties over the 6 years up to 2019 has been 40%, surpassing the legal requirement of at least 30%.",true
train_2016,"According to Wycliffe Oparanya, there was an increase in the number of functional health facilities growing from 9,858 to 10,820 in 2018 across all counties.",true
train_2017,"The number of functional health facilities, in Kenya, increased from 9,858 in 2017 to 10,820 in 2018 across all counties.",true
train_2018,"Smallpox Treatment MR-VAC Is A Slow Poison For Children",false
train_2019,"Cory Brooker vowed not to take contributions from pharma companies, pharma executives or corporate PAC's before his presidential campaign in 2019",false
train_2021,"Purdue Pharma has had to pay no consequences for their connection to the opioid crisis and overdose deaths in the US",false
train_2022,"HPV vaccine does reduce viral transmission, helping with eventual cervical cancer elimination",true
train_2023,"America has the highest rate of childhood poverty.",false
train_2024,"Cory Booker has accepted over $400,000 from the pharmaceutical industry during his political career.",true
train_2025,"California Rep. Eric Swalwell correct in stating he is 'the only person on this stage who has voted and passed background checks'.",false
train_2026,"The bottom 60 percent of American earners have not had an increase in income since 1980",false
train_2028,"President Trump “immediately discontinued” an aid program to Central America which is the cause of surging immigration across the U.S.-Mexico border.",false
train_2030,"The price of 2,500 drugs has gone up in double digits under Donald Trump's administration",true
train_2032,"The top 1 percent wealthiest control 90 percent of the wealth in the US",false
train_2034,"The CEO of McDonald's makes 2,100 times more than ""the people slinging hash"" at McDonald's",false
train_2035,"Rep. Tim Ryan of Ohio said: “The bottom 60 percent of Americans haven’t seen a raise since 1980.”",false
train_2036,"The reason that they are separating these little children from their families is that they are using Section 1325 of that act, which criminalizes coming across the border to incarcerate the parents and then separate them. Some of us on this stage have called to end that section, to terminate it, some like Congressman O’Rourke have not.",true
train_2039,"""The wealthiest three families now own more wealth than the bottom half of the country.""",true
train_2040,"Sen Cory Booker said when Connecticut enacted a permit-to-purchase gun law, “they saw 40 percent drops in gun violence and 15 percent drops in suicides.”",true
train_2044,"Purdue Pharma has been able to act with complete impunity and pay no consequences for the opioid crisis. Not a single night in jail.",false
train_2045,"Despite what Purdue Pharma has done; their connection to the opioid crisis and the overdose deaths throughout the United States, as of 26/06/2019 they have been able to act with complete impunity and pay no consequences.",false
train_2047,"Kenyan Singer Ringtone Apoko found dead in a waste bin in Karen, Kenya.",false
train_2048,"A group of 15-20 miscreants are on the loose in parts of Malad and Dahisar and asks residents not to open their doors at night if they hear a baby crying outside.",false
train_2049,"Former Kenyan election commissioner Roselyn Akombe has died.",false
train_2050,"More Americans are uninsured today than when US President Donald Trump took office.",true
train_2051,"Russia is not using illegitimate sanctions against Georgia.",false
train_2052,"Ninety percent of the people applying for asylum never show up for their immigration court hearing in the months ahead.",false
train_2055,"Russian Mercenaries in Syria are Private Contractors and They Are Not Engaged in Combat",false
train_2056,"A bridge that collapsed on the Jamnagar-Junagadh highway was only inaugurated three months before its collapse.",false
train_2057,"The Jamnagar Junagarh Highway bridge that collapsed, was inaugurated by PM Modi.",false
train_2058,"Jamnagar-Junagarh highway bridge in India collapsed within 3 months of inauguration.",false
train_2059,"Muslims in Bangalore have named a mosque after Indian Prime Minister Narendra Modi.",false
train_2060,"Founding father of the United States, Patrick Henry said, “It cannot be emphasized too strongly or too often that this great nation was founded, not by religionists, but by Christians; not on religions, but on the gospel of Jesus Christ. For this very reason peoples of other faiths have been afforded asylum, prosperity, and freedom of worship here.”",false
train_2061,"Margaret Hello was phone inventor Alexander Graham Bell’s girlfriend",false
train_2062,"A black woman named Malinda Borden Died when the titanic sank because the life boats were reserved for white people only.",false
train_2064,"Nigeria is top in Africa for suicide.",false
train_2065,"Irish poet and playwright Oscar Wilde once said, “Some cause happiness wherever they go; others whenever they go.”",false
train_2066,"Pakistan cricketers were out till late at night smoking hookah before their match against India which led to their loss",false
train_2067,"Four in ten fathers will not see their children this Father’s Day.",false
train_2068,"Canadian Prime Minister Justin Trudeau is converting to Islam from Christianity.",false
train_2069,"A little girl photographed in a hospital bed receives a dollar for a kidney transplant every time someone shares a Facebook post.",false
train_2070,"Two brands of salt in India, Samnhar refined salt and Tata salt contain high levels of toxic compound potassium ferrocyanide.",false
train_2072,"Presidential Spokesperson Salvador Panelo said that the Filipino fishermen involved in the boat sinking incident in the West Philippine Sea were only hallucinating.",false
train_2073,"School Kids Touching A Soldier's Feet Is From India",false
train_2074,"Sri Lanka has been ranked in the top four most corrupt nations in the world",false
train_2075,"Boris Johnson said a variety of outrageous things about Scotland and its resources.",false
train_2076,"The public sector wage bill continues to rise in Kenya.",true
train_2077,"Kenya's economic growth is well above the sub-Saharan Africa region average growth of 3% and the global average of 3.6%.",true
train_2078,"On 13 June 2019 Kenya’s finance minister Henry Rotich claimed that Kenyas  growth is the highest to have been recorded for the past 8 years.",true
train_2079,"25% of drug users in Nigeria are women",true
train_2080,"""Kenya has been ranked 85th globally in e-commerce uptake.”",false
train_2081,"The domestic Indonesian flight route CI9798 is being Operated by China Airlines.",false
train_2082,"25% of drug users in Nigeria are women",true
train_2083,"On 13 June 2019 Kenya’s finance minister Henry Rotich claimed in 2018 Kenyas economy grew by 6.3%, up from 4.9% in the previous year.”",true
train_2084,"Former health secretary Janette Garin points to Senator Risa Hontiveros as the root cause of the current anomalies involving the Philippine Health Insurance Corporation.",false
train_2085,"This [6.3%] growth is the highest to have been recorded for the past 8 years says Kenya’s finance minister Henry Rotich",true
train_2086,"The public sector wage bill in Kenya continues to rise.",true
train_2087,"”Kenya has been ranked 85th globally in e-commerce uptake.”",false
train_2088,"“This growth is well above the sub-Saharan Africa region average growth of 3% and the global average of 3.6%.”",true
train_2089,"On 13 June 2019 Kenya’s finance minister Henry Rotich claimed that Kenyas  growth is well above the sub-Saharan Africa region average growth of 3% and the global average of 3.6%.",true
train_2090,"Cosmetologists train  eleven times longer than emergency medical technicians",true
train_2091,"Kenya’s excise revenue has declined from approximately 3% of GDP in 2003/04 to about 2% in 2017/18.",true
train_2092,"Kenya's excise revenue has declined from approximately 3% of GDP in 2003/04 to about 2% in 2017/18.",true
train_2093,"Republicans voted against military pay rises",true
train_2094,"“This growth is well above the sub-Saharan Africa region average growth of 3% and the global average of 3.6%.” Kenya",true
train_2095,"Sri Lankan Muslims are demolishing mosques and are converting into Hinduism.",false
train_2096,"About 14.4 million Nigerians are currently on drugs",true
train_2097,"“Excise revenue has declined from approximately 3% of GDP in 2003/04 to about 2% in 2017/18.”",true
train_2098,"Over 2013-2018, the Russian economy has grown by only 3%, i.e. less than 1% per year",true
train_2099,"During the tenure of Nigerian President Jonathan, the inflationary pressure was kept at single digit.",false
train_2100,"The growth of the Russian economy in the decade from 1999 to 2008 averaged 6.9%",true
train_2102,"Nigeria was the number one destination for foreign direct investment during the tenure of President Jonathon.",false
train_2103,"Nigeria has made solid progress in fighting corruption in the past four years",true
train_2104,"Nigeria has made solid progress in the area of economic growth and agriculture and industrial output have recovered since the recession",false
train_2105,"In 2014 in McDowell County, West Virginia, life expectancy for men was 64 years.",true
train_2108,"The U.S. women’s soccer team bring in more revenue but get paid less than the men",true
train_2109,"Mexican drug cartels make £500 billion a year.",false
train_2111,"India's Bharatiya Janata Party workers were killed in West Bengal by 11 Bajrang Dal members.",false
train_2113,"1.5 lakh sub centers and primary health centers being transformed as health and wellness centers (HWCs) to provide comprehensive primary healthcare services.",true
train_2114,"Ayushman Bharat provides comprehensive health coverage up to Rs. 5 lakh per family per year to around 50 crore people.",true
train_2115,"Former Vice President Joe Biden leaked the names of US Navy SEAL Team 6 families to Al Qaeda.",false
train_2116,"Standing next to a mobile phone antenna or staying too long in its vicinity is a radiation risk.",false
train_2117,"Prolonged exposure to radiofrequency radiation from a mobile phone antenna may exceed the recommended guidelines.",false
train_2118,"Three men were hung on a crane and shot for the rape and murder of a 10-year-old boy in Yemen in August 2018",true
train_2119,"Indian Prime Minister Modi launched an initiative for improving women's safety by setting up a helpline number that helps in keeping GPRS track of the vehicle that women are travelling in.",false
train_2120,"Former Minnesota Senator Franken was accused credibly by eight women of groping and forceable kissing, all of which were corroborated in real time.",true
train_2121,"Taylor Swift says most Democrats, independents, Republicans back nondiscrimination for LGBTQ people.",true
train_2123,"Virginia Beach USA mass shooting a ""false flag"" ordered by the ""Deep State"" to distract attention away from the investigation of ""SPYgate""",false
train_2125,"Being vegan for a year saves 3,320kg of CO2.",false
train_2126,"Michael Jordan Said  'I Won't Release Another Shoe Until Black People Unite'",false
train_2128,"In Kenya, over one in 20 children die before their fifth birthday.",true
train_2129,"Bhajan kirtans being organised in Srinagar for the first time in 40 years",false
train_2131,"Abortion is more dangerous now than ever before",false
train_2133,"Trump insisted that the special counsel was totally conflicted",false
train_2135,"Trump said Bill Clinton was found guilty",true
train_2137,"“America is like a healthy body and its resistance is threefold: its patriotism, its morality and its spiritual life. If we can undermine these three areas, America will collapse from within.",false
train_2138,"Literal manure is coming out of taps in some US counties with CAFOs.",true
train_2140,"Alexandria Ocasio-Cortez said the U.S. doesn’t have to worry about Chinese missile attacks because of the difference in time zones between the two countries",false
train_2141,"Javed Akhtar said ""If Narendra Modi becomes the prime minister of India again, then  he and his wife Shabana Azmi and I will leave the country""",false
train_2144,"Robert E. Lee opposed slavery and secession and has come to symbolize both slavery and secession.",false
train_2146,"Most research shows that (UW salaries) are a little behind, and (in) some areas we're behind more than others.",true
train_2147,"Drug Abuse Resistance Education has removed cannabis from its list of gateway drugs.",false
train_2148,"At least 15 men die every day from prostate cancer in Nigeria.",true
train_2149,"$16 billion in US farmer aid will come from China.",false
train_2150,"Video shows House Speaker Nancy Pelosi slurred and slowed during a speech, showing that she is drunk.",false
train_2151,"Journalist Arfa Khanum Sherwani tweet mentioning the Arabic name for the prophet Moses shows sympathy with the slain terrorist Hizbul commander Zakir Musa in Pakistan.",false
train_2154,"Kenyan health minister Sicily Kariuki claimed the Kenyan government  increased the health sector budget by more than 30% between 2017 and 2019.",true
train_2155,"Chris Jacobs is a ""Never-Trumper"", i.e. someone who does not support Donald Trump",false
train_2156,"None of Kinya's ministers asked to step aside in 2015 has made it to court because the allegations that were made against them did not have any basis.",false
train_2157,"Wisconsin's prison population expanded and vacancy rates for correctional officers went from 2.9% to 15.2%"" over the last eight years.",true
train_2158,"Kenyan law says if you are allocated a piece of land, you must develop it within two years. If you do not develop it within two years, it is supposed to revert to government.",true
train_2159,"The Jubilee party had pledged in its manifesto to build 57 mega dams to provide more food and water to Kenyans.",true
train_2160,"The phrase ""high crimes and misdemeanors"" is not defined in the American Constitution.",true
train_2163,"£22 billion was taken out of welfare spending in England between 2010 and 2015.",false
train_2165,"Evil is the result of what happens when man does not have God’s love present in his heart.",false
train_2166,"Joe Biden improperly used his influence as vice president to get Ukraine to sack its top prosecutor, Viktor Shokin, to benefit his son Hunter Biden in 2016",false
train_2167,"The Chinese government put millions of dollars into Biden's family business.",false
train_2168,"There were 25% cuts to local government spending between 2010 and 2015.",true
train_2169,"Poland has lowered its retirement age from 67 to 60.",false
train_2170,"Tariffs are now being paid to the United States by China of 25% on 250 Billion Dollars worth of goods & products. These massive payments go directly to the Treasury of the U.S.",false
train_2171,"The UK’s pension age is going up.",true
train_2172,"Pakistani man sentenced to death for farting in mosque during Ramadan.",false
train_2174,"You inherit your DNA, temperament, tastes, and emotions from your maternal grandmother",false
train_2175,"It is illegal for mayors to even bring up gun reform for discussion in Florida, US.",false
train_2176,"US House Speaker Nancy Pelosi said, “Waiting hours longer in the waiting room will allow you to make new friends.” This is regarding emergency care waits.",false
train_2177,"Ukrainian President Petro Poroshenko is preparing for a third round of presidential elections.",false
train_2178,"Many companies are leaving China so that they will be more competitive for USA buyers.",false
train_2179,"King Mswati III, Africa's last absolute monarch who has 14 wives, has ordered men to have at least two marriages or face jail.",false
train_2180,"U.S Representative Alexandria Ocasio-Cortez says 'trucks are killing America'.",false
train_2181,"NASA spent more than $165 million over 10 years to develop a pen that writes in zero gravity, upside down and in extreme temperatures while the Russians used a pencil instead.",false
train_2182,"A change in US federal policy under the Trump administration,was responsible for a newly operational natural gas export terminal.",false
train_2183,"Liquefied natural gas exports in USA were in decline before Trump took office.",false
train_2184,"More children in Scotland leave school without qualifications than 20 years ago.",false
train_2186,"Caitlyn Jenner was ""pissed"" none of her kids wished her a happy mothers day.",false
train_2187,"There is no reason for the U.S. Consumer to pay the Tariffs, which take effect on China today. This has been proven recently when only 4 points were paid by the U.S., 21 points by China because China subsidizes product to such a large degree.",false
train_2188,"US president Joe biden said ""This idea that the 1994 crime bill generated mass incarceration — it did not generate mass incarceration. If you go back and look, the black caucus supported the bill""",true
train_2189,"Jailing parents was an unintended consequence of a 2010 state truancy law Kamala Harris sponsored.",true
train_2190,"Barack Obama did not release his tax returns.",false
train_2191,"Gombe state had a debt profile of N110 billion as at December 2018.",false
train_2192,"Kirsten Gillibrand in 2005 ran on Medicare for all.",true
train_2193,"The US have lost 500 Billion Dollars a year, for many years, on Crazy Trade with China.",false
train_2194,"The Covi-19 fatality rate in Scotland is 13.9%, the same as in Italy.",true
train_2195,"England is easing the lockdown.",false
train_2196,"Prakash Javadekar, Human Resource and Development Minister of India, said, ""Cyclone Fani Was An Indicator Of A Modi Wave.""",false
train_2197,"China hurts U.S. farmers by not buying their produce.",true
train_2198,"Joe Biden tried to cut Social Security and Medicare for decades. … Now Biden’s promising your benefits to illegal immigrants.",false
train_2199,"Ondo state’s monthly IGR has increased to over N1.5 billion.",true
train_2200,"US Suicides have risen by 30% in 15 years.",true
train_2201,"US President Donald Trump says four hundred miles of wall are getting built along the US-Mexico border.",false
train_2202,"Texas leads in the number of Confederate monuments removed from public land.",true
train_2203,"7,182 students have been killed in U.S. schools since 2012",false
train_2204,"Puerto Rico has been given $91 billion by US congress for Hurricane Disaster Relief in March 2019",false
train_2205,"70% of Americans in poverty are white.",false
train_2206,"Ilhan Omar said If Israel Is So Innocent, Then Why Do They Insist On Being Jews?",false
train_2207,"The South African freedom fighter, Solomon Mahlangu, was killed by the man who started the Democratic Alliance (DA), the country's official opposition.",false
train_2208,"In 2010, U.S. Rep Maxine Waters steered $12 million in Troubled Asset Relief Program (TARP) funds to her husband’s private bank account. She was indicted but served no time",false
train_2210,"If the Congress Party comes to power in India, then it will waive off the entire bill of patients who die in any government or private hospital.",false
train_2211,"Nelson Mandela said 'When a woman rejects a man of vision, and accept [sic] a man with television, she will end up watching the man of vision on her own husband's television,” it reads.   “Don't judge a man by his pocket but judge him by his vision. Because where a man is going in life is more important than his present condition.”",false
train_2212,"US Interior Secretary Ryan Zinke ordered a special flag to be raised whenever he entered the building.",true
train_2213,"Nigeria has the highest number of out-of-school children in sub-Saharan Africa.",true
train_2215,"Boy died due to birthday bumps",false
train_2216,"More than 10.2 million children are out of school in Nigeria.",false
train_2217,"William Barr, the US Attorney General's testimony lacked context in investigation into Russian interference in the 2016 presidential campaign.",true
train_2219,"A Facebook meme claims  five House Republicans voted with Democrats to create a “firearms registry.”",false
train_2220,"Salman Rushdie said that 99% of Muslims are terrorists by thought.",false
train_2221,"Joe Biden was one of the first to introduce a climate change bill to the US Houses of Congress.",true
train_2222,"Singapore's prime minister has one of the highest salaries of any world leader.",true
train_2223,"US  Attorney General William P. Barr mischaracterized special counsel Robert Mueller's remarks about his office's decision not to reach a determination about  whether President Donald Trump had committed obstruction of justice. This issue referred to Russia's attempts to damage Hillary Clinton's presidential campaign.",true
train_2224,"Kenyans with old generation passports will still be issued with U.S visas.",false
train_2225,"A million Australians are doing two jobs.",true
train_2226,"The Mortality Rate for Road Accidents Drops in Russia.",true
train_2227,"A million Australians are underemployed.",true
train_2228,"US president claims that the $2 Trillion tax cut did not benefit most people as it all went to the folks at the top and corporations that pay no taxes.",false
train_2229,"IN 2017 61 PERCENT OF DRUG OVERDOSE DEATHS IN THE US STATE OF DELAWARE INVOLVE THE DRUG FENTANYL",true
train_2230,"Viral image quotes Joe Biden as saying the Germans Bombed Pearl Harbour.",false
train_2232,"Photo shows Kanhaiya Kumar pulling out of election due to health reasons, appeals to vote for RJDs Tanvir Hasan",false
train_2233,"Sadhvi Pragya said Manohar Parrikar died of cancer because he allowed the consumption of beef in Goa",false
train_2234,"Fee-paying schools save the UK taxpayer £20 billion.",false
train_2235,"Drinking Tequila helps to loose weight.",false
train_2236,"Donald Trump said that there were very fine people on both sides of the violent protests in 2017, at Charlottesville.",true
train_2237,"A Facebook post claims that Joe Biden has run for President 3 times (1984, 1988, and 2008).",false
train_2238,"A CIA survey, published by the BBC, has predicted the NDA's defeat in the ongoing Lok Sabha polls",false
train_2239,"The Russian government has no desire to create problems for the new Ukrainian government but to tolerate a situation in which people living in the territory of these Donetsk and Luhansk republics are generally deprived of any civil rights. This is already crossing the line from the point of view of human rights.",false
train_2240,"There is more bacteria found in a mans beard than in a dogs fur.",true
train_2241,"You've got millions of families paying 40, 50, 60% of their limited incomes to put a roof over their heads",true
train_2242,"Donald Trump says In the ‘old days’ if you were president and you had a good economy, you were basically immune from criticism",false
train_2244,"North Carolina has banned and criminalized Islamic Sharia Law",false
train_2245,"The enumeration clause of the US Constitution speaks to the count of every individual and not just Americans, not just citizens. It’s everyone.""",true
train_2246,"Ken Kercheval is not dead at 83",false
train_2247,"In my own state of Vermont, from the very first days of our state's history, what our Constitution says is that everybody can vote. That is true. So people in jail can vote.""",true
train_2248,"74% of the people in Texas are crammed into 4% of the land.",true
train_2249,"India's Congress President Rahul Gandhi has apologised to India's Supreme Court for saying Chowkidar Chor Hai  in relation to the Rafale aircraft deal.",true
train_2250,"Elizabeth Warren says she warned about the financial crisis before it happened",true
train_2251,"Pragya Singh Thakur, better known as Sadhvi Pragya, (Indian politician and Member of Parliament), was 4 years old when the Babri Mosque was demolished.",false
train_2252,"An image shows litter left by Extinction Rebellion environmental protestors in Hyde Park.",false
train_2253,"Ilhan Omar tweeted “they reap what they sow” in response to the fire at Notre Dame Cathedral in Paris.",false
train_2254,"With repeated use of vaccines, cell-mediated immunity weakens, encouraging viral mutations, and future infections of the cells.",false
train_2255,"The South African Government have recently built 4 million houses.",false
train_2257,"Ramaphosa promised to build 1 million in Alexandra.",false
train_2258,"There were Muslim ties to the Notre Dame fire.",false
train_2261,"Bumblebee has officially been added to the ever-growing list of endangered species",true
train_2262,"The War Powers Act has been invoked for the first time.",true
train_2263,"The United States has ""three families owning more wealth than the bottom half of the American society.",true
train_2265,"The United States has three families owning more wealth than the bottom half of the American society.",true
train_2266,"Bernie Sanders' Medicare-for-all will save Americans money.",true
train_2268,"Amazon, owned by the wealthiest person in this country, paid zero in federal taxes.",true
train_2269,"Pat Robertson claimed that the Notre Dame cathedral fire on April 2019 was the result of ""Hell bubbling over with burning homosexuals""",false
train_2270,"Unemployment in Germany is 3.1, percent, In Japan it's 2.8 percent, In the U.K., it's a hair higher than us.",true
train_2271,"Unemployment in Germany is 3.1%. In Japan it's 2.8%. In the UK, it's a hair higher than the US.",true
train_2274,"Barack Obama wrote ""If the political winds should shift, I will side with the muslims"" in his book titled ""Audacity of Hope"".",false
train_2275,"Canadian Prime Minister begs Nigerian President for one million immigrants",false
train_2276,"Republicans rushed to repeal law preventing the mentally ill from buying guns in 2017",true
train_2277,"Barkha Dutt, an Indian television journalist and author, called India's Bharatiya Janata Party anti-Muslim.",false
train_2278,"Bill to expand access to college tuition for military families blocked by New York Democrats after they approved aid for illegal immigrants.",true
train_2280,"Kenya’s deputy president Ruto said ‘We put it in our manifesto, to construct 57 mega dams…”",true
train_2281,"“In health care, we have to deal with the fact that if you’re a black woman in America today — in New York City, you’re 12 times more likely to die in childbirth, four times more likely nationwide.",true
train_2282,"None of the ministers the Kenyan Government asked to step aside in 2015 went to court because the allegations that were made against them did not have any basis.",false
train_2283,"85% of Kenya is arid and semi-arid.",true
train_2284,"Special Trains from Hyderabad were provided to facilitate people going to Andhra Pradesh for the AP Elections, in 2019.",true
train_2285,"BBC Poll Shows BJP Win Between 323 To 380 Seats In The 2019 General Elections",false
train_2286,"The Kenyan Government put  the construction of 57 large scale dams in their 2017 manifesto.",true
train_2287,"If you’re a black woman in America today — in New York City, you’re 12 times more likely to die in childbirth compared to a White woman and four times more likely nationwide.",false
train_2288,"The Kenyan law states that if you are allocated a piece of land you must develop it within two years or it reverts to the government.",true
train_2290,"None of the allegations made against Kenyan government ministers in 2015 made it to court.",false
train_2291,"Kenya’s deputy president, Ruto, asked six ministers in the last term to step aside.",true
train_2292,"Kenya’s deputy president Ruto said “None of [the dropped ministers] even made it to court because the allegations that were made [against them] did not have any basis.”",false
train_2293,"Like every budget passed by the Senate since Dan Patrick has been lieutenant governor, Senate Bill 1 is within the spending limit set by the Texas Constitution.",true
train_2294,"Housing costs are crushing the middle class. Over 11 million Americans are spending more than half of their income on housing.",true
train_2295,"Hyderabad Police seized Rs 8 crore cash withdrawn from BJP’s bank account.",true
train_2296,"William Shakespeare wrote “I always feel happy, you know why? Because I don’t expect anything from anyone. Expectations always hurt. Life is short, so love your life, be happy. And keep smiling. Just live for yourself and before you speak, listen. Before you write, think. Before you spend, earn. Before you pray, forgive. Before you hurt, feel. Before you quit, try. Before you die, live.”",false
train_2297,"Russian President Vladimir Putin has said more than once that for settling the conflict in Donbass the most important thing is not dialogue with Moscow, because Moscow is not a party to this conflict. It is an intra-Ukrainian conflict and it is up to the Ukrainians to settle it, if they talk to each other.""",false
train_2299,"The 2008 United States election was the first election in which voters of color comprised over 25 percent of the electorate, and that number is going up.",true
train_2300,"African-American women inmates in Caifornia prisons are sterilized to cut welfare costs in California.",false
train_2301,"NATO Caused the Crisis in Libya with terrorism, weapons smuggling and illegal immigration beginning after the 2011 NATO intervention.",false
train_2302,"Prime Minister Scott Morrison says an electric vehicle can't tow a boat or trailer.",false
train_2303,"Kenya is outperforming the average global growth",true
train_2304,"In 2018, provisional estimates show the Kenyan economy grew by 6.1%",true
train_2305,"Kenya's broad-based economic growth averaged 5.6% over the last five years",true
train_2306,"US is now visa-free for Ghanaians without criminal records: stay of no more than 30 days allowed.",false
train_2307,"The number of electricity connections in Kenya rose from 2.2 million in March 2013 to 7.1 million in March 2019.",true
train_2308,"Joe Manchin was the only member of the Senate who has consistently voted against efforts to use the 'nuclear option' to change the rules of the Senate.",true
train_2309,"Previous claims that one or two drinks a day might protect against stroke are not true.",true
train_2310,"Forty percent of Americans say they don’t have enough cash to cover a $400 emergency expense.",true
train_2311,"3.881 million tonnes of cargo have been transported on the standard-gauge railway line in Kenya since its inception.",true
train_2312,"“Forty percent of Americans say they don’t have enough cash to cover a $400 emergency expense.""",true
train_2313,"The number of electricity connections in Kenya rose from 2.2 million in March 2013 to 7.1 million as at March 2019.",true
train_2314,"In 2018, provisional estimates show the Kenyan economy grew by 6.1%.",true
train_2315,"Kenya’s average economic growth of 5.6% over the last five years outperformed the average global growth.",true
train_2316,"Over 175,000 Kenyans have already registered under the voluntary scheme known as ‘boma yangu.",true
train_2317,"Kenyatta administrations broad-based economic growth averaged 5.6% over the last five years.",true
train_2318,"Since its inception 3.881 million tonnes of cargo have been transported on the standard-gauge railway line in Kenya.",false
train_2319,"In 2018 provisional estimates show the Kenyan economy grew by 6.1%.",true
train_2320,"2.5 million passengers have travelled using Madaraka Express since its inception in Kenya in May 2018",true
train_2321,"As of 2019 the rate that the Kenyan economy grew at a pace that outperformed the average global growth.",true
train_2322,"Over 175,000 Kenyans have already registered under the voluntary scheme known as boma yangu.",true
train_2323,"Kenya's agressive push of its universal access to basic education agenda has in 2019 seen Kenya achieve a 100% transition rate.",false
train_2324,"As of April 20 2019 over 175,000 Kenyans have already registered under the voluntary scheme known as boma yangu.",true
train_2325,"Kenyatta administrations aggressive push of this [universal access to basic education] agenda has this year seen us achieve 100% transition rate.",false
train_2326,"In Kenya over the last six years the number of electricity connections increased from 2.2 million in March 2013 to 7.1 million as at March 2019.",true
train_2327,"Over 175,000 Kenyans have registered under the voluntary housing allocation scheme known as boma yangu.",true
train_2328,"As of 2019 Kenya's broad-based economic growth averaged 5.6% over the last five years",true
train_2329,"Since April 2013, more than KSh1.7 trillion shillings have been transferred to the Kenyan counties.",false
train_2330,"Kenya's broad-based economic growth averaged 5.6% over the last five years as of 2019 under President Uhuru Kenyatta",true
train_2331,"The micro, small and medium enterprises sector employs approximately 14.9 million Kenyans.",true
train_2332,"Kenyan broad-based economic growth averaged 5.6% over the last five years.",true
train_2333,"Since its inception 3.881 million tonnes of cargo have been transported on the standard-gauge railway line in Kenya",false
train_2335,"Kenya's economic growth averaged 5.6% across the five years 2013 to 2017.",true
train_2336,"The micro, small and medium enterprises sector employs approximately 14.9 million Kenyans.",true
train_2338,"Kenya's broad-based economic growth averaged 5.6% over the last five years.",true
train_2339,"2.5 million passengers have travelled using Madaraka Express since its inception in May 2017.",true
train_2340,"In 2018, provisional estimates show the Kenyan economy grew by 6.1%.",true
train_2342,"The micro, small and medium enterprises sector employs approximately 14.9 million Kenyans.",true
train_2343,"The micro, small and medium enterprises (MSME) sector employs approximately 14.9 million Kenyans.",true
train_2344,"Kenya's economic growth (an average of 5.6% over 2013 to 2017) outperformed the global average.",true
train_2345,"Since April 2013, more than KSh1.7 trillion shillings has been transferred to the counties of Kenya",false
train_2346,"The micro, small and medium enterprises sector employs approximately 14.9 million Kenyans.",true
train_2347,"In Kenya 2.5 million passengers have travelled using the Madaraka Express since its inception in May 2018.",true
train_2348,"Kenyatta's aggressive push of the universal access to basic education agenda has as of 2019 seen Kenya achieve 100% transition rate",false
train_2350,"Over 175,000 Kenyans have already registered under the voluntary scheme known as Boma Yangu.",true
train_2352,"Kenya's aggressive push of this [universal access to basic education] agenda has this year seen us achieve 100% transition rate",false
train_2353,"In 2018, provisional estimates show the Kenyan economy grew by 6.1%.",true
train_2354,"2.5 million passengers have travelled using Madaraka Express since its inception in May 2018.",true
train_2355,"Kenyan economy outperformed the average global growth the five years between 2013 and 2017.",true
train_2356,"The micro, small and medium enterprises sector employs approximately 14.9 million Kenyans.",true
train_2357,"Kenya has made tremendous gain over the last six years, with the number of electricity connections rising from 2.2 million in March 2013 to 7.1 million as at March 2019.",true
train_2358,"Kenya has made tremendous gains over the last 6 years, with the number of electricity connections rising from 2.2 million in March 2013 to 7.1 million as at March 2019.",true
train_2359,"Over 175,000 Kenyans have already registered under the voluntary housing scheme known as ‘boma yangu.",true
train_2360,"Over 175,000 Kenyans have already registered under the voluntary scheme known as boma yangu.",true
train_2363,"Kenya is outperforming the average global growth.",true
train_2364,"The Kenyan government’s push of the universal access to basic education agenda has seen a 100% transition rate from primary to secondary school being achieved in 2019.",false
train_2365,"in Kenya, installed capacity (Installed capacity is the capacity of all the power plants if they run at 100%.) has increased from 1,768 MW in March 2013 to the current 2,712 MW.",true
train_2366,"2.5 million passengers have travelled using Kenyan Madaraka Express since its inception in May 2018.",true
train_2367,"Since April 2013, more than KSh1.7 trillion shillings has been transferred to the counties.",false
train_2368,"Kenya's Installed capacity has increased from 1,768 MW in March 2013 to the current 2,712 MW",true
train_2369,"The Kenyan economy grew 6.1% in 2018.",false
train_2372,"Not all North Caroline teachers get a duty free lunch break.",true
train_2373,"The UAE has banned three-month tourist visas for Nigerians",false
train_2374,"NATO States Sending Ukraine’s Navy ‘Junk’ Vessels",false
train_2375,"More than 6 lakh high-risk pregnancies identified.",true
train_2377,"80.63 lakh pregnant women immunized",true
train_2379,"80.63 lakh pregnant women have been immunized in India by August 2018.",true
train_2380,"India has validated elimination of maternal and neo-natal tetanus in May 2015, before the global target of December 2015.",true
train_2381,"3.15 crore children vaccinated in India by August 2018.",true
train_2382,"Donald trump claims Mexico only this week started to detain thousands of Central Americans at its southern border.",false
train_2383,"Puerto Rico got 91 Billion Dollars for the hurricane, more money than has ever been gotten for a hurricane before.",false
train_2384,"Democratic Rep. Alexandria Ocasio-Cortez said, “Attorneys don’t know much about the law as lawyers do and Ben Shapiro is just an attorney. So, yeah.”",false
train_2385,"Mission Indradhanush (ensuring full immunisation with all available vaccines for children up to two years of age and pregnant women), has completed four phases covering 528 districts in India.",true
train_2386,"US senators being consulted about circuit court judicial nominees in their home states was a long standing requirement.",true
train_2390,"Since 1973 the income of the bottom 90% of Americans didn't budge.",false
train_2391,"During Ukraine's presidential election in 2019, the current electoral process bypassed the Donbas side, and no presidential election will be held, polling stations are open only on the territory of Donetsk and Luhansk regions controlled by Kyiv.",false
train_2392,"L.A Rapper YG Shot 4 Times In Drive By Shooting",false
train_2394,"President Donald Trump wants to abolish the pre-existing conditions protections within the U.S Affordable Care Act (ACA).",true
train_2396,"When Winston Churchill was asked to cut arts funding in favour of the war effort, he simply replied, ‘then what are we fighting for?",false
train_2397,"United Nations Secretary-General Antonio Guterres has called on Nigeria to ""start teaching the Biafran anthem to your citizens now"".",false
train_2399,"The House of Commons has little more than 635 employees.",false
train_2400,"19% of WVians rely on SNAP,"" or food stamps.",false
train_2401,"This year alone, MPs have cost the British taxpayer £92,993,748 in expenses.",false
train_2403,"The U.S. has created 5.5 million new jobs, including 600,000 brand new manufacturing jobs, since Donald Trump's election. Nobody would have believed that was possible.",false
train_2404,"The US Trump administration passed massive tax cuts, the biggest in the history of the country",false
train_2405,"President Donald Trump will get full funding of $300 million for the Great Lakes Restoration Initiative, which the program has been waiting 30 years for.",false
train_2406,"In the US, more manufacturing jobs were created in 2018 than any year in 21 years",true
train_2407,"President Donald Trump revitalizing automobile industries that were decimated before he took office.",false
train_2409,"There is an agreement on real time information sharing between India and Switzerland.",true
train_2410,"Bluegill fish are responsible for over 500 peoples deaths in the United States of America every summer.",false
train_2411,"America's Fox News shows beat their average performance, as their CNN and MSNBC counterparts plunged on March 26 and 27, 2019.",true
train_2412,"Founding father Thomas Jefferson said, “A government big enough to give you everything you want is strong enough to take everything you have.”",false
train_2414,"Since US President Trump's election in November 2016, 5.5 million new jobs have been created.",true
train_2417,"The U.S. Immigration and Customs Enforcement (ICE)  removed thousands of  gang members",true
train_2418,"The US Great Lakes Initiative is to receive full funding of $300 million after a more than 30 years wait.",false
train_2419,"In 2018, US drug prices  declined for the first time in 46 years.",false
train_2422,"Uganda’s President Yoweri Museveni said trees in Finland can take 120 years to mature.",true
train_2423,"“In 2017, there were more marijuana arrests in this country than all violent crime arrests combined.”",true
train_2424,"“Jokowi administration offers Bogor city to China.""",false
train_2425,"In 2017, there were more marijuana arrests in this country than all violent crime arrests combined.",true
train_2426,"Robert Soros (Son of George Soros) is married To Sister of Adam Schiff.",false
train_2427,"In 2017, there were more marijuana arrests in the US, than all violent crime arrests combined.",true
train_2428,"Police in Thailand can issue fines to anyone who does not wear a face mask in public during the novel coronavirus pandemic.",false
train_2429,"President Trump immediately dropped American sanctions against Russia after his election,",false
train_2430,"Prime Minister Narendra Modi tops the list of 50 most honest politicians that was released in the USA.",false
train_2431,"Nudist beach to open soon on Lake Texoma in Marshall County.",false
train_2432,"South Africa’s official opposition party, the Democratic Alliance (DA), launched its election manifesto in Johannesburg on 23 February 2019.",true
train_2433,"Eight Democratic candidates ‘boycott’ the AIPAC conference",true
train_2434,"In summary of Robert Mueller's report Bill Barr concludes that Special Counsel Robert Mueller stated, ""while this report does not conclude that the President committed a crime, it also does not exonerate him.”",true
train_2435,"The Council on American-Islamic Relations was founded in response to 9/11.",false
train_2436,"An estimated 1 million people marched for a People's vote on Saturday 23rd March.",false
train_2437,"CAIR was founded after 9/11, because they recognized that some people did something and that all of us were starting to lose access to our civil liberties",false
train_2438,"The 2019 DMK parliamentary Manifesto says that: ‘People occupying encroached Temple lands will be regularized and ownership transferred’, ‘Encroached Wakf properties will be reclaimed and handed over to wakf’",false
train_2439,"America’s life expectancy has declined for the last three years in a row, the first time in a hundred years, because of surges in suicides and drug overdoses.",true
train_2440,"The UK and US have exported no vaccines.",false
train_2441,"American middle schools caught forcing students to do Muslim prayers 5 times a day.",false
train_2444,"Women in Russia get paid less than men for the same work.",true
train_2445,"United States G.D.P is above 3 percent for the first time in fourteen years but the press took odd months and said it was 2.9.",false
train_2446,"For four years President Obama budgeted for zero upgrades to U.S tanks which affected U.S military readiness and slashed the work force by sixty percent at manufacturing plants in Lima, Ohio.",false
train_2447,"The Insolvency and Bankruptcy Code has led to significant results in India.",false
train_2448,"The gross domestic product grew 3.1 percent in 2018, after adjusting for inflation.",true
train_2450,"The Indian Government has approved Public Sector Banks to amalgamate through an alternative mechanism to facilitate consolidation",true
train_2451,"Illegal immigrants to the USA kill 4,000 people per year.",false
train_2452,"West Virgina has fewer science, technology, engineering and math graduates than any neighbouring state.",true
train_2453,"People who are vaccinated against chickenpox need to keep getting boosters.",false
train_2454,"Fewer than 500 people a year in the USA are killed by rifles.",true
train_2455,"Natural chickenpox infection in childhood will have 99.999 percent no long-term repercussions.",false
train_2456,"Sen. Kirsten Gillibrand has the most votes against Donald Trump cabinet nominees",true
train_2457,"50% of Americans agree that Robert Mueller’s investigation is a Witch Hunt.",true
train_2458,"Nigeria generates over 62 million tonnes of waste a year",false
train_2459,"50%of all school teachers in Texas (US) are working second or third jobs.",false
train_2460,"Each person [in Nigeria] generates an average of 0.65 kg of waste per day",true
train_2461,"POLITICS Nigeria HAS Won Over 700 Medals In The Last 3 year",false
train_2462,"No one in Mid Ulster speaks Irish as their first language.",false
train_2463,"Wall Street got a trillion dollar bail out in 2008.",false
train_2465,"The Indian government has issued an order against sharing political posts online.",false
train_2466,"Images of the new Indian e-passport.",false
train_2467,"Senator Thom Tillis changes position on President Trump's national emergency declaration for border wall funding",true
train_2468,"sodium bicarbonate (baking soda) can cure cancer.",false
train_2469,"Joe biden said The Trump budget cuts $845 billion, almost a trillion dollar cut in Medicare.",false
train_2471,"Democrats in the House of Representatives voted for the right of illegal immigrants to vote in the US.",false
train_2472,"52 counties in the state of New York have average taxes of above the SALT (state and local taxes) $10,000 cap",true
train_2473,"The Boeing 737 Max 8, the type of plane that crashed in Ethiopia, continues to fly in the United States, despite the FAA saying ""software updates are likely coming.""",true
train_2474,"Thomas Jefferson third president of the United States said hemp is of first necessity to the wealth and protection of the country.",false
train_2475,"The Catholic Church announced that it was introducing burkas for altar servers.",false
train_2476,"Kenya has one of the worst maternal mortality rates in the world.",true
train_2478,"Kenya has one of the worst maternal mortality rates in the world",true
train_2479,"Poland has had no terror attacks.",false
train_2480,"Poland has a no-migrants policy.",false
train_2482,"HR 1 is going to take your hard-earned tax dollars and millions more and send them to (a political candidate’s) campaign so (they) can put ads on TV",false
train_2483,"Four members of the Congress and Samajwadi Party assaulted two Kashmiri dry fruit sellers in Lucknow, India in March 2019.",false
train_2484,"Russia has historically reaffirmed its role as a state  that is the guarantor of stability and security, and is a party that brings peace, not agression.",false
train_2485,"The Nigerian Supreme Court nullified the results of the 2019 Nigerian Presidential Election.",false
train_2486,"MMR Vaccine does not causes autism in Children.",true
train_2488,"Nigeria’s central bank has banned textile imports",false
train_2489,"Former U.S. President Barack Obama didn't turn over any documents to Congress.",false
train_2491,"Muslim Figure Said ""We must have Pork-Free Menus Or We Will Leave U.S",false
train_2493,"PAHAL, India's Direct Benefit Transfer for LPG consumer scheme, is the world’s largest cash transfer program.",true
train_2494,"When the Coalition came to power, it inherited a 755 million tonne emissions deficit needed to reach Australia's second Kyoto target because Labor hadn't done the hard work.",false
train_2495,"Vice President, Prof. Yemi Osinbajo has said that ""the N10,000 loan given to traders under the Tradermoni scheme of the Federal Government has been stopped"".",false
train_2496,"Obama's 2 terms were a crime spree.",false
train_2497,"Donald trump claims ""Nobody shows up (for immigration hearings). Three percent of the people come back for a trial.""",false
train_2498,"Donald Trump claims that Virginia’s Democratic governor said he would allow parents, ""if they didn’t want the child, who is now outside of the womb — long outside of the womb — they will execute the baby after birth.""",false
train_2499,"More people are working today in the United States than ever before in the history of our country.",true
train_2500,"The Trump administration passed the largest package of tax cuts and reforms in American history.",false
train_2501,"The visa lottery in the US, allows foreign governments to send criminals and people they don't want.",false
train_2503,"Donald trump claims that 'We passed the largest package of tax cuts and reforms in American history'",false
train_2504,"The BJP government published an infographic on the 48-months portal that makes four claims about the Jan Suraksha Yojana. This article is a fact check of those claims.",true
train_2505,"More people are working today in the United States than ever before in the history of our country.",true
train_2506,"The  Visa lottery — that’s where they put in the names; they put it in a lottery, and you pick, ‘Oh, here’s a wonderful person. Wonderful.’ You know, he killed four people. ‘Here’s — here’s another wonderful.’ … They send us the people they don’t want.",false
train_2508,"When the wind stops blowing, that’s the end of your electric (power).",false
train_2509,"For many, many decades veterans have been trying to get VA Choice. You couldn’t get it. ... Now these great veterans, if there’s a big wait, they go outside, they go to a local doctor. We pay the bills. They get better. Everybody is happy. And we actually save a lot of money, if you can believe it. And I got that approved after 44 years of being unable to get it approved.",false
train_2510,"Not a single bulletproof jacket was procured in UPA rule from 2009 to 2014.",true
train_2511,"Donald trump claims When the wind stops blowing, that’s the end of your electric (power)",false
train_2512,"We have created ""5.3 million new jobs, including over, now, 600,000 beautiful, brand-new manufacturing jobs.""",false
train_2513,"Donald trump made claims about the veterans choice program being something that people has failed to create for four decades.",false
train_2514,"Donald trump claims ""One in three women is sexually assaulted on the dangerous journey north.""",true
train_2515,"Donal d trump claims ""The unemployment rate has reached the lowest in over 51 years. And African American, … Hispanic American, Asian American unemployment rates are at their all-time historic lows.""",true
train_2517,"Cancer is Candida or Fungus.",false
train_2518,"CORY AQUINO's Presidency of the Philippines is unconstitutional.",false
train_2519,"In North Carolina, US absentee voters had no way to track whether their ballots were ever delivered in the November US 2018 congressional election.",false
train_2520,"Buncombe County Sheriff Quentin Miller says an ICE detainer request is not a valid warrant.",true
train_2521,"Blake Griffin, a forward for the Detroit Pistons basketball team, will pay $258,000 per month in child support to his ex Brynn Cameron.",false
train_2522,"Trump promised during the campaign not to cut Social Security or Medicare, his proposed 2019 budget included cuts of $500 billion to Medicare and $72 billion to Social Security",false
train_2523,"In the United States right now, we have more income and wealth inequality than any other country on Earth.",false
train_2527,"Youth unemployment in South Africa is amongst the highest in the world.",true
train_2528,"There is no human-caused climate change",false
train_2529,"The BJP government aims to cover 28.5 lakh hectare area under irrigation",true
train_2530,"French President Emmanuel Macron said the UK must take its share of migrants, 300,000 now immediately and up to 100,000 every year until the situation is resolved if it wants to remain in the EU.",false
train_2531,"In 1963 Bernie Sanders was arrested for throwing eggs at black civil rights protestors.",false
train_2532,"The BJP government has uploaded an infographic on their 48-months portal that makes claims about the Pradhan Mantri Krishi Sinchai Yojana (PMKSY). one such claim is - Facilitating farmers for installing solar water pumps in field irrigation.",true
train_2533,"The BJP government has uploaded an infographic on their 48-months portal that makes claims about the Pradhan Mantri Krishi Sinchai Yojana (PMKSY). one such claim is - Dedicated micro irrigation fund of 5000 crore rupees.",true
train_2534,"French President Emmanuel Macron said the UK will only be allowed to stay in the EU if they fully adopt all EU rules and regulations including adopting the Euro within six months of stopping Brexit.",false
train_2535,"Sen. Kamala Harris is the aunt of “Empire” actor Jussie Smollett",false
train_2536,"The Jobs Fund in South Africa is a vital component to private sector job creation. The fund has created well over 200,000 jobs since its inception.",true
train_2538,"The trade balance between the US and the EU is $151 billion.",false
train_2539,"The South African Jobs Fund has created well over 200,000 jobs since its inception.",true
train_2540,"Jobs for 1.1 million young people are supported by the Employment Tax Incentive (ETI) scheme in South Africa.",true
train_2541,"A meme that asks ""When will liberals check out the Quran?"" lists nine supposed quotes from the Muslim holy book.",false
train_2542,"Man who cited religious reasons for not paying his income taxes “has won a historic lawsuit against the IRS.”",false
train_2546,"Genetically modified yeast, animal, bacterial and viral DNA in vaccines can be incorporated into the recipient’s DNA causing unknown genetic mutations.",false
train_2547,"Alexandria-Ocasio Cortez puts out a press release on Twitter saying that a Alabama mother who supports ISIS is a bigger hero than our U.S veterans and should be welcomed home.",false
train_2549,"Alexandria-Ocasio Cortez puts out a press release on Twitter demanding that President Trump should be blocked from stopping the return of a heroic mother from Alabama who supports ISIS.",false
train_2550,"Formaldehyde is in vaccines and causes cancer in humans among other issues and is banned from vaccines in most European countries",false
train_2551,"Today’s minimum wage worker making $7.25 an hour has less buying power than a minimum wage worker in the 1960s.""",true
train_2553,"Mercury (aka thimerosal or thiomersal) is in vaccines and can damage the brain, gut, liver, bone marrow, nervous system, and kidneys. It is linked to autoimmune disorders, including autism.",false
train_2554,"Farmers are declaring bankruptcy ""in record numbers"" and ""the median income for U.S. farm households was -$1,548 in 2018.""",false
train_2555,"Alexandreia Ocasio-Coretz posted in a tweet, ""We must block Trump from stopping the return of the heroic Alabama mother from ISIS. In many ways she is more of a hero then our veterans. Welcome home sister!""",false
train_2556,"Farm credit target raised to 11 lakh crore rupees for 2018-19",true
train_2558,"Countries are putting bad people into the United States visa lottery program.",false
train_2559,"China has a death penalty for drug dealers",true
train_2560,"Former President Barack Obama would have gone to war with North Korea.",false
train_2562,"President Obama put more debt on the USA than any president in the history of our country combined.",false
train_2563,"The US Government may be using parts of one of the national emergencies that (President Barack Obama) signed having to do with cartels, criminal cartels",true
train_2564,"When countries put people into the diversity visa lottery program, they’re putting some very bad people in the lottery",false
train_2565,"A big majority of the big drugs, the big drug loads, don't go through ports of entry. They can't go through ports of entry.",false
train_2566,"Sayfullo Saipov, the Uzbekistan-born suspect on trial for the 2017 truck attack in New York, US, is an example of chain migration, ie bringing many people into the US.",false
train_2567,"Drug loads can't enter the US through US ports of entry.",false
train_2568,"The U.S. may be using one of the national emergencies that (President Barack Obama) signed having to do with cartels, criminal cartels.",true
train_2569,"In China, a drug dealer gets a thing called the death penalty. Our criminal list, a drug dealer gets a thing called, how about a fine?",false
train_2570,"US President Obama was ready to have gone to war with North Korea.",false
train_2571,"The US has chain migration, where a family member can bring in 20+ people and that is what happened on the West Side highway. A young man killed eight people and brought in many people because of chain migration.",false
train_2572,"The U.S. will have a national emergency and will then be sued in the Ninth Circuit.",true
train_2573,"Lawsuits challenging the emergency order to secure funding for a border wall shouldn't be heard in the Ninth Circuit Court of Appeals.",false
train_2574,"You have the lottery — It’s a horror show. Because when countries put people into the lottery, they’re not putting you in. They’re putting some very bad people in the lottery. It’s common sense.",false
train_2575,"In the US a drug dealer gets a fine.",false
train_2577,"President Donald Trump will sign a national emergency which has been signed many times before. It's been signed by other presidents from 1977 or so, it gave the presidents the power. There's rarely been a problem.",true
train_2578,"You have chain migration. Where a bad person comes in, brings 22 or 23 or 35 of his family members, because he has his mother, his grandmother, sister, cousin, uncle. They are all in. You know what happened on the west side highway? That young wise guy drove over and killed eight people... He had many people brought in because he was in the United States.",false
train_2580,"The U.S. may be using one of the national emergencies that President Barack Obama signed having to do with cartels, criminal cartels.",true
train_2582,"Beto O’Rourke said, ""If I could throw two kinds of people in the garbage it would be the elderly and wounded veterans. When a tool breaks, you don’t fix it; you throw it in the damn trash.""",false
train_2584,"Net migration to the UK could be 100,000 higher after Brexit under the government’s plans.",false
train_2585,"Green New Deal would eliminate air travel",false
train_2586,"Mississippi passed the 5-71-226 Anti-Youth Subversion Act banning talking to minors about atheist Richard Dawkins.",false
train_2587,"Prior to 2019, South Korea was paying $500 million a year under a cost-sharing deal that helps fund American military forces in that country..",false
train_2589,"The US trade deficit has decreased during US President Trump's term of office.",false
train_2590,"There were 1,200 murders in 2018 in Juarez, Mexico compared with 23 just across the border in El Paso, Texas, US, due to the construction of the border fence.",false
train_2591,"Actor and legendary comedian Bill Murray has died.",false
train_2592,"A terminally ill 17-year-old and HIV-positive, Jeffrey Jones, requests oral sex from a porn star as his final wish, hoping to get it fulfilled by the Make-A-Wish foundation.",false
train_2593,"A diet based on your blood type fights fatigue.",false
train_2594,"Vice-Presidential candidate of the Peoples’ Democratic Party (PDP), Peter Obi’s Convoy Was Attacked In Abuja Market, Nigeria.",false
train_2595,"Peter Obi was almost killed during an attack on his convoy in Abuja Market.",false
train_2596,"For 50 years, prior to 2019, only 2.3 million Kenyans were connected to electricity.",true
train_2597,"The Kenyan railway was planned by the government for 30 years.",false
train_2598,"The Kenyan government have connected 6.9 million people to electricity in the last five years.",false
train_2599,"The diaspora is the largest contributor to Kenya's foreign exchange.",true
train_2602,"It is a constitutional requirement in Kenya, that when the president is away, the deputy president must be in the country.",true
train_2603,"In Kenya it is a constitutional requirement that when the president is away, the deputy president must be in the country",true
train_2604,"For 50 years only 2.3 million Kenyans were connected to electricity.",true
train_2606,"The number of people on health insurance in Kenya has increased from 3 million to 7 million in a record five years.",true
train_2607,"The current Kenyan government has connected 6.9 million people to electricity in the last five years.",false
train_2608,"The diaspora, money sent by a person abroad to their home country, is the largest contributor to Kenya's foreign exchange.",true
train_2609,"For 50 years only 2.3 million Kenyans were connected to electricity.",true
train_2610,"The Kenyan government has connected 6.9 million people to electricity between 2013 and 2018.",false
train_2611,"Diaspora remittances contributed upwards of KSh290.",false
train_2612,"The Kenyan government connected 6.9 million people to electricity supply, in the period 2014 to 2019.",false
train_2613,"The Kenyan diaspora is the largest contributor to the Kenyan foreign currency.",true
train_2615,"The number of people on health insurance in Kenya has increased from 3 million to 7 million in a record five years.",false
train_2616,"Kenya built a standard-gauge railway of 600 kilometres, in the  period 2014 to 2019.",true
train_2617,"In 2013, on the 50th anniversary of Kenya’s independence, 2.33 million were connected to the power grid.",true
train_2618,"The diaspora remittances (money sent by a person in a foreign land to their home country) is Kenya's biggest source of foreign currency.",true
train_2619,"The current Kenyan government has built a standard-gauge railway of 600 kilometres in the last five years.",true
train_2620,"Kenya has built a standard-gauge railway of 600 kilometres in the last five years.",false
train_2622,"The railway has been in the books of our government for 30 years – it was not built",false
train_2623,"The standard gauge railway has been in the books of the Kenyan government for 30 years but it was not built.",false
train_2624,"Kenya has built 7000 kilometres of tarmac in the last 5 years compared to only 12,000 constructed in the last 50 years.",true
train_2625,"The SGR railway line, currently being built in Kenya, has been in the books of the Kenyan government for 30 years – it was not built.",false
train_2626,"The diaspora remittances (money sent by a person in a foreign land to their home country) contributed upwards of KSh290 billion to the Kenya economy in 2019.",false
train_2627,"The railway improvements has been in the books of the Kenyan government for 30 years before 2019, but it was not built.",false
train_2628,"Remittances in Kenya, contributed around KSh290 billion last year.",false
train_2629,"Kenya have connected 6.9 million people to electricity in the last five years.",false
train_2630,"Illegal immigrants in Australia are by law entitled to a job, welfare and $70,000",false
train_2631,"Over 2014-2018, South African government invested in building hundreds of thousands of new homes",true
train_2632,"Over 700,000 children accessed early childhood education in the last financial year in South Africa.",false
train_2634,"Cyril Ramaphosa's administration launched the Safe initiative in August 2018.",true
train_2635,"President Cyril Ramaphosa's administration launched the Youth Employment Service, which is placing unemployed youth in paid internships in companies across the country",true
train_2637,"Every month 17.5 million social grants are provided to South Africans",true
train_2638,"The World Bank's annual Doing Business Report currently puts South Africa number 82 out of 190 countries that they have tracked with regard to being able to do business in an efficient way.",true
train_2639,"Every month 17.5 million social grants are provided to South Africans",true
train_2640,"Over the past five years, from 2013-2018 more than R1.3 trillion has been invested to build [infrastructure including] hundreds of thousands of new homes",true
train_2642,"The World Bank's annual Doing Business Report currently puts South Africa number 82 out of 190 countries that they have tracked with regard to being able to do business in an efficient way.",true
train_2643,"South African President Cyril Ramaphosa launched the Safe initiative in August 2018.",true
train_2644,"South Africa ha launched the Youth Employment Service, which is placing unemployed youth in paid internships in companies across the country.",true
train_2645,"Cyril Ramaphosa claimed that in South Africa in 2017/18, every month 17.5 million social grants were provided to South Africans.",true
train_2646,"Over the past five years, the Ramaphosa administration has built two new universities",true
train_2648,"South Africa's president RAmaphosa launched the Youth Employment Service, which is placing unemployed youth in paid internships in companies across the country during his tenure",true
train_2650,"South Africa has launched a Youth Employment Service, which places unemployed youth in paid internships in companies",true
train_2651,"Over the 5 years to 2018 the SA government has invested more than R1.3 trillion in infrastructure.",true
train_2652,"The World Bank's annual Doing Business Report puts South Africa number 82 out of 190 countries with regard to being able to do business in an efficient way",true
train_2653,"Over the past five years, more than R1.3 trillion has been invested to build [infrastructure including electrifying] more than a million homes in South Africa.",true
train_2654,"Every month, 17.5 million social grants are provided to South Africans.",true
train_2655,"The World Bank's annual Doing Business Report currently puts South Africa number 82 out of 190 countries that they have tracked with regard to being able to do business in an efficient way.",true
train_2656,"Every month 17.5 million social grants are provided to South Africans.",false
train_2657,"Over 700,000 children [accessed] early childhood education in the last financial year",true
train_2659,"South Africa have launched the Youth Employment Service, which is placing unemployed youth in paid internships in companies across the country.",true
train_2660,"""Over 700,000 children [accessed] early childhood education in the last financial year...""",true
train_2661,"Over the past five years… South African President Cyril Ramaphosa's Administration has built 2 new universities.",true
train_2662,"“The World Bank's annual Doing Business Report currently puts South Africa number 82 out of 190 countries that they have tracked with regard to being able to do business in an efficient way.”",true
train_2663,"In 2017, South Africa recorded an inflow of foreign direct investment amounting to R17 billion.",true
train_2664,"Since launching the Safe initiative South Africa has provided 699 schools with safe and appropriate sanitation facilities.",false
train_2666,"The World Bank's annual Doing Business Report currently puts South Africa number 82 out of 190 countries that they have tracked with regard to being able to do business in an efficient way",true
train_2667,"In 2017, South Africa recorded an inflow of foreign direct investment amounting to R17 billion",true
train_2668,"“In 2017, we recorded an inflow of foreign direct investment amounting to R17 billion.”",true
train_2669,"The World Bank's annual Doing Business Report currently puts South Africa number 82 out of 190 countries that they have tracked with regard to being able to do business in an efficient way",true
train_2670,"Every month 17.5 million social grants are provided to South Africans",true
train_2671,"In 2017, South Africa recorded an inflow of foreign direct investment amounting to R17 billion.",true
train_2673,"South Africa launched the Safe initiative in August 2018.",true
train_2674,"“In the past year we had 10 million tourists who came to our country, which is a huge increase .”",true
train_2675,"The World Bank's annual Doing Business Report currently puts South Africa number 82 out of 190 countries that they have tracked with regard to being able to do business in an efficient way",true
train_2676,"Official international Red cross records reveal the actual Concentration camp total death during World War 2 toll was 271,301.",false
train_2677,"“Over the past five years… [we’ve built] two new universities.”",true
train_2679,"“In 2017, South Africa recorded an inflow of foreign direct investment amounting to R17 billion.”",true
train_2681,"The World Bank's annual Doing Business Report currently puts South Africa number 82 out of 190 countries that they have tracked with regard to being able to do business in an efficient way.",true
train_2682,"Over 700,000 children [accessed] early childhood education in the last financial year",true
train_2683,"“Every month 17.5 million social grants are provided to South Africans.”",true
train_2684,"President Cyril's administration launched the Safe initiative for South Africa in August 2018.",true
train_2685,"In 2018, South Africa  launched the Safe initiative in August.",true
train_2686,"The World Bank's annual Doing Business Report currently puts South Africa number 82 out of 190 countries that they have tracked with regard to being able to do business in an efficient way",true
train_2687,"In 2017, South Africa recorded an inflow of foreign direct investment amounting to R17 billion.",true
train_2688,"In 2017, an inflow of foreign direct investment amounting to R17 billion was recorded in South Africa",true
train_2689,"“We launched the Safe initiative in August last year...”",true
train_2690,"Under President Cyril Ramaphosa South Africa launched the Youth Employment Service, which is placing unemployed youth in paid internships in companies across the country",true
train_2691,"The Safe initiative was launched during the Ramaphosa administration in August last year",true
train_2692,"In 2018, 10 million tourists visited South Africa",true
train_2694,"Over the past five years… President Cyril's government has built two new universities in South Africa",true
train_2695,"South Africa has launched the Youth Employment Service, which is placing unemployed youth in paid internships in companies across the country",true
train_2697,"Over the past five years, more than R1.3 trillion has been invested to build (infrastructure included) hundreds of thousands of new homes in South Africa.",false
train_2698,"In 2017, we recorded an inflow of foreign direct investment amounting to R17 billion",true
train_2699,"Over 2014-2018, two new universities were built in South Africa",true
train_2700,"“We have launched the Youth Employment Service, which is placing unemployed youth in paid internships in companies across the country.”",true
train_2701,"South Africa launched the Safe (Sanitation Appropriate For Education) initiative in August 2018",true
train_2702,"Over the past five years, we’ve made significant progress with the provision of infrastructure. More than R1.3 trillion has been invested",true
train_2704,"Over the past five years, we’ve made significant progress with the provision of infrastructure. More than R1.3 trillion has been invested.” the president said about South Africa",false
train_2706,"Over the past five years South Africa have built two new universities.",true
train_2707,"Over the past five years, from 2013 - 2018, more than R1.3 trillion has been invested to build [infrastructure including electrifying] more than a million homes",true
train_2708,"Over 700,000 children in South Africa [accessed] early childhood education in the last financial year of 2018",true
train_2711,"Since South Africa launched the initiative, 699 schools have been provided with safe and appropriate sanitation facilities and projects, and a further 1,150 schools are either in planning, design or construction stages.",true
train_2712,"Over the past five years South Africa has built two new universities.",true
train_2713,"Every month 17.5 million social grants are provided to South Africans.",true
train_2714,"Trump tweeted on February 6, 2019 that he was “extremely happy with the leadership of President Ramaphosa, he is a great deal! Business community is happy too! And don’t make mistakes by voting useless leadership on this coming election!!”",false
train_2715,"The 1939 Cancer Act makes researching cancer cures illegal.",false
train_2716,"In 2019 there were more women in the US workforce than ever before.""",false
train_2717,"According to a 2017 Doctors Without Borders Report, more than 30 percent of women are sexually assaulted on the trek to the border.",true
train_2718,"More than 12.5 crore Soil Health Cards have been distributed in India.",true
train_2719,"Maternal mortality rates show that mothers, especially black mothers, risk death to give birth in America.",true
train_2720,"China produces 50,000 jobs every 24 hours.",false
train_2721,"We have created 5.3 million new jobs and importantly added 600,000 new manufacturing jobs.",false
train_2722,"The United States is now the number one producer of oil and natural gas anywhere in the world.",true
train_2723,"Wages struggle to keep pace with the actual cost of living in America.",false
train_2724,"In 2016-17, 62% of income received by farmers in Northern Ireland came from the European Union.",true
train_2725,"Since the Republican tax cuts became law, manufacturing plants are closing, layoffs are looming, and wages struggle to keep pace with the actual cost of living.",false
train_2726,"IN 2016-17 80% of income received by farmers in Northern Ireland came from the European Union",true
train_2727,"Richer, older men in England more likely to drink to excess.",true
train_2728,"Alcohol deaths in England are at a record high after 6 per cent rise in a year.",false
train_2729,"For the first time in 65 years America is a net exporter of energy",true
train_2730,"Americans pay vastly more than people in other countries for the exact same drugs, often made in the exact same place",true
train_2731,"African-American, Hispanic-American and Asian-American unemployment have all reached their lowest levels ever recorded",false
train_2733,"The border city of El Paso, Texas, used to have extremely high rates of violent crime — one of the highest in the country, and considered one of our nation's most dangerous cities. Now, immediately upon its building, with a powerful barrier in place, El Paso is one of the safest cities in our country.",false
train_2734,"India produces 450 jobs every 24 hours.",false
train_2735,"Nearly 5 million Americans have been lifted off food stamps.",false
train_2736,"One in five people aged 16 and over are drinking more than recommended levels.",true
train_2737,"Wages are rising at the fastest pace in decades with President Donald Trump in 2019.",false
train_2738,"Secretary of State Mike Pompeo refused to meet with Atiku Abubakar, the presidential candidate for the People's Democratic Party, when the Nigerian politician visited the US.",false
train_2739,"Kenya Ports Authority is looking to hire 140 people, aged 18 - 35, who have graduated from a well recognised university between 2012 and 2018.",false
train_2740,"South African footballer Ekstein resigns from Kaizer Chiefs after fight with manager Middendorp",false
train_2743,"Atiku Abubaka, Nigerian presidential candidate, claimed Nigeria had 21 million unemployed young men and women in 2018.",true
train_2744,"South Africa has one of the highest dropout rates",false
train_2745,"80%of the population continues to occupy less than 10% of the South African Land",false
train_2746,"Close to 40% of South Africans who need jobs are unemployed, meaning that more than nine million South Africans who need jobs and are capable of working cannot find employment",true
train_2747,"The post-1994 governments have cumulatively bought less than 7% of the targeted 30% of land meant for redistribution over a period of 25 years.",false
train_2748,"Nigeria has 90 million people living in extreme poverty as of 2019",true
train_2749,"Nigeria earned US$383 billion from oil revenues in the four years preceding the Buhari government but there were no savings.",false
train_2750,"Nigerian vice presidential candidate Peter Obi claimed that Nigeria had 90 million people living in extreme poverty.",false
train_2751,"Russia will not place short or intermediate range weapons in Europe or other regions.",false
train_2753,"Obama declared Flint water crisis a National Emergency and never fixed it.",false
train_2754,"In Tshwane, the Democratic Alliance (DA) inherited a deficit of over R1 billion from the African National Congress (ANC) and turned it into a surplus in a year.",true
train_2755,"The German press launched a massive campaign to discredit Russian and Russian language media.",false
train_2756,"Expanding Medicaid would bring 40,000 jobs to North Carolina.",true
train_2757,"Germany owes £3.7 trillion of WWII debt.",false
train_2758,"More than 9 million eligible voters aren’t registered for South Africa’s 2019 elections.",true
train_2760,"The biggest donor for Mitch McConnell is the Russian oligarch that the GOP controlled Congress just lifted sanctions on.",false
train_2761,"Microwaves from cell phones can pop popcorn",false
train_2762,"The world’s first human head transplant has been successfully achieved",false
train_2764,"PZ is pulling out of Nigeria after 120 years.",false
train_2765,"US Rep. Alexandria Ocasio-Cortez said that owning guns was not a right.",false
train_2766,"Alien Enthusiasts Shot Dead At Area 51.",false
train_2767,"The question of Almajiris’ lack of primary or basic education are all local government problems.",true
train_2768,"Every country in the world that wants to undergo serious development borrows money. Our debt-to-GDP ratio of about 20% is one of the lowest in the world.",false
train_2769,"Nigeria earned US$383 billion from oil revenues in the four years preceding our government [but] there were no savings.",false
train_2770,"Chelsea Clinton said Satanism is a religion that deserves respect.",false
train_2771,"More than R2 trillion was invested in South Africa in infrastructure projects over 10 years (2008-2018) to build more schools, clinics, roads and the freight logistics network.",true
train_2772,"South Africa has invested more than R2 trillion in infrastructure projects over the past 10 years to build more schools, clinics, roads and the freight logistics network.",true
train_2776,"On 11th January 2019 Wisconsin  property taxes are lower than they were in 2010.",true
train_2778,"Nigerian PDP vice presidential candidate Peter Obi claimed that Nigeria 90 million people living in extreme poverty in 2018/2019.",true
train_2779,"Nigeria had 21 million unemployed young men and women in 2018/2019.",true
train_2780,"Nigeria earned US$383 billion from oil revenues in the four years preceding 2019 but that there were no savings.",false
train_2782,"Democratic New York Rep. Alexandria Ocasio-Cortez said, “The only reason Trump is keeping his campaign promises is to influence the outcome of the election.”",false
train_2786,"Vegans now claiming that stuffing a turkey is sexual assault",false
train_2787,"Iraq and Syria have been liberated from ISIS.",false
train_2788,"Bollywood Singer, Lata Mangeshkar had chosen to stop recording new songs.",false
train_2790,"President Donald Trump is abusing the prescription drug Adderall.",false
train_2791,"Diabetes can be cured by consuming sprouted wheat for 2 days.",false
train_2792,"U.S. Rep. Adam Schiff, a Democrat who represents California’s 28th Congressional District and is chair of the House Intelligence Committee, used taxpayer money to reach a sexual harassment settlement with a 19-year-old male.",false
train_2793,"The UK paid £674 million in health costs to European countries, but received only £49 million in return.",true
train_2794,"Samora Machel said “The day you hear the whites speak of me in good terms, don’t share your secrets with me, because that means I would have betrayed you already.”",false
train_2795,"Black Friday originated with the practice of selling off slaves on the day after Thanksgiving.",false
train_2796,"Prime Minister Narendra Modi said that 33crore bank accounts were opened in Chhattisgarh.",false
train_2797,"If a fire starts in the Yale library, all the oxygen leaves the building killing all who are inside in order to protect the rare books",false
train_2798,"the United States ranks third in murders throughout the world",false
train_2799,"California wildfire is as a result of poor forest management.",false
train_2800,"Removing the cities of Chicago, Detroit, Washington D.C., St. Louis, and New Orleans from the total would lower the ranking of the U.S. to 189th out of 193 countries in the world in homicides.",false
train_2801,"Brian Kemp closed 214 polling places.",true
train_2802,"Georgia Gov. Brian Kemp put 53,000 registration voters on hold, 70% of whom were Black.",true
train_2803,"Samora Machel once said, if you are applauded by white people then you must know that there is something wrong with you.",false
train_2804,"Irregular expenditure by the government of South Africa’s Western Cape province rose from R23 million in the 2016/17 financial year to R44 million in 2017/18 – an increase of R21 million.",true
train_2806,"George Stinney Jr was 14 years old when he was convicted of murder and executed by the US state of South Carolina in 1944.",true
train_2807,"Women have to be 25 years old, married, have at least one son and one daughter, and have her husband's consent to get a tubal ligation.",false
train_2808,"Mayonnaise containing starch is harmful.",false
train_2809,"Shops buy apples that are coated with wax.",true
train_2810,"A video claiming to show “shocking secrets of the food industry” said You can check whether honey has been diluted with sugar syrup by washing it in water to reveal a honeycomb pattern and the honey’s genetic memory.",false
train_2813,"Consuming a wax-coated apple can kill you.",false
train_2814,"Egyptian authorities are carrying atrocious acts which results in injustice",true
train_2815,"80% of workers in Nike overseas factories are women",true
train_2816,"Teenage white girl to be tried as 300-pound black man in the USA.",false
train_2817,"Muslims were filmed while attacking a Hindu Temple in Uttar Pradesh in India.",false
train_2818,"The minimum wage should be £18 an hour, because in 1999 one hour’s pay at minimum wage could buy you 72 Freddos, but in 2017 it could only buy you 30 Freddos.",false
train_2819,"Cyril Ramaphosa retorted to Donald Trump’s  2018 comments on land reform in South Africa on Twitter",false
train_2820,"Research carried out by an American NGO has concluded that men are likely to die after being circumcised due to a medication that reacts after 10 years.",false
train_2821,"Iain Duncan Smith gets free transport as a financial benefit for being an MP in the UK House of Commons.",true
train_2822,"Iain Duncan Smith gets free use of a gym as a financial benefit for being an MP in the UK House of Commons.",false
train_2823,"Iain Duncan Smith gets free stationery as a financial benefit for being an MP in the UK House of Commons.",true
train_2824,"Iain Duncan Smith gets free mobile phone calls as a financial benefit for being an MP in the UK House of Commons.",true
train_2825,"Iain Duncan Smith gets free accommodation as a financial benefit for being an MP in the UK House of Commons",false
train_2826,"Sarah Jeong the former New York Times writer says that ""we need a castration lottery for white men"".",false
train_2827,"One of the conflicts of interest that special counsel Robert Mueller had that prevented him from conducting an impartial investigation, was that President Donald Trump interviewed Mueller to be FBI director but turned him down.",true
train_2828,"Flu shots are killing elderly citizens in record numbers.",false
train_2829,"Unemployment in the united states is only low because everyone has two jobs.",false
train_2830,"Alison Buttligieg developed depression after witnessing the scene of a deer who sacrificed her life.",false
train_2831,"Irish Green Party Leader Eamon Ryan tweeted  Peter Tatchell was a 'green legend and tireless LGBT campaigner' at 1.13pm on June 29 2018.",false
train_2832,"Donald Trump is destroying the ""New World Order,"" says American film maker David Lynch in an interview with The Guardian in 2018.",false
train_2833,"Eighty-nine members of US Congress hold dual citizenship with Israel.",false
train_2836,"The MMR vaccination weakens children's brains ultimately leading to autism.",false
train_2837,"Condoleezza Rice summed up the Democratic Party in 75 words.",false
train_2838,"There is a new initiative under the National program for Bovine Breeding and Dairy development with an allocation of 500 crore rupees",true
train_2840,"Pradhan Mantri Surakshit Matritva Abhiyan (PMSMA) was ‘launched to ensure good health of mother and child’.",true
train_2841,"There has been a reduction in the MRP (Material requirements planning) of DAP, MOP, and complex fertilizers",false
train_2842,"Food inflation in India is down: 9.19% (2014) to 5.44% (2015) to 6.29% (2016) to 1.29% (2017) to 3% (2018).",true
train_2844,"The Indian government has procured 16.24 lakh metric tonnes of pulses as of March 2018",true
train_2845,"That annual milk production rose by 12%. to 163.7 MT between 2014-17 from 146.3MT between 2011-14 .",false
train_2846,"Indian Government infographic says Extent of buffer stock of pulses increased from 1.5 lakh tonnes to 20 lakh tonnes.",true
train_2848,"The Indian Government (BJP) claimed that the Pradhan Mantri Matru Vandana Yojana programme (PMMVY) provided a cash incentive of 6000 rupees to the pregnant/lactating women.",true
train_2849,"In India, treatment for drug sensitive TB is provided through 4,00,000 DOT centres.",true
train_2850,"Overall inflation in India is falling: 8.48% (2014) to 4.87% (2015) to 5.47% (2016) to 2.99% (2017) to 4.58% (2018).",true
train_2851,"The Indian Government (BJP) claimed that the Pradhan Mantri Matru Vandana Yojana programme (PMMVY) benefited more than 50 lakh women every year.",true
train_2854,"India remains the world’s fastest growing large economy.",true
train_2856,"I didn’t promise to clear Apapa traffic in 60 days, said The Governer of Lagos State, Sanwo-Olu.",false
train_2857,"Bloodletting can save a stroke victim.",false
train_2858,"Slaked lime can cure over 70 diseases.",false
train_2859,"Nearly 1.5 crore doses of Rotavirus vaccine launched in India in March 2016 have been administered to India's children.",true
train_2860,"Around 8 crore of India's children have been given the Measles Rubella (MR) vaccination, which was launched in India in February 2017.",true
train_2862,"colon cancer begins in the intestine then spreads to other parts of the body",true
train_2864,"Coconut oil removes 93% of colon cancer cells",false
train_2866,"When coming across cancer in pork, many butchers just cut it out, and continue to sell to customers.",false
train_2867,"e-trading platforms, 585 regulated markets, to fetch the best prices for farmers in India.",true
train_2868,"South Bend, Indiana, Mayor Pete Buttigieg owns the company that developed the app used to tally votes during the Iowa caucuses.",false
train_2869,"More than 87.5 lakh farmers and sellers are registered.",true
train_2870,"Cyril Ramaphosa claimed that in South Africa in 2018 there were almost one million students enrolled in higher education, up from 500,000 in 1994.",true
train_2871,"Democratic California Rep. Maxine Waters Tweeted “there is no reason for anyone to own a gun” and also praising her “armed security detail.”",false
train_2872,"Actor Mel Gibson Said Hollywood Is Controlled By 'Parasites' Who Are Involved In Child Sacrifice and Paedophilia",false
train_2874,"The Earth is flat.",false
train_2876,"Kansas City Chiefs CEO Clark Hunt said ""You will stand, with your hand over your heart and with respect, when our country’s national anthem is being played or you will no longer be a Kansas City Chief, a coach for the Kansas City Chiefs or have any association with the Chiefs organization. I will immediately fire you, no matter who you are!""",false
train_2877,"Indian Bollywood actor Akshay Kumar is an honorary citizen of Canada.",true
train_2878,"A spokesperson for the BBC has confirmed that all episodes of Eastenders will be transmitted with Arabic subtitles from October 2019.",false
train_2879,"Pakistani media reported Clashes between Indian & Chinese forces in Naku La sector of North Sikkim resulted in China killing 158 Indian soldiers, Which is the same number which Pakistan beat India by in the Champion trophy final cricket game at the oval in England.",false
train_2880,"A U.S. prisoner who was sentenced to death was told they would be bitten by a deadly snake. They were blindfolded but only pricked with two harmless needles, after which they died almost instantly.",false
train_2882,"The Swedish Parliament banned Mandatory Vaccinations Over Serious Health Concerns in May 2017.",false
train_2883,"Sir Roger Moore Died Aged 89 in 2017",true
train_2884,"AAP candidate who lost seat against Congress forfeited security deposit in MCD by-elections.",false
train_2886,"Trump delivers some headway toward health care price transparency",true
train_2887,"The United Nations has a secret plot to wipe out 95% of the world's population in the next ten years.",false
train_2889,"Jacob Zuma claimed in 2017 that the South African Government was actively involved in the property sector, having provided more than 4 million houses since 1994.",false
train_2890,"Cadbury remove the word easter from its entire collection of easter products as to not offend other religions.",false
train_2891,"Nicole Kidman ‘blacklisted’ from Hollywood for vowing to support president Donald Trump.",false
train_2892,"Wetting your head before your body while showering can lead to a stroke.",false
train_2893,"McDonalds Caught Using Human Baby Meat in Their Burgers",false
train_2894,"U.S. birth certificates are federal bank notes valued between $650,000 and $750,000.",false
train_2895,"Two men, Mateusz Pawlikowski and Piotr Czak-Zukowski, who threw bacon at a mosque are sentenced to eight months in jail.",true
train_2897,"A man, Emdadur Choudhury, who burned poppies on Remembrance Day 2011 as a counter protest was fined £50 under the Public Order Act.",true
train_2898,"A man, Emdadur Choudhury, who burned poppies on Remembrance Day 2011 as a counter protest and was fined £50 under the Public Order Act, laughed at his sentencing when in court.",true
train_2899,"Thomas Jefferson third president of the United States drafted the Declaration of Independence on hemp paper.",false
train_2900,"Hilary Clinton said IF THAT F**KIN BASTARD WINS, WE’RE ALL GOING TO HANG FROM NOOSES",false
train_2901,"Japan has been boycotting US goods since the 1945 nuclear bombings",false
train_2902,"Philippine Food and Drug Administration (FDA) “confirmed” the food flavouring monosodium glutamate (MSG) is ""a silent killer""",false
train_2903,"You should just ignore a parking charge notice.",false
train_2904,"Penalty charge notices are usually issued by the police or councils, while parking charge notices are invoices issued by private companies.",true
train_2905,"Martin Lewis, the founder of Money Saving Expert, recommends ignoring parking charge notices.",false
train_2906,"Filmmaker Anurag Kashyap, via Facebook chat under the username Anurag Safar, engaged in sleazy behaviour in 2014",false
train_2907,"Dog meat was seized at Nashik railway station in India",false
train_2908,"Climate activist from India Disha Ravi's sister manages her Twitter account after her arrest",false
train_2909,"BJP president Amit Shah said that the days of serving biryani to terrorists are over",false
train_2910,"The coronavirus has a life cycle of 12 hours.",false
train_2911,"COVID experts at Mumbai’s Nanavati Hospital have said the following four treatments are given to coronavirus positive patients — warm water with lemon, ginger and jaggery mixed with ghee, hot milk with turmeric and steam once a day.",false
train_2912,"Video clip showing police entering people’s homes by force committing  atrocities on Kashmiris, India.",false
train_2913,"A tweet portrays actor Ali Fazal celebrating Intelligence Bureau staffer Ankit Sharma’s death in Delhi riots.",false
train_2914,"Manoj Tiwari a member of the Indian Legislative assembly said, “Petrol would cost Rs. 200 today had the Modi government not been in power""",false
train_2915,"A 14-hour curfew will help to break the chain and curb the further spread of the coronavirus.",false
train_2916,"Both the HIV virus and the coronavirus spread by direct contact and people should avoid touching the infected.",false
train_2918,"Casein, the main protein in milk, causes cancer.",false
train_2919,"As of February 2016, there has been no load shedding (due to power outages) in South Africa, since August of the previous year.",false
train_2920,"To curb water wastage, the Department of Water and Sanitation has begun its programme of training 15,000 young people as artisans",true
train_2921,"Jacob Zuma stated that South Africa had experienced no load shedding carried out by power utilities since August 2015.",false
train_2922,"Late musician Prince designed the first Nike Air Jordans.",false
train_2923,"Musician Prince invested in Nike in 1971.",false
train_2924,"Musician Prince recruited Michael Jordan to the company Nike in 1983.",false
train_2925,"WhatsApp's CEO has appealed to all users to remove their profile picture within the next 20-25 days, and users should forward the message to all, especially women as Isis is planning on stealing profile pictures for misuse in their terrorist activities.",false
train_2926,"These stones were tied by prophet Mohammed 1400 years ago,",false
train_2927,"Two stones in Egypt, one carrying the other have been tied 1400 years ago by SAW.",false
train_2928,"Congress has raised the minimum wage only once in the last 18 years but raised their own salaries nine times.",false
train_2930,"Donald Trump's Grandfather was a pimp and a tax evader.",true
train_2931,"Side effects of the HPV vaccine outweigh the positives",false
train_2932,"Trump said, 'Some Africans are lazy fools only good at eating, lovemaking and stealing'",false
train_2933,"Sitaram Yechury the Communist Party of India leader, called Chinese President Xi Jinping, his boss.",false
train_2934,"Belakwa, a town in New York was abandoned after routine hydrofracking left its soil toxic and its aquifer irreparable.",false
train_2935,"Donald Trump said 'I Will Revoke The U.S. Citizenship Of All Puerto Ricans,'",false
train_2936,"Cuban authorities found the S.S. Cotopaxi fully intact and floating toward the island nation more than 90 years after its disappearance.",false
train_2937,"The quote ""If your actions inspire others to dream more, learn more, do more and become more, you are a leader.” Was said by former US president John Quincy Adams.",false
train_2938,"The Last Post song originated on an American Civil War Battlefield.",false
train_2939,"The APC promised to make a naira equal in value to a dollar during the 2015 election campaign.",false
train_2940,"Sharia principles are to become enshrined in the UK legal system for the first time",false
train_2942,"A child in Barbados has contracted AIDS by eating a pineapple that a vendor had bled upon.",false
train_2943,"British Parliament banned lipstick in 1770 for the fear that it had the power to seduce men into marriage.",false
train_2945,"During Mike Bloomberg's  tenure, street homelessness in NYC decreased by 28%.",true
train_2946,"If an unmarked car tries to pull you over, you should dial 112 to confirm it’s actually a police officer because the number provides ""a direct link to state trooper info,"" and that ""this applies in all 50 states.""",false
train_2948,"Ghana’s two dominant political parties, the New Patriotic Party (NPP) and National Democratic Congress (NDC) are both laying claim to the Free Senior High School (SHS) programme, a social intervention project meant to improve access to education.",false
train_2949,"Marijuana could be making teens less intelligent.",true
train_2950,"Section 233 of the Indian Penal Code (IPC), pertains to self-defence of the individual and rape crimes against women in India.",false
train_2952,"You can get HIV/AIDS from contaminated fruit.",false
train_2953,"Cadbury India is giving away free chocolate basket gift Hampers to celebrate their 70th Anniversary",false
train_2954,"Kenya only handles about 300,000 of the cases filed to the Kenyan court annually.",true
train_2955,"Kenya has an average of 400,000 cases being filed in  courts every year.",true
train_2956,"The Kenyan judiciary does not even get 1% of the national budget.",true
train_2959,"In Kenya a population of about 48 million people has just one magistrate per 77,000 people.",false
train_2960,"An American newborn is the first baby in the world to be born with Coronavirus antibodies",false
train_2961,"Patanjali CEO, Acharya Balkrishna, never claimed that its Coronil kit was a cure for COVID-19.",false
train_2963,"Mosquitoes kill 2,740 people every day.",false
train_2964,"Stay-at-home orders “actually are the law of these states.”",true
train_2965,"Labour’s manifesto would have cost half of HS2.",false
train_2966,"Almost 5.5 million British people live permanently abroad.",true
train_2967,"Theresa May said sex offenders, including paedophiles, should be allowed to adopt.",false
train_2968,"On June 7, 2005,  Jeremy Corbyn  voted to exempt tower blocks built before 2007 from requiring sprinklers.",false
train_2969,"People were stabbed at protests in London over the weekend of 13 June.",false
train_2970,"Elephant dung is a cure for COVID-19.",false
train_2971,"or the first time ever, an African passport is among the top five most powerful in the world. Revealing this on Monday on its website, the Henley Passport Index released its ranking for the year 2020 and Nigeria had a dramatic rise from being at the 95th spot to going up to the 5th most powerful knocking out both Spain and Denmark and tying with Luxembourg.",false
train_2972,"5G can suppress the immune system, thus making people more susceptible to catching the Coronavirus.",false
train_2973,"There is pork in Covid-19 vaccines.",false
train_2974,"Nando's serve only chicken dishes made from halal chicken in their UK restaurants.",false
train_2976,"Joe Biden then US former vice president in 2015 pressured the Ukrainian government to fire Viktor Shokin, the top Ukrainian prosecutor, because he was investigating Ukraine’s largest private gas company, Burisma, which had added Biden’s son, Hunter, to its board in 2014.",false
train_2977,"Diane Abbott said that Chairman ""Mao did more good than harm.""",true
train_2978,"An MP’s salary was £66,000 in 2010 and £77,000 in 2018.",true
train_2979,"A recipe for a drink called Kashayam is the cure for the Coronavirus.",false
train_2980,"Did Conservative MP, Mark Francois deny the existence of the gender pay gap?",false
train_2981,"Doctors in Israel and the medical company, Gomorra, have found a “100% cure for HIV.",false
train_2982,"A series of photos showed the supposed interiors of Del Monte Land Transport Bus Company's (DLTB Co) new bus.",false
train_2983,"A person does not need a West African Examination Council [WAEC] certificate to become the President of Nigeria.",true
train_2984,"24,641 die of heart disease every day.",false
train_2985,"Trump's government delivered the largest tax cut and reform in the history of the USA",false
train_2986,"Ilocos Norte Governor Imee Marcos graduated cum laude from the University of the Philippines (UP) College of Law",false
train_2987,"In 2010, a newly qualified teacher’s salary was £21,500 and in 2018 was £22,000.",false
train_2989,"108 people died from Covid-19 in China on February 10th, one of the worst days so far.",true
train_2990,"For a cumulative 29 years out of 60 years of existence as a nation, Nigeria has been under military rule.",true
train_2991,"Boris Johnson said in 2007 that Gordon Brown should not have become Prime Minister after Tony Blair with no public vote.",true
train_2992,"Covid-19 cases are way down from where they were two weeks ago, this weekend is one of the lowest the United States have had.",false
train_2993,"Covid-19 tests detect any coronavirus, not just the one that causes Covid-19.",false
train_2995,"NASA has announced the possibility of the sun rising from the west",false
train_2996,"26,383 people die of cancer each day.",true
train_2997,"The former actor and Congress politician, Urmila Matondkar, said, ""By abusing martyr Rajiv Gandhi, Modi has proved he is mentally ill.""",false
train_2999,"Israeli Prime minister Netanyahu confirmed Israel is responsible for the Beirut Explosion.",false
train_3000,"The Covid-19 spike protein which the Pfizer vaccine causes an immune response against also trains the body to attack syncytin-1, a protein in the placenta, which could lead to infertility in women.",false
train_3001,"Blue trick or treat pumpkin buckets are not official symbols for the autistic community",true
train_3002,"Justice Clarence Thomas And His Wife Ginni Thomas Chartered Buses For January 6, 2021, Capitol Protesters",false
train_3003,"Abortion has been legalised in Indonesia by President Joko Widodo",false
train_3004,"The material, Ankara, a fine cotton fabric is not indigenous to Nigeria or Africa.",true
train_3005,"Scotland’s bill for the HS2 railway is £17 billion.",false
train_3006,"The index finger is the only finger approved for marking a ballot paper in the Nigerian General Elections",false
train_3007,"5G technology is spreading Coronavirus.",false
train_3008,"A police officer’s starting salary was £24,000 in 2010 and £23,000 in 2018.",false
train_3009,"Well-behaved women rarely make history was said by Eleanor Roosevelt",false
train_3010,"Drinking a glass of water before taking a bath helps lower blood pressure.",false
train_3011,"Humans kill 1,300 fellow humans every day.",true
train_3012,"There were no Covid-19 deaths in Ireland in August 2020.",false
train_3014,"26% of NHS doctors are foreign-born.",false
train_3016,"Vladimir Putin is the world's richest man, with an estimated fortune of $250 billion.",false
train_3017,"Prime Minister Sanna Marin has announced that Finland is going to have a four-day working week and six-hour days.",false
train_3018,"BBC Radio 2 DJ gets paid over £1.3 million a year.",true
train_3019,"Covid-19’s infection fatality rate is 0.1%",false
train_3020,"The salary of a newly qualified nurse was £22,000 in 2010 and the same in 2018.",false
train_3021,"Grenfell Tower was built by a Labour Council under Labour government in 2007-2008, when Sadiq Khan was the Housing Minister.",false
train_3022,"Drinking a glass of water before going to bed helps prevent stroke and heart attacks",false
train_3023,"US President Joe Biden lied when he said he had never spoken to his son, Hunter Biden  about his son's overseas business dealings.",false
train_3024,"While western countries have been busy fighting the new coronavirus, international terrorism has stopped",false
train_3025,"Moon and Mars will appear to be the same size in the night sky on August 27, 2020.",false
train_3026,"Student nurses of the 2017 cohort were asked to join the NHS workforce early this year, due to Covid-19.",true
train_3027,"Stanley Johnson, father of Prime Minister Boris Johnson, wrote a novel called ‘The Virus’ in 1982.",true
train_3028,"The Covid-19 vaccine will cause infertility in younger men.",false
train_3029,"The cladding used on Grenfell Tower has previously been banned in the USA.",true
train_3030,"This photo shows women working for the Red Cross arriving at Normandy beach in 1944 to assist injured troops.",false
train_3031,"Jacob Rothschild owns a patent to coronavirus.",false
train_3032,"A no deal Brexit means UK fishing waters are back in our control.",true
train_3033,"U.S., Germany and France have no educational requirement for the office of President.",true
train_3034,"A no deal Brexit means we wouldn’t have to make any more annual payments of £26 billion to £32 billion.",false
train_3035,"University of Zimbabwe will begin serving exotic game meat from wildlife parks due to rising prices of beef and chicken.",false
train_3036,"To self diagnose for COVID-19, hold your breath for ten seconds without coughing, discomfort, stuffiness or tightness and this proves no fibrosis in the lungs and no infection.",false
train_3037,"In Britain, you’re allowed to wave terrorist flags",false
train_3039,"Consuming certain plants will stop women from getting pregnant.",false
train_3040,"122 Muslims acquitted by Gujarat court for alleged link with SIMI were in prison for 20 years.",false
train_3041,"half of the GOP candidates don't live in the 9th congressional s district of north Carolina",true
train_3042,"A picture shows a woman holding a protest sign saying “stop killing volcanoes to make lava lamps”, from the People’s Vote march.",false
train_3043,"HS2 will cost £150 billion.",false
train_3044,"If you have been recently vaccinated you need to stay away from babies, young children, pregnant women, immunocompromised people, the elderly, and terminally ill people for at least two weeks minimum.",false
train_3046,"Posting on social media such as Instagram for Blackout Tuesday dilutes feeds and erases protesters’ posts burying the voices it's meant to amplify.",false
train_3047,"A picture post has surfaced on the internet in which Union Minister Nitin Gadkari has been quoted praising interim Congress President Sonia Gandhi and former President Rahul Gandhi.",false
train_3050,"Ewedu can cure cancer.",false
train_3053,"As Mayor, Sadiq Khan produced a report to say that the Fire Services did not need further funding.",true
train_3054,"Australian Prime Minister Scott Morrison stands alone during the 2019 G7 Leaders’ Summit in France",false
train_3055,"Kenyans working at Mara North private wildlife park have been made to carry white tourists in sedan chairs depicting modern 'slavery'",false
train_3056,"Suicide is the cause of death for around 3,000 people per day.",false
train_3057,"Using the air conditioning (AC) in a vehicle consumes more fuel.",true
train_3058,"The BMA advises that without immigrants “many NHS services would struggle to provide effective care”.",true
train_3059,"The Wuhan coronavirus is a more virulent version of the normal cold.",true
train_3060,"In the UK in 2020 there were 48,000 illegal immigrants staying in 4/5 star hotels.",false
train_3061,"5G wrecks immune systems and that is why people in Wuhan are suffering with this illness.",false
train_3062,"Bollywood star Shah Rukh Khan has slammed the Modi-government for not paying enough attention to Rohingya Muslims.",false
train_3063,"Drinking one glass of water before bed prevents heart attacks.",true
train_3067,"Mixing one tablespoon of 2% iodine and one cup of baby oil will create a substance that removes body hair.",false
dev_0,"In a letter to Steve Jobs, Sean Connery refused to appear in an apple commercial.",false
dev_1,"Trump Administration claimed songwriter Billie Eilish Is Destroying Our Country In Leaked Documents",false
dev_2,"Due to Imran Khan's criticism of Macron's comments on Islam, French authorities cancelled the visas of 183 Pakistani citizens and deported 118 from the country.",false
dev_3,"UNESCO declared Nadar community as the most ancient race in the world.",false
dev_4,"Republican Matt Gaetz was part of a company that had to pay 75 million in hospice fraud. They stole from dying people.",false
dev_5,"The United States of America and its Western allies have been using their media outlets to publish articles based on fabricated information under allegations of non-compliance with the Chemical Weapons Convention.",false
dev_6,"More than 225,000 people dead, 225,000. The estimates are, if we’d have acted responsibly, there’d be 160,000 fewer dead than there are today, because of covid-19.",true
dev_7,"Why should you pay more taxes than Donald Trump pays? And that’s a fact. $750. Remember what he said when that was raised a while ago, how he only pays … He said, ‘Because I’m smart. I know how to game the system.’",true
dev_8,"You’re watching the cheaters and all those people that send in the phony ballots. … They want to have the count weeks after November 3.",false
dev_12,"New Zealand’s new Food Bill bans gardening",false
dev_13,"Wearing face masks will stop the spread of covid 19",true
dev_14,"Jammu and Kashmir (J&K) in Pakistan/India was removed from the United Nations (UN) list of “unresolved disputes”.",false
dev_16,"The plentiful evidence we have indicates that masks would not meaningfully help with aerosol transmission of COVID 19.",false
dev_17,"All USA Ballots Arriving After Election Day Will Be Thrown Out",false
dev_19,"Video shows attack of French embassy in Sudan",false
dev_20,"Viral video purportedly shows Pakistani opposition MPs chanted ‘Modi, Modi’ (India's PM)  inside the Pakistani Parliament",false
dev_21,"Taylor Zundel claimed on Instagram that she and other early voters in Utah, were unable to cast ballots in the 2020 presidential elections, as they were told they had already voted.",false
dev_22,"Trash Can Plastered With 'Ballot Box' Sign In Philadelphia Was Intended To Get People To Toss Their Ballots In The Trash.",false
dev_23,"Joe Biden wants to ban fracking",false
dev_24,"Germany’s Foreign Minister Heiko Maas said that Thailand’s King Maha Vajiralongkorn didn’t do anything illegal while at his German residence.",false
dev_25,"McDonald’s Azerbaijan's official account was promoting the military taking of Nagorno-Karabakh.",true
dev_27,"Sleeping under a mosquito bed net treated (or not treated) with insecticide is ineffective and harmful to human health.",false
dev_28,"Pogba Has Quit The French National Team Over Macron's Remarks on Islam.",false
dev_29,"The Wire called Durga puja racist and the goddess Durga a sex worker",false
dev_30,"Paul Pogba, who plays for Manchester United and the French national team, retired from international football in response to French President Macron’s comments on Islamist terrorism.",false
dev_31,"Amy Coney Barrett was confirmed as US Supreme Court Justice on October 26, 2020",true
dev_32,"The New York post Endorsed Donald trumps bid for re-election.",true
dev_34,"The United States, New Zealand, U.K., Australia, and the EU have not included the NDF in their official list of terrorist groups.",true
dev_35,"COVID-19 pandemic pre-planned with the help from Bill Gates.",false
dev_36,"Speaker Robin Vos lost a Republican-held seat in the 2018 election for the first time.",true
dev_37,"Breitbart News reports that the daughter of Delaware Democratic Senator Chris Coons and seven other underage girls were featured on Hunter Biden's laptop.",false
dev_38,"Hunter Biden, son of US President Joe Biden has died.",false
dev_39,"5G causes COVID-19.",false
dev_40,"Rock musician Jon Bon Jovi performed for 12 people and 7 pumpkins at a campaign event for Democratic presidential nominee Joe Biden in Pennsylvania.",false
dev_41,"Wearing face masks can cause infections from bacteria such as staphylococcus.",false
dev_42,"An 'anti-Black Lives Matter' flag replaced the American flag behind President Trump during a Waukesha campaign rally.",true
dev_44,"Deliberately infecting children to COVID-19 at “pox parties” could be a good way to help create herd immunity against COVID-19 without a vaccine.",false
dev_45,"Cutting the umbilical cord straight away deliberately denies the baby natural immunity so that medical professionals have a reason to vaccinate and medicate them.",false
dev_46,"The umbilical cord should not be cut until 1 hour after birth or they baby will not have enough blood right after birth.",false
dev_48,"99% of people recover from COVID-19.",false
dev_49,"The US saw the best carbon emission numbers in 35 years under President Donald Trump's administration.",false
dev_51,"People who do not vote for the Bharatiya Janata Party (BJP) in the 2020 elections will not get the COVID vaccine free of cost.",false
dev_52,"President Ferdinand Marcos and Dr. Jose Rizal established and founded the WORLD BANK and International Monetary Fund.",false
dev_53,"The FBI is in possession of the president of the US's son  Hunter Biden's laptop.",true
dev_54,"India’s imports from China increased by 27% in April-August 2020",false
dev_55,"Generally the deaths from Covid-19 are still pretty flat because we've flattened the curve.",false
dev_56,"Previous flu vaccines may have made President Donald Trump susceptible to COVID-19",false
dev_57,"While serving as Town Supervisor on Grand Island, Nebraska, US Nate McMurray voted to raise taxes on homeowners.",true
dev_61,"The large image of the Joe Biden and Kamala Harris logo projected onto a Harley-Davidson location in Milwaukee US indicates the motorcycle manufacturer's endorsement of the US Democratic presidential nominee.",false
dev_62,"Scientific American magazine warned that 5G technology is not safe.",false
dev_63,"Officer who wore Trump 2020 mask to polls to face disciplinary action",true
dev_64,"Eric Trump, Donald J. Trump Jr., and Ivanka Trump are banned from ever operating a charity again because they stole donations for children with cancer.",false
dev_65,"Someone who couldn't afford health care under Barack Obama's Affordable Care Act gets penalized $10,000",false
dev_66,"Hunter Biden was chairman of the Nobel Peace Prize winning World Food Program.",true
dev_67,"National Testing Agency (NTA) has made a major blunder in NEET Exam Result 2020. They stated that the all India topper had failed.",false
dev_69,"White House coronavirus adviser Dr. Anthony Fauci wrote a 2008 paper that found most 1918-1919 Spanish Influenza pandemic deaths were because of bacterial pneumonia from wearing masks.",false
dev_70,"Dr Anthony Fauci wrote a paper regarding the Spanish Flu and stated that the majority of deaths in 1918-1919 was because of bacterial pneumonia from wearing masks.",false
dev_71,"India's imports from China increased by 27% during the period April-August 2020.",false
dev_72,"The daughter of Muahammadu Buhari (the President of Nigeria) is a board member of the Nigerian National Petroleum Corporation (NNPC).",false
dev_74,"The Iowa Farm Bureau, US says that it would no longer be endorsing US Republican Iowa Sen. Joni Ernst for her re-election",false
dev_75,"Joe and Jill Biden's income has increased recently.",true
dev_77,"A third of excess deaths in the United States between 1 March and  1 August 2020 during the COVID-19 pandemic could not be directly attributed to the coronavirus",true
dev_78,"Prominent US Democrat party members including Hillary and Bill Clinton, were running a child sex-trafficking ring in the basement of a Washington, D.C., pizzeria.",false
dev_79,"Anthony Weiner’s laptop contained proof Hillary Clinton & her associates are involved in child trafficking & paedophilia",false
dev_80,"“Red-tagging” is a term invented by the Communist Party of the Philippines, the New People's Army, and the National Democratic Front (CPP-NPA-NDF).",false
dev_83,"Pennsylvania US rejects 372,000 mail-in ballots.",false
dev_84,"It's unclear how Joe Biden acquired his recent wealth since leaving office in 2017",false
dev_85,"India's Congress party candidate Maskoor Usmani installed Jinnah's portrait at AMU.",false
dev_86,"Donald Trump Jr. said, “My father doesn’t need to rape women. It’s more likely a woman would rape him. That’s how popular he is.”",false
dev_87,"Hyderabad Metropolitan Water Supply and Sewerage Board (HMWSSB) is delivering 1kg bleaching powder, chlorine tablets to people’s doorsteps",true
dev_88,"A man who received four ballot applications votes four times in the 2020 election.",false
dev_89,"Most deaths in the 1918 influenza pandemic originated from bacterial pneumonia caused by face masks and that Dr Anthony Fauci, the US government’s top expert in the fight against Covid-19, knew about it.",false
dev_90,"BJP MP Kirron Kher Said ""Rape Is A Part Of Indian Culture And It Can't Be Stopped""",false
dev_91,"A message will be sent to your phone claiming to show that the Covid19 curve is flattening in India, But It will contain a malicious file",false
dev_92,"US Sen Kamala Harris failed the bar exam  (qualifying examination for lawyers)on her first attempt",true
dev_93,"US Judge Amy Coney Barrett graduated at the top of her law school class at Notre Dame Law School",true
dev_94,"Saved by the Bell actor, Dustin Diamond died in a prison riot.",false
dev_95,"Controversial abortion methods are allowed under New Zealand's Abortion Legislation Act (2020).",false
dev_96,"Commission on Human Rights (CHR) Chairman Chito Gascon called a “surprise military attack” by the Philippine Army,  conducted on members of the New People’s Army (NPA) a “violation of human rights.”",false
dev_97,"IMAGE CLAIMS DONALD TRUMP CURRENTLY FACES A COURT CASE FOR ALLEGEDLY SEXUALLY ASSAULTING A 13-YEAR-OLD",false
dev_98,"The iPhone 12 won’t come with earphones and a charging adapter.",true
dev_99,"New Zealand's Abortion Legislation Act (2020) does not make it a legal requirement that babies born alive after an abortion are given medical support.",false
dev_102,"Kanye West was ahead of Biden and Trump in the Kentucky polls in October 2020",false
dev_103,"Former President Donald Trump who lost the popular vote by 3 million has nominated a full third of The United Supreme Court, as of 13th October 2020.",true
dev_104,"Amy Coney Barrett's nomination to the Supreme Court would be confirmed in October 2020, by a Senate majority that represents 15 million fewer people than the minority party.",true
dev_105,"President Trump said Anthony Fauci said, “This is not a threat. This is not a problem. Don’t worry about it.” when talking about the pandemic",false
dev_106,"Amy Coney Barrett, associate justice of the Supreme Court of the United States,  said during her Supreme Court confirmation hearing that she was not using notes because she has seven kids and is used to stupid questions.",false
dev_107,"Anthony Fauci the NIAID director is a democrat.",false
dev_108,"CNN announces on social media that President Donald Trump dies from COVID-19.",false
dev_109,"18-year-old man was recently killed by Trinamool Congress workers in West Bengal for supporting BJP",false
dev_110,"Fact check: Harris' statement on Lincoln's Supreme Court nomination misses key details",true
dev_111,"Daughters of President Muhammadu Buhari and Vice President Yemi Osinbajo brought about the dissolution of Special Anti-Robbery Squad (SARS).",false
dev_112,"The Median White Household Wealth In The US Is 81 Times that of The Black Median Household Wealth",false
dev_113,"Congress MP Rahul Gandhi has been listed as the seventh most educated leader by Forbes.",true
dev_114,"Donald Trump is facing a court case for raping a teen in 1994",false
dev_116,"Joe Biden said “You know, we have to come together. That’s why I’m running. I’m running as a proud Democrat for the Senate. So vote! Vote!”",false
dev_117,"NASA always receives blessings from the Pope and that God’s permission must be sought before a space mission.",false
dev_118,"Most Arab citizens support normalization with Israel.",false
dev_119,"The PHE has began to combine Covid-19 and influenza statistics to make the numbers look worse.",false
dev_120,"A law called The Flora and Fauna Act classified aboriginal people as animals until Australian voters overturned it in the 1960s.",false
dev_121,"Robert E. Lee, commander of the Confederate States Army during the American Civil War, was not a slave owner.",false
dev_122,"A BLM or antifa activist shot and killed a patriot at a protest in Denver, Colorado on October 10, 2020.",false
dev_123,"From 8th October the UK government will combine weekly flu and covid reports.",true
dev_124,"PTFE Sprayed On Blue Masks Causes Symptoms Similar To COVID-19",false
dev_125,"The gross domestic product  (GDP) figure in Nigeria for 2020 has decreased from the figure for 2019.",true
dev_126,"Ulysses S. Grant, commander of the Union Army during the American Civil War, was a slave owner.",true
dev_127,"Dr. Anthony Fauci said of Trump’s pandemic response, “I can’t imagine that … anybody could be doing more.”",false
dev_128,"Joe Biden proposed a US wide 2% property tax increase.",false
dev_129,"US Democratic presidential nominee Joe Biden was endorsed by Black Lives Matter and Antifa",false
dev_130,"Kirron Kher, BJP’s Chandigarh MP, said “Rape is part of Indian culture and tradition. We cannot stop it!”",false
dev_131,"We do not know where Covid-19 places among causes of death because the data is not published.",false
dev_132,"Swiss Squash player Ambre Allinckx’s refuses to play in India due to safety reasons",false
dev_133,"Labour reversed the 4,400 health health worker cuts by the LNP.",true
dev_134,"WHO ( World Health Organization) approved water, salt and vinegar remedy for coronavirus",false
dev_136,"Forty percent of Iowa’s energy resources are from renewables.",true
dev_137,"it is unknown whether a person under 20 can pass the disease to an older adult.",false
dev_138,"Fly swatters are now available on Joe Biden's online store.",true
dev_139,"A campaign ad video for John Cornyn says that his plan would guarantee insurers must sell plans to any patient with preexisting conditions and will be covered in his plan.",false
dev_140,"Charlotta Bass was the first Black woman to run for vice president in 1952",true
dev_141,"China seek for court’s approval to kill the over 20,000 coronavirus patients to avoid further spread of the virus.",false
dev_144,"Nigeria’s Ngozi Okonjo-Iweala has been appointed the new and first female Director-General of the World Trade Organisation (WTO).",true
dev_145,"When Joe Biden was US vice-president they took a month to act on information that might have saved Kayla Mueller, a humanitarian worker held hostage and sexually abused by the Islamic State terrorist group",true
dev_146,"Right after a time where we're going through a pandemic that lost 22 million jobs at the height, we've already added back 11.6 million jobs.",true
dev_147,"Because of a so-called trade war with China, America lost 300,000 manufacturing jobs.",true
dev_149,"They [the Democrats] want to ... ban fracking.",false
dev_150,"Zimbabwe gets more than half of the African Export Import Bank loans.",false
dev_151,"The Democrats want to shut down U.S. churches permanently.",false
dev_152,"Over thirty million people... in the last several months had to file for unemployment.""",true
dev_154,"COVID-19 had caused zero deaths in people under 20.",false
dev_155,"Trump said 'there were fine people on both sides' in far-right protests.",true
dev_156,"Vice president of the U.S Mike Pence said “When Joe Biden was vice president of the United States, the FBI actually spied on President Trump and my campaign.”",true
dev_157,"Richard A. Rothschild filed a patent for novel coronavirus tests in 2015.",false
dev_158,"US President Donald Trump following his positive diagnosis of COVID-19, was given treatment developed from the use of fetal tissue, made by the company Regeneron.",true
dev_159,"U.S. mortalities this year are not materially different from the previous 5 years",false
dev_160,"President Donald  J Trump said it [coronavirus] was a hoax.",false
dev_161,"Documents show the CIA made a referral to the FBI documenting the allegation that U.S. Presidential candidate Hillary Clinton had approved a campaign plan to stir up a scandal against U.S. Presidential candidate Donald Trump by tying him to Putin and the Russians’ hacking of the Democratic National Committee.",true
dev_162,"The Democratic party has spent the last three and a half years trying to overturn the results of the last US election.",false
dev_163,"The content of the conspiracy network, Radio Quebec, hosted by Alexis Cossette-Trudel is banned by Facebook.",true
dev_164,"OPCW scenario of the Navalny case is a fantastic story and a planned conspiracy scenario",false
dev_165,"In 1977 Senate Minority Leader Chuck Schumer had an affair with his daughter best friend from high school.",false
dev_166,"49 percent of Nigerians are in extreme poverty.",false
dev_167,"During the Obama/Biden administration, 18,000 people got clemency.",false
dev_168,"People in the UK who are required to self-isolate due to having tested positive for the COVID-19 virus will receive a support payment of £500 per week",false
dev_169,"A Congressman Just Introduced A Bill To Remove Nancy Pelosi From The House.",false
dev_170,"U.S. President Donald Trump has departed Walter Reed hospital just a few days after testing positive for COVID-19.",true
dev_171,"All students in India who had to switch to an online mode of education due to the coronavirus pandemic are being provided free Android smartphones by the government.",false
dev_172,"Oxygen deprivation is caused by wearing face masks.",false
dev_173,"Carbon dioxide intoxication is caused by wearing face masks.",false
dev_174,"Wearing face masks leads to permanent neurological damage, especially in children.",false
dev_175,"“Wisconsin Republicans have not passed a single bill in 6 months.”",true
dev_176,"Tax avoidance costs £90 billion per year.",false
dev_177,"President Trump is not on supplemental oxygen.",false
dev_178,"The PLAAF has shot down an Indian Sukhoi Su-30 fighter jet in Tibet.",false
dev_179,"Senate President Vicente Sotto III claimed that hardheaded Filipinos are to blame for the cases of coronavirus disease 2019 (COVID-19) in the country",false
dev_180,"Dr. Ebeneezer, a medical doctor and a herbal practitioner at the Amuzu Hospital has instructed men to have sex at least 21 times a month to avoid prostate cancer.",false
dev_181,"The ex-Prime Minister of India Lal Bahadur Shastri took a loan to buy a car.",true
dev_182,"President Trump announces  he has tested positive for Covid-19.",true
dev_184,"The wife of  Lal Bahadur Shastri (ex Prime minister of India) repaid his car loan after his death.",true
dev_185,"President Trump's positive COVID-19 test result is a 'con'",false
dev_187,"US President Donald Trump's positive COVID-19 result is a false positive, which could allow an adversary in the White House to poison the president’s soda and later say that he suffered from COVID-19.",false
dev_188,"The Democrats deliberately spread the COVID-19 virus to US President Donald Trump  during the first  US presidential debate on Sept. 29, 2020.",false
dev_189,"During a speech on 2nd October 2020 Joe Biden said he would create 550 million new jobs.",false
dev_190,"US President Donald Trump used a fabricated COVID-19 positive diagnosis to benefit his re election campaign.",false
dev_191,"Flu shots lead to severe or life-threatening conditions making them unsafe.",false
dev_193,"Two E-6B Mercury planes were deployed because of US President Trump's positive COVID-19 test.",false
dev_194,"At independence, Nigeria had a population of 45 million",true
dev_195,"Today, we grapple with multiple challenges with a population exceeding 200 million.",true
dev_196,"Video shared to make misleading claim that Hathras victim’s family did her last rites",false
dev_197,"Trade relations between the United States and Africa have declined significantly while Donald Trump was president of the US.",true
dev_198,"Today, Nigeria grapple has a population exceeding 200 million.",true
dev_199,"For a cumulative 29 of Nigeria's 60 years of existence as a nation, Nigeria has been under military rule.",true
dev_200,"Other Countries Have Proved that the U.S. FDA Was Wrong to Withdraw Approval Of Hydroxychloroquine as COVID Drug",false
dev_201,"U.S. President Donald Trump and his wife, First Lady Melania Trump, have tested positive for COVID-19",true
dev_202,"For a cumulative 29 of our 60 years of existence as a nation, we have been under military rule.",true
dev_203,"Nigeria’s urban population at independence was approximately 7 million.",true
dev_204,"At independence, Nigeria had a population of 45 million.",true
dev_205,"Nigeria’s urban population at independence was approximately 7 million.",true
dev_207,"At independence, Nigeria had a population of 45 million.",true
dev_211,"At independence, Nigeria had a population of 45 million.",true
dev_212,"For a cumulative 29 of our 60 years of existence as a nation, we have been under military rule.",true
dev_213,"For a cumulative 29 of Nigeria's 60 years of existence as a nation, they have been under military rule",true
dev_214,"52% of Nigeria’s current population lives in urban areas",true
dev_215,"52% of Nigeria’s current population lives in urban areas.",true
dev_216,"52% of Nigeria’s current population lives in urban areas",true
dev_217,"Nigeria's current population exceeds 200 million.",true
dev_218,"52% of Nigeria’s current population lives in urban areas.",true
dev_219,"For a cumulative 29 of Nigeria's 60 years of existence as a nation, it has been under military rule.’",true
dev_221,"Nigeria’s urban population at the time of independence was approximately 7 million",true
dev_222,"Today, Nigeria grapples with multiple challenges with a population exceeding 200 million.",true
dev_224,"At independence, Nigeria had a population of 45 million.",true
dev_226,"Potential voter fraud in the 2020 U.S Presidential Election is caused by mail-in ballots being sent in error to previous tenants in Washington DC.",false
dev_227,"Hindus are a minority in Kerala.",false
dev_228,"At independence in 1960  Nigeria had a population of 45 million.",true
dev_230,"Judith Collins said, on Donald Trump, ""actually, he's a damn sight better than any of the other Presidents that have been there before him, including those that you admire, Miss Arden,""",false
dev_231,"Nigeria’s urban population at independence was approximately 7 million.",true
dev_232,"Uttar Pradesh Chief Minister Yogi Adityanath said ‘our job is to save cows, not women.’",false
dev_234,"Kamala Harris called Joe Biden Trash.",false
dev_235,"In England You can get a £3,000 fine for not wearing a cloth over your face at the time of this claim.",true
dev_236,"Covid 19 Will Go Away If You Stop Getting Tested, It's Just The Elderly Dying and People Are Being Intentionally Infected",false
dev_238,"The number of police decline when National Party leader Judith Collins’ was police minister.",false
dev_239,"Judith Collins, the National Party leader stated that New Zealand was using more coal to generate electricity because of the oil and gas exploration ban.",false
dev_240,"Democratic presidential nominee Joe Biden received the questions for the first presidential debate in advance.",false
dev_242,"U.S. Centers for Disease Control and Prevention downgrades COVID-19, rating it less fatal than seasonal flu",false
dev_243,"Eating millets will protect you from Coronavirus.",false
dev_244,"Claims that there were links between Trumps 2016 election campaign and Russia were part of a hoax that Hilary Clinton was behind.",false
dev_245,"Potential voter fraud in the 2020 U.S Presidential Election is caused by mail-in ballots being sent to a mans  deceased parents in Mercer County in New Jersey.",false
dev_246,"A “new virus” disease called Novel Bunya V!rus that is caused by ticks is diagnosed as severe fever with thrombocytopenia syndrome (SFTS) is spreading in China.",false
dev_247,"There is more chance of an asteroid hitting Earth on 02/11/2020 than dying from COVID-19.",false
dev_248,"Sadiq Khan faked getting the flu jab as the plastic cap was still on the needle.",false
dev_249,"AARP endorsed President Biden and gave financial support to planned parenthood.",false
dev_250,"Indian legendary singer Sripathi Panditaradhyula Balasubrahmanyam's family asked the Tamil Nadu government for help to pay the hospital bills after his death, but it was  Vice President Venkaiah Naidu's daughter who stepped in.",false
dev_251,"FAcebook meme shows real stats on Black v White Violence and Police shootings",false
dev_252,"New Zealand opposition leader Judith Collins is opposed to new environmental legislation because of her connection to Oravida, a local water and dairy company that exports produce to China.",false
dev_253,"The Nigerian government is donating $600 million to Democratic presidential nominee Joe Biden’s campaign.",false
dev_254,"Olive Garden prohibits its employees from wearing face masks depicting the American flag.",false
dev_255,"Amy Coney Barrett has a written track record, disagreeing adamantly with the U.S. Supreme Court’s decision to uphold the Affordable Care Act.",true
dev_256,"A child died in Germany from wearing a mask.",false
dev_257,"A Maryland man was sentenced to a year in jail for throwing parties.",true
dev_258,"A Supreme Court nominee has never been nominated and installed while a presidential election is already underway.",false
dev_260,"Jo Biden the U.S Democratic Presidential nominee calls Donald Trump supporters the ""dregs of society"".",false
dev_261,"Distance between Gandhi and Green thread can determine if Rs 500 note is genuine or fake",false
dev_262,"Nigeria performed poorly in Sustainable Development Goals (SDGs) in the past five years.",true
dev_263,"No news coverage was given to US President Donald Trump's executive order on September 24, 2020 guaranteed health coverage protections for those with preexisting conditions.",false
dev_264,"Donald Trump has not appoointed any black federal judges.",false
dev_265,"A mail-in ballot application for voting in the US presidential election which was sent to a deceased grandfather in the State of New Mexico is evidence of potential widespread voter fraud via mail-in ballots.",false
dev_266,"Raveer Singh requested Narcotics Control Bureau (NCB) to let him join anxiety-prone Actor Deepika Padukone during drug interrogation.",false
dev_267,"Pennsylvania ballots will be rejected without outer and inner envelopes.",true
dev_268,"US President Donald Trump's executive order on September 24, 2020 legally ensures health coverage protections for those with pre existing medical conditions.",false
dev_270,"House Speaker Nancy Pelosi said of US employers, “Employers cutting hours is a good thing. It then gives that person time to pursue their dreams and passions.”",false
dev_271,"False Facebook posts claim Philippine vice president demanded multi-billion dollar budget for her office in 2021",false
dev_272,"The State of Massachusetts committed voter fraud by deleting over one million ballot images during the 2020 Presidential Election.",false
dev_273,"George Soros connected to U-Haul operated by antifa activists distributed “shields, weapons & black bloc” to protesters in Louisville, Ky.",false
dev_274,"Adani Logistics Limited has established a food silo in the aftermath of the three farm and agriculture-related bills passing Parliament.",false
dev_275,"Shah Rukh Khan's Kolkata Knight Riders (KKR) is acquiring a 1.28 per cent stake in Reliance Retail at Rs 5,500 crore",false
dev_276,"Due to coronavirus schools and colleges have been closed and because of this, the education of students has been affected. The government is providing free laptops to all the students so that they can complete their education and also give exams with the help of the internet",false
dev_277,"New York City Mayor Bill de Blasio officially ordered all police and citizens to stop sharing the booking photo of his daughter caught up during rioting",false
dev_278,"The Victorian Premier Daniel Andrews of the state of Victoria in Australia accepted a multi-million dollar bribe from the IMF conditional on Andrews locking down the state of Victoria unnecessarily during the COVID-19 pandemic.",false
dev_279,"Premier Daniel Andrews of the state of Victoria in Australia borrowed money from the IMF and now is in default.",false
dev_280,"False positives and rapid tests put the rate of infection near zero and that there will be no second wave of infections",false
dev_281,"Americans advised to reconsider travel to Ghana due to COVID-19.",true
dev_283,"Transitioning to 100 per cent renewable electricity generation increase power prices in New Zealand",false
dev_284,"Former US vice-president Joe Biden is showing pretty severe signs of dementia.",false
dev_285,"California Governor Gavin Newsom made it so that convicted sexual predators have lighter sentences.",false
dev_286,"U.S. Supreme Court Justice Ruth Bader Ginsburg is the first woman in American history to lie in state at the U.S. Capitol.",true
dev_287,"Judge Amy Barret said ""gays have a right to be discriminated against because they are against Gods wishes and won't be allowed Heaven""",false
dev_289,"Fact Check: WHO has not approved home remedy for COVID-19, don’t fall for misinformation",true
dev_290,"Basketball superstar Michael Jordan is joining NASCAR as a team owner.",true
dev_291,"Ruth Bader Ginsburg waged an ""active campaign"" to repeal the Mann Act and to lower the age of consent for sex",false
dev_292,"30% to 40% of Americans will have voted by Oct. 1. 2020",false
dev_293,"The recently deceased US Supreme Court Justice Ruth Bader Ginsburg was known for her gruelling fitness regime.",true
dev_294,"The Trump campaign only asked that Biden to release his list of potential Supreme Court nominees after Justice Ruth Bader Ginsburg passed away.",false
dev_295,"Trump campaign asked Joe Biden to release a list of potential Supreme Court picks only after Ginsburg’s passing",false
dev_296,"The family or Justine Damond received a $55 million settlement after she was gunned down by a Minneapolis police officer.",false
dev_297,"Flu shot is 2.4x more deadly than Covid-19.",false
dev_298,"MPs are not following workplace Covid guidance by wearing masks.",false
dev_299,"You could text RBG to 50409 to sign a petition to tell your senator not to replace Ruth Bader Ginsberg in the Supreme court until after the 2020 election",true
dev_300,"A man died in police custody after a 19th September 2020 anti-lockdown protest in London.",false
dev_301,"Melissa Francis is married to Wray Thorn.",true
dev_302,"Two Sigma Investments is owned by George Soros.",false
dev_304,"Zimbabwe recorded its first coronavirus Infection before 20 February 2020.",false
dev_305,"Photo Showing the remains of Vladimir Komarov, a man who fell from space, in 1967.",true
dev_307,"Ruth Bader Ginsburg was nominated and confirmed 43 days before an election.",false
dev_308,"Sightway Capital is owned by Two Sigma Investments.",true
dev_309,"US Supreme Court Justice, Ruth Bader Ginsburg, fought cancer for decades before she passed away in September 2020.",true
dev_310,"Wray Thorn is managing director of Sightway Capital.",true
dev_311,"Supreme Court Justice Ruth Bader Ginsburg said, “Pedophilia is good for the children.”",false
dev_312,"John Cammo was the only one to predict that President Trump would be infected with Covid-19.",false
dev_313,"English Playwright William Shakespeare’s plays are the work of Amelia Bassano, a black woman who died unpublished and in poverty.",false
dev_314,"The passing of Ruth Bader Ginsburg will have a profound effect on the future of the Supreme Court of America.",true
dev_315,"The fastest Supreme Court justice ever confirmed in the U.S. was 47 days.",false
dev_316,"Canada would like to reopen the border with the U.S",false
dev_317,"Turkish-backed armed groups did not commit human rights violations in the Syrian conflict",false
dev_318,"Joe Biden would be the first person without an Ivy League degree to be elected president.",false
dev_319,"Nigeria is the leading producer of cassava in Africa and the world.",true
dev_320,"The White House blocked a plan to send facemasks to every household in April 2020.",true
dev_321,"In 2019, 10 million fell ill from tuberculosis and 1.5 million died but nobody needs to wears a mask for tuberculosis",false
dev_322,"Trump nixes aid for California fires but offers help to Putin for Siberian wildfires.",false
dev_323,"Donald Trump is in federal court trying to do away with the Affordable Care Act, 100 million people with preexisting conditions like your mom would not have to pay more for their insurance under now.”",true
dev_325,"Joe Biden was the first in his family to go to college.",false
dev_326,"COVID-19 was developed as a bioweapon from a research facility in China.",false
dev_327,"Carlos Gimenez approved a 67% pay raise for himself and increased his own pension.",true
dev_329,"Minneapolis City Council has defunded the police.",false
dev_330,"Ventura County election officials are reducing voting locations in order to limit in-person voter turnout.",true
dev_331,"Australian politician, Daniel Andrews said “In fact, you’d be surprised at how much can be avoided if people stop insisting on their personal freedoms. Because insisting on human rights is not only selfish, it’s stupid.”",false
dev_332,"Kim Martin Morrow the CEO of Netflix has just been charged with 15 charges for child pornography and 31,000 files have been found on his personal computers for child porn from ages 8 and as young as toddlers.",false
dev_333,"Development Control Department of the Abuja Metropolitan Management Council (AMMC), an agency of the Federal Capital Territory Administration (FCTA)of Nigeria, in 2020 marked 37 Estates for demolition.",false
dev_334,"The US government has plans to force a COVID-19 vaccine on everyone.",false
dev_335,"In India, actor Kangana Ranaut was forced to vote for the Shiv Sena in the elections as they were in alliance with the Bharatiya Janata Party (BJP).",false
dev_336,"A US voter can vote 4 times because he got 4 vote by mail forms.",false
dev_337,"Crime has increased in Minneapolis in 2020.",true
dev_338,"A Democratic Vice Presidential nominee, Kamala Harris, said that there will be ""a federal tax on your home for slavery reparations.""",false
dev_339,"Actor Mukesh Khanna has called for a boycott of Jaya and Amitabh Bachchan.",false
dev_340,"A 6 year old boy begged God to save his mother's life after she was ambushed. Today the NFL honored the organization that yelled ""hope they die"" outside the mothers hospital.",false
dev_341,"Muslim regiment of the Indian Army had refused to fight in India’s 1965 war with Pakistan.",false
dev_342,"Fact Check: AARP Did NOT Spend 'Millions In TV Ads Targeting Republican Candidates' -- Nonprofit AARP Is Prohibited From Involvement In Any Political Campaigns",true
dev_343,"McDonald’s take down American flags at their fast-food restaurants in support of Black Lives Matter and antifa (an umbrella term for far-left anti-fascism groups).",false
dev_344,"A Rafale Aircraft crashed during training and two pilots are dead.",false
dev_345,"The Indian UPSC examination is discriminatory in favour of Muslim candidates.(Sudarshan News Editor-in-Chief, Suresh Chavhanke, 11 September, 2020, UPSC Jihad Par Ab Tak Ka Sabse Bada Khulasa (The Biggest Expose of All Time on UPSC Jihad)",false
dev_346,"US state of Georgia has “almost 100,000 more COVID-19 cases, almost twice as many deaths and almost 600 more nursing home deaths than North Carolina, US.",true
dev_347,"Tourism, lockdown key to deep New Zealand recession.",true
dev_348,"Wildfires do not Affect Mexico And Canada",false
dev_349,"Former FBI Director James Comey and former CIA Director John Brennan have been charged with multiple counts of treason.",false
dev_351,"Donald Trump tweeted that he was donating $500,000 each toward the expenses of the two Los Angeles County sheriff's deputies who were shot and critically injured on September 12, 2020.",false
dev_352,"Iran has stockpiled 10 times as much enriched uranium as it had in 2016.",true
dev_355,"Ignat Shchetinin And Sammy Scott Piatt, charged with arson connected to Clackamas County, Oregon wildfires.",false
dev_356,"Nigerian Government had placed a ban on alcohol in sachet and polythene.",false
dev_357,"Edo State in Nigeria has a 19% unemployment rate.",true
dev_358,"Antifa is recruiting people to dress as President Trump supporters and police to riot on Election Day 2020 in the United States",false
dev_359,"Netflix tweets that its content is ""mostly pedophilia-free"" in response to criticism over its streaming of ""Cuties""",false
dev_361,"Joe Biden’s own chief of staff said that when Biden managed swine flu in 2009, they quote, “Did every possible thing wrong.”",true
dev_362,"Netflix CEO Reed Hastings was arrested by the FBI on child porn charges.",false
dev_363,"Antifa Admit to Igniting Fires All Over The Country To Draw Attention To Climate Change",false
dev_364,"Netflix CEO Reed Hastings was arrested by the FBI after being caught with 13,000 files of child pornography.",false
dev_365,"The eligibility criteria for applying to take the exam for the Union Public Service Commission (UPSC) of India, differentiates depending on whether you are a Hindu or a Muslim.",false
dev_367,"Muslim candidates are allowed more attempts at the UPCS (i.e. Union Public Service Commission for recruitment to higher Civil Services of the Government of India) exam than others",false
dev_368,"Muslim candidates can qualify with lower marks than others in the UPCS (i.e. Union Public Service Commission for recruitment to higher Civil Services of the Government of India) exam",false
dev_369,"CDC announces that ordinary (non-N95) masks (which most people are wearing) will do nothing to protect you against wildfire smoke because they do not catch small particles",true
dev_371,"The upper age-limit for Muslim candidates for the UPCS (i.e. Union Public Service Commission for recruitment to higher Civil Services of the Government of India) exam is relaxed to be higher than that of other applicants",false
dev_372,"Greater number of Muslim aspirants are suddenly taking the UPCS (i.e. Union Public Service Commission for recruitment to higher Civil Services of the Government of India) exam",false
dev_373,"the Indian Government set up 5 coaching centres for UPSC exams, 4 of which were in Muslim universities.",false
dev_374,"Police: Political Activists Didn’t Cause Oregon’s Wildfires",true
dev_376,"Clinical trials of a vaccine against COVID-19 were paused",true
dev_377,"Western Wildfires Are evidence Of A Coordinated Antifa Campaign To 'Burn The Country Down",false
dev_378,"Kasab was fed biriyani.",false
dev_379,"US Congress voted 49-46 to add the repeal of Section 230 — legislation which shields online platforms from liability for user-generated content — into the country’s annual defense bill in December 2020",false
dev_380,"Democratic presidential nominee Joe Biden talk about how the Chevrolet Corvette is ""one of the best cars in the world"" while he was visiting a Ford plant.",false
dev_381,"Nita Ambani is to give Rs 200 crore for Kangana Ranaut’s new studio",false
dev_382,"US Democratic Vice Presidential nominee Kamala Harris tweeted that she ‘filed a complaint’ to remove a specific Instagram account.",false
dev_383,"Asha Ranaut tweeted ‘you havent crushed my daughter’s office but Bal Thackeray’s soul.",false
dev_384,"Brazil preserves its native forests better than any other country in the world",false
dev_385,"$400,000 ... is more money than I’ve ever made” in a year",false
dev_386,"The CDC has removed the “Covid-19 Pandemic” and replaced it with “Covid-19 Outbreak” on their website.",false
dev_387,"In England only 69.4% of COVID-19 contacts are now reached and asked to self-isolate.",true
dev_388,"Rhea Chakrabortys father Indrajit Chakraborty said ‘I Should Die, No Father Can Bear Injustice On His Daughter’.",false
dev_390,"The NFL, NBA and MLB have Tax-Exempt status.",false
dev_391,"Schools have resumed in New Brunswick, Canada despite the COVID-19 pandemic",true
dev_392,"The sky has turned orange to blood red in several parts of the United States.",true
dev_393,"80 million ballots for the US November 3 2020 election will be mailed to US voters who didn’t request them.",false
dev_395,"PGA star Bubba Watson wrote a post that says, ""I see signs all over saying black lives matter. I’m just trying to figure out which black lives matter.”",false
dev_396,"Photo of three officers at the Indian Police Service who belong to the same family.",false
dev_397,"Wearing a face mask can cause pleurisy.",false
dev_398,"The Indian government has launched an online health consultation scheme.",true
dev_399,"The Daily Trust news report about a UK judge ruling on how Nigerian Vice President Yemi Osinbajo detected the Process and Industrious Development Limited (P&ID) fraud against Nigeria is fake news.",false
dev_400,"Math Mistake Caused U.S. Leaders To Panic And Order COVID Lockdowns",false
dev_401,"Video of a man blowing vape smoke through various face masks shows that they do not help prevent the spread of coronavirus.",false
dev_402,"Spraying of Naira notes is an offence punishable by imprisonment in Nigeria.",true
dev_403,"53 Johannes Ramokhoase street Pretoria is a human trafficking hotspot.",false
dev_405,"Tweet shows Maharashtra Navnirman Sena (MNS) president Raj Thackeray showing their support of Bollywood actress Kangana Ranaut.",false
dev_406,"Willie Obiano, the Governor of Anambra State in Nigeria, procured over 100 SUVs as gifts for Anambra state traditional monarchs.",true
dev_407,"Donald Trump tweeted “THE NEXT 30 TO 60 DAYS WILL BE THE BIGGEST DRAINING OF THE SWAMP EVER”",false
dev_408,"Mark Zuckerberg Banned Richard Jewells Defence from raising money on Facebook.",false
dev_409,"Taiwan Shot down a Chinese SU-35 Jet.",false
dev_410,"Maharashtra Navnirman Sena (MNS) chief Raj Thackeray has come forward in support of Bollywood actress Kangana Ranaut and would welcome her back to Mumbai, India.",false
dev_411,"Mark Zuckerberg and Facebook declared Richard Jewell to be a Mass Murderer in 1996",false
dev_412,"Taiwan claimed to have brought down a Chinese Air Force Su-35 that allegedly violated its airspace over Taiwan Strait.",false
dev_414,"Between 2010 and 2018, the Uighur population had the region’s highest birthrate, at about 12 newborns per 1,000 people in Xinjiang, China.",false
dev_415,"Raj Thackeray tweeted ""On 9 September, Hindu lioness Kangana Ranaut will be given a grand welcome in Maharashtra’s capital, Mumbai.""",false
dev_416,"US President Donald Trump plans to cut social security, resulting in social security becoming permanently depleted by the middle of calendar year 2023.",false
dev_417,"450,000 people attended the Sturgis Motorcycle Rally in South Dakota, and there were only 88 positive Covid-19 tests, so a .02% infection rate.",false
dev_418,"People are trying to lower the legal age of consent to four years old in the U.S.",false
dev_419,"The U.S. Centers for Disease Control and Prevention fraudulently add deaths from poisoning, trauma, and unintentional injury to their tally of COVID-19 deaths.",false
dev_420,"Sturgis Motorcycle Rally resulted in no more positive Covid results than the rest of the state, South Dakota, average stating 88 positive tests to Sturgis Rally, 0.02% infection rate of attendees.",false
dev_421,"The CDC recommended wearing only certain beard styles to help prevent the spread of coronoavirus.",false
dev_422,"Viral message claims that all Haldiram’s food products were banned in USA",false
dev_424,"Voters in North Carolina can send their Mail-in vote and then go to the polling place to vote again to check that their mail-in vote has been counted.",false
dev_425,"Fox News is unavailable in Canada because the Radio Act makes it a crime to lie to the public via airwaves.",false
dev_426,"""Jihadists"" attacked a Temple in West Bengal and charred the Hindu deity Kali",false
dev_429,"A Pakistani website was hacked by an Indian cyber group to wish Pawan Kalyan a Happy Birthday.",true
dev_430,"US President Trump opened a complaint platform to report censorship on Facebook, Twitter and YouTube.",true
dev_431,"US President Trump issued an executive order for the White House to take over all electrical grids, which will include internet servers, broadcasting systems and electronic systems",false
dev_432,"US President Trump canceled the Democrats’ HR6666 bill, known as the COVID-19 TRACE Act.",false
dev_433,"US President Trump canceled Bill Gates’ project known as ID2020",false
dev_434,"US President Trump issued an executive order to reopen states in lockdown during COVID-19 pandemic; governors who refuse will be sued",false
dev_436,"The US military will check purity and distribute COVID-19 vaccines in US.",false
dev_437,"A 21 year old can have sex with an 11-year-old, and not be listed on the sex registry as a sex offender",false
dev_438,"In Massachusetts, ""anybody can go vote for anybody so long as they have their information. … They're not even checking IDs at the polling stations.""",false
dev_439,"Economic damage caused by the pandemic shows United States GDP (gross domestic product) falling by 33 percent compared to India's 23.9 percent drop.",false
dev_440,"In Belfast, the digital sector employs 26 per cent of the workforce.",false
dev_441,"Hooligans from the Muslim community were behind the desecration of Goddess Kali Idol in a Bengal Temple in West Bengal's Murshidabad district by burning it.",false
dev_442,"Bill Gates was involved in crafting the TRACE Act.",false
dev_443,"It's NOT a SECOND WAVE of COVID-19 coming soon. It's the NORMAL COLD / FLU SEASON",false
dev_444,"The World Health Organization (WHO) says there is no proof that face masks protect against Covid-19.",false
dev_445,"Masks lower immune systems.",false
dev_446,"US President Trump made vaccines voluntary, not mandatory, in the US.",false
dev_447,"A virus can easily pass through a mask.",false
dev_449,"Some US mayors are fining people for going to church during the COVID-19 pandemic.",true
dev_450,"US President Trump declared places of worship as essential services during COVID-19 pandemic.",true
dev_451,"PEDOPHILIA is now LEGAL in CALIFORNIA",false
dev_452,"Republican Maine Sen. Susan Collins said of President Donald Trump, “Yes, I said that I wouldn’t endorse him but that doesn’t mean I don’t fully support him.”",false
dev_453,"US President Trump instructed his administration to halt funding of the World Health Organization while a review was conducted to assess the World Health Organization’s role regarding the spread of coronavirus.",true
dev_455,"US Cable news channel Fox News is unavailable in Canada due to media legislation.",false
dev_456,"idol of goddess Kali was burnt in West bengals Murshidabad by the muslim community.",false
dev_459,"In 2018, South African police service officers were accused of 217 cases of torture and 3,661 cases of assault.",true
dev_460,"Since 2002, South Africa’s police force has grown by 50%.",false
dev_461,"All India Institute of Medical Sciences Nursing Officer Recruitment Common Eligibility Test 2020 was postponed.",true
dev_462,"US cable news channel Fox News is not available in Canada due to media legislation in the country.",false
dev_463,"558 people were killed by the police in 2018, while 201 people died in police custody",true
dev_464,"The number of North American bison has been reduced to only twenty-seven individuals due to colonizers.",false
dev_465,"Jacob Blake raped a 14 year old teenage girl.",false
dev_466,"Amber Alert Issued For License Plate Q72B381",false
dev_467,"Suresh Raina, the Chennai Super Kings (CSK) cricketer, has withdrawn from the upcoming 2020 edition of the IPL after testing positive for COVID-19.",false
dev_468,"Even with a voter ID card, you won’t be allowed to vote in Ghana on December 7 if your name is not found in the Register. So, people should take advantage of the exhibition exercise to verify their names.",true
dev_469,"A crowdfunding campaign on the Christian site GiveSendGo solicited donations to help Kyle Rittenhouse, a 17-year-old accused of killing two people at a protest in Kenosha, Wisconsin.",true
dev_470,"Islamic study is a subject in UPSC exam",false
dev_471,"The Trump RNC Acceptance Speech Was The First Time The White House Was Used For 'Purely Political Campaign Event'",false
dev_472,"Donald trump said ""We have already built 300 miles of border wall.""",false
dev_473,"Donald Trump says Biden ""is even talking about taking the wall down.""",false
dev_474,"George Floyd died of drug overdose, not US police brutality",false
dev_475,"Donald Trump said: Biden ""has pledged a $4 trillion tax hike on almost all American families.""",false
dev_476,"Biden has promised to abolish the production of American oil, coal, shale, and natural gas.",false
dev_477,"Joe Biden had not condemned the violence and looting during protests in Kenosha, Wisconsin by 27th August 2020",false
dev_478,"Duterte has signed order to open nuclear power plant.",false
dev_481,"Donald Trump said: ""When asked if he supports cutting police funding, Joe Biden replied, ‘Yes, absolutely.’""",false
dev_484,"The Edo State government of Nigeria receives 600 million naira monthly as a security vote.",false
dev_485,"Donald Trump said ""Last month, I took on Big Pharma. You think that is easy? I signed orders that would massively lower the cost of your prescription drugs.""",true
dev_486,"President Trump marshalled the full resources of our federal government to deal with the coronavirus from the outset. He directed the US to forge a seamless partnership with governors across America in both political parties.",false
dev_487,"Kyle Rittenhouse, shooter in the Kenosha shootings, was a white supremacist.",false
dev_488,"Mobs torched our cities while popular members of Congress promote the same socialism my father fought against in World War II.",false
dev_489,"Kenosha police allowed Kyle Rittenhouse to walk away after he killed two protesters and injured a third with an AR-15-style rifle.",true
dev_490,"EU Trade Commissioner resigned after being accused of violating COVID-19 health rules in Ireland",true
dev_491,"Joe Biden wants to end school choice.",false
dev_492,"Where President Donald Trump achieved energy independence for the United States, Joe Biden would abolish fossil fuels and end fracking.",false
dev_493,"Before the first case of the coronavirus spread within the United States, the president Donald Trump took unprecedented action and suspended all travel from China.",false
dev_494,"The Obama-Biden administration secretly launched a surveillance operation on the Trump campaign.",false
dev_495,"This Democratic Party of Joe Biden is pushing the so-called Green New Deal. If given power, they would essentially ban animal agriculture and eliminate gas-powered cars.",false
dev_497,"Nancy Pelosi says that China would prefer Joe Biden.",true
dev_499,"The first night of the US Republican National Convention had 128.4 million viewers",false
