url,category
http://00322016.com/d6v,text_too_short
http://777shddsjhrw.com/jbb,text_too_short
http://777shddsjhrw.com/spq,text_too_short
http://abunchof.art/reu,text_too_short
http://agendaquick.greenburghny.com:8085/docs/2016/pb/20160720_657/2877_pb%2016-18%20tesla%20motors%20-%20plans%20revised.pdf,pdf
http://amsi.org.au/esa_senior_years/seniortopic3/3f/3f_2content_5.html,broken_link
http://apps.who.int/iris/bitstream/handle/10665/342999/who-2019-ncov-tts-2021.1-eng.pdf,pdf
http://arledgelegalnc.com/6qm,text_too_short
http://arledgelegalnc.com/zue,text_too_short
http://article.cjcrcn.org/article/app/id/78e9b602-2f08-47dd-9794-82be03655cd5/flg,broken_link
http://asdray.com/fca,broken_link
http://asdray.com/saw,broken_link
http://asdray.com/wgv,broken_link
http://askmrcalculus.com/calculator%20derivative.html,broken_link
http://aubagnetriathlon.com/tdu,broken_link
http://autoleak.com/oil/how-to-stop-oil-leak-in-car.php,broken_link
http://blacksinthebible.net/keturahdoc.htm,broken_link
http://chembook.org/page-nonav.php,broken_link
http://eco-ten.com/ujw,text_too_short
http://hansolchemical.com/wp-content/uploads/2022/11/msdshansol-chemical_hitex-sb-latex_00.pdf,pdf
http://hpagrisnet.gov.in/online-van-68-error-valorant-apk-69599t48.html,broken_link
http://jstrongapgov.weebly.com/uploads/2/4/1/8/24185745/pres_dom_policy_notes_2015.pdf,pdf
http://kinneydrugs.com,broken_link
http://ksnsb.biz/no0,broken_link
http://ksnsb.biz/wdh,broken_link
http://looloo.tech/so7,text_too_short
http://na-businesspress.com/jaf/chooweb11-4.pdf,pdf
http://neuhaus.org/wp-content/uploads/dyslexia-infographic-neuhaus-education-center.pdf,pdf
http://oraerp.com/thread-90.html,broken_link
http://papers.neurips.cc/paper/5074-low-rank-matrix-reconstruction-and-clustering-via-approximate-message-passing.pdf,pdf
http://piketty.pse.ens.fr/files/piketty2021analysekritikjstp.pdf,pdf
http://publichealth.lacounty.gov/sapc/docs/prevention/factsheet/delta-8-101-factsheet.pdf,pdf
http://publichealth.lacounty.gov/sapc/docs/prevention/factsheet/delta-8-factsheet.pdf,pdf
http://rathematic.cfd/hib,text_too_short
http://redemptionhealthcareservices.com/dbn,text_too_short
http://redemptionhealthcareservices.com/l8s,text_too_short
http://redemptionhealthcareservices.com/tts,text_too_short
http://report.prd.go.th/bangkokviews.php,broken_link
http://research.cgu.edu/dbos-events-and-conferences/wp-content/uploads/sites/36/2018/09/parker-liao-2016-wise-proactivity.pdf,pdf
http://shell.cas.usf.edu/~essig/florida%20gardening/2008-10%20morning%20glories.pdf,pdf
http://stailighting.com/svx,text_too_short
http://stephaniepaeztherapy.com/04g,broken_link
http://stephaniepaeztherapy.com/gvf,broken_link
http://tfrancekypsd.weebly.com/uploads/1/4/8/5/14854706/foldable_fact_sheet.pdf,pdf
http://theanalyst.s3.amazonaws.com/bl2015-9047-8449/f162c334ddb3471b0f04fba22db38ca7.pdf,pdf
http://turtle_tails.tripod.com/raisingbabyturtles/tour8.htm,broken_link
http://verifydotcom.life/blo,broken_link
http://www.bccancer.bc.ca/managing-symptoms-site/documents/constipation-caused-by-your-medications.pdf,pdf
http://www.brontaylor.com/courses/ee/fallaciesmoralreasoning.htm,broken_link
http://www.chem.ucla.edu/harding/igoc/c/common_name.html,broken_link
http://www.chromausa.com/pdf/app-notes/an%20-%20ac%20sources%20-%20powerdefinitions%20-%2003142013.pdf,pdf
http://www.ebookbou.edu.bd/books/text/sob/mba/mba_3309/unit-06.pdf,pdf
http://www.equip.org/pdf/dr125.pdf,pdf
http://www.gazprominfo.com/articles/natural-gas,broken_link
http://www.geocities.ws/cvp_analysis/image.html,broken_link
http://www.icoachmath.com/math_dictionary/whole-numbers.html,broken_link
http://www.iqtree.org/doc/dating,broken_link
http://www.khanacademy.org/video/organic-chemistry-naming-examples-3,text_too_short
http://www.medirabbit.com/en/dental_diseases/books/livre_en.htm,broken_link
http://www.mexicanrecipes.me/menudorecipe.htm,broken_link
http://www.msgarciamath.com/whole-numbers,text_too_short
http://www.neurology-asia.org/articles/neuroasia-2015-20(2)-185.pdf,pdf
http://www.osha.gov/laws-regs/regulations/standardnumber/1910/1910.1200,broken_link
http://www.osha.gov/laws-regs/regulations/standardnumber/1910/1910.1200appd,broken_link
http://www.osha.gov/shms/chapter-25,broken_link
http://www.parrysteinborn.com/uploads/9/5/1/9/95193272/income_pay_gmwb_rider_with_income_multiplier__tx___19631z-b_.pdf,pdf
http://www.poolhelpforum.com/viewtopic.php,broken_link
http://www.stateoftheunionhistory.com/2016/01/1796-george-washington-domestic-policies.html,text_too_short
http://www.vogons.org/viewtopic.php,broken_link
http://www.weloennig.de/laryngealnerve.pdf,pdf
http://www1.udel.edu/ums/itv/2002s/hrim382/lectures/lecture13/lecture13.pdf,pdf
http://xn--znqw22b.com/ae8,text_too_short
http://xn--znqw22b.com/p7n,text_too_short
http://xn--znqw22b.com/tts,text_too_short
http://zabef.biz/buk,broken_link
https://1533221.mediaspace.kaltura.com/media/actg+2020+-+chap+5++video+4+-+margin+of+safety+and+cvp+graph/1_z8jazef6,broken_link
https://2012books.lardbucket.org/pdfs/21st-century-american-government-and-politics/s20-policymaking-and-domestic-poli.pdf,pdf
https://4spepublications.onlinelibrary.wiley.com/doi/10.1002/pc.70072,broken_link
https://aann.org/uploads/bedside_swallow_screen.pdf,pdf
https://academia.stackexchange.com/questions/133313/can-i-add-a-poster-session-to-my-cv-if-i-wasnt-there-but-had-my-name-on-it,broken_link
https://academia.stackexchange.com/questions/194746/should-i-include-title-of-posters-and-presentations-on-cv,broken_link
https://academic.oup.com/bjd/article/178/3/768/6687407,broken_link
https://academic.oup.com/book/26589/chapter/195237208,broken_link
https://academic.oup.com/book/41222/chapter/350698797,broken_link
https://academic.oup.com/book/4729/chapter/146960064,broken_link
https://academic.oup.com/eurpub/article/24/2/237/449456,broken_link
https://academic.oup.com/gji/advance-article-pdf/doi/10.1093/gji/ggaf230/63568529/ggaf230.pdf,pdf
https://academic.oup.com/innovateage/article/6/5/igac040/6598241,broken_link
https://academic.oup.com/jaoac/advance-article/doi/10.1093/jaoacint/qsaf007/8019671,broken_link
https://academic.oup.com/jlb/article/8/1/lsab001/6188446,broken_link
https://academic.oup.com/jnen/advance-article-pdf/doi/10.1093/jnen/nlaf074/63568694/nlaf074.pdf,pdf
https://academic.oup.com/jnen/advance-article/doi/10.1093/jnen/nlaf074/8172571,broken_link
https://academic.oup.com/pmj/article/98/1160/477/6958929,broken_link
https://academic.oup.com/qje/advance-article/doi/10.1093/qje/qjaf031/8171934,broken_link
https://academic.oup.com/schizophreniabulletin/advance-article/doi/10.1093/schbul/sbae214/7959596,broken_link
https://academy.smu.edu.sg/insights/5-benefits-effective-leadership-communication,text_too_short
https://acbillcalculator.com,text_too_short
https://accessdl.state.al.us/aventacourses/access_courses/government_ua_v15v2/02_unit/02-04/02-04_learn.htm,broken_link
https://accessibility.baesystems.com/how-change-text-speech-tts-settings-screen-readers-android-pie,text_too_short
https://accessmedicine.mhmedical.com/content.aspx,broken_link
https://account.samsung.com,text_too_short
https://accounts.google.com/v3/signin/identifier,broken_link
https://acm-stoc.org/stoc2025/stocprogram.html,broken_link
https://acsjournals.onlinelibrary.wiley.com/doi/full/10.1002/cncr.25455,broken_link
https://action.eko.org/a/get-glyphosate-banned-across-the-eu,text_too_short
https://ada.nv.gov/uploadedfiles/adanewnvgov/content/training/keyboardshortcuts.pdf,pdf
https://adaa.org/living-with-anxiety/personal-stories/unrecognized-symptom-bipolar-disorder-rage,broken_link
https://adath-shalom.ca/divrei/ch_sadb.htm,broken_link
https://admx.help,broken_link
https://adol.alabama.gov/wp-content/uploads/2023/11/wc_drugfree.pdf,pdf
https://advanced.onlinelibrary.wiley.com/doi/10.1002/adem.202500578,broken_link
https://advanced.onlinelibrary.wiley.com/doi/10.1002/adma.202505012,broken_link
https://advanced.onlinelibrary.wiley.com/doi/10.1002/advs.202504038,broken_link
https://advancedphysicaltherapy.com/assets/pdf/dry-needling-faqs.pdf,pdf
https://ag.ny.gov/sites/default/files/livingwill-template-fillin.pdf,pdf
https://ag.umass.edu/home-lawn-garden/fact-sheets/whats-eating-my-vegetables,broken_link
https://aggie-horticulture.tamu.edu/wp-content/uploads/sites/10/2021/03/eht-066.pdf,pdf
https://ahealthyman.com/prednisone/does-prednisone-help-with-eczema.html,broken_link
https://ahsec.assam.gov.in/wp-content/uploads/2023/04/logic-philosophy-e.pdf,pdf
https://airseacontainers.com/blog/what-is-sds,broken_link
https://ais.oeducat.org/homepages/virtual-library/z69769/helloinaslsignlanguage.pdf,pdf
https://ajph.aphapublications.org/doi/full/10.2105/ajph.2023.307241,broken_link
https://ajuda.rdstation.com/s/article/what-are-soft-and-hard-bounces,broken_link
https://alfornogrill.com/what-is-shawarma-and-how-to-properly-enjoy-one,broken_link
https://algonquincollege.my.site.com/myacsupport/s/article/how-do-i-find-what-version-of-windows-i-have,broken_link
https://allaboutcats.quora.com/why-is-my-cat-clingy,text_too_short
https://allaboutcookies.org/how-to-clear-flash-cookies,broken_link
https://allaboutcookies.org/how-to-disable-avg-antivirus,broken_link
https://allaboutcookies.org/how-to-turn-off-antivirus-software,broken_link
https://allthingslordoftheringsjrrtolkien.quora.com/how-was-a-dragon-as-big-as-an-ancalagon-the-black-defeated,text_too_short
https://alsyedconstruction.com/what-is-sds-in-construction,broken_link
https://alt.food.sushi.narkive.com/ooas2u8h/does-miso-need-refrigeration,broken_link
https://amazonforum.my.site.com/s/question/0d54p00007yrmvvsaw/how-do-i-find-and-use-my-digital-rewards,text_too_short
https://amazonforum.my.site.com/s/question/0d54p000088rii1sag/is-anyone-experiencing-a-black-screen-with-their-echo-show-devices,text_too_short
https://amazonforum.my.site.com/s/question/0d54p00008l1r5nsar/echo-show-8-black-screen,text_too_short
https://americanfootball.fandom.com/wiki/drew_brees,broken_link
https://americanhistory.si.edu/citizenship/learn/rights/55/learn,text_too_short
https://amicusassisthcp.com/pdf/po_billing_and_coding_guide_july_2024.pdf,pdf
https://aminoapps.com/c/lotr/page/item/ancalagon-the-black/jmfo_i4x0xy1rrvbp6zaamw6wn5mk,broken_link
https://aminoapps.com/c/star-wars/page/item/anakin-s/wnfv_i7kgkzva35rv55jb6exzm5nlr,broken_link
https://aminoapps.com/c/star-wars/page/item/little-anakin-skywalker/dkfa_i1kkknjm17mvwlqgxgm7vdxde,broken_link
https://aminoapps.com/c/virtual-space/page/item/ancalagon-the-black/zdix_i0jqn6x6za4mlplmzyxn7z0g5,broken_link
https://amp1vyka.technikon-personal.de/author/leuterisxaralampopoulos,text_too_short
https://ams.uokerbala.edu.iq/wp/wp-content/uploads/2017/10/5-connecting-ideas-between-sentences.pdf,pdf
https://ancorapublishing.com/wp-content/uploads/2021/06/is-champs-evidence-based.pdf,pdf
https://andrewsforest.oregonstate.edu/data/studies/ms01/dewpt_vpd_calculations.pdf,pdf
https://android.stackexchange.com/questions/212585/text-to-speech-on-android,broken_link
https://android.stackexchange.com/questions/254173/how-to-clone-screen-of-my-android-phone-to-a-fire-tablet,broken_link
https://android.stackexchange.com/questions/34269/what-browsers-are-compatible-with-adobe-flash-plugin,broken_link
https://annuityeducator.com/forms/north-american/income-pay-rider-brochure-(mo-ut-va).pdf,pdf
https://answers.acrobatusers.com/place-signature-block-acrobat-dc-q283533.aspx,broken_link
https://answers.microsoft.com/en-us/bing/forum/all/amazon-reward-card-from-microsoft-rewards/9396018e-4876-48af-bf9c-279f3d202ba9,text_too_short
https://answers.microsoft.com/en-us/microsoftedge/forum/all/nvidia-instant-replay-msedge-prevents-desktop/06245354-901b-4067-9b26-1084767f1520,text_too_short
https://answers.microsoft.com/en-us/microsoftedge/forum/all/viewing-mht-files/7a420eec-eac4-4133-a7e4-7f754aca06a8,text_too_short
https://answers.microsoft.com/en-us/microsoftedge/forum/all/ways-to-restore-tabs-closed-via-the-context-menu/6bca43ee-1775-44d7-83f7-4646c39db53d,text_too_short
https://answers.microsoft.com/en-us/msoffice/forum/all/add-horizontal-line-in-word-to-separate-document/f6973260-06e3-4a59-979c-8b7f47a51b7f,text_too_short
https://answers.microsoft.com/en-us/msoffice/forum/all/can-i-just-directly-save-my-files-to-onedrive-and/fe84d712-fd25-4018-9358-da24183664f6,text_too_short
https://answers.microsoft.com/en-us/msoffice/forum/all/cant-save-file-to-onedrive-documents-folder/dc9674ef-b65d-4462-9695-384024883609,text_too_short
https://answers.microsoft.com/en-us/msoffice/forum/all/changing-a-password-for-an-excel-spreadsheet/60785e54-bc69-4daa-82aa-e9f37fc4e5c1,text_too_short
https://answers.microsoft.com/en-us/msoffice/forum/all/combining-two-pdfs-as-one-pdf-on-edge/38827b18-0c6f-434f-8ea8-b8f13869e1cf,text_too_short
https://answers.microsoft.com/en-us/msoffice/forum/all/create-a-4x4-matrix-in-word/556be599-110d-4363-8615-c7c9dd2dc9d4,text_too_short
https://answers.microsoft.com/en-us/msoffice/forum/all/equation-editor-insert-custom-size-matrix/32e9284e-b02b-459b-afde-4ebf220a474a,text_too_short
https://answers.microsoft.com/en-us/msoffice/forum/all/excel-2016-how-to-turn-off-formula-error-warnings/a20db62f-4a5c-4fc8-bd67-baed4b7c8852,text_too_short
https://answers.microsoft.com/en-us/msoffice/forum/all/excel-formulas-suddenly-stopped-working/9e3eafb2-ef7b-46a2-9d94-358dcd594916,text_too_short
https://answers.microsoft.com/en-us/msoffice/forum/all/fast-way-to-move-rows-in-a-table/0996a3c8-4d78-4ad6-9bd3-e9d2f73ed48f,text_too_short
https://answers.microsoft.com/en-us/msoffice/forum/all/formula-to-combine-text-from-multiple-rows-of-text/ac1fc9d6-508e-4f7f-9055-090527417385,text_too_short
https://answers.microsoft.com/en-us/msoffice/forum/all/how-can-i-find-the-matrices-symbol/308e1766-9b9f-4a51-8144-22067ce47d9b,text_too_short
https://answers.microsoft.com/en-us/msoffice/forum/all/how-do-i-move-an-entire-row-based-on-a-drop-down/b6d7dfc4-29e2-4125-8dff-d1d5a370de04,text_too_short
https://answers.microsoft.com/en-us/msoffice/forum/all/how-do-i-save-a-shared-file-to-my-onedrive/896a0506-a5fc-48a1-b089-732b58cf4474,text_too_short
https://answers.microsoft.com/en-us/msoffice/forum/all/how-do-i-save-my-onedrive-files-to-my-pc-hardrive/164cdbc4-a6ec-4a6d-8701-2a50df91379f,text_too_short
https://answers.microsoft.com/en-us/msoffice/forum/all/how-do-i-save-the-files-on-one-drive-to-my-actual/f6156186-de66-4df8-aced-8ecb424bca29,text_too_short
https://answers.microsoft.com/en-us/msoffice/forum/all/how-do-i-suppress-error-flags-for-inconsistent/4659ecbc-b47d-e011-9b4b-68b599b31bf5,text_too_short
https://answers.microsoft.com/en-us/msoffice/forum/all/how-to-autosave-to-onedrive-while-also-saving/d3c0dcfe-12ac-45f1-a27e-92adb25ee2eb,text_too_short
https://answers.microsoft.com/en-us/msoffice/forum/all/how-to-create-a-new-works-cited-bibliography-in/e1cfd63d-aa3a-45d4-bb83-949662f7ad9f,text_too_short
https://answers.microsoft.com/en-us/msoffice/forum/all/how-to-eliminate-error-symbols-in-sums-cells-in/b42fd9d9-b31c-4b2d-8082-43e72d426fb4,text_too_short
https://answers.microsoft.com/en-us/msoffice/forum/all/how-to-get-rid-of-an-error-message-that-is/46e4b164-aaf8-4e3e-bf99-dc6b78536e24,text_too_short
https://answers.microsoft.com/en-us/msoffice/forum/all/how-to-get-rid-of-the-error-excel-ran-out-of/00905a9a-247c-4210-ac67-f41e059b665b,text_too_short
https://answers.microsoft.com/en-us/msoffice/forum/all/how-to-hide-value-error-in-excel-2010/c788f1ed-2a0a-47e6-8de8-d1f8a9ccee65,text_too_short
https://answers.microsoft.com/en-us/msoffice/forum/all/how-to-insert-columns-for-a-matrix-quickly-without/3731a3ab-f037-4d30-bc2f-0faefc6297c6,text_too_short
https://answers.microsoft.com/en-us/msoffice/forum/all/how-to-save-documents-on-local-computer-instead-of/234b7c2b-fc50-4bf6-99e5-7e233f16a688,text_too_short
https://answers.microsoft.com/en-us/msoffice/forum/all/how-to-save-onedrive-files-shared-from-someone/e930d121-f372-4a3b-86b2-59132126f480,text_too_short
https://answers.microsoft.com/en-us/msoffice/forum/all/how-to-separate-names-in-excel/7e188dd4-0065-4416-8c75-922f62671213,text_too_short
https://answers.microsoft.com/en-us/msoffice/forum/all/i-cant-drag-or-move-cellsrows-in-sharepoint-excel/d539a711-6be8-482e-af58-939e3280e704,text_too_short
https://answers.microsoft.com/en-us/msoffice/forum/all/i-do-not-know-how-to-add-a-5x5-matrix-or-write/fe66f976-4b55-4182-821f-e5eba3a9e95a,text_too_short
https://answers.microsoft.com/en-us/msoffice/forum/all/i-need-help-backing-up-my-computer-to-one-drive/faeb9203-0a0d-4506-80a8-614c3f474322,text_too_short
https://answers.microsoft.com/en-us/msoffice/forum/all/ignore-errors-on-multiple-rows/beecc6c1-504e-4fb6-8eb3-4d7a0ed3ed1f,text_too_short
https://answers.microsoft.com/en-us/msoffice/forum/all/keyboard-shortcut-for-moving-rows-up-or-down-in/5167cc22-65b7-4fcd-bba4-e59c0132c23e,text_too_short
https://answers.microsoft.com/en-us/msoffice/forum/all/larger-matrices-in-ms-365/b8294e18-1bc3-4384-8025-0038cb1c4cec,text_too_short
https://answers.microsoft.com/en-us/msoffice/forum/all/matrix-alignment-in-powerpoint/3e816bb1-3e7a-45c4-871e-60a3ae6a7c82,text_too_short
https://answers.microsoft.com/en-us/msoffice/forum/all/merge-and-split-names-and-find-the-capped-name/cef342e3-2d9d-4c15-b860-b8ee382f8b14,text_too_short
https://answers.microsoft.com/en-us/msoffice/forum/all/microsoft-excel-how-do-i-grab-only-the-first-name/a804b1b1-ba6d-4676-a8bd-7b87ff762342,text_too_short
https://answers.microsoft.com/en-us/msoffice/forum/all/microsoft-forms-matrix-type-questions/cd78fe83-49a4-4673-bb2f-23e02684a8b0,text_too_short
https://answers.microsoft.com/en-us/msoffice/forum/all/move-a-row-based-on-drop-down-list-to-another/5b0a19e8-e753-4538-ae15-e6b3d5e349b6,text_too_short
https://answers.microsoft.com/en-us/msoffice/forum/all/onedrive-revoke-all-sharing/e9b8336b-f8a4-427c-986d-030df8c6c6fa,text_too_short
https://answers.microsoft.com/en-us/msoffice/forum/all/outlook-365-archiving/03904ed0-c165-4cac-90d0-3455c02c83ce,text_too_short
https://answers.microsoft.com/en-us/msoffice/forum/all/powerpoint-presentations-with-speaker-notes-in/431c2bca-73b9-4dbc-8b93-755da83afeec,text_too_short
https://answers.microsoft.com/en-us/msoffice/forum/all/saving-to-local-hard-drive-and-one-drive-at-the/7b9a6292-b6f0-498c-a9ea-d17943829d4c,text_too_short
https://answers.microsoft.com/en-us/msoffice/forum/all/saving-to-shared-folder-on-onedrive-from-word/52ea67c8-3d3d-4092-b7a4-b130b222199d,text_too_short
https://answers.microsoft.com/en-us/msoffice/forum/all/spilt-name-into-two-cells/956d7492-466a-4eb8-ad94-8684ed4a6d93,text_too_short
https://answers.microsoft.com/en-us/msoffice/forum/all/stop-sharing-files-within-onedrive/bc43cea7-94fd-468e-8d60-3effa860d704,text_too_short
https://answers.microsoft.com/en-us/msoffice/forum/all/the-shortcut-to-create-a-matrix-doesnt-work/0e9eeaf2-5d4a-47a3-baf2-394b9c7a609b,text_too_short
https://answers.microsoft.com/en-us/msoffice/forum/all/viewing-schedule-variance-in-ms-project-2010/45ea7ead-6226-44c4-9a2f-8945afc9b162,text_too_short
https://answers.microsoft.com/en-us/msoffice/forum/all/when-trying-to-save-a-document-it-saves-it-to/8be6bd4c-5ca7-49dc-a03f-7087c4b497b9,text_too_short
https://answers.microsoft.com/en-us/msoffice/forum/all/why-is-my-to-do-app-constantly-crashing-while-im/02f8bc67-86c7-4da6-ac05-8e73ee1d223f,text_too_short
https://answers.microsoft.com/en-us/msoffice/forum/all/word-is-forcing-me-to-use-onedrive-to-save/b9b768af-bf00-403d-a496-a05ee8dbf057,text_too_short
https://answers.microsoft.com/en-us/msteams/forum/all/excel-in-microsoft-teams-moving-rows-without/c2a17d81-5d95-4af2-927b-0af081a8416f,text_too_short
https://answers.microsoft.com/en-us/msteams/forum/all/how-to-unlink-myself-from-other-peoples-files-in/07235fba-553e-4ae0-a383-fa0363e6353e,text_too_short
https://answers.microsoft.com/en-us/outlook_com/forum/all/add-member-to-existing-shared-mailbox/afdc7bc7-13e2-4c8a-87ae-0f98553fbdf9,text_too_short
https://answers.microsoft.com/en-us/outlook_com/forum/all/archive-folder-in-the-new-outlook-wont-archive/bf96d34e-5603-43e3-89ad-11658fed4fc9,text_too_short
https://answers.microsoft.com/en-us/outlook_com/forum/all/archive-folder-not-visible-in-outlook/47de0a9e-e789-4ad9-9574-4ef554a31fb4,text_too_short
https://answers.microsoft.com/en-us/outlook_com/forum/all/archive-folder-of-imap-account-not-showing-in/2e820240-ac4f-4fca-9a11-a418fe0b65b7,text_too_short
https://answers.microsoft.com/en-us/outlook_com/forum/all/archiving-old-outlook-mails-on-mac-office-365/54a7cd42-a8ab-43ff-a932-610e3259020b,text_too_short
https://answers.microsoft.com/en-us/outlook_com/forum/all/cant-find-archive-folder-in-outlook/47e8cee6-6b10-425a-9517-a20b00bb9a07,text_too_short
https://answers.microsoft.com/en-us/outlook_com/forum/all/how-can-i-archive-emails-using-the-new-outlook/467350fb-cfd7-4bb5-87a3-f07141dd8395,text_too_short
https://answers.microsoft.com/en-us/outlook_com/forum/all/how-do-i-create-a-new-archive-folder-in-outlook/47db71c7-01a9-43ab-8ebe-20f84f167ea7,text_too_short
https://answers.microsoft.com/en-us/outlook_com/forum/all/how-do-i-manually-archive-specific-folders-all/65c0d422-8457-4374-aacc-b27e37356a4e,text_too_short
https://answers.microsoft.com/en-us/outlook_com/forum/all/how-do-i-move-items-in-my-outlook-archive-folder/21b3b645-1401-4ba4-96f2-26a384b1f803,text_too_short
https://answers.microsoft.com/en-us/outlook_com/forum/all/how-do-you-add-a-shared-mailbox-into-the-new/1349c771-1897-4fb0-9875-d35aff7dda89,text_too_short
https://answers.microsoft.com/en-us/outlook_com/forum/all/how-to-add-shared-mailbox-in-new-outlook/a3721f77-38a1-4a37-8583-3d02b6a7660f,text_too_short
https://answers.microsoft.com/en-us/outlook_com/forum/all/how-to-bulk-move-emails-to-my-archive-folder/53267a81-cbf5-489b-93fd-c0f72bbd189f,text_too_short
https://answers.microsoft.com/en-us/outlook_com/forum/all/how-to-open-other-shared-mailboxes-in-new-outlook/f5fe25c3-10b5-4995-b2c7-ad10b7e072ff,text_too_short
https://answers.microsoft.com/en-us/outlook_com/forum/all/new-outlook-add-shared-mailbox-to-favorites/be9ce0d3-ccf2-4c1c-8fb0-763a11d2377b,text_too_short
https://answers.microsoft.com/en-us/outlook_com/forum/all/no-option-to-add-shared-inbox-to-outlook-on-the/4f50bd70-2ab0-4343-aaf3-045511c5d248,text_too_short
https://answers.microsoft.com/en-us/outlook_com/forum/all/two-archive-folders-in-outlook-archive-and/5a3ba667-c817-4fb0-aac1-ec6720dba83e,text_too_short
https://answers.microsoft.com/en-us/outlook_com/forum/all/what-is-the-difference-between-using-archive-in/afe6b2f9-1439-437f-b061-a7dfc3cacbe4,text_too_short
https://answers.microsoft.com/en-us/outlook_com/forum/all/why-do-archived-folders-still-show-in-the-folder/05f61831-45e1-4286-a533-b8885528f4ae,text_too_short
https://answers.microsoft.com/en-us/windows/forum/all/activation-of-the-hid-digitalpersona-fingerprint/4e06287b-f3e2-4bd6-8b17-796970b8b931,text_too_short
https://answers.microsoft.com/en-us/windows/forum/all/change-administrator-name-in-windows-10/39d6a434-17c1-4f2c-b6ee-650d80791b7f,text_too_short
https://answers.microsoft.com/en-us/windows/forum/all/compress-to-zip-file-does-not-work-in-a/26adbfa4-4e82-4a75-ae1e-beb85fba153a,text_too_short
https://answers.microsoft.com/en-us/windows/forum/all/disk-compression/cb89bc6c-885c-47ef-9af0-be7a2410f2d4,text_too_short
https://answers.microsoft.com/en-us/windows/forum/all/does-anyone-know-how-to-optimize-windows-10-to/d9da66d4-61b1-4a23-8369-f14e8be8076b,text_too_short
https://answers.microsoft.com/en-us/windows/forum/all/ergo-k860-printscreen-button-does-not-print-screen/3c9903c1-7804-431f-ad64-e43caf67a557,text_too_short
https://answers.microsoft.com/en-us/windows/forum/all/how-do-i-change-my-computer-sign-in-password/4c21417e-5eae-43b6-bf2a-8964a00848ef,text_too_short
https://answers.microsoft.com/en-us/windows/forum/all/how-do-i-change-my-laptop-lock-screen-password/ec2e9b9b-899c-4892-b631-bc6c84d7b020,text_too_short
https://answers.microsoft.com/en-us/windows/forum/all/how-do-i-connect-two-2-desktop-windows-10-pcs-to/d20132fc-dc2e-4582-a13e-3b2d51481c20,text_too_short
https://answers.microsoft.com/en-us/windows/forum/all/how-do-i-disable-microsoft-defender-antivirus/14725d12-3611-48ba-a82e-b51a47726034,text_too_short
https://answers.microsoft.com/en-us/windows/forum/all/how-do-i-find-out-if-my-laptop-is-using-my-gpus/574f141f-fbca-4d68-aca8-d9e2071fbb79,text_too_short
https://answers.microsoft.com/en-us/windows/forum/all/how-do-i-find-what-version-of-windows-i-have-on-my/c610c047-06ef-4e71-8366-7471afca050a,text_too_short
https://answers.microsoft.com/en-us/windows/forum/all/how-do-i-reduce-the-size-of-a-jpg-file/7be3105c-684a-4bc0-99a5-713f9b67d62b,text_too_short
https://answers.microsoft.com/en-us/windows/forum/all/how-do-i-reopen-all-windows-after-rebooting-having/e3c19555-c433-4999-b66f-6b24789e92c1,text_too_short
https://answers.microsoft.com/en-us/windows/forum/all/how-do-i-save-files-from-onedrive-to-both-windows/41e80e00-47cc-44aa-aaf3-76737eb7aa10,text_too_short
https://answers.microsoft.com/en-us/windows/forum/all/how-do-i-select-which-gpu-to-use-as-the-default-in/6c1c37df-5f83-4722-803c-d59e3f8d0bfb,text_too_short
https://answers.microsoft.com/en-us/windows/forum/all/how-do-i-set-the-default-graphics-card-for-every/41d3fea1-2d2e-41f2-b58e-2cf299fe545b,text_too_short
https://answers.microsoft.com/en-us/windows/forum/all/how-do-u-move-the-taskbar-to-the-left-side-of-the/8618c19d-2b72-4dc8-b671-83899fb3c005,text_too_short
https://answers.microsoft.com/en-us/windows/forum/all/how-to-format-and-partition-a-new-external-drive/11a12b29-7565-4542-a521-086f5a0fe8fd,text_too_short
https://answers.microsoft.com/en-us/windows/forum/all/how-to-temporarily-disable-antivirus-and-firewall/1c70854d-40df-4380-b801-5c9be5f46dad,text_too_short
https://answers.microsoft.com/en-us/windows/forum/all/i-cant-find-my-graphics-card/014a8928-09a9-43e9-99e7-454a403460df,text_too_short
https://answers.microsoft.com/en-us/windows/forum/all/i-dont-know-my-graphic-card-type/16934625-ebc9-40c3-9fc0-8843b2b9762a,text_too_short
https://answers.microsoft.com/en-us/windows/forum/all/incorrect-pin-windows-10/7de7938c-c0d3-4c81-b17b-fe2905288704,text_too_short
https://answers.microsoft.com/en-us/windows/forum/all/mic-doesnt-work-after-use-of-voice-changer/1b1ca378-8a67-4aa1-8662-621aa3be87a7,text_too_short
https://answers.microsoft.com/en-us/windows/forum/all/move-start-menu-back-to-the-left-on-windows-11/c93fc90c-76e9-436a-b883-9cf0617e612a,text_too_short
https://answers.microsoft.com/en-us/windows/forum/all/my-windows-media-player-wont-play-mkv-files-how/7256b281-c3e8-4aa0-9106-45505e08fb04,text_too_short
https://answers.microsoft.com/en-us/windows/forum/all/not-able-to-change-the-admin-name-in-windows-11/b81b6402-7928-4076-9276-10450b89d547,text_too_short
https://answers.microsoft.com/en-us/windows/forum/all/run-laptop-on-battery-or-keep-it-plugged-in/a673c30a-42b2-4b4f-a656-541a81363b53,text_too_short
https://answers.microsoft.com/en-us/windows/forum/all/screen-recording-the-zoom-meeting-issue-no-voice/6c07b079-7802-4d0a-a85c-d27c268bea8e,text_too_short
https://answers.microsoft.com/en-us/windows/forum/all/syncing-icloud-photo-albums-to-icloud-for-windows/a176d82f-40a3-4fbf-a29b-497cbe2d5053,text_too_short
https://answers.microsoft.com/en-us/windows/forum/all/taskbar-chat-button-removal/a5627d53-55ac-4ddb-b91b-6895e161ada2,text_too_short
https://answers.microsoft.com/en-us/windows/forum/all/tcpip-properties-of-an-pptp-vpn-connection/96f44937-35d7-44d8-b70a-72f50609095b,text_too_short
https://answers.microsoft.com/en-us/windows/forum/all/trying-to-change-the-name-on-my-log-in-screen-from/702844c1-2f59-45eb-a7aa-0012b92b2f6e,text_too_short
https://answers.microsoft.com/en-us/windows/forum/all/unable-to-change-account-name-in-windows-10/59ea31ff-d945-475d-85f2-71866e3171ca,text_too_short
https://answers.microsoft.com/en-us/windows/forum/all/using-a-phone-as-a-webcam/5b2dd585-573f-4d00-839c-b818e6e136ae,text_too_short
https://answers.microsoft.com/en-us/windows/forum/all/w11-with-iiyama-prolite-x2783hsu-gives-only/3d30a924-3b66-4ce0-b5e2-86b3a211dbab,text_too_short
https://answers.microsoft.com/en-us/windows/forum/all/whenhow-is-the-best-way-to-charge-a-laptop/bf6eb212-edd5-4a18-b040-dbab21635194,text_too_short
https://answers.microsoft.com/en-us/windows/forum/all/where-do-i-find-graphics-card-and-display/13f23d20-077c-49ad-b442-77235ca4e567,text_too_short
https://answers.microsoft.com/en-us/windows/forum/all/where-will-compress-to-zip-file-store-my-zip-file/a03174d5-81dd-4cd3-9ee3-ba930e2b4efd,text_too_short
https://answers.microsoft.com/en-us/windows/forum/all/why-we-cant-move-the-taskbar-in-windows11-can-we/9b336b57-d07d-43a1-a0ce-086fcea368cf,text_too_short
https://answers.microsoft.com/en-us/windows/forum/all/windows-10-optimization-for-gaming/e83f05b5-7479-4d65-a7b6-05c1fd6deec4,text_too_short
https://answers.microsoft.com/en-us/windows/forum/all/windows-11-does-not-detect-my-nvidia-graphics-card/06dc2176-9178-42fc-9039-1b7216e9031d,text_too_short
https://answers.microsoft.com/en-us/windows/forum/all/windows-proxy-settings/2018b2aa-8f25-4ef5-b1e6-901b129bced2,text_too_short
https://answers.microsoft.com/en-us/xbox/forum/all/how-do-i-fix-this-visual-glitch-in-my-nvidia/0840a52b-1c73-4da0-b22b-62ffa8a16061,text_too_short
https://answers.microsoft.com/en-us/xbox/forum/all/how-do-i-redeem-code-on-pc/14851cbd-5709-43a6-ab82-5ed8cd5f5e8e,text_too_short
https://answers.microsoft.com/en-us/xbox/forum/all/how-to-format-external-ssd-to-store-and-play-games/05f639fa-a600-4319-867d-059ae45148b9,text_too_short
https://answers.microsoft.com/en-us/xbox/forum/all/how-to-redeem-16-digit-code-fortnite/861f65d2-01ca-4b6b-a06a-d8700e237b3b,text_too_short
https://answers.microsoft.com/en-us/xbox/forum/all/i-tried-uninstalling-valorant-from-my-pc-but-it-is/3820f1a4-e02f-470b-b937-1a493e46e402,text_too_short
https://answers.microsoft.com/en-us/xbox/forum/all/pc-still-saying-valorant-is-installed/16b74109-d892-47b4-95c7-6307f1d046c1,text_too_short
https://answers.microsoft.com/en-us/xbox/forum/all/sun-symbol/a2fc934f-3c03-4616-8561-fc19a2948f57,text_too_short
https://answers.microsoft.com/en-us/xbox/forum/all/windows-is-defaulting-to-integrated-gpu/3691203c-4388-4c69-8247-e0e564b3bbed,text_too_short
https://answers.uillinois.edu/ischool/page.php,text_too_short
https://answers.wheaton.edu/posts/5340688-windows-11-change-task-bar,text_too_short
https://anthc.org/wp-content/uploads/2019/08/understanding-the-federal-fiscal-year.pdf,pdf
https://ao.com/athome/discover/cooking/how-to-clean-oven-glass-doors,broken_link
https://apastyle.apa.org/blog/canceled-conferences,text_too_short
https://apastyle.apa.org/style-grammar-guidelines/references/examples,text_too_short
https://apastyle.apa.org/style-grammar-guidelines/references/examples/conference-presentation-references,text_too_short
https://apastyle.apa.org/style-grammar-guidelines/tables-figures/figures,text_too_short
https://apastyle.apa.org/style-grammar-guidelines/tables-figures/tables,text_too_short
https://apexfoot.com/blog/understanding-wide-shoe-sizes-what-are-they,broken_link
https://apiit.atlassian.net/wiki/spaces/itsm/pages/221088790/how+to+share+and+un-share+file+using+onedrive,text_too_short
https://app.formulabot.com/excel-ai,text_too_short
https://app.hellosign.com/account/login,broken_link
https://apple.stackexchange.com/questions/121106/how-can-i-make-a-pdf-document-smaller,broken_link
https://apple.stackexchange.com/questions/12371/how-can-i-compress-a-folder-into-multiple-zip-files,broken_link
https://apple.stackexchange.com/questions/145344/how-do-i-create-a-new-icloud-account,broken_link
https://apple.stackexchange.com/questions/22941/what-is-the-mac-os-x-base-system-disk-image-on-my-2011-macbook-air,broken_link
https://apple.stackexchange.com/questions/374099/where-does-safari-store-the-open-tabs,broken_link
https://apple.stackexchange.com/questions/374930/create-new-apple-id-solely-linked-to-new-icloud-com-email,broken_link
https://apple.stackexchange.com/questions/383736/move-a-row-in-excel-using-the-keyboard,broken_link
https://apple.stackexchange.com/questions/38921/how-do-i-reset-recover-my-superuser-password-without-the-boot-disk,broken_link
https://apple.stackexchange.com/questions/389942/download-photos-from-icloud-photo-library-to-an-iphone-without-uploading-everyth,broken_link
https://apple.stackexchange.com/questions/448019/how-to-disconnect-icloud-photo-storage-without-losing-all-my-photos,broken_link
https://apple.stackexchange.com/questions/458806/macos-mojave-restore-closed-safari-tabs-from-earlier-than-last-session,broken_link
https://apple.stackexchange.com/questions/469280/default-files-and-folders-in-macos-base-system-big-sur-usual-files-folders,broken_link
https://apple.stackexchange.com/questions/61905/how-can-i-reset-a-macs-password-from-single-user-mode,broken_link
https://apps.fas.usda.gov/newgainapi/api/report/downloadreportbyfilename,broken_link
https://apps.microsoft.com/detail/9mzh9bvwzfj5,text_too_short
https://aquariumscience.org/index.php/1-1-8-stocking,broken_link
https://aquariumscience.org/index.php/2-5-aquarium-fish-in-cycling,broken_link
https://ar.pinterest.com/pin/302093087494584744,video
https://arcane.bot,text_too_short
https://arcane.bot/features/leveling,text_too_short
https://ark.fandom.com/wiki/basic_kibble,broken_link
https://ark.wiki.gg/wiki/deinosuchus,broken_link
https://ark.wiki.gg/wiki/kibble,broken_link
https://ark.wiki.gg/wiki/regular_kibble,broken_link
https://artsandculture.google.com/experiment/3d-pottery/nwhg1d0rij1lta,broken_link
https://arubanetworking.hpe.com/techdocs/archived/clearpass/6.9/guest/content/onboard/configiosdeviceipsecconnection.htm,broken_link
https://asgmt.com/wp-content/uploads/2016/02/028.pdf,pdf
https://ashpublications.org/blood/article/126/17/1971/34416/so-you-know-how-to-treat-iron-deficiency-anemia,broken_link
https://asi.ucdavis.edu/sites/g/files/dgvnsk5751/files/inline-files/pepperproject-savepepperseeds_0.pdf,pdf
https://asianwiki.com/squid_game_2,broken_link
https://ask.usda.gov/s/article/can-oil-be-reused-safely,broken_link
https://ask.usda.gov/s/article/how-long-can-i-keep-oil-after-frying,broken_link
https://askedd.edd.ca.gov/askedd/s/categorydetails,broken_link
https://askedd.edd.ca.gov/s,text_too_short
https://asklibrarians.francis.edu/faq/44270,broken_link
https://askubuntu.com/questions/1109536/how-to-install-kubernetes-locally-via-minikube,broken_link
https://askubuntu.com/questions/113544/how-can-i-reduce-the-file-size-of-a-scanned-pdf-file,broken_link
https://askubuntu.com/questions/1235731/can-i-use-an-android-phone-as-webcam-for-an-ubuntu-device,broken_link
https://askubuntu.com/questions/1541283/how-to-enable-a-print-screen-key-on-logitech-mx-mechanical-keyboard-on-ubuntu,broken_link
https://askubuntu.com/questions/228696/how-to-change-administrator-username,broken_link
https://askubuntu.com/questions/24006/how-do-i-reset-a-lost-administrative-password,broken_link
https://askubuntu.com/questions/25347/what-command-do-i-need-to-unzip-extract-a-tar-gz-file,broken_link
https://askubuntu.com/questions/27349/how-do-i-compress-a-directory,broken_link
https://askubuntu.com/questions/341428/how-to-install-flash-player-on-ubuntu,broken_link
https://askubuntu.com/questions/38268/how-to-properly-play-mkv-files,broken_link
https://askubuntu.com/questions/395331/python-through-command-terminal-creating-functions,broken_link
https://askubuntu.com/questions/426750/how-can-i-update-my-nodejs-to-the-latest-version,broken_link
https://askubuntu.com/questions/586529/how-to-play-this-file,broken_link
https://askubuntu.com/questions/586643/how-to-fix-a-pptp-vpn-client-connection-ubuntu-on-virtualbox,broken_link
https://askubuntu.com/questions/68809/how-to-format-a-usb-or-external-drive,broken_link
https://askubuntu.com/questions/86849/how-to-unzip-a-zip-file-from-the-terminal,broken_link
https://asset.pitsco.com/c/experimental-controls-variables.pdf,pdf
https://assets-global.website-files.com/68043eb0e864c9bb5fc773f2/680d0fc938e0510d01a97905_17330719851.pdf,pdf
https://assets.ajmadison.com/ajmadison/itemdocs/bakingstoneuc022603.pdf,pdf
https://assets.cambridge.org/97813165/03737/excerpt/9781316503737_excerpt.pdf,pdf
https://assets.campbell.edu/wp-content/uploads/2016/12/how-to-create-a-digital-signature.pdf,pdf
https://assets.publishing.service.gov.uk/media/5f58e834d3bf7f7237cf3e59/bfeg_genetic_genealogy_final.pdf,pdf
https://assets.publishing.service.gov.uk/media/67aafe8f3b41f783cca46251/nppf_december_2024.pdf,pdf
https://assets.thebraintumourcharity.org/live/uploads/2019/09/coping_with_speech-language-difficulties-factsheet-v5.pdf,pdf
https://assets.website-files.com/65e87a2a516a47cc709ffffc/65f96feec7cd9ccc51687c96_72773940620.pdf,pdf
https://assets.website-files.com/6724c02d09d88453b26b3524/6848e231086c559be22428a7_zumixorelibu.pdf,pdf
https://assets2.cbsnewsstatic.com/hub/i/captions/cippat__kosnq1vhki9f9l2m3_xb8aky.adb_xml,broken_link
https://assets3.cbsnewsstatic.com/hub/i/captions/tcre0j4ddjbykccpaqg7hidtsko1okbb.adb_xml,broken_link
https://athlonsports.com/nfl/legendary-coach-bill-cowher-makes-cbs-decision-on-2025-season,broken_link
https://athome.fandango.com/content/browse/details/american-psycho/5042,text_too_short
https://au.mathworks.com/matlabcentral/answers/787414-how-do-i-calculate-the-dew-point-from-the-temperature-and-relative-humidity-the-equation-i-need-to,broken_link
https://au.pinterest.com/pin/yacht-party-outfit--113856696824544995,video
https://audiophilebitspieces.quora.com/our-own-voice-which-we-hear-after-recording-is-it-real-or-is-the-voice-which-we-hear-real,text_too_short
https://augmentedsteam.com,text_too_short
https://aul.org/wp-content/uploads/2019/01/summary-of-known-health-risks-of-abortion.pdf,pdf
https://austinuu.org/wp2013/whats-the-difference-between-trinitarian-v-unitarian,broken_link
https://authors.library.caltech.edu/records/8ea39-50s38/files/cspw_slr_sysid09.pdf,pdf
https://autotechl.com/math_in_ctelessons/lesson13toein_toeout.pdf,pdf
https://averageinspired.com/2021/03/sponge-painting-terracotta-pots.html,broken_link
https://awimnews.com,broken_link
https://awog.org/wp-content/uploads/2020/02/nexplanon.pdf,pdf
https://ballbadmintonindia.com,text_too_short
https://bbs.archlinux.org/viewtopic.php,broken_link
https://beautifulinjesus.com/gods-love-empowers-us,broken_link
https://bedrocktweaks.net/crafting-tweaks,text_too_short
https://beta.claimsjournal.com/fetch.php/fullview/u66729/leveluprnpediatricsflashcards.pdf,pdf
https://beta.claimsjournal.com/indeks.jsp/open-access/u67750/middlecerebralarterydoppler.pdf,pdf
https://bgseed.com/product/calf-manna-2,broken_link
https://bible-truths.com/whygodlovesyou.htm,broken_link
https://bicycles.stackexchange.com/questions/327/how-to-prevent-cramping,broken_link
https://bihsoc.org/wp-content/uploads/2017/09/home_blood_pressure_monitoring_explained.pdf,pdf
https://bioconductor.org/packages/devel/bioc/vignettes/deseq2/inst/doc/deseq2.html,broken_link
https://biology.stackexchange.com/questions/17370/can-dish-soap-really-be-used-to-kill-ticks-and-fleas,broken_link
https://biology.stackexchange.com/questions/43562/definition-of-general-anesthesia,broken_link
https://biology.stackexchange.com/questions/48007/why-do-the-hormones-fsh-and-lh-decrease-when-the-follicle-is-maturing-and-does-s,broken_link
https://biology.stackexchange.com/questions/54014/why-do-some-people-have-cold-hands-and-some-have-warm,broken_link
https://bipartisanpolicy.org/explainer/25th-amendment-frequently-asked-questions,broken_link
https://bipartisanpolicy.org/report/deficit-tracker,broken_link
https://birdwatchingnc.com/tag/when-should-i-take-down-my-hummingbird-feeder-in-north-carolina,broken_link
https://bishop.house.gov/sites/evo-subsites/bishop-evo.house.gov/files/documents/20211014event_cmfc2021summit-speakerbios-featuredguest-firstladydrjillbiden.pdf,pdf
https://bitskins.com,text_too_short
https://bizneworleans.com/drew-brees-enters-saints-hall-of-fame,broken_link
https://bkkelection65.thaipbs.or.th/blog,text_too_short
https://bladenonline.com/5-things-to-learn-from-dr-martin-luther-king-jr,broken_link
https://bleed.bot/commands,text_too_short
https://blink.ucsd.edu/safety/resources/sds/explained.html,broken_link
https://blink.ucsd.edu/safety/resources/sds/index.html,broken_link
https://blog.aquaticwarehouse.com/why-wait-24-hours-to-add-fish-to-aquarium,broken_link
https://blog.beau-coup.com/tea-party-bridal-shower-favors-1-box-3-ideas,broken_link
https://blog.furniturepick.com/chesterfield-history-and-style,broken_link
https://blog.mdpi.com/2024/01/23/mental-health-across-the-menstrual-cycle,broken_link
https://blog.mdpi.com/2025/06/26/5-basic-tips-for-better-writing,broken_link
https://blog.naver.com/nztale/221384962175,text_too_short
https://blog.spoonfulapp.com/top-gluten-free-breads,broken_link
https://blog.utc.edu/khalid-tantawi/files/2021/01/lesson-1-introduction-to-maintenance.pdf,pdf
https://blogmedia.testbook.com/kmat-kerala/wp-content/uploads/2023/06/organic-chemistry-by-jonathan-clayden-nick-greeves-stuart-warren-z-lib.org_-847123c1.pdf,pdf
https://blogs.crossmap.com/stories/sepphoris-cana-nazareth-mt-tabor-cngbqe_bzis8uigc4k5bt,text_too_short
https://blogs.extension.wisc.edu/civilrightsleadership/files/2016/10/tips-for-communicating-with-deaf.pdf,pdf
https://blox-fruits.fandom.com/wiki/full_moon,broken_link
https://bluetobliss.com/co-parenting-tips,broken_link
https://bmcnoldy.earth.miami.edu/humidity.html,broken_link
https://bnf.nice.org.uk/drugs/propofol,broken_link
https://bnf.nice.org.uk/interactions,broken_link
https://bnf.nice.org.uk/treatment-summaries/topical-corticosteroids,broken_link
https://bo3.gg/valorant/articles/what-to-do-if-valorant-update-stalls,text_too_short
https://boards.cruisecritic.com/topic/1756605-ship-attire-ideas-for-a-hot-humid-cruise-please,broken_link
https://boards.cruisecritic.com/topic/3054911-dress-for-parties-in-the-yacht-club,broken_link
https://boards.scarleteen.com/viewtopic.php,broken_link
https://books.google.com/books/about/felix_longoria_s_wake.html,text_too_short
https://botany.science.narkive.com/hpoglgct/how-long-does-it-take-for-morning-glory-plants-to-flower,broken_link
https://botghost.com/tools/discord-user-id-lookup,text_too_short
https://bpb-us-w2.wpmucdn.com/sites.umassd.edu/dist/f/777/files/2018/05/enhancing-pdfs.pdf,pdf
https://bpb-us-w2.wpmucdn.com/sites.widener.edu/dist/7/57/files/2019/10/how-to-save-files-in-ms-onedrive.pdf,pdf
https://brainly.com/question/12492336,broken_link
https://brainly.com/question/1338614,broken_link
https://brainly.com/question/13565436,broken_link
https://brainly.com/question/1368684,broken_link
https://brainly.com/question/14858125,broken_link
https://brainly.com/question/17018196,broken_link
https://brainly.com/question/17203348,broken_link
https://brainly.com/question/18941731,broken_link
https://brainly.com/question/19644246,broken_link
https://brainly.com/question/2189025,broken_link
https://brainly.com/question/23314832,broken_link
https://brainly.com/question/2375792,broken_link
https://brainly.com/question/2396086,broken_link
https://brainly.com/question/26058206,broken_link
https://brainly.com/question/28311153,broken_link
https://brainly.com/question/28943621,broken_link
https://brainly.com/question/29822361,broken_link
https://brainly.com/question/31155926,broken_link
https://brainly.com/question/31551224,broken_link
https://brainly.com/question/31582847,broken_link
https://brainly.com/question/34252934,broken_link
https://brainly.com/question/34647947,broken_link
https://brainly.com/question/36369599,broken_link
https://brainly.com/question/36843971,broken_link
https://brainly.com/question/37363581,broken_link
https://brainly.com/question/37725792,broken_link
https://brainly.com/question/39204198,broken_link
https://brainly.com/question/39231946,broken_link
https://brainly.com/question/39240918,broken_link
https://brainly.com/question/41138880,broken_link
https://brainly.com/question/43029093,broken_link
https://brainly.com/question/43521865,broken_link
https://brainly.com/question/44594420,broken_link
https://brainly.com/question/46520144,broken_link
https://brainly.com/question/47028545,broken_link
https://brainly.com/question/49108635,broken_link
https://brainly.com/question/50508985,broken_link
https://brainly.com/question/51993929,broken_link
https://brainly.com/question/53642108,broken_link
https://brainly.com/question/57102465,broken_link
https://brainly.com/question/7386168,broken_link
https://brainly.com/question/9909638,broken_link
https://brainly.in/question/10562306,broken_link
https://brainly.in/question/29944963,broken_link
https://brainly.in/question/40614553,broken_link
https://brainly.in/question/50166056,broken_link
https://brainly.in/question/59207902,broken_link
https://brainly.in/question/7904870,broken_link
https://brainly.ph/question/21451612,broken_link
https://brainly.ph/question/23928965,broken_link
https://brainly.ph/question/31802743,broken_link
https://brainly.ph/question/5083399,broken_link
https://brainly.ph/question/9631205,broken_link
https://breastcenter.org.cy/why-do-i-get-a-headache-after-masturbating-376610,broken_link
https://breastcenter.org.cy/why-do-i-get-a-headache-while-masturbating-376612,broken_link
https://brightideas.houstontx.gov/ideas/the-nurse-is-caring-for-a-client-on-the-mental-health-unit-w-weln,broken_link
https://brightideas.houstontx.gov/ideas/write-the-equation-for-the-plane-the-plane-through-the-point-qvxx,broken_link
https://brocku.ca/career/students/workshops/cv_workshop/story_content/external_files/cv%20writing%20-%20how%20to%20cite%20publications%20in%20apa.pdf,pdf
https://bsos.umd.edu/sites/bsos.umd.edu/files/research/digitalsig.pdf,pdf
https://buddhism.stackexchange.com/questions/50032/what-does-name-and-form-mean,broken_link
https://bullionexchanges.com/view-all-gold-coins,text_too_short
https://bunspace.com/forum/thread,broken_link
https://business.adobe.com/blog/basics/guide-to-email-marketing,broken_link
https://bytebytego.com/courses/system-design-interview/back-of-the-envelope-estimation,text_too_short
https://c03.apogee.net/mvc/home/hes/land/el,broken_link
https://c2-preview.prosites.com/202288/wy/docs/general%20anesthesia.pdf,pdf
https://ca.indeed.com/career-advice/career-development/being-proactive,broken_link
https://ca.indeed.com/career-advice/career-development/cap-rate-formula,broken_link
https://ca.indeed.com/career-advice/career-development/how-to-create-zip-file,broken_link
https://ca.indeed.com/career-advice/career-development/how-to-merge-columns-in-excel,broken_link
https://ca.indeed.com/career-advice/career-development/how-to-reopen-closed-tabs,broken_link
https://ca.indeed.com/career-advice/career-development/own-up-to-your-mistakes,broken_link
https://ca.indeed.com/career-advice/career-development/reduce-pdf-file-size,broken_link
https://ca.indeed.com/career-advice/career-development/web-crawler,broken_link
https://ca.indeed.com/career-advice/career-development/what-is-employee,broken_link
https://ca.indeed.com/career-advice/career-development/what-is-schedule-variance,broken_link
https://ca.linkedin.com/in/barry-d-87052772,broken_link
https://ca.pinterest.com/pin/yacht-outfit-nautical-idea-video--604467581260051290,video
https://caddo.gov/wp-content/uploads/ninja-forms/11/cfghy.pdf,pdf
https://caddo.gov/wp-content/uploads/ninja-forms/11/cgfyhfs.pdf,pdf
https://calcupa.org/cms15/upload-manager/presentations/cupa-2024/8722-22821-tu-b3-hazardous-waste-identification--lawler-1.pdf,pdf
https://calcupa.org/cms15/upload-manager/presentations/cupa-2025/2553-10065-dtsc-regulatory-update-cupa-march-2025.pdf,pdf
https://cannabisresearch.mcmaster.ca/what-is-delta-8-tetrahydrocannabinol-delta-8-thc,broken_link
https://canyonsantamonica.com/rehab-blog/what-is-delta-8,broken_link
https://careeractivate.com/pilot-season-shift,broken_link
https://careers.nike.com/maintenance-pointguard-ii-maintenance-lead/job/r-59327,broken_link
https://careerswales.gov.wales/job-information/marine-biologist/how-to-become,text_too_short
https://careerswales.gov.wales/job-information/marine-biologist/skills-and-qualities,text_too_short
https://careertraining.ed2go.com/georgemason/training-programs/microsoft-azure-dual-certification-boot-camp,broken_link
https://careertraining.fscj.edu/training-programs/microsoft-azure-dual-certification-boot-camp,broken_link
https://caringheartsanimalhospital.com/blog/puppy-teething-symptoms,broken_link
https://carsandautomobile.quora.com/how-do-i-fix-a-car-engine-oil-leak,text_too_short
https://catalog.ecc.edu/preview_course_nopop.php,broken_link
https://catalog.ivytech.edu/preview_course_nopop.php,broken_link
https://catalog.tccd.edu/preview_course_nopop.php,broken_link
https://catbull.com/alamut/bibliothek/7810docid6911.pdf,pdf
https://catholic-resources.org/bible/trinity.htm,broken_link
https://catholicleader.com.au/life/faith/take-time-to-watch-todays-sunset-and-see-our-creator-gazing-back,broken_link
https://cbs4indy.com/business/press-releases/cision/20250626cn18160/vivo-x200-fe-arrives-the-all-round-flagship-designed-for-gen-z,broken_link
https://cbseacademic.nic.in/web_material/curriculummain26/srsec/chemistry_srsec_2025-26.pdf,pdf
https://cbseacademic.nic.in/web_material/curriculummain26/srsec/economics_srsec_2025-26.pdf,pdf
https://cbtproxy.com/blog/how-do-i-get-a-microsoft-azure-certification,broken_link
https://ccvis.barti.in/ccvis_pdf/download/caste/caste_list.pdf,pdf
https://cde.nus.edu.sg/isem,text_too_short
https://cde.nus.edu.sg/isem/what-is-ise,text_too_short
https://cdn.buglife.org.uk/2020/07/b-friendly-to-your-veg.pdf,pdf
https://cdn.mdedge.com/files/s3fs-public/document/september-2017/5707jfp_clinicalinq5.pdf,pdf
https://cdn.prod.website-files.com/65f03c1adf9d6d64858c8deb/6834699b0af6035aad5f335f_38180701619.pdf,pdf
https://cdn.prod.website-files.com/6753647dd3b2e8f1a4184db2/67b0a009ed0166efc99c01c4_76909601187.pdf,pdf
https://cdn.prod.website-files.com/67550f2bf504517d455ce015/67c8f2cbaf3d3a6131afe505_20795428757.pdf,pdf
https://cdn1.sportngin.com/attachments/document/f195-2393969/how_to_create_a_digital_signature_in_adobe_reader.pdf,pdf
https://cdnsm5-ss19.sharpschool.com/userfiles/servers/server_132019/file/3-1_citizen%20partcipation%20in%20government.pdf,pdf
https://cdnsm5-ss19.sharpschool.com/userfiles/servers/server_132019/file/day%204.pdf,pdf
https://cedarcirclefarm.org/pdf/id_sheet_-_beech.pdf,pdf
https://celibrarydev.byu.edu/fulldisplay/2451147345/103035/whatarethewholenumbers.pdf,pdf
https://cfi.trade/en/educational-articles/what-is-technical-analysis/how-to-trade-with-rsi,broken_link
https://champs.iedcr.gov.bd,broken_link
https://channelstore.roku.com/details/2b5b561baaf87771971c7b373cffeeb8:f82fc0e695bd7eae112b95605bc0a6b3/sling-tv-live-sports-news-shows-freestream,text_too_short
https://character-stats-and-profiles.fandom.com/wiki/ancalagon_the_black_(canon)/hsharpe,broken_link
https://chargefinder.com,text_too_short
https://charts.bitbo.io/monthly-rsi,broken_link
https://chemistry.stackexchange.com/questions/136659/naming-a-given-organic-compound-according-to-iupac-naming-rules,broken_link
https://chemistry.stackexchange.com/questions/16590/how-to-solidify-sand,broken_link
https://chemistry.stackexchange.com/questions/7529/nomenclature-of-organic-compounds,broken_link
https://christianity.stackexchange.com/questions/103282/how-does-god-love,broken_link
https://christianity.stackexchange.com/questions/12628/what-is-the-origin-of-the-doctrine-of-trinity,broken_link
https://christianity.stackexchange.com/questions/31364/why-should-we-pray-if-god-knows-everything,broken_link
https://christianity.stackexchange.com/questions/4896/what-evidence-is-there-that-jesus-was-a-carpenter,broken_link
https://christianity.stackexchange.com/questions/54046/what-was-st-pauls-age-at-the-time-of-his-conversion-and-what-was-his-age-when-h,broken_link
https://cims.nyu.edu/~cfgranda/pages/obda_spring16/material/low_rank_models.pdf,pdf
https://citeseerx.ist.psu.edu/document,broken_link
https://city.milwaukee.gov/imagelibrary/groups/cccouncil/news/2025/district-05/05---street-lighting-release-with-map.pdf,pdf
https://claimyr.com/government-services/california-edd-unemployment/how-to-reach-a-live-edd-representative-phone-menu-options-that-actually-work/2025-03-29,broken_link
https://claimyr.com/government-services/california-edd-unemployment/impossible-to-reach-edd-by-phone-any-tricks-for-getting-through-busy-signals/2025-03-29,broken_link
https://claimyr.com/government-services/us-ssa/can-i-collect-from-both-my-own-social-security-and-my-ex-spouses-benefits-or-just-the-higher-amount/2025-03-27,broken_link
https://claimyr.com/government-services/us-ssa/social-security-spousal-benefits-from-ex-husband-do-i-need-to-wait-until-fra-to-avoid-reduction/2025-03-27,broken_link
https://clc.pcusa.org,text_too_short
https://cleanslatecampaign.org/how-to-seal-slate-floors,broken_link
https://cleanslatecampaign.org/sealing-slate-tile,broken_link
https://clinicaltrials.gov/policy/faq,text_too_short
https://clinicaltrials.gov/policy/results-definitions,text_too_short
https://clintonwhitehouse3.archives.gov/wh/new/china/xian.html,broken_link
https://cloud.nomanssky.com,video
https://cmconnect.cmcc.edu/ics/icsfs/chapter_1_outline.pdf,pdf
https://cmitsolutions.com/blog/5-steps-to-archive-emails-and-keep-outlook-running-strong,broken_link
https://cncoks.us/knowledge/the-ultimate-guide-to-losing-weight-on-your-face-5-45umjlf-effective-strategies,broken_link
https://cncoks.us/news/cbd-blue-gummies-for-ed-urib2s-a-refreshing-take-on-erectile-dysfunction-solutions,broken_link
https://cncoks.us/news/cbd-gummies-for-erectile-d2e23pa-dysfunction-benefits-and-buying-guide,broken_link
https://cncoks.us/trending/cbd-gummies-for-ed-8egok-treatment-uncovering-the-potential-for-relief,broken_link
https://cocalc.com/share/download/c0881d6de2edd7ad84adbaa05486602e15ef3a4a/student%20help/ti-84%20for%20ap%20calculus/ti-84%20for%20calculus.pdf,pdf
https://cocc.edu/departments/math/calculator-videos/files/finding-maximums-minimums.pdf,pdf
https://coins.ha.com/information/gold-coin-prices-buyer-and-investor-guide.s,broken_link
https://colbournecollege.weebly.com/uploads/2/3/7/9/23793496/ross-and-wilson-anatomy-and-physiology-in-health-a.pdf,pdf
https://columbiacollege-ca.libguides.com/c.php,broken_link
https://columbiasci.com/wp-content/uploads/2021/03/understanding-dysphagia-amy-reinstein.pdf,pdf
https://comemphis-jpf.squarespace.com/s/15-values-of-scripture-memory.pdf,pdf
https://commons.wikimedia.org/wiki/file:distribution_of_psilocybe_ovoideocystidiata.svg,broken_link
https://community.mendix.com/link/space/app-development/questions/133081,text_too_short
https://communityfirst.com.au/how-an-offset-account-works,text_too_short
https://comunidades.cepal.org/ilpes/en/users/latest-fortnite-redeem-codes-free-rewards-march-2025,broken_link
https://connect.mayoclinic.org/comment/1280763,broken_link
https://connect.mayoclinic.org/discussion/am-i-in-some-kind-of-growth-pause,broken_link
https://connect.mayoclinic.org/discussion/communicating-the-most-effective-with-the-hearing-world,broken_link
https://connect.mayoclinic.org/discussion/did-i-stop-growing-at-14,broken_link
https://connect.mayoclinic.org/discussion/gallbladder-pain,broken_link
https://connect.mayoclinic.org/discussion/hip-pain-directly-on-hip-bone,broken_link
https://connect.mayoclinic.org/discussion/hip-pain-only-with-certain-movements,broken_link
https://connect.mayoclinic.org/discussion/mold-toxicity,broken_link
https://connect.mayoclinic.org/discussion/phlegm-in-my-throat-and-post-nasal-drip-after-covid,broken_link
https://connect.mayoclinic.org/discussion/voltaren-gel,broken_link
https://connection.nwea.org/s/article/how-to-assign-text-to-speech-to-a-student,broken_link
https://constitution.congress.gov/browse/essay/artv-1/alde_00000507,broken_link
https://constitution.congress.gov/browse/essay/artv-3-1/alde_00013049,broken_link
https://constitution.congress.gov/browse/essay/artv-3-3/alde_00013051,broken_link
https://consumer-care.weber.com/s/article/how-do-i-clean-my-pizza-stone-1706747201758,broken_link
https://content.rwbaird.com/rwb/content/pdf/insights/whitepapers/lifetime-income-with-todays-annuities.pdf,pdf
https://continuinged.cpcc.edu/search/publiccoursesearchdetails.do,broken_link
https://cookcountypublichealth.org/wp-content/uploads/2018/12/pubic-lice-or-crabs-040714-final-1.pdf,pdf
https://cooking.stackexchange.com/questions/104650/how-long-is-miso-paste-good-for-in-the-fridge-after-opening,broken_link
https://cooking.stackexchange.com/questions/10661/how-do-i-season-my-new-pizza-stone,broken_link
https://cooking.stackexchange.com/questions/14086/what-is-a-good-side-dish-for-a-freshly-boiled-lobster,broken_link
https://cooking.stackexchange.com/questions/57342/using-canned-san-marzano-tomatoes-vs-regular-canned-tomatoes,broken_link
https://cooking.stackexchange.com/questions/6419/how-to-keep-my-deep-frying-oil-usable-as-long-as-possible,broken_link
https://cooking.stackexchange.com/questions/7695/what-is-the-difference-between-shawarma-and-gyros,broken_link
https://cooking.stackexchange.com/questions/90776/flour-is-many-years-expired-but-still-looks-good,broken_link
https://copbela.org/downloads/2022/self%20learning%20material%20bpharma/module/semester-1/bp101t/bp101t-1.pdf,pdf
https://core.ac.uk/download/80912047.pdf,pdf
https://corical.immunisationcoalition.org.au/docs/tts_information.pdf,pdf
https://coronatodays.com/how-to-use-presenter-view-in-zoom-and-see-your-powerpoint-notes,text_too_short
https://courts.ca.gov/sites/default/files/courts/default/2024-08/duischmanual.pdf,pdf
https://covidactnow.org/covid-explained/covid-immunity,text_too_short
https://cpb-us-w2.wpmucdn.com/blogs.belmont.edu/dist/8/25/files/2022/05/gillam_616-643.pdf,pdf
https://cran.r-project.org,text_too_short
https://crumblcookies.com/profiles/ecf4e7d0-c05f-11e9-933a-07fdcf36242c:cookie,text_too_short
https://cs.upj.pitt.edu/bilitski/howtoask,text_too_short
https://cs.uwaterloo.ca/~paforsyt/forsyth_toronto.pdf,pdf
https://cs.wellesley.edu/~cs112/coursematerials/lectures/matrices.ppt,broken_link
https://csmithinsurancegroup.com/2023/06/09/my-medicare-number-everything-you-need-to-know,broken_link
https://csweb.wooster.edu/kbhowmik/cs102/documents/week01/cs102-thonny_getting_started.pdf,pdf
https://ctep.cancer.gov/protocoldevelopment/electronic_applications/docs/ctcae_v5_quick_reference_5x7.pdf,pdf
https://cwhccolorado.com/services/early-abortion/index.html,text_too_short
https://cygnusx1.ucsd.edu/bed-box-spring,broken_link
https://cygnusx1.ucsd.edu/control-variable-definition,broken_link
https://cygnusx1.ucsd.edu/squid-game-parents-guide,broken_link
https://cygnusx1.ucsd.edu/what-is-a-controlled-variable,broken_link
https://cygnusx1.ucsd.edu/when-do-morning-glories-bloom,broken_link
https://d3gqasl9vmjfd8.cloudfront.net/b71054dc-4c26-4afc-bbb1-6c4681318852.pdf,pdf
https://dam.assets.ohio.gov/image/upload/highered.ohio.gov/files/uploads/ccp/resources/ccp%20probation%20dismissal%20summary%20-june%202019.pdf,pdf
https://damassets.autodesk.net/content/dam/autodesk/www/shortcuts/autocad/autocad-shortcuts-guide-autodesk.pdf,pdf
https://data.cms.gov/tools/medicare-physician-other-practitioner-look-up-tool,text_too_short
https://daytondentalsmiles.com/burning-mouth-syndrome-whats-the-cause,broken_link
https://dba.stackexchange.com/questions/167434/is-it-bad-practice-to-add-columns-to-an-existing-table,broken_link
https://dba.stackexchange.com/questions/195075/standard-meaning-of-bounce-the-database,broken_link
https://dba.stackexchange.com/questions/320168/what-is-a-best-way-to-add-new-column-to-existing-table-with-milions-of-rows-in-s,broken_link
https://dbpedia.org/page/facial_expression,broken_link
https://dchealth.dc.gov/sites/default/files/dc/sites/doh/publication/attachments/pneumonia%20disease%20fact%20sheet_approved_11252024.pdf,pdf
https://dcx0p3on5z8dw.cloudfront.net/aakash/s3fs-public/pdf_management_files/target_solutions/ncert-solutions-class-9-science-chapter-2-is-matter-around-us-pure_0.pdf,pdf
https://deafconnect.org.au/wp-content/uploads/2023/02/communication-tips.pdf,pdf
https://dealstream.com/blog/how-to-determine-your-biological-age,broken_link
https://dedicatedexcel.com/2012/04/08/how-to-set-a-workbook-password-excel-2010,broken_link
https://deepblue.lib.umich.edu/bitstream/handle/2027.42/58005/pdf-best_practice_v3_cc-by.pdf,pdf
https://deepstash.com/idea/48449/the-invention-of-scotch-tape,broken_link
https://delta8.science/what-is-delta-8-thc,broken_link
https://dengarden.com/gardening/how-to-rabbits-out-of-the-garden,broken_link
https://dengarden.com/gardening/whats-eating-your-garden-leaves,broken_link
https://dengarden.com/home-improvement/refinishing-a-tile-floor,broken_link
https://depedbohol.org/v2/wp-content/uploads/2016/03/math-cg_with-tagged-math-equipment.pdf,pdf
https://derbyacademy.libguides.com/c.php,broken_link
https://des.az.gov/services/employment/unemployment-individual/contact-azui,broken_link
https://desktops.comp.narkive.com/zxrqqftf/what-does-it-mean-to-compress-drive-to-save-disk-space,broken_link
https://detroitmi.gov/events/detroit-taxpayer-service-center-community-resource-fair-flyer,broken_link
https://detroitzoo.org/events/gorillas-on-the-line,video
https://dev-old.onlyoffice.org/viewtopic.php,broken_link
https://developer.apple.com/documentation/appkit/nstablecolumn/resizingoptions,text_too_short
https://developer.apple.com/documentation/security/disabling-and-enabling-system-integrity-protection,text_too_short
https://developer.cirium.com/apis/data/codeshare-and-wet-lease-relationships,text_too_short
https://devforum.eveuniversity.org/insurance/is-there-any-planet-in-retrograde-right-now-aw1avp6.html,broken_link
https://devotiontoourlady.com/conversion-of-st-paul.html,broken_link
https://dhhs.ne.gov/documents/moldaffect.pdf,pdf
https://dictionary.apa.org/content-thought-disorder,text_too_short
https://dictionary.apa.org/control-variable,text_too_short
https://dictionary.apa.org/facial-expression,text_too_short
https://didattica.unibocconi.it/feed_front/allegati/guidelines_for_bibliographic_citation_and_writing_a_bibliography20201104112420.pdf,pdf
https://digilib.ucr.edu/what-is-sds,broken_link
https://digital.csic.es/bitstream/10261/254678/1/e.%20hauk%20j.%20economic%20literatura.pdf,pdf
https://digitalbible.ca/article-page/bible-study-biblical-locations-where-is-cana-1699763946380x537200317566162600,text_too_short
https://digitalbible.ca/article-page/bible-study-symbols-understanding-the-biblical-symbolism-of-the-sun-its-significance-in-biblical-and-historical-terms-1700845117005x391476926710764000,text_too_short
https://digitalbible.ca/article-page/modern-topics-what-does-the-bible-say-about-sun,text_too_short
https://digitalcommons.gardner-webb.edu/cgi/viewcontent.cgi,broken_link
https://digitalcommons.lib.uconn.edu/cgi/viewcontent.cgi,broken_link
https://digitalcommons.liberty.edu/cgi/viewcontent.cgi,broken_link
https://digitalvibeseo.com/blogs/seo/what-is-a-web-crawler-and-how-does-it-work,broken_link
https://dirtydoughcookies.com,text_too_short
https://discord-marketplace-manushalakshan.replit.app/blog/complete-guide-to-discord-server-boost-benefi-22866110,broken_link
https://discord.com/developers/docs/resources/user,text_too_short
https://discord.fandom.com/wiki/server_boosting,broken_link
https://discord.id,text_too_short
https://discover.hubpages.com/animals/how-to-start-a-freshwater-fish-tank,broken_link
https://discover.hubpages.com/education/9-important-events-that-happened-in-1902,broken_link
https://discover.hubpages.com/food/what-is-shawarma,broken_link
https://discover.hubpages.com/food/what-to-serve-with-lobster,broken_link
https://discover.hubpages.com/games-hobbies/how-to-build-a-nether-wart-farm,broken_link
https://discover.hubpages.com/games-hobbies/minecraft-pet-cats-how-to-tame-and-feed-minecraft-cats,broken_link
https://discover.hubpages.com/living/how-to-grow-morning-glories,broken_link
https://discover.hubpages.com/living/natural-and-pet-safe-pest-control-for-leaf-eating-insects,broken_link
https://discover.hubpages.com/relationships/how-to-make-your-child-or-babys-mother-love-you-again,broken_link
https://discover.hubpages.com/relationships/just-because-she-got-a-baby-by-him-dont-mean-nothingor-does-it,broken_link
https://discover.hubpages.com/technology/how-to-connect-your-desktop-computer-to-your-laptop,broken_link
https://disneyworld.disney.go.com/experience-updates,text_too_short
https://disneyworld.disney.go.com/resorts/old-key-west-resort,text_too_short
https://diy.stackexchange.com/questions/131921/any-way-to-permanently-seal-natural-stone-slate-tile-floor,broken_link
https://diy.stackexchange.com/questions/150293/walked-on-new-grout-too-soon,broken_link
https://diy.stackexchange.com/questions/158130/how-to-effectively-patch-recaulk-small-crevices-between-bathtub-and-bathroom-til,broken_link
https://diy.stackexchange.com/questions/231753/how-to-caulk-wide-gap-around-bath,broken_link
https://diy.stackexchange.com/questions/24376/why-does-my-toilet-randomly-start-running,broken_link
https://diy.stackexchange.com/questions/33035/how-can-i-calculate-the-power-consumption-of-an-a-c-unit,broken_link
https://diy.stackexchange.com/questions/5183/how-can-i-efficiently-heat-a-pool,broken_link
https://diy.stackexchange.com/questions/5578/how-do-i-properly-seal-slate-tile,broken_link
https://diy.stackexchange.com/questions/79152/can-i-start-and-stop-a-tile-floor-job,broken_link
https://diy.stackexchange.com/questions/93575/installing-base-cabinets-screwing-to-the-wall-and-each-other,broken_link
https://dl.acm.org/doi/10.1145/3580305.3599361,broken_link
https://dl.acm.org/doi/pdf/10.5555/2946645.2946660,broken_link
https://dl.najafi8.ir/dl/library/book/naked_forex-ebook.pdf,pdf
https://dl.tutoo.ir/upload/book/complete/speak%20out%202nd/speak%20out%202nd%205/5-upper-intermediate-wb.pdf,pdf
https://dlcdnets.asus.com/pub/asus/accessory/power_supply/manual/recommended_psu_table.pdf,pdf
https://dls.virginia.gov/pubs/idc/idc25.pdf,pdf
https://dmohankumar.wordpress.com/wp-content/uploads/2011/05/how-to-calculate-ac-power.pdf,pdf
https://docs.appian.com/suite/help/24.4/process_node_and_smart_service_properties.html,broken_link
https://docs.aws.amazon.com/awsec2/latest/userguide/concepts.html,broken_link
https://docs.aws.amazon.com/redshift/latest/dg/r_alter_table_col_ex-add-drop.html,text_too_short
https://docs.blackbaud.com/email-resource-center/faqs/failures/technical,text_too_short
https://docs.nestjs.com/fundamentals/custom-providers,text_too_short
https://docs.oracle.com/cd/e28727_01/hcm91fp2/eng/psbooks/hhtg/htm/hhtg04.htm,broken_link
https://docs.oracle.com/cd/f26413_05/books/assignmgradm/assignment-rule-administration.html,broken_link
https://docs.oracle.com/cd/f51303_01/client_help/en_us/schedule_variance_sv.htm,broken_link
https://docs.oracle.com/cd/f52330_01/installation_guides/insbridge_rm_client_guide/content/guides_ratemanager/insbridge%20ratemanager%20client%20setup%20guide/enable%20ie%20mode%20on%20microsoft%20edge.htm,broken_link
https://docs.oracle.com/cd/f74771_01/client_help/zh_tw/schedule_variance_index_svi_ratio.htm,broken_link
https://docs.oracle.com/cloud/latest/marketingcs_gs/omcaa/help/deliverability/bounces.htm,broken_link
https://docs.oracle.com/en/cloud/saas/netsuite/ns-online-help/section_n1520771.html,broken_link
https://docs.pr.gov/files/ases/publicaciones/cartas%20normativas%20%26%20circulares/cartas%20normativas%20%26%20circulares%202023/anejo-1-carta-normativa-23-0223-layout_j_codes_ftp_abarca-2-21-23.pdf,pdf
https://docs.rapidplatform.com/docs/rapid/keyper%20manual/designer/tables/table%20configuration%20guides/how-to-add-columns-to-a-data-table,broken_link
https://documentcentre.education.tas.gov.au/documents/guidelines-for-inclusive-language.pdf,pdf
https://doe.louisiana.gov/docs/default-source/assessment/leap-2025-u-s-history-practice-test-answer-key.pdf,pdf
https://donotdepart.com/cana-of-galilee-steps-to-transformation,broken_link
https://dortania.github.io/opencore-install-guide/installer-guide/windows-install.html,broken_link
https://downdetector.com/status/discord,broken_link
https://downdetector.com/status/valorant,broken_link
https://dqhall59.com/israelphotosiv/cana.htm,broken_link
https://dragsale.com/choosing-right-outfits-drag-queen-performances,broken_link
https://drderrick.org/okb/five-importance-of-being-a-committed-family-member,broken_link
https://dreamworksdentaldallas.com/do-not-skip-tongue-cleaning-if-you-want-a-perfect-oral-hygiene,broken_link
https://dribbble.com/shots/26194550-new-offer-roblox-10000-free-robux-codes-list-2025,broken_link
https://dribbble.com/shots/26199745-new-offer-roblox-10000-free-robux-codes-list-2025-unusead-roblox,broken_link
https://dribbble.com/shots/26199785-new-offer-fortnite-13500-free-v-bucks-redeem-codes-list-2025,broken_link
https://dribbble.com/shots/26199791-redeem-fortnite-codes-list-2025-newest-july-free-v-bucks-codes,broken_link
https://dribbble.com/tags/add-column,broken_link
https://driveinpoolspa.com.au/using-bromine-tablets-for-your-spa,broken_link
https://droracle.ai/articles/8350/what-is-the-recommended-dosage-of-prednisone-corticosteroid-for-a-severe-atopic-dermatitis-eczema-flare,text_too_short
https://dsurf.net/windows-11-training/pin-arrange-taskbar-windows11,broken_link
https://dtsc.ca.gov,text_too_short
https://dtsc.ca.gov/about-dtsc,text_too_short
https://dtsc.ca.gov/about-dtsc/our-history,text_too_short
https://dtsc.ca.gov/community-information,text_too_short
https://dtsc.ca.gov/disaster-related-hazardous-waste-removal,text_too_short
https://dtsc.ca.gov/dtsc-enforcement-strategic-plan,text_too_short
https://dtsc.ca.gov/dtsc-website-archive/videos,text_too_short
https://dtsc.ca.gov/fees,text_too_short
https://dtsc.ca.gov/rao,text_too_short
https://dtsc.ca.gov/scp,text_too_short
https://dtsc.ca.gov/scp/about-us,text_too_short
https://dtsc.ca.gov/toxics-in-packaging-information-for-purchasers-fact-sheet,text_too_short
https://dtsc.ca.gov/wp-content/uploads/sites/31/2016/01/oea_fly_dtsc-large.pdf,pdf
https://dtsc.ca.gov/wp-content/uploads/sites/31/2016/01/oea_fly_dtsc.pdf,pdf
https://dtsc.ca.gov/wp-content/uploads/sites/31/2024/final-bkk-instructions-and-application-for-financial-review-06.06.24.pdf,pdf
https://dubbingai.io/discord-voice-changer,text_too_short
https://duniagames.co.id/discover/article/cheat-the-forest-pc-dan-ps4,text_too_short
https://duniagames.co.id/discover/article/cheat-the-forest-pc-dan-ps4/en/en,text_too_short
https://dunloptrade.com.au/pdf/technical%20bulletins/cleaners%20sealers%20and%20polishes/dtb241.001.1_notes_on_the_use_of_sealers_with_stonemasonry.pdf,pdf
https://dybfin.wustl.edu/teaching/finopt12/pptslides/fin500j_matrixalgebra_2011.ppt,broken_link
https://eadv.org/wp-content/uploads/2023/04/sti_iusti_11.-pubic-lice_crabs.pdf,pdf
https://earn2trade.com/blog/relative-strength-index-rsi,text_too_short
https://earthscience.stackexchange.com/questions/14899/how-can-temperature-be-calculated-given-relative-humidity-and-dew-point,broken_link
https://earthscience.stackexchange.com/questions/20577/relative-humidity-approximation-from-dew-point-and-temperature,broken_link
https://earthscience.stackexchange.com/questions/517/how-can-we-determine-the-size-and-composition-of-earths-inner-core,broken_link
https://earthscience.stackexchange.com/questions/555/how-can-we-measure-the-thickness-of-the-earths-mantle,broken_link
https://easytvfix.com/how-to-fix-echo-show-black-screen,broken_link
https://ebible.org/engbarkly/gen25.htm,broken_link
https://ebudget.ca.gov,text_too_short
https://ec.europa.eu/taxation_customs/dds2/samancta/en/generalprocedures/samplingmethods_en.htm,broken_link
https://ec2-18-143-46-174.ap-southeast-1.compute.amazonaws.com/2023/09/types-of-chesterfield-sofas,broken_link
https://ecotreasures.com/pages/the-sun-as-a-symbol-of-good,broken_link
https://edfinancial.studentaid.gov/credit-reporting,broken_link
https://edtechbooks.org/democracy/participation,text_too_short
https://edu.lva.virginia.gov/oc/stc/entries/registration-of-birth-and-color-1924,broken_link
https://education.seattlepi.com/examples-heterogeneous-mixture-pure-substance-4841.html,broken_link
https://education.seattlepi.com/meaning-metaphor-you-sun-sky-6550.html,broken_link
https://education.seattlepi.com/required-courses-become-marine-biologist-3166.html,broken_link
https://education.thehutong.com/destinations/xian,text_too_short
https://egrocer.sunsetfoods.com/online/northbrook/home,text_too_short
https://eileenslounge.com/viewtopic.php,broken_link
https://el-education-production.s3.amazonaws.com/media/documents/eled_-_the_invention_of_the_mechanical_clock.pdf,pdf
https://elderscrolls.fandom.com/wiki/vampire%27s_seduction_(oblivion),broken_link
https://elderscrolls.fandom.com/wiki/vampire%27s_seduction_(skyrim),broken_link
https://electricalandelectronic.quora.com/how-to-calculate-ac-power-when-voltage-and-current-have-different-frequencies,text_too_short
https://electronics.stackexchange.com/questions/207976/given-the-current-and-voltage-of-a-consumer-electronic-device-how-to-calculate,broken_link
https://electronics.stackexchange.com/questions/290428/how-to-use-the-electricity-from-a-generator-in-an-efficient-way,broken_link
https://electronics.stackexchange.com/questions/488176/why-do-rechargeable-batteries-deplete-so-quickly-compared-to-non-rechargeable,broken_link
https://electronics360.globalspec.com/article/18667/understanding-the-basics-of-ethernet-switches,broken_link
https://elisajames.com/how-to-fix-a-weak-or-soft-speaking-voice,broken_link
https://ell.stackexchange.com/questions/2765/as-such-or-therefore,broken_link
https://elprotech.com/wp-content/uploads/2019/06/615m_pptp-vpn_app_note_1.2.pdf,pdf
https://employees.brooklyn.edu/base/how-to-create-a-local-email-archive-pst-file-in-outlook,broken_link
https://en.bab.la/pronunciation/spanish/saja,broken_link
https://en.hesperian.org/hhg/where_women_have_no_doctor:complications_of_abortion,broken_link
https://en.manmankan.com/astrological-significance-of-december-3rd-birthday,broken_link
https://english.stackexchange.com/questions/127434/comma-after-as-such,broken_link
https://english.stackexchange.com/questions/184870/confusion-over-the-general-rules-governing-the-use-of-the-hyphen-in-english,broken_link
https://english.stackexchange.com/questions/434025/works-cited-multiple-pages-in-powerpoint,broken_link
https://english.stackexchange.com/questions/70094/cite-a-powerpoint-presentation,broken_link
https://english.stackexchange.com/questions/8088/response-when-your-boss-thanks-you,broken_link
https://ensure.utdallas.edu/files/2021/12/curriculum-vitae-template.docx,broken_link
https://epubs.siam.org/doi/10.1137/17m1140108,broken_link
https://es.pinterest.com/pin/250160954290948058,text_too_short
https://escentialcare.com/diy-citrus-laundry-softener,text_too_short
https://essaygenius.ai/essay/essay-on-the-importance-of-global-citizenship,text_too_short
https://essaygenius.ai/essay/essay-on-the-importance-of-respect-in-society,text_too_short
https://estm.fa.em2.oraclecloud.com/hcmui/candidateexperience/en/sites/cx_1/requisitions/job/27421,broken_link
https://etsjets.org/wp-content/uploads/2010/06/files_jets-pdfs_48_48-3_jets_48-3_501-519.pdf,pdf
https://example.com,text_too_short
https://excelhacks.quora.com/how-to-add-a-new-column-in-sql-without-dropping-the-table,text_too_short
https://excelhacks.quora.com/how-to-create-a-graph-on-excel,text_too_short
https://explicitinstruction.org/download/sample-chapter.pdf,pdf
https://extension.colostate.edu/docs/smallsteps/calorie-needs.pdf,pdf
https://eyewiki.org/trigeminal_trophic_syndrome_(tts),broken_link
https://factcheck.afp.com/jill-and-joe-bidens-love-story-did-not-start-when-she-was-15,broken_link
https://facty.com/ailments/body/causes-and-solutions-for-a-white-tongue,broken_link
https://facty.com/conditions/menopause/10-symptoms-of-hot-flashes,broken_link
https://faculty.kfupm.edu.sa/ee/ibrahimh/misc/computer%20shortcuts.pdf,pdf
https://familylink.google.com,text_too_short
https://faq.usps.com/s/article/usps-tracking-the-basics,broken_link
https://faq.whatsapp.com/2286952358121083,text_too_short
https://fastercapital.com/content/cost-volume-profit--cost-volume-profit-analysis-and-graph-for-profitability-analysis.html,broken_link
https://fastercapital.com/content/cost-volume-profit-graph--a-graph-for-understanding-the-break-even-point-of-your-business.html,broken_link
https://fastercapital.com/content/family-commitment--how-to-demonstrate-and-reinforce-the-commitment-and-dedication-of-family-members-to-your-family-owned-business.html,broken_link
https://fastercapital.com/content/gmib-vs--gmwb--understanding-the-differences-in-annuity-benefits.html,broken_link
https://files.consumerfinance.gov/f/documents/cfpb_bnpl_report_2025_01.pdf,pdf
https://files.eric.ed.gov/fulltext/ed150955.pdf,pdf
https://finance.yahoo.com/news/live/stock-market-today-dow-drops-950-points-sp-500-nasdaq-tumble-as-trump-bashes-feds-powell-again-200049063.html,broken_link
https://fisip.unpatti.ac.id/wp-content/uploads/2019/08/iso-9001-2015.pdf,pdf
https://fiveable.me/key-terms/intro-philosophy/fallacies,text_too_short
https://flash.pm/browser,text_too_short
https://flexbooks.ck12.org/cbook/ck-12-chemistry-flexbook-2.0/section/2.9/primary/lesson/heterogeneous-mixtures-chem,broken_link
https://floridabhcenter.org/wp-content/uploads/2021/02/bipolar-disorders_adult-guidelines-2019-2020.pdf,pdf
https://floridajobs.org/community-planning-and-development/community-services/low-income-home-energy-assistance-program,broken_link
https://floridajobs.org/reemployment-assistance-service-center/reemployment-assistance/claimants/apply-for-benefits,broken_link
https://fma.fandom.com/wiki/king_bradley,broken_link
https://fonts.google.com/specimen/ibm+plex+mono,broken_link
https://forensiceducation.cfsre.org/product,text_too_short
https://formedfromlight.com/blog/natural-light-photography,broken_link
https://fortnite.gg/island,broken_link
https://forum-en.msi.com/index.php,broken_link
https://forum.aquariumcoop.com/topic/33956-how-long-between-fish-additions,broken_link
https://forum.corsair.com/forums/topic/174414-light-changes-on-key-press,broken_link
https://forum.corsair.com/forums/topic/182040-the-rgb-on-my-keyboard-isnt-working-properly,broken_link
https://forum.gamer.com.tw/c.php,text_too_short
https://forum.kitchengarden.co.uk/viewtopic.php,broken_link
https://forum.makemkv.com/forum/viewtopic.php,broken_link
https://forum.mennonet.com/viewtopic.php,broken_link
https://forum.nationstates.net/viewtopic.php,broken_link
https://forum.ninjatrader.com/forum/ninjatrader-8/strategy-development/106030-how-to-spot-double-tops-when-they-occur-at-a-given-level,broken_link
https://forum.outbackpower.com/viewtopic.php,broken_link
https://forum.paradoxplaza.com/forum/threads/dev-corner-thermodynamics.1803015/page-6,text_too_short
https://forum.paradoxplaza.com/forum/threads/eu-v-is-even-easier-than-eu4-according-to-a-youtuber.1807938/page-4,text_too_short
https://forum.pdf-xchange.com/viewtopic.php,broken_link
https://forum.puppylinux.com/viewtopic.php,broken_link
https://forums.blurbusters.com/viewtopic.php,broken_link
https://forums.bohemia.net/forums/topic/384364-appgamerall-roblox-game-codes-list-march-2025,broken_link
https://forums.bohemia.net/forums/topic/389900-gameredeem-your-fortnite-reward-code-for-an-in-game,broken_link
https://forums.bohemia.net/forums/topic/400045-how-to-redeem-roblox-gift-card-codes,broken_link
https://forums.escapistmagazine.com/threads/100-redeem-fortnite-gift-codes-for-free-v-bucks-in-seconds.291411,broken_link
https://forums.escapistmagazine.com/threads/fortnite-v-bucks-code-redeem-guide-2025-edition.291406,broken_link
https://forums.escapistmagazine.com/threads/free-roblox-promo-codes-updated-legit-free-robux-globally-code-list-2025.291767,broken_link
https://forums.giantitp.com/showthread.php,broken_link
https://forums.lenovo.com/t5/lenovo-ideapad-1xx-3xx-5xx-7xx-edge-lavie-z-flex-laptops/browser-tabs-restore/m-p/5327918,text_too_short
https://forums.linuxmint.com/viewtopic.php,broken_link
https://forums.macresource.com/read.php,broken_link
https://forums.spondylitis.org/ubbthreads.php,text_too_short
https://forums.swtor.com/topic/363281-legacy-across-servers,broken_link
https://forums.techsoup.org/t/reduce-file-size-of-jpeg/44,text_too_short
https://forums.virtualbox.org/viewtopic.php,broken_link
https://forums.welltrainedmind.com/topic/181499-best-way-to-cook-lobster-tail,broken_link
https://forums.welltrainedmind.com/topic/206204-i-finally-got-some-pampered-chef-stoneware-now-what-do-i-do-with-them,broken_link
https://forums.welltrainedmind.com/topic/579326-old-all-purpose-flour-will-you-toss-it,broken_link
https://forums.welltrainedmind.com/topic/637503-question-about-boys-puberty-and-height,broken_link
https://forums.welltrainedmind.com/topic/663404-when-did-your-teen-boy-stop-growing,broken_link
https://forums.welltrainedmind.com/topic/693213-teen-banking-accounts,broken_link
https://forums.welltrainedmind.com/topic/702466-gas-powered-generator,broken_link
https://forums.x-plane.org/index.php,broken_link
https://fox2now.com/news/missouri/stop-unwanted-calls-phone,broken_link
https://fox56news.com/news/local/lexington/former-uk-student-released-early-from-12-month-sentence-after-assaulting-black-woman,broken_link
https://freerx.com/blog/details,broken_link
https://friendlyarts.net/israelperspective/kingdom_dominion_doctrine_orthodoxy_or_heresy.htm,broken_link
https://fsapartners.ed.gov/sites/default/files/attachments/2019-07/perkinsassignmentforminstructions.pdf,pdf
https://fullertonobserver.com/wp-content/uploads/2023/07/sunrise-village-public-notice-final.pdf,pdf
https://galaxy.ai/youtube-summarizer/comprehensive-guide-to-installing-minikube-and-understanding-kubernetes-objects-hv8zi3vdqqk,text_too_short
https://gameboost.com,broken_link
https://gamefaqs.gamespot.com/android/635225-minecraft-pocket-edition/answers/509700-how-do-i-tame-cats,broken_link
https://gamefaqs.gamespot.com/boards/264562-playstation-5/81000120,broken_link
https://gamefaqs.gamespot.com/boards/572200-warflame/64507341,broken_link
https://gamefaqs.gamespot.com/boards/606524-minecraft/61134676,broken_link
https://gamefaqs.gamespot.com/boards/606524-minecraft/61432912,broken_link
https://gamefaqs.gamespot.com/boards/678050-final-fantasy-xiv-online-a-realm-reborn/66565571,broken_link
https://gamefaqs.gamespot.com/boards/678050-final-fantasy-xiv-online-a-realm-reborn/66619895,broken_link
https://gamefaqs.gamespot.com/boards/916373-pc/73643100,broken_link
https://gamefaqs.gamespot.com/pc/615805-the-elder-scrolls-v-skyrim/answers/643494-how-do-i-gain-the-vampires-seduction,broken_link
https://gamefaqs.gamespot.com/ps4/124980-the-forest,broken_link
https://gamefaqs.gamespot.com/ps4/188312-bully/cheats,broken_link
https://gamever.io/knowledge-base/how-to-tame-a-cat-in-minecraft,text_too_short
https://gaming.stackexchange.com/questions/333220/geforce-shadowplay-screen-recording-how-do-you-zoom-in-to-show-something-small,broken_link
https://gaming.stackexchange.com/questions/377772/cant-create-riot-account,broken_link
https://gaming.stackexchange.com/questions/40393/nether-wart-farming-in-minecraft-1-0,broken_link
https://gaming.stackexchange.com/questions/79543/how-do-i-feed-on-people-as-a-vampire-or-vampire-lord,broken_link
https://gao.justia.com/social-security-administration/1988/3/social-security-hrd-88-62/hrd-88-62-full-report.pdf,pdf
https://garden.home.narkive.com/qffyumwb/what-time-of-day-do-morning-glories-bloom,broken_link
https://gardening.stackexchange.com/questions/13632/what-is-this-bug-and-how-do-i-keep-it-from-eating-my-plants-leaves,broken_link
https://gardening.stackexchange.com/questions/140/how-can-i-get-rid-of-rabbits-in-my-yard,broken_link
https://gardening.stackexchange.com/questions/1519/how-do-i-encourage-morning-glories-to-bloom,broken_link
https://gardening.stackexchange.com/questions/220/how-to-keep-chipmunks-out-of-my-garden,broken_link
https://gardening.stackexchange.com/questions/28622/why-are-my-morning-glory-flowers-closing-so-early,broken_link
https://gardening.stackexchange.com/questions/32957/where-to-break-off-asparagus-when-harvesting,broken_link
https://gardening.stackexchange.com/questions/47736/how-do-i-get-rid-of-the-sucking-bugs-eating-the-leaves-in-my-garden,broken_link
https://gardening.stackexchange.com/questions/59365/is-it-possible-to-continuously-harvest-asparagus,broken_link
https://geddon.org/tieflings,broken_link
https://gemini.google.com,text_too_short
https://genius.com/blind-witness-baby-one-more-notch-lyrics,broken_link
https://genius.com/genius-romanizations-creepy-nuts-otonoke-romanized-lyrics,broken_link
https://genius.com/genius-romanizations-tk-from-ling-tosite-sigure-unravel-romanized-lyrics,broken_link
https://genius.com/idina-menzel-and-evan-rachel-wood-show-yourself-lyrics,broken_link
https://genius.com/justin-bieber-love-yourself-lyrics,broken_link
https://genius.com/starrkeisha-the-baby-momma-dance-lyrics,broken_link
https://getlibraryhelp.highlands.edu/c.php,broken_link
https://global.americanexpress.com/card-benefits/detail/redeem-cash-back/blue-cash-everyday,text_too_short
https://global.aorus.com/blog-detail.php,text_too_short
https://global.oup.com/us/companion.websites/9780199374229/stud/pdf/ch15.pdf,pdf
https://globaldatabase.ecpat.org/pdf/paperscollection/pdf_files:g7i3/fetch.php/dew-point-calculation-formula.pdf,pdf
https://go-tou.com/en/news/how-to-start-electric-vehicle-charging-station-business,text_too_short
https://go.drugbank.com/drugs/db00818,broken_link
https://goairmart.com/articles/mastering-your-pampered-chef-pizza-stone-tips-for-the-first-use,broken_link
https://gold.tether.to,text_too_short
https://gov.texas.gov/uploads/files/press/veto_proclamation_sb_3_image_2025-06-22.pdf,pdf
https://graphicdesign.stackexchange.com/questions/1147/how-to-completely-remove-the-background-from-an-image,broken_link
https://graphicdesign.stackexchange.com/questions/126852/powerpoint-slide-zoom-hide-objects,broken_link
https://graphicdesign.stackexchange.com/questions/21648/how-can-i-reduce-the-file-size-of-a-jpeg-keeping-the-same-image-width-and-height,broken_link
https://graphicdesign.stackexchange.com/questions/82280/removing-the-background-from-product-photos,broken_link
https://graphicdesign.stackexchange.com/questions/82302/how-to-change-the-resolution-of-a-pdf,broken_link
https://gravablock.com.sv,broken_link
https://greatlove.how/report/1396535844477,broken_link
https://greenshot.atlassian.net/browse/support-451,text_too_short
https://greysanatomy.fandom.com/wiki/jo_wilson,broken_link
https://grok.lsu.edu/article.aspx,broken_link
https://groups.google.com/a/chromium.org/g/chromium-discuss/c/_zoo3qdtvko,text_too_short
https://groups.google.com/g/alt.hvac/c/wtpcnx25bjo,text_too_short
https://groups.google.com/g/rec.food.cooking/c/0afzpcjcxmi,text_too_short
https://groups.google.com/g/swatuser/c/mek4duov1aw,text_too_short
https://groups.google.com/g/tinspire/c/xe0u0tgcq4e,text_too_short
https://groups.io/g/dailyrecipes/topic/want_menudo/54950579,text_too_short
https://gshe.wfaccameroon.org,broken_link
https://guide.wisc.edu/undergraduate/engineering/industrial-systems-engineering/industrial-systems-engineering_text.pdf,pdf
https://guidebooks.google.com/pixel/explore-your-phone/how-to-get-your-messages,text_too_short
https://guides.library.unr.edu/mlacitation,broken_link
https://guides.library.unr.edu/mlacitation/instructormaterial,broken_link
https://guides.rosalindfranklin.edu/c.php,broken_link
https://gwhof.galib.uga.edu/controlled-variable-meaning,broken_link
https://haas.berkeley.edu/wp-content/uploads/understanding-il-playbook-3.pdf,pdf
https://hackmd.io/@yunghuihsu/s1m3oekpp,broken_link
https://hardforum.com/threads/easy-way-to-transfer-from-pc-to-pc.1989581,broken_link
https://hardforum.com/threads/get-free-shipping-at-amazon-with-minimum-possible-amount.1565821,broken_link
https://harrell.library.psu.edu/c.php,broken_link
https://hartfordhealthcare.org/file%20library/unassigned/safety-champ-card.pdf,pdf
https://havenlife.com/blog/martin-luther-king-jr-facts,broken_link
https://hddguru.com,broken_link
https://hddguru.com/software/hdd-llf-low-level-format-tool,broken_link
https://health.cornell.edu/sites/health/files/pdf-library/nexplanon.pdf,pdf
https://health.gov/sites/default/files/2019-09/appendix-e3-1-table-a4.pdf,pdf
https://health.maryland.gov/mdpcp/documents/how+to+find+a+medicare+id+number+in+pecos.pdf,pdf
https://health.maryland.gov/pophealth/documents/local%20health%20department%20billing%20manual/lhd%20billing%20manual%20v27/cms_%20medicare-id-lookup.pdf,pdf
https://health.ri.gov/healthy-homes,broken_link
https://health.ri.gov/sexually-transmitted-diseases-stds/pubic-lice-crabs,broken_link
https://health.usnews.com/conditions/mononucleosis,broken_link
https://health.usnews.com/health-care/conditions/articles/getting-to-the-bottom-of-diarrhea,broken_link
https://health.usnews.com/health-news/articles/2012/09/07/4-common-diarrhea-causesand-what-to-do-if-you-get-sick,broken_link
"https://healthelibrary.stillwater-medical.org/hearthealth/167,osmolality_blood",broken_link
https://healthify.nz/assets/legacy/13934/pubic-lice-and-scabies-fpa.pdf,pdf
"https://healthlibrary.somc.org/library/wellness/yourbody/3,82232",broken_link
"https://healthlibrary.wvumedicine.org/coronavirus/85,p00365",broken_link
https://healthsci.mcmaster.ca/video-heres-what-you-should-know-about-bipolar-2-disorder,broken_link
https://healthy.kaiserpermanente.org/content/dam/kporg/final/documents/community-providers/co/2023/commercial-medicare-auth-req-jcodes-en-2023.pdf,pdf
https://help.autodesk.com/view/rvt/2024/enu,broken_link
https://help.campbellsci.com/crbasic/cr6/content/instructions/estimationofdewpoint.htm,broken_link
https://help.certinia.com/main/2024.1/content/accounting/features/gla/whatisgla.htm,broken_link
https://help.coinbase.com/en/coinbase/other-topics/troubleshooting-and-tips/app-troubleshooting,text_too_short
https://help.createsend.com/s/article/cs-bounced-email-types,text_too_short
https://help.disneyplus.com/article/disneyplus-streaming-issues,text_too_short
https://help.doctorsforchoice.mt/portal/en/kb/articles/how-long-does-the-contraceptive-implant-last,text_too_short
https://help.flashnews.com.au/s/article/flash-supported-browsers,broken_link
https://help.flashnews.com.au/s/article/flash-supported-devices-browsers,broken_link
https://help.hilton.com/s/article/how-do-i-use-my-points-to-shop-on-amazon,broken_link
https://help.hulu.com/article/hulu-download-hulu,text_too_short
https://help.hulu.com/article/hulu-location-services,text_too_short
https://help.instagram.com/795416058241092,text_too_short
https://help.minecraft.net/hc/en-us/articles/360046353891-minecraft-how-do-i-tame-and-breed-animals-,broken_link
https://help.obsidian.md/advanced-syntax,text_too_short
https://help.obsidian.md/sync-notes,text_too_short
https://help.renewuae.com/en/articles/10686277-men-s-suit-jacket-size-guide,broken_link
https://help.salesforce.com/s/articleview,broken_link
https://help.sap.com/docs/sap_s4hana_on-premise/651d8af3ea974ad1a4d74449122c620e/fbf38d5377a0ec23e10000000a174cb4.html,text_too_short
https://help.sap.com/docs/successfactors-learning/learning-data-in-online-report-designer/learning-item-assignment-and-history,text_too_short
https://help.servicetitan.com/how-to/general-ledger-account-settings,text_too_short
https://help.shopify.com/en/manual/products/import-export/using-csv,broken_link
https://help.shopify.com/en/manual/promoting-marketing/create-marketing/shopify-email/email-subscriber-list-management,broken_link
https://help.tangocard.com/s/article/i-received-an-error-message-when-trying-to-redeem-my-amazon-com-claim-code,broken_link
https://help.tempurpedic.com/hc/en-us/articles/1500005077481-how-long-do-i-have-to-wait-to-use-my-topper,video
https://help.twitch.tv/s/article/low-latency-video,text_too_short
https://hermeneutics.stackexchange.com/questions/31663/where-is-cana-of-galilee-in-john-21,broken_link
https://highdeserthomecenter.com/p/calf-manna-supplement-for-multi-species-performance-model-095668940058-120248,video
https://hinduism.stackexchange.com/questions/17761/what-was-the-reason-for-swami-vivekanandas-death,broken_link
https://hinduism.stackexchange.com/questions/27360/how-exactly-did-swami-vivekananda-die,broken_link
https://history.stackexchange.com/questions/33780/when-modern-time-measurement-first-appeared-and-who-invented-it,broken_link
https://history.yale.edu/sites/default/files/files/vhansen%20how%20business%20%20%20%202005.pdf,pdf
https://hk.indeed.com/career-advice/career-development/feedback-for-manager,broken_link
https://hk.indeed.com/career-advice/career-development/how-to-combine-cells-in-excel,broken_link
https://hms.harvard.edu/news-events/publications-archive/brain/anesthesia-brain,text_too_short
https://hobokenlibrary.org/wp-content/uploads/2023/03/deaf-etiquette1.pdf,pdf
https://homework.study.com/explanation/a-billiard-ball-hits-another-billiard-ball-classify-the-following-scenario-as-either-an-example-of-an-elastic-collision-perfectly-inelastic-collision-or-not-a-collision-the-choices-may-be-used-more-than-once-or-not-at-all-a-elastic-collision-b-pe.html,broken_link
https://homework.study.com/explanation/a-cost-volume-profit-graph-is-frequently-used-in-business-meetings-because-it-presents-a-picture-of-cost-relationships-within-a-company-briefly-describe-the-type-of-information-and-data-that-you-would-need-in-order-to-prepare-a-cvp-graph-after-a-cvp-gra.html,broken_link
https://homework.study.com/explanation/a-cvp-graph-portrays-the-cost-and-revenue-characteristics-of-a-company-s-product-and-operations-explain-how-the-lines-on-the-graph-and-the-break-even-point-would-change-if-a-the-selling-price-per-unit-decreased-b-fixed-cost-increased-throughout-the.html,broken_link
https://homework.study.com/explanation/how-does-a-scientist-calculate-dew-point-temperature.html,broken_link
https://homework.study.com/explanation/how-is-the-dew-point-calculated.html,broken_link
https://homework.study.com/explanation/how-old-was-paul-when-he-was-converted-in-acts.html,broken_link
https://homework.study.com/explanation/is-a-chocolate-chip-cookie-an-example-of-a-heterogeneous-or-homogenous-mixture-explain.html,broken_link
https://homework.study.com/explanation/the-chemical-substance-in-natural-gas-is-a-compound-called-methane-its-molecules-are-composed-of-carbon-and-hydrogen-and-each-molecule-contains-four-atoms-of-hydrogen-and-one-atom-of-carbon.html,broken_link
https://homework.study.com/explanation/what-did-xian-trade-on-the-silk-road.html,broken_link
https://homework.study.com/explanation/what-does-the-name-buddha-mean.html,broken_link
https://homework.study.com/explanation/what-is-the-thickness-of-the-earth-s-inner-core.html,broken_link
https://homework.study.com/explanation/when-to-use-as-such-in-a-sentence.html,broken_link
https://homework.study.com/explanation/when-were-mechanical-clocks-first-invented.html,broken_link
https://homework.study.com/explanation/who-teaches-kingdom-now-theology.html,broken_link
https://homework.study.com/explanation/why-do-we-need-constant-c-in-integral.html,broken_link
https://horoscopes.entmt.narkive.com/hasvgbpz/what-exactly-is-a-zodiac-sign,broken_link
https://hot-tub-blog.spadepot.com/wp-content/uploads/2017/10/bromine-quick-start-guide1.pdf,pdf
https://howtoexcel.net/2023/05/how-to-calculate-rsi-in-excel.html,broken_link
https://hsm.stackexchange.com/questions/7255/when-did-mechanical-tower-clocks-start-being-used,broken_link
https://hsph.harvard.edu/wp-content/uploads/2024/10/planet-health-2e-textbook.pdf,pdf
https://hub.docker.com/_/node,text_too_short
https://hubbardtonforge.com,text_too_short
https://huiclaims.hawaii.gov,text_too_short
https://husbandsandwives.quora.com/what-is-the-importance-of-trust-respect-and-honesty-in-a-marriage,text_too_short
https://hwts.dtsc.ca.gov,text_too_short
https://ia.iowadot.gov/erl/archiveapril2013/im/content/378.pdf,pdf
https://ia800203.us.archive.org/33/items/thepsychologyofpersuasion/the%20psychology%20of%20persuasion.pdf,pdf
https://iam.ac.in,broken_link
https://ics.ukzn.ac.za/wp-content/uploads/2017/12/how-to-archive-in-outlook-2016.pdf,pdf
https://ideas.outplayed.tv/ideas/op-i-8387,text_too_short
https://ieeexplore.ieee.org/abstract/document/6638949,broken_link
https://ieeexplore.ieee.org/iel5/5692853/5695423/05695490.pdf,pdf
https://ifixwireless.com/what-to-do-after-dropping-your-phone-in-water,broken_link
https://ilas2025.tw/files/ilas2025-program.pdf,pdf
https://illinoisstate.edu/downloads/min022120.pdf,pdf
https://imagecomics.fandom.com/wiki/pilot_season,broken_link
https://imagixdental.com/blog/what-could-be-causing-a-white-tongue,text_too_short
https://imgur.com/gallery/guy-making-kimchi-khlsdrr,text_too_short
https://imgur.com/gallery/life-of-service-thrown-into-chaos-by-cowardice-bktlyba,text_too_short
https://imgur.com/gallery/poor-babies-edabhii,text_too_short
https://imgur.com/gallery/psilocybe-ovoideocystidiata-growing-alongside-morel-wv-gjeba,text_too_short
https://imgur.com/gallery/psilocybe-ovoideocystidiata-growing-from-walnut-shell-wv-ggs8o,text_too_short
https://immitch.com/wp-content/uploads/2019/07/aace-site-how-the-use-of-ipad-and-smartphones-creates-social-isolation.pdf,pdf
https://immunisationhandbook.health.gov.au/contents/vaccine-preventable-diseases/zoster-herpes-zoster,broken_link
https://in.indeed.com/career-advice/career-development/communication-skills-in-leadership,broken_link
https://in.pinterest.com/pin/333759022399290475,video
https://in.pinterest.com/pin/extracranial-arteries--105553184996908148,video
https://infinity-kingdom.fandom.com/wiki/knowledge_contest,broken_link
https://info.lse.ac.uk/staff/divisions/dts/assets/documents/guides/email/how-to-add-a-shared-mailbox-in-outlook-365.pdf,pdf
https://insideoutmastery.com/how-to-be-proactive,broken_link
https://inspireculture.org/cultural-awareness/multicultural-society/forensic-genealogy-the-science-behind-tracing-your-ancestral-footsteps,broken_link
https://instance-347dfe.xen.prgmr.com/sajai,broken_link
https://instasize.com/learn/how-to-reduce-jpg-file-size,broken_link
https://instasize.com/learn/how-to-reduce-the-size-of-jpg,broken_link
https://insurance.ky.gov/ppc/documents/annuitybuyersguide111611.pdf,pdf
https://integratedsteelframingsystems.com.au/different-types-of-steel-used-in-building-frames,broken_link
https://intradayscreener.com/momentum-stocks,text_too_short
https://intranet.leeward.hawaii.edu/wp-content/uploads/2023/05/resettingauserpasswordonamac.pdf,pdf
https://investors.nike.com/investors/news-events-and-reports/investor-news/investor-news-details/2025/nike-inc--reports-fiscal-2025-fourth-quarter-and-full-year-results/default.aspx,broken_link
https://iontelevision.com/find-us,text_too_short
https://ipps-a.army.mil/resources/news/article/3436088/ipps-a-update-pcs-updates-assignment-errors-and-solutions-hr-pro-lite-help-desk,broken_link
https://ipse.upi.edu,broken_link
https://ir.lawnet.fordham.edu/cgi/viewcontent.cgi,broken_link
https://ircc.canada.ca/english/helpcentre/answer.asp,broken_link
https://iridl.ldeo.columbia.edu/dochelp/qa/basic/dewpoint.html,broken_link
https://irp-cdn.multiscreensite.com/9eb89619/files/uploaded/56362950.pdf,pdf
https://irtfweb.ifa.hawaii.edu/~tcs3/tcs3/misc/dewpoint_calculation_humidity_sensor_e.pdf,pdf
https://islam.stackexchange.com/questions/27741/why-allah-s-t-did-not-told-ya-muhammad-pbuh-in-the-holy-quran,broken_link
https://isocpp.github.io/cppcoreguidelines/cppcoreguidelines,broken_link
https://isogg.org/wiki/investigative_genetic_genealogy_faqs,broken_link
https://itsupport.ou.edu/tdclient/30/unified/kb/articledet,broken_link
https://itsupport.withamhall.com/portal/en/kb/articles/how-to-add-a-shared-mailbox-in-outlook-on-the-web-and-send-from-shared-mailboxes,text_too_short
https://iupac.org/wp-content/uploads/2021/06/organic-brief-guide-brochure_v1.1_june2021.pdf,pdf
https://izervayecp.com/docs/us-ap-2300010_izervay_billing_and_coding_guide_digital.pdf,pdf
https://jailbreak.fandom.com/f/p/4400000000000007208/r/4400000000000055390,broken_link
https://jailbreaknetwork.com/2024/01/29/top-5-fastest-cars-in-roblox-jailbreak,text_too_short
https://jamaicastamp.ca/cheat-the-forest-ps4,broken_link
https://jamanetwork.com/journals/jamainternalmedicine/fullarticle/647239,broken_link
https://jamanetwork.com/journals/jamanetworkopen/fullarticle/2835598,broken_link
https://jamanetwork.com/journals/jamaotolaryngology/fullarticle/2778437,broken_link
https://jamanetwork.com/journals/jamapsychiatry/fullarticle/481643,broken_link
https://jamanetwork.com/journals/jamapsychiatry/fullarticle/493944,broken_link
https://jbvalues.com/item/v3,text_too_short
https://jbvalues.com/item/v37,text_too_short
https://jfw.groups.io/g/main/topic/move_taskbar_icons_using_jaws/105300249,text_too_short
https://jobs.johnsoncontrols.com/job/wd30244431,broken_link
https://jobs.universalparks.com/job/22122897/arborist-universal-epic-universe-orlando-fl,broken_link
https://jobs.utah.gov/usor/vr/employer/deafcommunication.pdf,pdf
https://john-cd.com/cheatsheets/containers/minikube_install_on_windows,broken_link
https://jointlybetter.com/magazine/article/what-is-the-best-cbd-for-erectile-dysfunction,text_too_short
https://journals.co.za/doi/full/10.4102/ve.v44i1.2773,broken_link
https://journals.physiology.org/doi/10.1152/japplphysiol.01117.2020,broken_link
https://journals.physiology.org/doi/full/10.1152/advan.00074.2022,broken_link
https://journals.sagepub.com/doi/10.1111/j.2041-9066.2010.00024.x,broken_link
https://journals.sagepub.com/doi/10.1177/03009858211058837,broken_link
https://journals.sagepub.com/doi/10.1177/10784535241296824,broken_link
https://journals.sagepub.com/doi/10.1177/10944281231219274,broken_link
https://journals.sagepub.com/doi/10.1177/154431671704100302,broken_link
https://joyscore.com/respect-is-important-to-have-healthy-relationship,broken_link
https://judaism.stackexchange.com/questions/27841/how-old-was-avraham-when-he-sired-children-with-keturah-and-was-that-unusual,broken_link
https://judaism.stackexchange.com/questions/3212/how-old-were-avraham-and-sarah-when-they-got-married,broken_link
https://judaism.stackexchange.com/questions/91801/are-uncertified-lotus-biscoff-cookies-kosher,broken_link
https://judy.co/blogs/content/store-emergency-food,broken_link
https://juliabausenhardt.com/how-to-draw-anything-learn-sketching-for-beginners,broken_link
https://junagadhmunicipal.org,broken_link
https://k-brothers.com,broken_link
https://karger.com/ced/article/16/1/76/57064/low-triglyceride-not-low-cholesterol-concentration,broken_link
https://kb.blackbaud.com/articles/article/48402,text_too_short
https://kb.blackbaud.com/articles/article/48715,text_too_short
https://kb.foxit.com/s/articles/360040659891-how-to-improve-the-quality-of-exported-images,broken_link
https://kb.parkland.edu/page.php,text_too_short
https://kb.siue.edu/page.php,text_too_short
https://kb.uconn.edu/space/ikb/10730111008/accessing+a+shared+mailbox+in+outlook+on+windows,text_too_short
https://kb.uconn.edu/space/ikb/10833297421,text_too_short
https://kb.uwm.edu/uwmhd/page.php,text_too_short
https://kb.wisc.edu/helpdesk/page.php,text_too_short
https://kfor.com/news/nexstar-media-wire/what-is-delta-8-what-to-know-about-the-alternative-thc-products-and-their-use-by-teens,broken_link
https://kfor.com/news/when-should-you-take-down-hummingbird-feeders,broken_link
https://kglcommunications.com/inclusive-language,broken_link
https://kids.kiddle.co/bill_cowher,broken_link
https://king-legacy.fandom.com/wiki/king_legacy_wiki,broken_link
https://kingboost.net,broken_link
https://kinseyinstitute.org/news-events/news/2020-03-02-menstrual-cycle.php,broken_link
https://knowledge.smtp.com/s/article/bounces,broken_link
https://kockpit.in/blogs-community/article.php,broken_link
https://kofetime.com/wp-content/uploads/2019/08/banking-101-ub-final.pdf,pdf
https://ktla.com/news/politics/ap-politics/ap-former-top-aide-to-jill-biden-is-subpoenaed-by-house-oversight-panel,broken_link
https://laactingstudios.com/industry-blog/5-things-every-actor-should-know-about-pilot-season,text_too_short
https://labour.hp.gov.in/matkas2025/how-to-use-edpi-for-valorant-98014t50,broken_link
https://lakelandcc.edu/html/js/editor/ckeditor/editor/filemanager/browser/liferay/browser.html,text_too_short
https://latinxhistory.com/history/felix-longoria,broken_link
https://law.stackexchange.com/questions/84735/signing-witnessing-and-filing-requirements-of-a-last-will-testament-in-ny,broken_link
https://lawecommons.luc.edu/cgi/viewcontent.cgi,broken_link
https://lazoo.org/wp-content/uploads/2024/08/10-ways-kids-can-be-gorilla-heroes.pdf,pdf
https://ldh.la.gov/page/abortion-risks,broken_link
https://learn.bybit.com/indicators/what-is-rsi-and-how-do-you-apply-it-to-crypto-trading,broken_link
https://learn.org/articles/career_coach_frequently_asked_career_and_salary_questions.html,broken_link
https://learn.org/articles/how_can_i_become_a_contract_lawyer.html,broken_link
https://learn.org/articles/how_do_i_receive_college_brochures.html,broken_link
https://learn.org/articles/what_is_anatomy_and_physiology.html,broken_link
https://learn.org/articles/what_training_is_necessary_for_a_career_as_a_marine_biologist.html,broken_link
https://learnexams.com/blog/2025/01/15/a-cost-volume-profit-cvp-graph-is-a-useful-technique-for-showing-relationships-between-costs,broken_link
https://learning.servicenow.com/nowcreate,text_too_short
https://learningcentre.vcc.ca/media/vcc-library/content-assets/learning-centre/worksheets/by-coursex2fprogram/mathx2fscience/chem0871-namingorganiccompoundspractice.pdf,pdf
https://lehman.edu/administration/business-office/campus-office-services/documents/categorycodes.pdf,pdf
https://letstalkscience.ca/educational-resources/backgrounders/identifying-variables,broken_link
https://libapps.tamucc.edu/projects/blog/index.php/2020/08/28/the-longoria-affair,broken_link
https://libguides.aurora.edu/c.php,broken_link
https://libguides.ecu.edu/c.php,broken_link
https://libguides.iun.edu/c.php,broken_link
https://libguides.kpu.ca/c.php,broken_link
https://libguides.limestone.edu/c.php,broken_link
https://libguides.nova.edu/c.php,broken_link
https://libguides.pima.edu/c.php,broken_link
https://libguides.rowan.edu/c.php,broken_link
https://libguides.salemstate.edu/c.php,broken_link
https://library.fes.de/pdf-files/bueros/kroatien/50250/06.pdf,pdf
https://library.fiveable.me/anatomy-physiology,text_too_short
https://library.fiveable.me/anatomy-physiology/unit-1,text_too_short
https://library.fiveable.me/ap-calc/faqs/calculator-functions/blog/9xqwktchoyuuhe0ozg4j,broken_link
https://library.fiveable.me/ap-comp-sci-a/faqs/abstract-class/blog/zelmo4n1rgggedw4ymiz,broken_link
https://library.fiveable.me/ap-world/unit-2/silk-roads/study-guide/0wbm5okvnewlxkjdvm1c,text_too_short
https://library.fiveable.me/english-9/unit-13/organizing-presenting-information-effectively/study-guide/eb5ifqhsllxh2ckr,text_too_short
https://library.fiveable.me/fundamentals-american-government/unit-16,text_too_short
https://library.fiveable.me/intro-to-poli-sci/unit-5/3-individuals-participate-voting/study-guide/zjsevhpswycbv94d,text_too_short
https://library.fiveable.me/key-terms/ap-gov/libertarians,text_too_short
https://library.fiveable.me/key-terms/ap-gov/personal-freedoms,text_too_short
https://library.fiveable.me/key-terms/ap-macro/market-equilibrium,text_too_short
https://library.fiveable.me/key-terms/ap-micro/market-equilibrium,text_too_short
https://library.fiveable.me/key-terms/ap-world/domestic-policies,text_too_short
https://library.fiveable.me/key-terms/hs-honors-biology/control-variable,text_too_short
https://library.fiveable.me/key-terms/television-studies/pilot-season,text_too_short
https://library.fiveable.me/pharmacology/unit-11/4-drugs-treatment-multiple-sclerosis/study-guide/2xlynk77uskknx8y,text_too_short
https://library.hccs.edu/c.php,broken_link
https://library.northeaststate.edu/c.php,broken_link
https://library.samhsa.gov/sites/default/files/sma14-4435.pdf,pdf
https://library.sph.edu/c.php,broken_link
https://library.tamucc.edu/exhibits/files/original/7eacecaf8b29222ddebfba7ce793289d36cc5b76.pdf,pdf
https://library.unt.edu/gpo/acir/reports/brief/b-3.pdf,pdf
https://lifeofabeliever.com/10-reasons-why-you-should-always-pray,broken_link
https://lifespa.com/health-topics/liver-gallbladder/8-foods-gallbladder-sludge,broken_link
https://lightracers.in/blog/calculating-schedule-variance-and-effort-variance,broken_link
https://link.iise.org/whatisesdo,broken_link
https://link.springer.com/content/pdf/10.1007/3-540-28925-9_5.pdf,pdf
https://link.springer.com/content/pdf/10.1007/978-94-011-6241-8_21.pdf,pdf
https://linux.die.net/man/8/pptp,broken_link
https://lissnerlawfirm.com/how-to-create-a-will-in-new-yorkcity,broken_link
https://listnr.ai/blog/discord-text-to-speech,broken_link
https://lluh.org/sites/lluh.org/files/docs/digestive-disease-center/colonoscopy-suprep-instructions.pdf,pdf
https://lms.environment.gov.mv/challenge/why-is-martin-luther-king-important-to-the-civil-rights-movement-l0b1xmz6.htm,broken_link
https://loc.getarchive.net/media/groups-of-titanic-survivors-aboard-rescue-ship-carpathia-unidentified-group,broken_link
https://loc.getarchive.net/media/titanic-survivors-on-way-to-rescue-ship-carpathia-1,broken_link
https://locations.ecoatm.com,text_too_short
https://logmeonce.com/resources/mac-password-reset-terminal,text_too_short
https://logseq.com,text_too_short
https://looka.com/blog/logo-color-combinations,broken_link
https://lordsuniversal.edu.in/wp-content/uploads/2021/05/fyjc-chemistry.pdf,pdf
https://love2d.org/forums/viewtopic.php,broken_link
https://lpbp.org/programs/longoriaaffairfilm.html,broken_link
https://ludwig.guru/s/and+as+such,broken_link
https://ludwig.guru/s/as+such,broken_link
https://lunaclinicturkey.com/blog/recovery-time-gastric-sleeve,broken_link
https://luvvoice.com,text_too_short
https://m.facebook.com/arnietex/posts/authentic-restaurant-style-menudo-recipe-mexican-hangover-curehow-about-a-good-o/699011101594767,text_too_short
https://m.facebook.com/deaconbluemusic/photos/dear-friendswe-announce-with-great-sadness-that-our-brother-james-prime-passed-a/1310335210449167,text_too_short
https://m.facebook.com/eatenlightened/photos/match-up-your-favorite-color-and-your-birth-month-to-find-your-ice-cream-flavor-/2923887817690173,text_too_short
https://m.facebook.com/groups/695558682349859/posts/what-is-the-chemical-formula-for-natural-gas/900667541838971,text_too_short
https://m.facebook.com/groups/811897660866284/posts/did-you-know-that-abraham-had-a-second-wife-genesis-251-2-kjv1-then-again-abraha/930683892320993,text_too_short
https://m.facebook.com/mgrlibraries/videos/asl-greetings/373950047846554,text_too_short
https://m.facebook.com/story.php,broken_link
https://m.youtube.com/shorts/obhezoxsetg,video
https://m.youtube.com/watch?pp=0gcjcdgao7vqn5td&v=fdxjffaqdmu,video
https://m.youtube.com/watch?pp=0gcjcdgao7vqn5td&v=k6jwfj8mame,video
https://m.youtube.com/watch?pp=0gcjcdgao7vqn5td&v=k_c_n8t2qlm,video
https://m.youtube.com/watch?pp=0gcjcf0ao7vqn5td&v=dycypvaceem,video
https://m.youtube.com/watch?pp=0gcjcf0ao7vqn5td&v=md2_jkf-jcs,video
https://m.youtube.com/watch?pp=0gcjcfcahr29_xxo&v=ibb2vh1s0ho,video
https://m.youtube.com/watch?pp=0gcjcfwao7vqn5td&v=r6qxeo_wwyy,video
https://m.youtube.com/watch?pp=yguii3n0b3bkawe%3d&v=w1lgp16ioso,video
https://m.youtube.com/watch?pp=yguji2xhywn0aw5n&v=ipx00gtmh28,video
https://m.youtube.com/watch?pp=yguji3nwyw10b25l&v=5e-pz0f9jh8,video
https://m.youtube.com/watch?pp=yguji3pvb21sywlu&v=jvtxnddmnj4,video
https://m.youtube.com/watch?pp=yguji3zpy3rvbmvy&v=j-x8zykvpqe,video
https://m.youtube.com/watch?pp=yguki2hyzwnoyxjnzq%3d%3d&v=1brv7uvhesk,video
https://m.youtube.com/watch?pp=yguki3jlc2l6zwpwzw%3d%3d&v=vgrr8xf8a58,video
https://m.youtube.com/watch?pp=yguki3noyxjlaglkzq%3d%3d&t=30&v=adxdl73umlg,video
https://m.youtube.com/watch?pp=yguki3noyxjlaglkzq%3d%3d&v=adxdl73umlg,video
https://m.youtube.com/watch?pp=yguki3rhymxlcgxvda%3d%3d&v=0jdx22qm8ja,video
https://m.youtube.com/watch?pp=yguli2rhcmtzcg90czc%3d&v=zrmzea5erys,video
https://m.youtube.com/watch?pp=yguli3n1ynvsyxrpb24%3d&v=fibstfwxhvw,video
https://m.youtube.com/watch?pp=yguli3nkyxrhcnvszxm%3d&v=0ln7fozkozu,video
https://m.youtube.com/watch?pp=yguli3nvcmv0b25ndwu%3d&v=4qrqui2eagg,video
https://m.youtube.com/watch?pp=ygumi2luzmfjb2xkcm9w&v=hvbtmktivwg,video
https://m.youtube.com/watch?pp=ygumi3b1z3n0zxjibhvl&v=w4c6h0cbfso,video
https://m.youtube.com/watch?pp=ygumi3ryewdsaxnyawrl&v=9b665xregja,video
https://m.youtube.com/watch?pp=yguni21hewnhdg1hdhnhdq%3d%3d&v=jvk7hxednum,video
https://m.youtube.com/watch?pp=yguni2vhdgluz2xlc3nvbg%3d%3d&v=ygpda550ulq,video
https://m.youtube.com/watch?pp=yguoi2hvd3rvdxnly2f1bgs%3d&v=vs5kppqoits,video
https://m.youtube.com/watch?pp=yguoi3jva2tvdxnhbmzhcm0%3d&v=aakt3qididk,video
https://m.youtube.com/watch?pp=ygupi3r5cgvzb2zhcmlhymxl&v=9b5crebxjba,video
https://m.youtube.com/watch?pp=yguqi21pzhnwcmluz2jsb29tcw%3d%3d&v=lhjnrps3-oe,video
https://m.youtube.com/watch?pp=yguqi25vcm1hbhbvdgfzc2l1bq%3d%3d&v=bzasib7e5hw,video
https://m.youtube.com/watch?pp=yguqi25vdmfwbgf0x3rhymxlda%3d%3d&t=311&v=xjbvml54eti,video
https://m.youtube.com/watch?pp=yguqi2xvd2vydmfsdwf0aw9ucw%3d%3d&v=koombw8qoiy,video
https://m.youtube.com/watch?pp=yguqi3rvbmd1zxdoaxrlbmluzw%3d%3d&v=wwsewj2ojmw,video
https://m.youtube.com/watch?pp=yguri29yz2fuawnkywlyew1pbgs%3d&v=kwdu1rlkxgk,video
https://m.youtube.com/watch?pp=yguri2zpc2hpbnrvyxf1yxjpdw0%3d&v=9cuqylaak3e,video
https://m.youtube.com/watch?pp=ygusi2fuy2fsywdvbnrozwjsywnr&v=4uzapfmehxe,video
https://m.youtube.com/watch?pp=yguvi2vwc29uchjpbnrlcnnldhrpbmdz&v=sttaugehcee,video
https://m.youtube.com/watch?pp=yguyi2xvz2ljywxmywxsywnpzxn0b2f2b2lk&v=dbedsw1ttnk,video
https://m.youtube.com/watch?pp=yguzi2j1c2luzxnzbw90b2jsb2dlcmrlzxbhaw%3d%3d&v=yxk4w56pbum,video
https://m.youtube.com/watch?t=0s&v=8h1dtbvcqei,video
https://m.youtube.com/watch?t=0s&v=8tknt5qsyqo,video
https://m.youtube.com/watch?t=0s&v=cir_fjwnkvk,video
https://m.youtube.com/watch?t=0s&v=d7z8x66dfog,video
https://m.youtube.com/watch?t=0s&v=en7m1gu-ss4,video
https://m.youtube.com/watch?t=0s&v=fu8zgee1szw,video
https://m.youtube.com/watch?t=0s&v=lerw4be5snu,video
https://m.youtube.com/watch?t=0s&v=mccqu3-y4xk,video
https://m.youtube.com/watch?t=0s&v=opkubxyjxh8,video
https://m.youtube.com/watch?t=0s&v=rmjlq_es1p8,video
https://m.youtube.com/watch?t=0s&v=srgt9wpgtsc,video
https://m.youtube.com/watch?t=0s&v=wefd2n-gwuo,video
https://m.youtube.com/watch?t=0s&v=xkc62ifnh2s,video
https://m.youtube.com/watch?t=0s&v=y9lj6s4wurs,video
https://m.youtube.com/watch?t=104&v=qfboo87fphu,video
https://m.youtube.com/watch?t=1141s&v=ofi8tueng6m,video
https://m.youtube.com/watch?t=127&v=f99jnqsfxlq,video
https://m.youtube.com/watch?t=12s&v=y1_r8qzv2as,video
https://m.youtube.com/watch?t=159s&v=nbmf4kz0lhi,video
https://m.youtube.com/watch?t=161&v=khjzzsshfog,video
https://m.youtube.com/watch?t=179s&v=h1vzlbn6dyi,video
https://m.youtube.com/watch?t=1s&v=ubs3lerdnbi,video
https://m.youtube.com/watch?t=200s&v=qp4x8pafrvu,video
https://m.youtube.com/watch?t=242s&v=dlwpsnpdzqo,video
https://m.youtube.com/watch?t=2s&v=adgajwshlr0,video
https://m.youtube.com/watch?t=312s&v=s5ilz1aigle,video
https://m.youtube.com/watch?t=39s&v=lvrjflw3itu,video
https://m.youtube.com/watch?t=3m40s&v=5fimm508mga,video
https://m.youtube.com/watch?t=441s&v=f3_mppk76w8,video
https://m.youtube.com/watch?t=46&v=xkc62ifnh2s,video
https://m.youtube.com/watch?t=4s&v=dpul5ypsr_8,video
https://m.youtube.com/watch?t=4s&v=nwbnib9amjy,video
https://m.youtube.com/watch?t=571s&v=ze6avsri3xw,video
https://m.youtube.com/watch?t=60s&v=aekjyrd66gu,video
https://m.youtube.com/watch?t=623&v=8arrkiypclg,video
https://m.youtube.com/watch?t=695s&v=rhb1kpsyksw,video
https://m.youtube.com/watch?t=6m38s&v=6l3sw3rbpji,video
https://m.youtube.com/watch?t=8&v=7ggkxxcic2k,video
https://m.youtube.com/watch?t=801&v=fz1rdpv2kwg,video
https://m.youtube.com/watch?t=88s&v=6hseu3wisl8,video
https://m.youtube.com/watch?t=9m30s&v=m5rydjvtvkg,video
https://m.youtube.com/watch?v=1hjuine-bkg,video
https://m.youtube.com/watch?v=1t5z45eyvwo,video
https://m.youtube.com/watch?v=2d1orea4gxa,video
https://m.youtube.com/watch?v=2fz6unys5ho,video
https://m.youtube.com/watch?v=2tpwj4agcnc,video
https://m.youtube.com/watch?v=37vwhztsp_w,video
https://m.youtube.com/watch?v=4zplrf37vfg,video
https://m.youtube.com/watch?v=74vx4pxwt5w,video
https://m.youtube.com/watch?v=7njaeddift4,video
https://m.youtube.com/watch?v=9qu_403fjuq,video
https://m.youtube.com/watch?v=c7e-d2tmre0,video
https://m.youtube.com/watch?v=cepuo8rj_9q,video
https://m.youtube.com/watch?v=cjqwfb34hem,video
https://m.youtube.com/watch?v=dasixus1egk,video
https://m.youtube.com/watch?v=dhn6u9sjbge,video
https://m.youtube.com/watch?v=eowpl-y7frs,video
https://m.youtube.com/watch?v=gmrjab5qr0q,video
https://m.youtube.com/watch?v=gvsvhh0t6ju,video
https://m.youtube.com/watch?v=gx15fxtwfyw,video
https://m.youtube.com/watch?v=h2eqqcdslck,video
https://m.youtube.com/watch?v=iecpakntkby,video
https://m.youtube.com/watch?v=iikbpx65dpy,video
https://m.youtube.com/watch?v=jjxbixbalfk,video
https://m.youtube.com/watch?v=jyakwttokrq,video
https://m.youtube.com/watch?v=kh_bfyt1m78,video
https://m.youtube.com/watch?v=lbkhrcwxzjo,video
https://m.youtube.com/watch?v=ldvaerext4w,video
https://m.youtube.com/watch?v=lsikxgylc84,video
https://m.youtube.com/watch?v=ocu7qcvy92w,video
https://m.youtube.com/watch?v=qz0zexlb_hs,video
https://m.youtube.com/watch?v=shitgfz_ekw,video
https://m.youtube.com/watch?v=u9nasbjp8dg,video
https://m.youtube.com/watch?v=uku6qtc534a,video
https://m.youtube.com/watch?v=usc-97fgcvi,video
https://m.youtube.com/watch?v=uta0zjvihea,video
https://m.youtube.com/watch?v=w9dlsmwz1my,video
https://m.youtube.com/watch?v=yaqqlrqe_zs,video
https://m.youtube.com/watch?v=yjdzogoewtg,video
https://m.youtube.com/watch?v=yw0uhpkz4es,video
https://m.youtube.com/watch?v=z7u71hksxp4,video
https://m.youtube.com/watch?v=zbmf1lej1hs,video
https://m.youtube.com/watch?v=zczlb9qyvqe,video
https://m.youtube.com/watch?v=zg8tsvrrwkq,video
https://macprovideo.com/article/apple/how-to-reset-your-apple-mac-password,text_too_short
https://macysgenealogy.com/genealogy-services/forensic-genealogy,broken_link
https://madeforthismoment.asahq.org/anesthesia-101/effects-of-anesthesia,broken_link
https://madeforthismoment.asahq.org/anesthesia-101/types-of-anesthesia/general-anesthesia,broken_link
https://magicschoolbus.fandom.com/wiki/the_esophagus,broken_link
https://maker.pro/forums/threads/soft-iron-in-the-house.42150,broken_link
https://mamaearth.in/blog/best-lipstick-color-for-fair-skin,broken_link
https://mamaearth.in/blog/lipstick-guide-for-skin-tones,broken_link
https://mamaearth.in/blog/pimples-on-face,broken_link
https://mamaearth.in/product/rosemary-hair-growth-oil-200ml,broken_link
https://management.web.uniroma1.it/sites/default/files/ch06_i.pdf,pdf
https://mangadex.org/title/b65a171c-f7de-462f-b899-54c2cd57736b/tookago-ni-menhera-ni-naru-gyaru,text_too_short
https://manu40.magtech.com.cn/jwxb/en/10.13346/j.mycosystema.220080,broken_link
https://manuals.plus/qa/5487491/how-do-i-change-the-led-lights-on-the-cyberpowerpc-slcy602400a-gaming-headset-for-esports,broken_link
https://marketbusinessnews.com/financial-glossary/market-equilibrium,broken_link
https://marketplace.fedramp.gov,text_too_short
https://markinsideur.com/beginners-guide-to-natural-light-photography,broken_link
https://math.stackexchange.com/questions/138633/what-are-the-whole-numbers,broken_link
https://math.stackexchange.com/questions/1724103/why-do-we-not-include-c-in-the-computation-of-the-definite-integral,broken_link
https://math.stackexchange.com/questions/1798815/calculator-shortcuts-for-derivative,broken_link
https://math.stackexchange.com/questions/1950206/understanding-low-rank-approximation-from-the-svd,broken_link
https://math.stackexchange.com/questions/2202724/what-is-this-constant-c-in-integration-why-is-it-different-when-i-integrate-u,broken_link
https://math.stackexchange.com/questions/3958772/using-a-graphing-calculator-to-find-values-in-interval-that-satisfy-mean-value-t,broken_link
https://math.stackexchange.com/questions/4402901/what-is-the-exact-definition-of-a-whole-number,broken_link
https://math.stackexchange.com/questions/4508465/low-rank-approximation-of-matrix,broken_link
https://mathematics-and-physics.quora.com/pure-iron-is-not-used-anywhere-https-www-quora-com-people-commonly-refer-to-steel-as-iron-what-everyday-objects-are,text_too_short
https://mathstat.slu.edu/~may/excelcalculus/sec-2-1-marketequilibriumproblems.html,broken_link
https://matrix.itasoftware.com,text_too_short
https://mccmeetingspublic.blob.core.usgovcloudapi.net/mangumok-meet-aa29a7fd4abb41709f4acbbbf4ca1734/item-attachment-001-6c8cd78e60fc4b29a95eb621699629d7.pdf,pdf
https://mconverter.eu/convert/pdf/tiny.pdf,pdf
https://md.rcm.upr.edu/physiology/wp-content/uploads/sites/20/2016/09/cbios7160-2.pdf,pdf
https://mdes.ms.gov/media/372137/b_careercoachjobdescriptionfinal.pdf,pdf
https://med.uc.edu/docs/default-source/medical-student-education/medical-student-research-imgs/uccom-curriculum-vitae-citation-guide-(aug-2023).pdf,pdf
https://meded.ucsf.edu/sites/meded.ucsf.edu/files/2020-07/faculty%20guide%20for%20pre-recording%20a%20lecture%20using%20zoom.pdf,pdf
https://media.defense.gov/2022/jan/04/2002917147/-1/-1/0/jtr.pdf,pdf
https://media.dramaticpublishing.com/uploads/products/excerpt_file/d4e8e98a26f72775782ccd218252fa9a50c0675e.pdf,pdf
https://media.nmfn.com/tnetwork/lifespan/index.html,text_too_short
https://medialibrary.my.site.com/support/s/article/how-to-enable-flash-in-all-browsers,text_too_short
https://medicaid.ohio.gov,broken_link
https://medicine.umich.edu/dept/psychiatry/news/archive/202304/it-adhd-or-bipolar-could-it-be-both-what-going,broken_link
https://medicine.yale.edu/news-article/vaccination-has-a-lower-risk-of-autoantibody-development-than-natural-immunity,broken_link
https://medslpcollective.com/wp-content/uploads/2022/12/optimize-your-clinical-swallow-evaluation-3.pdf,pdf
https://meetup.orlandoinformer.com,text_too_short
https://mena-speakers.com/blogs/how-to-use-presenter-view-on-zoom-without-showing-notes-mastering-engaging-presentations,text_too_short
https://mentalhealth.banyantreatmentcenter.com/blog/what-are-the-different-types-of-thought-disorders,broken_link
https://mentalhealth.banyantreatmentcenter.com/blog/what-are-thought-disorders,broken_link
https://meridian.allenpress.com/aplm/article/125/10/1274/452862/low-triglyceride-levels-affect-calculation-of-low,broken_link
https://merznow.newmedialab.cuny.edu,text_too_short
https://methods.sagepub.com/ency/edvol/the-sage-encyclopedia-of-communication-research-methods/chpt/variables-control,text_too_short
https://midstateweightloss.com/health-wellness/health-resources/health-library/detail,broken_link
"https://military-history.fandom.com/wiki/felix_z._longoria,_jr.",broken_link
https://milliams.com/courses/ides_debugging/debugging.html,broken_link
https://minecraft.wiki/w/java_edition_1.21.5,broken_link
https://minecraft.wiki/w/tutorial:nether_wart_farming,broken_link
https://minecraftbedrock-archive.fandom.com/wiki/nether_wart,broken_link
https://minehut.com/sl/server/d9z5/legacy,text_too_short
https://minehut.com/sl/server/nr-e/legacy-network,text_too_short
https://minikube.sigs.k8s.io,text_too_short
https://misinformation.wiki/covid/vaccine-harm/tts,text_too_short
https://mkv-player.en.download.it,broken_link
https://mkv-player.netlify.app,text_too_short
https://mn.gov/deaf-hard-of-hearing/assistive-technology/apps/index.jsp,text_too_short
https://modelmonitor.ai/prompt/what-are-some-of-the-best-shows-to-watch-on-slingtv-right-now,text_too_short
https://mof.gov.bd/site/page/0f0724a1-73e5-47f5-b65f-a0c3f84381f7/monthly-fiscal-report,broken_link
https://money.stackexchange.com/questions/114799/how-soon-can-i-close-amazon-rewards-credit-card-after-opening,broken_link
https://money.stackexchange.com/questions/149702/how-is-company-valuation-calculated,broken_link
https://money.stackexchange.com/questions/154190/what-is-the-difference-between-capitalization-rate-and-return-on-assets,broken_link
https://money.stackexchange.com/questions/18679/how-do-i-fix-my-credit-score-when-i-have-bad-things-in-my-credit-history,broken_link
https://money.stackexchange.com/questions/18719/can-i-get-an-amazon-rewards-visa-just-for-the-gift-card-and-then-close-the-accou,broken_link
https://money.stackexchange.com/questions/48087/how-do-i-permanently-opt-out-of-having-a-credit-history,broken_link
https://money.usnews.com/credit-cards/articles/guide-to-amazon-shop-with-points-program,broken_link
https://money.usnews.com/credit-cards/articles/how-to-remove-a-closed-account-from-your-credit-report,broken_link
https://money.usnews.com/investing/articles/recession-2025-what-to-watch-how-to-prepare,broken_link
https://money.usnews.com/investing/articles/stocks-that-outperform-in-a-recession,broken_link
https://money.usnews.com/loans/mortgages/articles/should-i-use-a-wire-transfer-or-cashiers-check-for-closing,broken_link
https://money.usnews.com/money/retirement/social-security/articles/can-you-collect-an-ex-spouses-social-security-benefits,broken_link
https://movieworld.com.au/park-info/maintenance-schedule,broken_link
https://mrft.samsodisha.gov.in/sicbo2025/valorant-error-code-van-10806t49,broken_link
https://msblood.com/wp-content/uploads/2023/11/tips-to-improve-hemoglin.pdf,pdf
https://mtchu.math.ncsu.edu/research/lectures/iep/chapter8.pdf,pdf
https://mtdojdci.adobeconnect.com/petmk12ml3rn,text_too_short
https://multiplesclerosisforum.quora.com/what-disease-modifying-drugs-are-used-to-treat-multiple-sclerosis,text_too_short
https://munimpact.org/wp-content/uploads/2019/11/why-is-global-citizenship-important-in-the-twenty-first-century-reimers.pdf,pdf
https://museum.dea.gov/sites/default/files/webform/collection_donation_form/_sid_/8om4k.pdf,pdf
https://museum.dea.gov/sites/default/files/webform/collection_donation_form/_sid_/echo-valley-streams-us15.pdf,pdf
https://mushroomobserver.org/observations/35162,broken_link
https://mushroomobserver.org/observations/538320,broken_link
https://my.astrofame.com/astrology/article/planets-retrograde-effects,text_too_short
https://my.cigna.com,text_too_short
https://my.dish.com/dish-anywhere,text_too_short
https://my.liquidweb.com,broken_link
https://my.natera.com,text_too_short
https://my.natera.com/sign_up,text_too_short
https://my.sawgrassink.com,text_too_short
https://mybroadband.co.za/forum/threads/why-does-your-voice-sound-so-different-in-recordings.650474,broken_link
https://mycf.cf.edu/ics/icsfs/how_to_survive_a_meeting.doc,video
https://mydev.artofliving.org/guides/beginner-drawing/dec-3rd-zodiac.html,broken_link
https://mydnage.com,text_too_short
https://mydoctor.kaiserpermanente.org/mas/images/011061-326%20rev%203-13%20cl_tcm88-1594333.pdf,pdf
https://mydoctor.kaiserpermanente.org/mas/images/kp-post-covid-cough_tcm88-1897792.pdf,pdf
https://mydoctor.kaiserpermanente.org/mas/news/10-ways-to-cope-with-congestion-2302663,text_too_short
https://mydoctor.kaiserpermanente.org/ncal/images/howtotakebloodpressuremeasurementsathome_tcm75-2411282.pdf,pdf
https://myedit.online/en/audio-editor/voice-changer,text_too_short
https://mygkcprd.upmc.com/gkprodcontent/infonet_bedside_dysphagia/scormcontent/index.html,text_too_short
https://myhealth.alberta.ca/health/pages/conditions.aspx,video
https://myseco.militaryonesource.mil/portal/article/seco-career-coaching-services,text_too_short
https://myseco.militaryonesource.mil/portal/article/what-is-career-coaching,text_too_short
https://nagonline.net/wp-content/uploads/2014/05/lion-care-manual-2012-nag-edit1.pdf,pdf
https://namyco.org/wp-content/uploads/2024/06/psilocybe-caeruleorhiza.pdf,pdf
https://nation.africa/kenya/life-and-style/saturday-magazine/i-m-contemplating-suicide-because-my-baby-mama-has-made-my-life-a-living-hell-3943854,broken_link
https://nationalcatgroomers.com/what-is-humane,broken_link
https://nationalcollege.com/news/squid-game-what-parents-need-to-know,text_too_short
https://ncert.nic.in/textbook/pdf/fees105.pdf,pdf
https://ncert.nic.in/textbook/pdf/gemh101.pdf,pdf
https://ncert.nic.in/textbook/pdf/iesc102.pdf,pdf
https://ncert.nic.in/textbook/pdf/iess302.pdf,pdf
https://ncert.nic.in/textbook/pdf/jesc101.pdf,pdf
https://ncert.nic.in/textbook/pdf/jesc103.pdf,pdf
https://ncert.nic.in/textbook/pdf/kech101.pdf,pdf
https://ncert.nic.in/textbook/pdf/kech202.pdf,pdf
https://ncert.nic.in/textbook/pdf/kech203.pdf,pdf
https://ncert.nic.in/textbook/pdf/lech203.pdf,pdf
https://ncert.nic.in/textbook/pdf/lemh201.pdf,pdf
https://ndupress.ndu.edu/media/news/news-article-view/article/3262785/havana-syndrome-directed-attack-or-cricket-noise,broken_link
https://nelnet.studentaid.gov/content/creditreporting,text_too_short
https://nems.nih.gov/documents/newsletter/2022/10_october_2022/laptop_plug_vs_battery.pdf,pdf
https://neo4j-tom.test.sia.arizona.edu/what-is-a-controlled-variable-research-made-easy,broken_link
https://nerd.wwnorton.com/ebooks/epub/histartglobal/epub/content/2.4.6-chapter15.xhtml,broken_link
https://netherhall.org/wp-content/uploads/2022/02/natonline-what-parents-and-carers-need-to-know-about-squid-game.pdf,pdf
https://neurodiversity.fandom.com/wiki/thought_disorders,broken_link
https://news.hitb.org/content/how-does-tesla-build-supercharger-charging-site,text_too_short
https://news.ycombinator.com/item,text_too_short
https://newsnetwork.mayoclinic.org/discussion/mayo-clinic-minute-when-the-liver-can-no-longer-function,broken_link
https://newsnetwork.mayoclinic.org/discussion/mayo-clinic-q-and-a-nasal-mucus-color-what-does-it-mean,broken_link
https://newsnetwork.mayoclinic.org/discussion/mayo-clinic-q-and-a-new-shingles-vaccine-recommended-for-most-adults-over-age-50,broken_link
https://newsnetwork.mayoclinic.org/discussion/mayo-clinic-q-and-a-understanding-burning-mouth-syndrome,broken_link
https://newsnetwork.mayoclinic.org/discussion/womens-wellness-why-cant-i-poop,broken_link
https://newtekelectricals.com/what-is-phase-angle-and-power-factor-in-ac-circuits-part-ii,broken_link
https://nhm.assam.gov.in/sites/default/files/swf_utility_folder/departments/nhm_lipl_in_oid_6/portlet/level_2/advisory_for_vaccine_recipients.pdf,pdf
https://nicespeechlady.com/wp-content/uploads/2019/11/nicespeechlady.com-bedside-swallow-evaluation-handwriting-access.pdf,pdf
https://nma.org/wp-content/uploads/2016/09/historic_gold_prices_1833_pres.pdf,pdf
https://nmcdn.io/e186d21f8c7946a19faed23c3da2f0da/556712d9bf0f4cb2a916cc810687d52b/files/risk-management-resources/risk-management-handouts/contract_attorney.pdf,pdf
https://nmi.edu/article/cbd-gummies-para-la-erecci-n-b2327159-walmart-the-ultimate-solution-for-erectile-dysfunction-and-a-healthier,broken_link
https://nmi.edu/article/unleash-your-potential-do-cbd-b2327159-gummies-help-with-ed-the-surprising-truth-revealed,broken_link
https://noping.com/blog/en/overcoming-diablo-4-fps-drops-performance-optimization-and-solutions,broken_link
https://nordvpn.com,broken_link
https://nordvpn.com/blog/protocols,broken_link
https://nordvpn.com/blog/spam-risk-calls,broken_link
https://nordvpn.com/blog/what-is-pptp-protocol,broken_link
https://notebook.community/ashiklom/studygroup/_site/lessons/jupyter/2_installation,broken_link
https://nou.edu.ng/coursewarecontent/gst%20203.pdf,pdf
https://npperioimplants.com/blog/white-coating-on-the-tongue,text_too_short
https://nppes.cms.hhs.gov,text_too_short
https://ns2.comptonwestsussex-pc.gov.uk,broken_link
https://nt.gov.au/wellbeing/health-conditions-treatments/bacterial/leprosy,broken_link
https://nuestrostories.com/2023/04/the-longoria-affair-a-soldiers-burial-mexican-american-rights,broken_link
https://nusmods.com/courses/ie1111r/industrial-systems-engrg-principles-practice-i,text_too_short
https://nusupport.nebraska.edu/tdclient/33/portal/requests/servicedet,broken_link
https://nvidia-geforce-shadowplay.fileplanet.com,broken_link
https://nvlpubs.nist.gov/nistpubs/jres/74c/jresv74cn3-4p117_a1b.pdf,pdf
https://nwfc.pmd.gov.pk/uono-valorant-wont-update-2024-v-3-9-77252t49.html,broken_link
https://nyassembly.gov/member_files/083/20131028/index.pdf,pdf
https://nystateofhealth.ny.gov,broken_link
https://nyuad.nyu.edu/content/dam/nyuad/academics/divisions/social-science/working-papers/2019/0033.pdf,pdf
https://nzbulbs.co.nz/media/ecom/factsheets/gladioliplantingandgrowing.pdf,pdf
https://oblivion-marketplace.com,text_too_short
https://ofm.wa.gov/policy/75.40.pdf,pdf
https://old.yarrah.com/pdf/uploaded-files:2400/dewpointcalculationformula.pdf,pdf
https://olitor.uw.edu/face,broken_link
https://olitor.uw.edu/how-do-anesthesia-work,broken_link
https://olitor.uw.edu/how-to-enter-a-code-on-roblox,broken_link
https://olitor.uw.edu/medication-for-multiple-sclerosis,broken_link
https://olitor.uw.edu/morning-glories-flower,broken_link
https://olitor.uw.edu/osmolality-blood-test,broken_link
https://olitor.uw.edu/what-is-a-heterogeneous-mixture,broken_link
https://olitor.uw.edu/what-is-angiogram,broken_link
https://olitor.uw.edu/when-do-morning-glories-bloom,broken_link
https://omronhealthcare.com/blood-pressure-monitors,broken_link
https://one.ou.edu,text_too_short
https://online.regiscollege.edu/blog/does-social-media-create-isolation,broken_link
https://online.regiscollege.edu/blog/technology-and-social-isolation,broken_link
https://onlinelibrary.wiley.com/doi/10.1002/hast.5011,broken_link
https://onlinelibrary.wiley.com/doi/10.1002/jcc.70161,broken_link
https://onlinelibrary.wiley.com/doi/10.1002/jemt.70000,broken_link
https://onlinelibrary.wiley.com/doi/10.1111/1556-4029.15127,broken_link
https://onlinelibrary.wiley.com/doi/10.1111/jmwh.13225,broken_link
https://onlinelibrary.wiley.com/doi/10.1155/2024/5723254,broken_link
https://onlinelibrary.wiley.com/doi/full/10.1111/jgh.15226,broken_link
https://onlinelibrary.wiley.com/journal/15213773,broken_link
https://ontosight.ai/glossary/term/bipolar-type-ii-disorder-overview--67a1c9566c3593987a5b4999,text_too_short
https://ontosight.ai/glossary/term/facial-expression-basics-explained--679eafbb38099fda3c000dd8,text_too_short
https://openaccess.city.ac.uk/15757/1/the%20valuation%20of%20gmwb%2021_05_2014%20final%20version.pdf,pdf
https://openlab.bmcc.cuny.edu/gains-scholars/wp-content/uploads/sites/2045/2022/04/gbqjbea2.pdf,pdf
https://openlab.bmcc.cuny.edu/gains-scholars/wp-content/uploads/sites/2045/2022/04/psn_mks_ilz5730.pdf,pdf
https://openlab.bmcc.cuny.edu/gains-scholars/wp-content/uploads/sites/2045/2023/03/robux-3-lpstu.pdf,pdf
https://openlab.bmcc.cuny.edu/gains-scholars/wp-content/uploads/sites/2045/2023/03/robux-9-vir-xiw.pdf,pdf
https://opensiuc.lib.siu.edu/cgi/viewcontent.cgi,broken_link
https://organicwestmilk.com,broken_link
https://osu.teamdynamix.com/tdclient/1929/asc/kb/articledet,broken_link
https://otc-cta.gc.ca/sites/default/files/applying_for_wet_lease_approval-a_guide.pdf,pdf
https://our.unc.edu/wp-content/uploads/sites/1148/gravity_forms/82-7a1e4eb4503c5d81d3ea6318e2d31ced/2025/06/fgrtrte.pdf,pdf
https://our.unc.edu/wp-content/uploads/sites/1148/gravity_forms/82-7a1e4eb4503c5d81d3ea6318e2d31ced/2025/06/suiytuyt.pdf,pdf
https://ourladyofhopegrafton.org/the-conversion-of-saint-paul-the-apostle,broken_link
https://outagamie.extension.wisc.edu/files/2010/05/crabgrass.pdf,pdf
https://overgear.com/wow,broken_link
https://owcpmed.dol.gov/portal/sites/default/files/inline-files/dfec-jcode.pdf,pdf
https://owlcation.com/humanities/carpathia,broken_link
https://oxfamilibrary.openrepository.com/bitstream/handle/10546/620105/edu-global-citizenship-schools-guide-091115-en.pdf,pdf
https://oxfordre.com/asianhistory/display/10.1093/acrefore/9780190277727.001.0001/acrefore-9780190277727-e-576,broken_link
https://oxfordre.com/business/display/10.1093/acrefore/9780190224851.001.0001/acrefore-9780190224851-e-221,broken_link
https://pa.moh.gov.zm/viewport,text_too_short
https://pabook.libraries.psu.edu/literary-cultural-heritage-map-pa/bios/cowher__bill,broken_link
https://pace.coe.int/files/6710/html,broken_link
https://pages.charlotte.edu/wp-content/uploads/sites/875/2016/01/m16-chap-05-publisher-lecture-notes-2016.docx,broken_link
https://pages.parka.is,text_too_short
https://pages.stern.nyu.edu/adamodar/new_home_page/articles/caprate.htm,broken_link
https://pages.uoregon.edu/rgp/pppm613/class10theory.htm,broken_link
https://palmettogba.com,broken_link
https://palmettogba.com/jmb/did/az4jhc2651~claims~medicare%20beneficiary%20identifier%20(mbi),broken_link
https://pandas.pydata.org/docs/reference/api/pandas.dataframe.to_csv.html,broken_link
https://pandas.pydata.org/docs/reference/api/pandas.dataframe.to_excel.html,broken_link
https://parade.com/1249984/felicialim/shawarma-recipes,broken_link
https://parade.com/1293898/marynliles/gen-z-slang-words,broken_link
https://parade.com/976404/stephanieosmanski/self-love-quotes,broken_link
https://parade.com/astrology/aura-color-birth-months,broken_link
https://parade.com/astrology/colorstrology-birthday-colors,broken_link
https://parade.com/astrology/daily-horoscope-today-december-3-2024,broken_link
https://parade.com/astrology/describe-aura-zodiac-signs,broken_link
https://parade.com/astrology/mars-retrograde-ends-most-blessed-zodiac-signs-february-2025,broken_link
https://parade.com/food/best-canned-tomatoes,broken_link
https://parade.com/health/covid-immunity-after-infection,broken_link
https://parade.com/health/what-a-hot-flash-feels-like-according-to-ob-gyns,broken_link
https://parade.com/health/why-your-hands-and-feet-are-always-cold,broken_link
https://parade.com/living/how-to-respond-to-thank-you,broken_link
https://parade.com/living/zodiac-signs,broken_link
https://paradepets.com/cats/why-is-my-cat-being-so-clingy,broken_link
https://paradepets.com/dogs/the-quirky-habit-that-means-your-dog-really-loves-you,broken_link
https://paradepets.com/pet-news/precious-bulldog-politely-begging-to-get-on-bed-is-too-cute,broken_link
https://parenting.stackexchange.com/questions/30467/should-i-be-concerned-about-my-1-year-old-and-her-mother-moving-in-with-a-man-i,broken_link
https://parenting.stackexchange.com/questions/31770/im-losing-it-with-a-talkative-toddler-a-colicky-baby-chores-work-and-lack,broken_link
https://partner.medica.com/-/media/documents/provider/coverage-policies/new-to-market-medical-pharmacy-products-currently-under-review-cp.pdf,pdf
https://patemath.weebly.com/uploads/5/2/5/8/52589185/james-stewart-calculus-early-transcendentals-7th-edition-2012-1-20ng7to-1ck11on.pdf,pdf
https://patents.google.com/patent/cn102373338a/en,broken_link
https://patents.google.com/patent/cn102828042a/en,broken_link
https://patents.google.com/patent/us1760820a/en,broken_link
https://patents.google.com/patent/us687400a/en,broken_link
https://patientsafety.pa.gov/pst/pages/aspiration/screen.aspx,video
https://patoneyes.ca/cheat-the-forest-ps4,broken_link
https://payment.natera.com/(page:faq),text_too_short
https://pcpuzzle.com/forum/viewtopic.php,broken_link
https://pecos.cms.hhs.gov,broken_link
https://peltiertech.com/excel/chartshowto/consolidatedata.html,broken_link
https://people.csail.mit.edu/jaffer/jacal/matrix-parts.html,broken_link
https://peppapig.fandom.com/wiki/list_of_characters,broken_link
https://pepunlimited.com/education/global-citizenship-education,broken_link
https://pethelpful.com,broken_link
https://pethelpful.com/dogs/understanding-puppy-teeth-stages,broken_link
https://pethelpful.com/fish-aquariums/aquarium-maintenance-water-change,broken_link
https://pethelpful.com/fish-aquariums/how-to-start-a-fresh-water-aquarium,broken_link
https://pets.stackexchange.com/questions/107/how-can-i-get-rid-of-fleas-without-dangerous-chemicals,broken_link
https://pets.stackexchange.com/questions/1949/how-long-should-i-wait-after-moving-aquarium-before-adding-new-fish,broken_link
https://pets.stackexchange.com/questions/25600/which-sex-of-rabbit-defines-the-size-of-the-kits-and-which-one-defines-the-quant,broken_link
https://pets.stackexchange.com/questions/6122/how-to-tell-sex-of-a-rabbit-and-tell-whether-it-is-spayed-neutered,broken_link
https://pgcc.libguides.com/c.php,broken_link
https://pgmacros.invisionzone.com/topic/10587-challenge-in-an-excel-spreadsheet-move-an-entire-row-up-or-down,broken_link
https://phase2.io/blog/the-importance-of-inclusive-language,broken_link
https://philosophy.stackexchange.com/questions/102275/is-this-is-logical-fallacy,broken_link
https://philosophy.stackexchange.com/questions/82128/what-makes-a-fallacy-a-fallacy,broken_link
https://phonefaves.com/blogs/apple/how-to-screenshot-from-a-logitech-keyboard,broken_link
https://photo.stackexchange.com/questions/65715/how-do-i-reduce-the-file-size-of-a-jpeg-image,broken_link
https://physics.stackexchange.com/questions/193585/why-is-the-surface-of-the-moon-white,broken_link
https://physics.stackexchange.com/questions/435541/how-to-tell-if-the-moon-is-waxing-or-waning,broken_link
https://physoc.onlinelibrary.wiley.com/doi/full/10.1113/ep090563,broken_link
https://picsart.com/background-remover,text_too_short
https://pine.libguides.com/c.php,broken_link
https://pita.ess.washington.edu/wp-content/uploads/sites/4/2016/04/lab5.16.pdf,pdf
https://pittsburghsteelers.fandom.com/wiki/bill_cowher,broken_link
https://plannit.ai/glossary/employee,broken_link
https://plantiary.com/mushroom/psilocybe-ovoideocystidiata_79.html,broken_link
https://platform.openai.com/docs/bots,text_too_short
https://play.google.com/store/apps/details,broken_link
https://plus.espn.com,broken_link
https://pm.stackexchange.com/questions/29604/how-to-calculate-schedule-variance-in-scrum-with-story-points,broken_link
https://pmt.physicsandmathstutor.com/download/economics/a-level/notes/edexcel-ial/unit-1/4-price-determination/a)%20determination%20of%20market%20equilibrium.pdf,pdf
https://policies.wsu.edu/prf/documents/2020/06/using-digital-signatures.pdf,pdf
https://politicsandwar.fandom.com/wiki/domestic_policy,broken_link
https://portal.abuad.edu.ng/lecturer/documents/1595718414socialism_as_a_political_ideology.pptx,broken_link
https://portal.ct.gov/-/media/caes/documents/publications/fact_sheets/valley_laboratory/crabgrasscontrolfactsheetpdf.pdf,pdf
https://portal.opengear.com/s/article/pptpconfigureapptpvpnconnection661d2b0ac9466,broken_link
https://portlandpress.com/clinsci/article/137/22/1721/233761/hallmarks-of-ageing-in-human-skeletal-muscle-and,broken_link
https://post.nv.gov/uploadedfiles/postnvgov/content/training/management%20student%20manual%20part%203.pdf,pdf
https://powerequipment.honda.com/generators,broken_link
https://ppqs.gov.in/sites/default/files/report_on_glyphosate.pdf,pdf
https://preciousmetals.td.com/shop/en/tdmetals/golds,text_too_short
https://prochoicesafetygear.com/ppe/blog/workplace-health-and-safety/what-is-sds-safety-data-sheet,broken_link
https://prod-taxexempt.att.com/tax_exmp-web/downloadhelpdocument.action,broken_link
https://prodiadigital.com/en/articles/11-low-hb-causes-in-your-body,text_too_short
https://prodiadigital.com/en/articles/increase-hemoglobin-supplements-recommendations-lifestyle-tips,text_too_short
https://prodiadigital.com/en/articles/remove-acne-scars-effectively,text_too_short
https://profiles.biznakenya.com/fetch.php/scholarship/466727/appliedcerebralangiographynormalanatomyandvascularpathology.pdf,pdf
https://project-management-knowledge.com/definitions/s/scheduled-variance,broken_link
https://project-management.info/what-is-schedule-variance-sv,broken_link
https://propertymetrics.com/blog/how-to-calculate-cap-rate,broken_link
https://propwire.com/blog/capitalization-rate,broken_link
https://psychiatryonline.org/doi/10.1176/appi.ajp-rj.2024.200106,broken_link
https://psychiatryonline.org/doi/10.1176/appi.focus.20230015,broken_link
https://psycnet.apa.org/record/1993-32252-001,broken_link
https://psycnet.apa.org/record/2008-06751-025,broken_link
https://ptsmc.com/treatments-trigger-point-dry-needling,broken_link
https://pubchem.ncbi.nlm.nih.gov,text_too_short
https://pubchem.ncbi.nlm.nih.gov/compound/methane,text_too_short
https://publications.aap.org/patiented/article/doi/10.1542/ppe_schmitt_240/82490/thrush,broken_link
https://publications.parliament.uk/pa/ld201719/ldselect/ldcitizen/118/11809.htm,broken_link
https://publichousingapplication.ocd.state.ma.us,broken_link
https://pubs.acs.org/doi/10.1021/acs.nanolett.4c01844,broken_link
https://pubs.acs.org/doi/10.1021/jacs.5c08536,broken_link
https://pubs.acs.org/doi/10.1021/jm970681h,broken_link
https://pubs.acs.org/doi/full/10.1021/acsnano.5c04193,broken_link
https://pubs.aip.org/aapt/pte/article/53/9/518/344193/how-giraffes-drink,broken_link
https://pubs.geoscienceworld.org/seg/geophysics/article/doi/10.1190/geo2023-0770.1/659214/large-gap-seismic-data-interpolation-with,broken_link
https://pubs.rsna.org/doi/abs/10.1148/rg.220054,broken_link
https://punaweb.org/forum/showthread.php,broken_link
https://purplemartinforum.org/viewtopic.php,broken_link
https://qed.qld.gov.au/workingwithus/induction/workingforthedepartment/humanresources/documents/inclusive-communication-guide.pdf,pdf
https://quickboosts.gg,broken_link
https://quillbot.com/blog/commas/comma-before-such-as,broken_link
https://quillbot.com/blog/frequently-asked-questions,broken_link
https://quizini.com/quiz/6685a4cc44b1254135357722_whats-your-birth-color,text_too_short
https://quizlet.com/136989128/the-longoria-affair-flash-cards,broken_link
https://quizlet.com/147484395/anatomy-physiology-chapter-1-2-study-guide-flash-cards,broken_link
https://quizlet.com/189077345/domestic-policies-flash-cards,broken_link
https://quizlet.com/21235745/ss-ch16-leaning-about-world-religions-buddhism-flash-cards,broken_link
https://quizlet.com/230788020/chapter-3-market-equilibrium-flash-cards,broken_link
https://quizlet.com/257218570/chapter-1-introduction-to-anatomy-and-physiology-flash-cards,broken_link
https://quizlet.com/352141968/amending-the-constitution-flash-cards,broken_link
https://quizlet.com/359149196/ch-5-study-guide-flash-cards,broken_link
https://quizlet.com/501517045/conservation-of-momentum-flash-cards,broken_link
https://quizlet.com/511761597/negioting-quiz-flash-cards,broken_link
https://quizlet.com/565530639/bedside-swallow-evaluation-flash-cards,broken_link
https://quizlet.com/566585397/plato-english-12-semester-1-end-of-semester-test-flash-cards,broken_link
https://quizlet.com/606565319/extracranial-cerebrovascular-anatomy-flash-cards,broken_link
https://quizlet.com/607527297/ippsa-check-on-learning-s-flash-cards,broken_link
https://quizlet.com/611073125/acquire-distribute-release-3-ipps-a-review-flash-cards,broken_link
https://quizlet.com/62760660/unit-3-essential-assessment-civic-participation-and-skills-flash-cards,broken_link
https://quizlet.com/658290643/twelfth-night-acts-i-ii-and-iii-mastery-test-edmentum-flash-cards,broken_link
https://quizlet.com/715684026/interpersonal-communication-flash-cards,broken_link
https://quizlet.com/73422288/ch-28-flash-cards,broken_link
https://quizlet.com/897559325/abs-378-animal-nutrition-module-2-flash-cards,broken_link
https://quizlet.com/963266819/unit-2-extracranial-cerebrovascular-anatomy-flash-cards,broken_link
https://quizlet.com/ca/97764646/buddhism-flash-cards,broken_link
https://quizlet.com/explanations/questions/what-is-j-code-in-medical-coding-657973c5-9d60f23a-4102-40c0-8fb0-c5ddd6fdbad7,broken_link
https://quizlet.com/explanations/questions/what-is-the-thickness-of-the-earths-inner-core-5e46f576-b46a689c-b9e1-4ea1-a2f0-5228b4a69f74,broken_link
https://quizlet.com/explanations/questions/which-of-the-following-statements-about-knowledge-workers-is-not-true-a-knowledge-workers-include-computer-scientists-b-knowledge-workers-re-a30c81f6-1ca353bb-ee8b-49cf-98a9-6f55bc34f196,broken_link
https://quizlet.com/study-guides/cost-volume-profit-analysis-in-nonprofit-organizations-65f8f650-b267-4d34-9f83-30dce5d38cc0,text_too_short
https://quran411.com/surah-duha,broken_link
https://rap-al.org/wp-content/uploads/2017/10/glyphosate-restrictions-and-bans-around-the-world-jan-17.pdf,pdf
https://rarediseases.org/rare-diseases/hypokalemia,broken_link
https://rarediseases.org/rare-diseases/leprosy,broken_link
https://rashiratanjaipur.net/blog/natural-ruby-vs-glass-filled-ruby,broken_link
https://rcpunjabi.com/blog/f/the-importance-of-dr-martin-luther-king-in-us-history,text_too_short
https://real-statistics.com/free-download/real-statistics-resource-pack,text_too_short
https://records.huntingtonbeachca.gov/weblink/docview.aspx,text_too_short
https://redcross-ks.org,text_too_short
https://reefstable.com/guides/how-to-cycle-a-fish-tank,broken_link
https://reemo.io,broken_link
https://relax4health.com.au/article/dry-needling-treatment-what-to-expect,broken_link
https://religion.culture.narkive.com/38xpkd9j/the-reason-behind-the-death-of-swami-vivekananda,broken_link
https://remodeling.home.narkive.com/m9r4o92y/tile-set-on-cement-floor-in-bathroom-how-long-before-i-can-walk-in-there,broken_link
https://repository.poltekkes-kaltim.ac.id/1144/1/essentials%20of%20anatomy%20and%20physiology%20(%20pdfdrive%20).pdf,pdf
https://repository.poltekkes-kaltim.ac.id/1147/1/guyton%20and%20hall%20textbook%20of%20medical%20physiology%20(%20pdfdrive%20).pdf,pdf
https://repository.up.ac.za/bitstream/handle/2263/51303/mitchell_digestive_2015.pdf,pdf
"https://res.cloudinary.com/iwh/image/upload/q_auto,g_center/assets/1/26/4-way-inst.pdf",pdf
https://research.com/careers/how-to-become-a-marine-biologist-salary-and-career-paths,broken_link
https://research.com/careers/how-to-become-an-aquatic-biologist-salary-and-career-paths,broken_link
https://research.com/research/how-to-write-research-methodology,broken_link
https://research.google.com/pubs/archive/45235.pdf,pdf
https://research.library.gsu.edu/c.php,broken_link
https://research.moreheadstate.edu/c.php,broken_link
https://research.wou.edu/c.php,broken_link
https://researchbriefings.files.parliament.uk/documents/cbp-7584/cbp-7584.pdf,pdf
https://resources.auditor.utah.gov/s/article/fiscal-years-brief-explanation,broken_link
https://resources.auditor.utah.gov/s/article/general-ledger,broken_link
https://resources.finalsite.net/images/v1713177586/somersschoolsorg/mju1kfmi9kxn5kgjmgd3/citingsourcesinapresentation.pdf,pdf
https://resources.finalsite.net/images/v1719265776/westfargok12ndus/qzbbvb9wcpj08emibygz/champs.pdf,pdf
https://retail.onlinesbi.sbi/sbi/downloads/new_account_opening_form.pdf,pdf
https://retrocomputing.stackexchange.com/questions/26139/disk-compression-risks-in-ms-dos,broken_link
https://rewardcenter.att.com/faq.aspx,broken_link
https://rfs-env.berkeley.edu/sites/default/files/zeneca_fs_cag-2.pdf,pdf
https://rightasrain.uwmedicine.org/body/exercise/muscle-cramps,broken_link
https://rightasrain.uwmedicine.org/well/health/hot-flashes,broken_link
https://riverside.fm/tools-old/use-phone-as-webcam,broken_link
https://robrobinette.com/converttoeinchestodegrees.htm,broken_link
https://roer.utm.my/course/view.php,broken_link
https://romeartlover.tripod.com/xian1.html,broken_link
https://rpg.stackexchange.com/questions/114470/can-tieflings-derive-from-stock-other-than-human,broken_link
https://rpg.stackexchange.com/questions/159451/can-a-tiefling-be-born-from-two-human-parents,broken_link
https://rumble.com/embed/v1ghnga,text_too_short
https://rupaulsdragrace.fandom.com/wiki/rupaul%27s_drag_race_(season_14),broken_link
https://rurallawcenter.org/wp-content/uploads/writing-your-will.pdf,pdf
https://rustdesk.com/docs/en/client,broken_link
https://rustdesk.com/docs/en/self-host/client-configuration/advanced-settings,broken_link
https://sabbath-school.adventech.io/en/2022-02/08/06-thursday-a-wife-for-abraham,text_too_short
https://santacruzlocal.org/2025/06/26/watsonville-police-need-more-time-to-be-proactive-report-finds,broken_link
https://satisfactory.fandom.com/wiki/fuel_generator,broken_link
https://scdps.sc.gov/sites/scdps/files/documents/covid-19/viral%20pathogen%20plan%20--%208-20-20.pdf,pdf
https://scholar.lib.vt.edu/va-news/roa-times/issues/1990/rt9007/900723/07200688.htm,broken_link
https://scholarship.law.wm.edu/cgi/viewcontent.cgi,broken_link
https://scholarworks.utrgv.edu/cgi/viewcontent.cgi,broken_link
https://scholarworks.waldenu.edu/cgi/viewcontent.cgi,broken_link
https://school.zamzam.edu.af/homepages/virtual-library/u030117/humananatomyandphysiologylaboratorymainversionwithphysioex.pdf,pdf
https://science.narkive.com/wpixy83u/why-does-my-voice-sound-different-in-videos-or-recordings,broken_link
https://scienceprojectideasforkids.com/waxing-moon-vs-waning-moon,broken_link
https://scifi.stackexchange.com/questions/18772/when-did-anakin-stop-being-a-padawan,broken_link
https://scifi.stackexchange.com/questions/206688/how-big-is-ancalagon-exactly,broken_link
https://scifi.stackexchange.com/questions/92319/what-does-tolkien-say-about-ancalagons-physical-appearance-especially-his-size,broken_link
https://scifi.stackexchange.com/questions/94097/how-old-was-obi-wan-when-he-was-apprenticed,broken_link
https://scriptblox.com/script/universal-script-epik-hub-200-games-universal-42844,broken_link
https://sdbs.db.aist.go.jp,video
https://sdgs.un.org/sites/default/files/2020-09/sdg%20resource%20document_targets%20overview.pdf,pdf
https://sdperio.com/can-receding-gums-grow-back,broken_link
https://search.proquest.com/openview/59a041785e75a4cfceae4b36f2edfc10/1,text_too_short
https://search.r-project.org/cran/refmans/weathermetrics/html/humidity.to.dewpoint.html,broken_link
https://sebokwiki.org/wiki/systems_engineering_and_industrial_engineering,broken_link
https://security.stackexchange.com/questions/110673/how-to-find-windows-version-from-the-file-on-a-remote-system,broken_link
https://seeds.ca/d,text_too_short
https://seekingalpha.com/article/4518407-rsi-indicator-meaning-and-calculation,broken_link
https://seekingalpha.com/article/4796643-oxford-lane-capital-baby-bonds-misunderstood-and-very-undervalued,broken_link
https://seekingalpha.com/article/4797494-spire-stock-leverage-up-already-start-to-pay-now,broken_link
https://sek.us.com/wp-content/uploads/2016/03/tb9-top-5-mistakes-to-avoid-when-installing-polymeric-sand.pdf,pdf
https://sellercentral.amazon.com/help/hub/reference/external/gglvn6y9pz6w4nsd,text_too_short
https://semperfi.quora.com/what-is-the-proper-response-to-thank-you-for-your-service,text_too_short
https://semspub.epa.gov/work/09/100023130.pdf,pdf
https://server.nitrado.net/en-gb/guides/ark-how-to-tame-dinosaurs,text_too_short
https://serverfault.com/questions/102501/share-pptp-connection-to-local-network-computers,broken_link
https://serverfault.com/questions/1122899/will-disk-compression-impact-the-performance-of-a-mysql-database,broken_link
https://serverfault.com/questions/1147219/set-up-minikube-installation-with-gke,broken_link
https://serverfault.com/questions/416764/pptp-vpn-server-two-connections-from-the-same-ip-address-but-different-devices,broken_link
https://serverfault.com/questions/598278/how-to-disable-rdp-access-for-administrator,broken_link
https://serverfault.com/questions/61750/on-a-modern-system-will-using-disk-compression-give-me-better-overall-performan,broken_link
https://serverfault.com/questions/62255/terminology-bounce-versus-restart,broken_link
https://serverfault.com/questions/848982/how-to-use-minikube-on-windows-10-home-edition,broken_link
https://serverfault.com/questions/95406/restrict-windows-remote-desktop,broken_link
https://service.macomb.edu/tdclient/1953/portal/kb/articledet,broken_link
https://service.uoregon.edu/tdclient/2030/portal/kb/articledet,broken_link
https://servicecenter.fsu.edu/s/article/how-do-i-move-e-mail-to-online-archive-in-outlook-web-application-owa,broken_link
https://servicedesk.nku.edu/tdclient/2436/portal/kb/articledet,broken_link
https://services.dartmouth.edu/tdclient/1806/portal/kb/articledet,broken_link
https://services.northwestern.edu/tdclient/30/portal/kb/articledet,broken_link
https://sg.finance.yahoo.com/quote/re4.si/news,broken_link
https://sg.indeed.com/career-advice/career-development/how-to-give-360-feedback-to-your-boss-examples,broken_link
https://sharepoint.stackexchange.com/questions/278316/how-can-unshare-stop-sharing-of-onedrive-files-and-folders-using-powershell,broken_link
https://shmpublications.onlinelibrary.wiley.com/doi/10.1002/jhm.2313,broken_link
https://shoptalkforums.com/viewtopic.php,broken_link
https://shortpixel.com/blog/compress-jpeg-images-without-losing-quality,broken_link
https://showmypc.com,broken_link
https://shroom.id/n/psilocybe_allenii,text_too_short
https://shroom.id/n/psilocybe_ovoideocystidiata,text_too_short
https://simplyforensic.com/forensic-dna-analysis-unveiled-cutting-edge-advances-you-need-to-knowforensic-dna-analysis-has-revolutionized-the-field-of-forensic-science-offering-unparalleled-precision-in-solving-crimes-identif,broken_link
https://sinalite.com/media/images/marketing-assets/remove_background_in_ps.pdf,pdf
https://sinlessbakery.ae/blog/navigating-gluten-free-market-manufacturers-ensure-safe-delicious-products,video
https://site.uvm.edu/sean/gummies-en-choice-cbd-gummies-for-ed,broken_link
https://sjctni.edu/department/st/electure/allied%20mathematics%20-i%20unit%20iii%20matrices.ppt,broken_link
https://sk1er.club/mods/patcher,broken_link
https://skeptics.stackexchange.com/questions/15936/did-hitler-borrow-his-mustache-from-chaplin,broken_link
https://skilling.com/eu/en/blog/trading-indicators-and-tools/double-top-pattern,broken_link
https://skillzcafe.com/blog/microsoft/windows-10/windows-10-gaming-features-and-optimizations,broken_link
https://skyrim.wiki.fextralife.com/vampire's+seduction,broken_link
https://skyrim.wiki.fextralife.com/vampire's+seduction+(power),broken_link
https://sma.epfl.ch/~anchpcommon/publications/cime.pdf,pdf
https://smallbusiness.chron.com/add-columns-data-table-50087.html,broken_link
https://smallbusiness.chron.com/compress-pdf-acrobat-46045.html,broken_link
https://smallbusiness.chron.com/create-matrices-powerpoint-51452.html,broken_link
https://smallbusiness.chron.com/effective-communication-leadership-5090.html,broken_link
https://smallbusiness.chron.com/make-powerpoint-notes-invisible-during-presentations-49106.html,broken_link
https://smallbusiness.chron.com/make-solid-line-microsoft-word-document-75303.html,broken_link
https://smbcommunity.lenovo.com/laptops/post/any-new-tricks-for-maintaining-a-healthy-laptop-battery-50bytsmnuhpeygd,broken_link
https://smbcommunity.lenovo.com/laptops/post/to-plug-or-not-to-plug-4fwcxauvbrpnsyc,broken_link
https://smustudio.squarespace.com/s/sharing-on-onedrive.pdf,pdf
https://soc.couples.wedding.narkive.com/luvueqbd/bridal-shower-favor-ideas,broken_link
https://social.education.purdue.edu/edit/2023/03/shared-documents-in-onedrive-and-office-365,broken_link
https://social.voilk.com/nigeria/@harmless/what-was-the-job-of-jesus-christ,broken_link
https://sodma.ikit.technology/dramatic-love-stories/things-to-say-to-a-man-in-bed,broken_link
https://softschools.com/examples/science/heterogeneous_mixture_examples/377,broken_link
https://softwareengineering.stackexchange.com/questions/400006/when-should-i-use-an-abstract-class-vs-an-interface,broken_link
https://softwareengineering.stackexchange.com/questions/412248/what-is-the-point-of-interfaces-and-abstract-classes,broken_link
https://solano.courts.ca.gov/system/files/saving-files-onedrive-rev-2021-12-20.pdf,pdf
https://solarspell-dls.sfis.asu.edu/mea/wikipedia/wp/n/natural_gas.htm,broken_link
https://sololeveling.netmarble.com/en/pcplay,text_too_short
https://sos.ga.gov/page/business-division-faq,broken_link
https://sound.stackexchange.com/questions/38093/how-to-make-your-voice-sound-like-another-persons-voice,broken_link
https://speakerpedia.com/speakers/bill-cowher,broken_link
https://spiritualism.org.nz/wp-content/uploads/2022/02/what-does-it-mean-to-lead-a-spiritual-life.pdf,pdf
https://spoonfulapp.com/products/biscoff-cookies/mdaymtc4odaxnjeznw==,broken_link
https://sprigghr.com/blog/leaders/the-importance-of-leadership-communication,broken_link
https://ssc.gcu.edu,text_too_short
https://stackoverflow.com/questions/1459673/how-does-one-make-a-zip-bomb,broken_link
https://stackoverflow.com/questions/17798476/can-ti-84-basic-handle-nth-order-derivatives,broken_link
https://stackoverflow.com/questions/18180060/how-to-zip-a-file-using-cmd-line,broken_link
https://stackoverflow.com/questions/2080381/guide-on-crawling-the-entire-web,broken_link
https://stackoverflow.com/questions/21930035/how-to-write-help-description-text-for-python-functions,broken_link
https://stackoverflow.com/questions/24646173/change-quality-of-pdf-rendered-using-pdfsharp,broken_link
https://stackoverflow.com/questions/24655353/how-to-delete-all-excel-errors-in-all-worsheets-in-excel-2010,broken_link
https://stackoverflow.com/questions/27288021/formula-to-calculate-dew-point-from-temperature-and-humidity,broken_link
https://stackoverflow.com/questions/2819934/detect-windows-version-in-net,broken_link
https://stackoverflow.com/questions/28353691/loop-to-move-all-columns-into-one-column,broken_link
https://stackoverflow.com/questions/29014183/what-is-a-web-crawler-and-how-does-it-work,broken_link
https://stackoverflow.com/questions/29332931/can-i-allow-access-to-certain-applications-only-in-remote-desktop-connection,broken_link
https://stackoverflow.com/questions/2945865/how-can-i-separate-the-first-and-last-name-of-a-cell,broken_link
https://stackoverflow.com/questions/32409802/basic-explanation-of-python-functions,broken_link
https://stackoverflow.com/questions/3344816/when-and-why-to-use-abstract-classes-methods,broken_link
https://stackoverflow.com/questions/33820991/how-to-reduce-file-size-of-jpeg-without-losing-its-quality,broken_link
https://stackoverflow.com/questions/34409922/what-is-node-js-where-its-been-used-and-what-is-the-usage-of-i,broken_link
https://stackoverflow.com/questions/34714354/what-is-difference-between-bounce-and-bootup-the-server,broken_link
https://stackoverflow.com/questions/39077472/custom-sticker-imessage-application-how-to-link-to-ios-store,broken_link
https://stackoverflow.com/questions/42778858/how-to-get-windows-version-from-command-prompt-or-from-powershell,broken_link
https://stackoverflow.com/questions/431594/compression-to-improve-hard-disk-write-performance,broken_link
https://stackoverflow.com/questions/44899651/how-to-turn-on-the-security-boot-for-ms-win10,broken_link
https://stackoverflow.com/questions/48338257/is-adobe-flash-only-for-browsers,broken_link
https://stackoverflow.com/questions/48450211/excel-function-to-combine-cells-into-single-line-of-text,broken_link
https://stackoverflow.com/questions/493142/hardware-lossless-compression-for-hard-drives,broken_link
https://stackoverflow.com/questions/5062614/how-to-decide-when-to-use-node-js,broken_link
https://stackoverflow.com/questions/51397607/how-to-generate-a-graph-with-microsoft-excel,broken_link
https://stackoverflow.com/questions/56611298/delete-an-archive-folder-in-ms-outlook,broken_link
https://stackoverflow.com/questions/58004313/excel-split-name-with-more-than-one-words-of-first-name-or-last-name-or-middle,broken_link
https://stackoverflow.com/questions/5887709/getting-random-numbers-in-java,broken_link
https://stackoverflow.com/questions/5887709/getting-random-numbers-in-java/5887745,broken_link
https://stackoverflow.com/questions/63022048/how-do-i-restrict-a-remote-desktop-user-to-a-single-application-on-windows-serve,broken_link
https://stackoverflow.com/questions/66350258/how-to-plot-graph-in-microsoft-excel,broken_link
https://stackoverflow.com/questions/67794188/how-to-create-high-quality-pdf-in-2021-without-adobe-acrobat,broken_link
https://stackoverflow.com/questions/68775869/message-support-for-password-authentication-was-removed,broken_link
https://stackoverflow.com/questions/72019796/manage-taskbar-align-windows-11-powershell,broken_link
https://stackoverflow.com/questions/72586860/how-do-i-close-and-delete-a-file-on-a-synced-onedrive-using-vba-or-r,broken_link
https://stackoverflow.com/questions/73115286/python-while-trying-to-calculate-rsirelative-strength-index-stock-indicator,broken_link
https://stackoverflow.com/questions/7330187/how-to-find-the-windows-version-from-the-powershell-command-line,broken_link
https://stackoverflow.com/questions/73492908/load-stickers-from-the-server-and-show-in-imessage-app,broken_link
https://stackoverflow.com/questions/73512493/how-to-automatically-move-an-entire-row-when-one-cell-moves-on-another-sheet,broken_link
https://stackoverflow.com/questions/73519789/calculation-of-relative-strength-index-rsi-trading-indicator-not-matching-trad,broken_link
https://stackoverflow.com/questions/73540404/do-you-know-how-to-remove-the-error-name-in-excel,broken_link
https://stackoverflow.com/questions/73895135/how-to-install-minikube-on-azure-linux-vm-ubuntu-18-04,broken_link
https://stackoverflow.com/questions/74415076/move-an-entire-excel-row-down-with-vba,broken_link
https://stackoverflow.com/questions/75185329/can-anyone-pls-explain-this-reduce-code-to-me,broken_link
https://stackoverflow.com/questions/75412530/unpin-apps-from-taskbar-and-start-menu-using-powershell,broken_link
https://stackoverflow.com/questions/76383907/how-to-create-a-matrix-in-excel,broken_link
https://stackoverflow.com/questions/77654265/sql-commands-to-add-a-new-column,broken_link
https://stackoverflow.com/questions/79678583/how-can-i-properly-extract-text-from-a-pdf-file-to-store-it-in-a-elastic-search,broken_link
https://stackoverflow.com/questions/79679614/dynamically-extract-pk-value-from-old-inside-generic-trigger-while-trying-to-sav,broken_link
https://stackoverflow.com/questions/79680194/export-excel-from-powershell-not-displaying-in-cells,broken_link
https://stackoverflow.com/questions/79680399/lavalink-always-returns-loadtype-error-for-search-requests-in-discord-js-bot,broken_link
https://stackoverflow.com/questions/79681031/how-do-i-make-the-thingy-say-hello-world-in-python,broken_link
https://stackoverflow.com/questions/9804901/create-pdf-in-proper-format,broken_link
https://stacks.cdc.gov/view/cdc/107715,broken_link
https://stacks.cdc.gov/view/cdc/112665,broken_link
https://stanfordmedicine25.stanford.edu/blog/archive/2013/learn-how-doctors-should-perform-a-bedside-swallow-evaluation.html,broken_link
https://stanmorephysics.com/wp-content/uploads/2024/05/gp-economics-grade-10-june-2023-p2-and-memo.pdf,pdf
https://stardewvalleywiki.com/fish_tank,broken_link
https://stardewvalleywiki.com/modding:installing_smapi_on_android,broken_link
https://stargazerslounge.com/topic/180593-dew-point-calculation,broken_link
https://starwars.fandom.com/wiki/anakin_skywalker%27s_knighting_ceremony,broken_link
https://starwarsexplained.quora.com/what-if-anakin-skywalker-became-a-jedi-knight-instead-of-darth-vader,text_too_short
https://static.chasecdn.com/content/dam/card/rulesregulations/en/rpa0441_0510_web.pdf,pdf
https://static.nsta.org/ecybermission-files/helpdocs/variables%20constants%20and%20controls.pdf,pdf
https://static.summitracing.com/global/images/instructions/tnh-3300_bk.pdf,pdf
https://statisticsbyjim.com/basics/control-variables,broken_link
https://stats.stackexchange.com/questions/407638/control-variables-and-other-independent-variables,broken_link
https://stats.stackexchange.com/questions/613442/what-makes-a-good-control-variable,broken_link
https://status.asucd.ucdavis.edu/how-to-enter-a-code-in-roblox,broken_link
https://stgenssa.sccgov.org/debs/program_handbooks/medi-cal/assets/25medicarecov/medicarecard.htm,broken_link
https://store.epicgames.com/en-us/p/discord--discord-nitro,broken_link
https://structureandfunction.net/wp-content/uploads/2024/02/side-effects-of-dry-needling.pdf,pdf
https://studentaid.gov/resources/scams,text_too_short
https://students.cs.uri.edu/~forensics/courses/csc101/faq/windowszip,broken_link
https://students.wtamu.edu/files/office365/saving_office_file_onedrive.pdf,pdf
https://study.com/academy/course/biology-201-anatomy-physiology-i.html,broken_link
https://study.com/academy/lesson/alternating-current-power-calculations.html,broken_link
https://study.com/academy/lesson/ancient-egyptian-religion-history-mythology-culture.html,broken_link
https://study.com/academy/lesson/antiderivatives-of-constants-power-functions.html,broken_link
https://study.com/academy/lesson/arithmetic-with-whole-numbers.html,broken_link
https://study.com/academy/lesson/bedside-screening-for-dysphagia-nursing-protocols-process.html,broken_link
https://study.com/academy/lesson/champs-classroom-management-system.html,broken_link
https://study.com/academy/lesson/clocks-history-of-chronometers-and-mechanical-clocks.html,broken_link
https://study.com/academy/lesson/domestic-vs-foreign-policy-definition-differences-policymaking.html,broken_link
https://study.com/academy/lesson/duke-orsino-in-twelfth-night-character-analysis.html,broken_link
https://study.com/academy/lesson/employee-vs-employer-overview-differences-examples.html,broken_link
https://study.com/academy/lesson/ethane-structure-uses-formula.html,broken_link
https://study.com/academy/lesson/facial-expressions-in-nonverbal-communication-importance-lesson-quiz.html,broken_link
https://study.com/academy/lesson/heterogeneous-mixture-definition-examples-quiz.html,broken_link
https://study.com/academy/lesson/heterogeneous-mixture-lesson-for-kids-definition-examples.html,broken_link
https://study.com/academy/lesson/how-citizens-participate-in-government-lesson-for-kids.html,broken_link
https://study.com/academy/lesson/how-to-use-as-such.html,broken_link
https://study.com/academy/lesson/human-anatomy-physiology-definition-relationship.html,broken_link
https://study.com/academy/lesson/informational-writing-types-samples.html,broken_link
https://study.com/academy/lesson/leadership-communication-importance-styles.html,broken_link
https://study.com/academy/lesson/market-equilibrium-in-economics-definition-examples-quiz.html,broken_link
https://study.com/academy/lesson/mixture-in-chemistry-definition-examples-quiz.html,broken_link
https://study.com/academy/lesson/naming-alkenes-using-iupac-nomenclature.html,broken_link
https://study.com/academy/lesson/organizational-patterns-for-writing-purpose-and-types.html,broken_link
https://study.com/academy/lesson/philosophical-fallacies-argumentation.html,broken_link
https://study.com/academy/lesson/rms-carpathia-voyages-wreck-ship-rescued-titanic.html,broken_link
https://study.com/academy/lesson/schedule-variance-definition-formula-calculation.html,broken_link
https://study.com/academy/lesson/socialism-definition-leaders.html,broken_link
https://study.com/academy/lesson/solving-differential-equations-integrals-with-technology.html,broken_link
https://study.com/academy/lesson/sun-worship-gods-symbols-facts.html,broken_link
https://study.com/academy/lesson/symbols-in-a-raisin-in-the-sun.html,broken_link
https://study.com/academy/lesson/the-process-of-amending-the-constitution.html,broken_link
https://study.com/academy/lesson/understanding-fallacy-common-fallacies.html,broken_link
https://study.com/academy/lesson/video/affordable-care-act.html,broken_link
https://study.com/academy/lesson/video/alternating-current-power-calculations.html,broken_link
https://study.com/academy/lesson/video/bill-clintons-domestic-policy-corporate-regulation-healthcare-welfare-the-military.html,broken_link
https://study.com/academy/lesson/video/clocks-history-of-chronometers-and-mechanical-clocks.html,broken_link
https://study.com/academy/lesson/video/domestic-vs-foreign-policy-definition-differences-policymaking.html,broken_link
https://study.com/academy/lesson/video/heterogeneous-mixture-definition-examples-quiz.html,broken_link
https://study.com/academy/lesson/video/heterogeneous-mixture-lesson-for-kids-definition-examples.html,broken_link
https://study.com/academy/lesson/video/how-to-use-as-such.html,broken_link
https://study.com/academy/lesson/video/market-equilibrium-from-a-microeconomics-perspective.html,broken_link
https://study.com/academy/lesson/video/market-equilibrium-in-economics-definition-examples-quiz.html,broken_link
https://study.com/academy/lesson/video/martin-luther-king-jr-biography-facts-quotes.html,broken_link
https://study.com/academy/lesson/video/osmolality-definition-calculations-formula.html,broken_link
https://study.com/academy/lesson/video/philosophical-fallacies-argumentation.html,broken_link
https://study.com/academy/lesson/video/socialism-definition-leaders.html,broken_link
https://study.com/academy/lesson/video/the-affordable-care-patient-protection-act-key-provisions.html,broken_link
https://study.com/academy/lesson/video/the-importance-of-strong-communication-skills-for-leaders.html,broken_link
https://study.com/academy/lesson/video/what-are-whole-numbers-definition-examples-quiz.html,broken_link
https://study.com/academy/lesson/video/what-is-a-waning-moon-definition-facts-phases.html,broken_link
https://study.com/academy/lesson/video/what-is-a-waxing-moon-definition-facts-phase.html,broken_link
https://study.com/academy/lesson/video/what-is-an-employee-definition-types.html,broken_link
https://study.com/academy/lesson/video/what-is-dew-point-definition-formula-calculation.html,broken_link
https://study.com/academy/lesson/video/what-is-mono-definition-causes-symptoms-treatment.html,broken_link
https://study.com/academy/lesson/what-are-the-organ-systems-of-the-human-body.html,broken_link
https://study.com/academy/lesson/what-are-whole-numbers-definition-examples-quiz.html,broken_link
https://study.com/academy/lesson/what-is-a-waning-moon-definition-facts-phases.html,broken_link
https://study.com/academy/lesson/what-is-a-waxing-moon-definition-facts-phase.html,broken_link
https://study.com/academy/lesson/what-is-an-employee-definition-types.html,broken_link
https://study.com/academy/lesson/what-is-bipolar-ii-disorder-symptoms-diagnosis-treatment.html,broken_link
https://study.com/academy/lesson/what-is-dew-point-definition-formula-calculation.html,broken_link
https://study.com/academy/lesson/what-is-mono-definition-causes-symptoms-treatment.html,broken_link
https://study.com/academy/lesson/what-is-political-participation-definition-forms-examples.html,broken_link
https://study.com/academy/lesson/what-is-the-holy-trinity-definition-lesson-quiz.html,broken_link
https://study.com/academy/lesson/whole-numbers-lesson-for-kids.html,broken_link
https://study.com/learn/lesson/angio-medical-term-what-is-an-angiogram.html,broken_link
https://study.com/learn/lesson/aztec-sun-symbol.html,broken_link
https://study.com/learn/lesson/elastic-vs-inelastic-collision-theories-examples.html,broken_link
https://study.com/learn/lesson/equilibrium-price-economics-calculation.html,broken_link
https://study.com/learn/lesson/inner-core-earth-composition-facts-description.html,broken_link
https://study.com/learn/lesson/naming-organic-compounds-iupac-rules-significance-examples.html,broken_link
https://study.com/learn/lesson/rechargeable-battery-overview-function.html,broken_link
https://study.com/learn/lesson/torah-laws-teachings.html,broken_link
https://study.com/learn/lesson/variables-controls-science-experiment-overview-examples.html,broken_link
https://study.com/learn/lesson/video/angio-medical-term-what-is-an-angiogram.html,broken_link
https://study.com/learn/lesson/video/fallacy-overview-types-relation-reasoning.html,broken_link
https://study.com/learn/lesson/video/inner-core-earth-composition-facts-description.html,broken_link
https://study.com/learn/lesson/video/naming-organic-compounds-iupac-rules-significance-examples.html,broken_link
https://study.com/learn/lesson/video/variables-controls-science-experiment-overview-examples.html,broken_link
https://study.com/learn/lesson/video/what-is-general-ledger.html,broken_link
https://study.com/learn/lesson/what-is-a-bibliography.html,broken_link
https://study.com/skill/learn/using-technology-to-calculate-the-value-of-a-derivative-of-a-function-at-a-point-explanation.html,broken_link
https://studyopedia.com/windows-11/move-taskbar-left,broken_link
https://subscriber.politicopro.com/article/eenews/2025/06/24/blm-fast-tracks-utah-oil-train-expansion-00418898,text_too_short
https://sunnybrook.ca/content,broken_link
https://superuser.com/questions/1018825/restrict-remote-desktop-access-to-specific-users-to-specific-servers-in-a-domain,broken_link
https://superuser.com/questions/1090403/how-to-have-full-width-horizontal-lines-in-microsoft-word,broken_link
https://superuser.com/questions/1124678/resize-a-table-in-excel-ie-add-columns-to-an-existing-table-without-using-the,broken_link
https://superuser.com/questions/1145458/how-can-i-get-nvidia-geforce-shadow-play-screen-recording-working-on-windows-ser,broken_link
https://superuser.com/questions/1159735/how-do-i-find-out-what-the-latest-available-version-of-windows-10-is,broken_link
https://superuser.com/questions/1165341/is-charging-a-laptop-when-shut-down-better-for-its-life-span,broken_link
https://superuser.com/questions/1274126/excel-drag-row-to-a-new-position-and-automatically-insert-remove,broken_link
https://superuser.com/questions/128801/how-can-i-open-an-mht-file-in-linux-ubuntu,broken_link
https://superuser.com/questions/1325305/get-windows-version-information-from-hard-drive,broken_link
https://superuser.com/questions/1333719/how-do-i-change-my-windows-10-administrator-sign-in-name,broken_link
https://superuser.com/questions/136714/recover-accidentally-closed-opera-window-and-its-tabs-after-restarting,broken_link
https://superuser.com/questions/1378912/files-saving-to-onedrive-instead-of-pc,broken_link
https://superuser.com/questions/1392449/how-do-i-change-outlooks-archive-location-for-imap-accounts,broken_link
https://superuser.com/questions/1406867/stop-sharing-file-with-a-single-user-only-onedrive,broken_link
https://superuser.com/questions/1423337/compress-pdf-to-2mb-or-less,broken_link
https://superuser.com/questions/1426370/how-to-move-all-data-to-one-column,broken_link
https://superuser.com/questions/1450035/really-compress-a-pdf-file,broken_link
https://superuser.com/questions/1452912/excel-formula-name-separation-formula-for-people-that-have-multi-part-last-nam,broken_link
https://superuser.com/questions/1458676/with-the-logitech-k780-keyboard-and-windows-10-how-to-capture-and-print-the-cur,broken_link
https://superuser.com/questions/1493046/cannot-print-screen-on-logitech-k780-keyboard,broken_link
https://superuser.com/questions/1510005/how-to-check-which-windows-10-version-im-using-like-1703,broken_link
https://superuser.com/questions/1526416/how-do-i-sign-in-with-a-password-instead-of-a-pin,broken_link
https://superuser.com/questions/1579903/how-much-time-to-charge-a-laptop-the-first-time-if-its-at-0,broken_link
https://superuser.com/questions/1585102/obs-studio-nvidia-geforce-is-it-possible-to-record-in-higher-resolution-than,broken_link
https://superuser.com/questions/1616866/how-to-us-flash-player-after-12-january-2021,broken_link
https://superuser.com/questions/1713234/how-to-create-an-excel-chart-of-the-following-data,broken_link
https://superuser.com/questions/1719973/what-exactly-does-ntfs-compression-do-to-files,broken_link
https://superuser.com/questions/1731139/how-can-i-connect-two-computers-with-one-without-a-display-keyboard-or-mouse,broken_link
https://superuser.com/questions/1735586/cant-enable-secure-boot-in-windows-11,broken_link
https://superuser.com/questions/1746014/how-to-play-online-mkv-files-with-vlc-without-downloading-them,broken_link
https://superuser.com/questions/1754452/how-to-remove-the-control-center-button-from-the-taskbar-in-windows-11,broken_link
https://superuser.com/questions/1757339/how-to-permanently-disable-windows-defender-real-time-protection-with-gpo,broken_link
https://superuser.com/questions/1760278/windows-11-can-i-put-the-taskbar-on-the-left-side-of-the-monitor,broken_link
https://superuser.com/questions/1779137/rename-admin-account-on-windows-11,broken_link
https://superuser.com/questions/1793426/how-can-i-improve-the-quality-of-pixelated-text-in-scanned-pdf-images-and-conver,broken_link
https://superuser.com/questions/1820113/how-to-remove-bing-ai-search-from-windows-11-search-bar,broken_link
https://superuser.com/questions/1826118/new-outlook-doesnt-allow-me-to-sign-in-to-shared-mailbox,broken_link
https://superuser.com/questions/201371/create-zip-folder-from-the-command-line-windows,broken_link
https://superuser.com/questions/204908/how-to-make-a-matrix-organization-chart,broken_link
https://superuser.com/questions/215908/windows-how-to-disable-all-third-party-security-products,broken_link
https://superuser.com/questions/249743/how-to-easily-reorder-rows-in-excel-with-drag-and-drop-or-move-up-or-move-down,broken_link
https://superuser.com/questions/268901/how-do-i-determine-which-graphics-card-im-using,broken_link
https://superuser.com/questions/284353/how-to-make-pdfs-sharper-better-readability,broken_link
https://superuser.com/questions/308678/software-to-connect-2-computers-through-wifi,broken_link
https://superuser.com/questions/363018/how-do-i-tell-what-version-and-edition-of-windows-is-on-the-filesystem,broken_link
https://superuser.com/questions/387373/merging-columns-in-excel-with-separator,broken_link
https://superuser.com/questions/433659/how-to-compress-a-jpg-image-file,broken_link
https://superuser.com/questions/446238/how-to-connect-a-desktop-without-wifi-with-a-laptop-with-wifi-card,broken_link
https://superuser.com/questions/470954/how-to-compress-reduce-the-size-of-jpeg-photos-for-archiving,broken_link
https://superuser.com/questions/526186/ignore-multiple-number-stored-as-text-errors-at-once,broken_link
https://superuser.com/questions/635436/can-i-restore-closed-tabs-after-quitting-chrome,broken_link
https://superuser.com/questions/648659/windows-send-to-compressed-zipped-folder-in-different-location,broken_link
https://superuser.com/questions/716205/how-to-reset-forgotten-administrator-password-on-maco-x,broken_link
https://superuser.com/questions/723506/get-the-video-card-model-via-command-line-in-windows,broken_link
https://superuser.com/questions/739725/hide-the-slide-using-the-add-notes-in-powerpoint,broken_link
https://superuser.com/questions/814211/animate-some-rows-or-columns-of-a-matrix-in-powerpoint,broken_link
https://superuser.com/questions/82793/how-can-i-get-wmc-to-play-mkv-files,broken_link
https://superuser.com/questions/841817/excel-creating-a-graph-based-on-single-column-results,broken_link
https://superuser.com/questions/874738/consolidate-text-data-in-excel,broken_link
https://superuser.com/questions/88569/how-do-i-get-horizontal-lines-to-the-left-and-right-of-a-heading-in-microsoft-wo,broken_link
https://superuser.com/questions/898516/how-do-i-format-my-ssd-plugged-in-as-external,broken_link
https://superuser.com/questions/928591/get-rid-of-all-errors-at-once-in-excel,broken_link
https://superuser.com/questions/948042/windows-10-pptp-vpn-no-internet,broken_link
https://superuser.com/questions/962132/how-do-i-install-windows-10-from-usb-to-a-uefi-secure-boot-machine,broken_link
https://superuser.com/questions/9668/how-do-you-split-a-name-to-get-first-name-and-last-name,broken_link
https://support.bhsu.edu/tdclient/30/portal/kb/printarticle,text_too_short
https://support.brother.com/g/b/faqend.aspx,text_too_short
https://support.cci.drexel.edu/getting-connected/discord/discord-right-navigation-bar-and-user-search,broken_link
https://support.cci.drexel.edu/getting-connected/discord/discord-view-user-profiles,broken_link
https://support.cyberpowerpc.com/hc/en-us/community/posts/29818060592531-keyboard-lights,broken_link
https://support.cyberpowerpc.com/hc/en-us/community/posts/4407406156947-keyboard-back-lights,broken_link
https://support.fanduel.com/s/article/location-troubleshooting-tips,broken_link
https://support.gmhec.org/tdclient/47/middlebury/kb/articledet,broken_link
https://support.goguardian.com/s/article/how-do-i-enable-read-aloud-text-to-speech-for-a-student-1629333314904,broken_link
https://support.google.com/googleone/thread/353180558/payment-done-but-space-not-provided,broken_link
https://support.granicus.com/s/article/enabling-internet-explorer-mode-in-microsoft-edge,broken_link
https://support.microsoft.com/en-us/office/move-or-copy-cells-and-cell-contents-803d65eb-6a3e-4534-8c6f-ff12d1c4139e,broken_link
https://support.microsoft.com/en-us/office/protect-a-document-with-a-password-05084cc3-300d-4c1a-8416-38d3e37d6826,broken_link
https://support.microsoft.com/en-us/office/protect-an-excel-file-7359d4ae-7213-4ac2-b058-f75e9311b599,broken_link
https://support.microsoft.com/en-us/office/use-your-online-archive-with-outlook-for-mac-f3ee42bd-f8b3-441f-b938-bf77aaee8a24,broken_link
https://support.microsoft.com/en-us/office/video-create-a-combo-chart-c7921539-cda8-4913-9cd7-170f372d21a2,broken_link
https://support.microsoft.com/en-us/windows/import-photos-and-videos-from-phone-to-pc-198f2301-e9a7-c734-5f39-a8946a5ebc99,broken_link
https://support.microsoft.com/en-us/windows/protect-yourself-from-phishing-0c7ea947-ba98-3bd9-7184-430e1f860a44,broken_link
https://support.microsoft.com/en-us/windows/zip-and-unzip-files-8d28fa72-f2f9-712f-67df-f80cf89fd4e5,broken_link
https://support.nlm.nih.gov/kbarticle,video
https://support.parsec.app/hc/en-us/articles/32381568346644-hardware-and-software-compatibility,broken_link
https://support.rocketspark.com/hc/en-us/articles/115010278407-why-did-my-email-bounce-email-bounce-messages-explained,broken_link
https://support.rowan.edu/kb_view.do,text_too_short
https://support.shutterstock.com/s/article/how-to-reduce-the-size-of-a-jpeg,text_too_short
https://support.southwest.com/helpcenter/s/article/pet-policy,text_too_short
https://support.stedwards.edu/s/article/zoom-screen-sharing-options-with-powerpoint-and-notes-during-a-meeting,broken_link
https://support.submit.shutterstock.com/s/article/content-publishing-standards-legal-documentation,broken_link
https://support.tastytrade.com/support/s/solutions/articles/43000701630,text_too_short
https://support.teradata.com/community,text_too_short
https://support.zoom.com/hc/en/article,text_too_short
https://surfshark.com/blog/how-to-stop-spam-calls,broken_link
https://surfshark.com/blog/what-is-pptp,broken_link
https://survey123.arcgis.com/share/e96e92286b1a4ba1b3b8ff9340d6b10e,text_too_short
https://sway.cloud.microsoft,text_too_short
https://swfacenter.com/blog/what-to-know-about-hip-pain-when-walking,broken_link
https://sxu.teamdynamix.com/tdclient/2022/portal/kb/articledet,broken_link
https://sydpath.com.au/wp-content/uploads/2022/07/osmolality.pdf,pdf
https://syfovreecp.com/wp-content/themes/apellis/pdf/us-pegga-2200294v3.0_billing%20and%20coding%20guide.pdf,pdf
https://tacticalchristianity.org/was-jesus-really-a-carpenter,broken_link
https://tailscale.com/kb/1103/exit-nodes,broken_link
https://tailscale.com/learn/secure-remote-desktop-protocol,broken_link
https://tap.health/essential-guide-foods-to-eat-with-gallstones,broken_link
https://taylorandfrancis.com/knowledge/engineering_and_technology/engineering_support_and_special_topics/low-rank_approximation,text_too_short
https://taylorandfrancis.com/knowledge/medicine_and_healthcare/psychiatry/thought_disorder,text_too_short
https://taylorcounselinggroup.com/blog/set-boundaries-for-difficult-family-members,broken_link
https://taylorlawoffices.com/is-your-catchy-slogan-illegal,broken_link
https://tcu360.com/2020/12/03/horoscope-december-3-2020,broken_link
https://td.byui.edu/tdclient/79/ithelpcenter/kb/articledet,broken_link
https://td.byui.edu/tdclient/79/itserviceportal/kb/articledet,broken_link
https://td.cscc.edu/tdclient/68/portal/kb/articledet,broken_link
https://td.usnh.edu/tdclient/60/portal/kb/articledet,broken_link
https://tdx.maine.edu/tdclient/2624/portal/kb/articledet,broken_link
https://teach.mapnwea.org/impl/maphelp/content/testing/text2speech.htm,broken_link
https://teacher.moe.gov.lk/research,broken_link
https://teachers.henrico.k12.va.us/math/hcpsalgebra2/documents/4-1/intromatrix.ppt,broken_link
https://teacupofwisdom.com/5-unquestionable-reasons-why-pilot-season-is-dead,broken_link
https://teamdynamix.umich.edu/tdclient/30/portal/kb/articledet,broken_link
https://tech.aph.org/orion%20ti-84%20plus%20documents/ti-84%20plus%20guidebook/pdf/ti-84%20plus%20guidebook.pdf,pdf
https://techthoroughfare.com/science/biology/astrazenecas-vaccine-under-fire-what-you-need-to-know-about-thrombosis-with-thrombocytopenia-syndrome-tts,broken_link
https://terralawncare.ca/cheat-the-forest-ps4,broken_link
https://testla.doa.louisiana.gov/os-x-base-system,broken_link
https://testla.doa.louisiana.gov/split-first-and-last-name-in-excel,broken_link
https://tex.stackexchange.com/questions/284900/how-to-create-my-own-bibliographic-citation-format,broken_link
https://texasforthem.org/services/vaccinations/dog-vaccinations,broken_link
https://texsource.com/bible/somesinsofpaul.pdf,pdf
https://the-powerless-trilogy.fandom.com/wiki/kai_azer,broken_link
https://the-rookie.fandom.com/wiki/nyla_harper,broken_link
https://thediversitymovement.com/wp-content/uploads/2020/11/ww-saythis-whitepaper_201116-f.pdf,pdf
https://theforest.fandom.com/wiki/tips_%26_tricks,broken_link
https://thehill.com/business/4175739-amazon-raises-free-shipping-requirements-for-some-customers,broken_link
https://thejewelryloupe.com/buyer-beware-that-ruby-may-be-a-glass-composite,broken_link
https://theloopywhisk.com/2020/04/02/ultimate-gluten-free-bread,broken_link
https://themelis.com/education-glass.html,broken_link
https://themopoga.net/2025/05/01/squid-game-parents-guide,broken_link
https://theoaksvillagepharmacy.com.au/wp-content/uploads/patient-information-on-thrombosis-with-thrombocytopenia-syndrome.pdf,pdf
https://thespun.com/nfl/new-orleans-saints/drew-brees-reveals-if-hell-return-to-saints-in-new-role-,broken_link
https://thinktheology.co.uk/blog/article/when_did_paul_get_converted,broken_link
https://tlauncher.org/en/catalog/cloak,broken_link
https://tlauncher.org/en/catalog/cloak/nickname,broken_link
https://tlauncher.org/en/catalog/hd,broken_link
https://tlauncher.org/en/catalog/skins,broken_link
https://tlauncher.org/en/catalog/skins/nickname,broken_link
https://tlauncher.org/en/download-pe_35,broken_link
https://tlauncher.org/en/mods-1201_152,broken_link
https://tlauncher.org/en/mods-1214_175,broken_link
https://tlauncher.org/en/mods_2,broken_link
https://tlauncher.org/en/shaders-1165_116,broken_link
https://tlauncher.org/en/shaders-1192_144,broken_link
https://tlauncher.org/en/shaders-1194_149,broken_link
https://tlauncher.org/en/shaders-1204_162,broken_link
https://tlauncher.org/en/shaders-120_153,broken_link
https://tlauncher.org/en/shaders_95,broken_link
https://tlauncher.org/en/texture-packs-pe-121_169,broken_link
https://tlc.texas.gov/docs/amendments/constamend1876.pdf,pdf
https://tnfarmbureau.org/wp-content/uploads/2022/08/delta-8-thc.pdf,pdf
https://tokyocatch.com,text_too_short
https://tolkiengateway.net/wiki/ancalagon,broken_link
https://tomjacobsen.tripod.com/onlinelectureseries/burson/4568dom.htm,broken_link
https://top.gg/tag/hide,broken_link
https://toslc.thinkorswim.com/center/reference/tech-indicators/studies-library/r-s/rsi,broken_link
https://tradingliteracy.com/what-does-a-double-top-indicate,broken_link
https://transientprojects.be/noticias/educacao,broken_link
https://traveler.marriott.com/trip-ideas/silk-road-what-to-see,broken_link
https://travelthruhistory.com/why-xian-is-a-must-see-on-a-china-silk-road-tour,broken_link
https://trchealthcare.com/wp-content/uploads/2024/02/cp-lms-recommended-browser.pdf,pdf
https://tricare.mil/plans/eligibility/formerspouses,broken_link
https://tricare.mil/tfl,broken_link
https://trxaccess.org/p/healthcare-reform/affordable-care-act.aspx,broken_link
https://tryhackme.com/room/winadbasics,text_too_short
https://turtle-wow.org/rules,broken_link
https://tuscuniv.s3.amazonaws.com/is/steps+to+add+archive+file+to+outlook.pdf,pdf
https://twitter.com/californiadtsc,broken_link
https://twitter.com/texasmonthly/status/1749979106291192119,broken_link
https://uat.nij.ojp.gov/media/video/49866,broken_link
https://ucanr.edu/sites/default/files/2019-04/245049.pdf,pdf
https://uhs.berkeley.edu/sites/default/files/nexplanon.pdf,pdf
https://uhs.umich.edu/contraception-implant,broken_link
https://uhs.umich.edu/mono,broken_link
https://ui.com/switching,text_too_short
https://uk.amazonforum.com/s/question/0d54p000089d0ttsac/my-echo-show-5-keeps-changing-to-a-black-screen-with-no-time-or-wallpaper-displayed,broken_link
https://uk.amazonforum.com/s/question/0d54p00008kikolsaj/my-echo-show-8-since-the-update-has-started-turning-off-completely-black-screen-until-i-say-alexa,broken_link
https://uk.amazonforum.com/s/question/0d56q0000c4yizhsqo/echo-show-8-not-operating-after-a-blank-screen-issue,broken_link
https://uk.indeed.com/career-advice/career-development/how-to-collect-email-addresses,broken_link
https://uk.indeed.com/career-advice/career-development/how-to-combine-cells-in-excel,broken_link
https://uk.indeed.com/career-advice/career-development/how-to-give-feedback-to-your-boss-example,broken_link
https://uk.indeed.com/career-advice/career-development/presenting-information,broken_link
https://uk.indeed.com/career-advice/career-development/schedule-variance,broken_link
https://uk.indeed.com/career-advice/career-development/taking-ownership,broken_link
https://uk.indeed.com/career-advice/career-development/teamwork-skills,broken_link
https://uk.indeed.com/career-advice/career-development/what-is-cvp-analysis,broken_link
https://umassmed.typepad.com/files/10-medicare-claim-numbers.pdf,pdf
https://unacademy.com/content/wp-content/uploads/sites/2/2022/10/nomenclature-of-organic-compounds-notes.pdf,pdf
https://uni.sulicihan.edu.krd/qa/user_upload/lecture_materials/652af9ebcc4321697315307.pdf,pdf
https://unix.stackexchange.com/questions/448217/best-compression-tool-for-full-disk-imaging-that-can-saturate-a-usb-3-connection,broken_link
https://unr.teamdynamix.com/tdclient/2684/portal/kb/articledet,broken_link
https://us.open2view.com/default.aspx/browse/z69775/whatdoesthesunsymbolize.pdf,pdf
https://uscode.house.gov/view.xhtml,broken_link
https://users.cs.utah.edu/~dejohnso/elicore.html,broken_link
https://users.ece.cmu.edu/~yuejiec/papers/spm_lrmc_final.pdf,pdf
https://users.oden.utexas.edu/~pgm/talks/2021_cmc.pdf,pdf
https://users.oden.utexas.edu/~pgm/teaching/appm5720_2016s/notes12.pdf,pdf
https://userweb.ucs.louisiana.edu/~kak7409/fallacies.html,broken_link
https://uthsc.teamdynamix.com/tdclient/2280/portal/kb/articledet,broken_link
https://uthscsa.teamdynamix.com/tdclient/2009/portal/kb/articledet,broken_link
https://uttkarshkohli.wixsite.com/maths/post/the-integration-constant-c,broken_link
https://uwconnect.uw.edu/it,text_too_short
"https://valleymed.staywellsolutionsonline.com/wellness/mentalhealth/56,2967",broken_link
https://valorant.fandom.com/wiki/valorant_wiki:update_guide,broken_link
https://vbcps.my.site.com/vbsupport/s/article/restoring-chrome-tabs-from-where-you-left-off,broken_link
https://vcacanada.com/sitecore/content/vca/home/know-your-pet/flying-with-your-cat,broken_link
https://vcacanada.com/sitecore/content/vca/home/know-your-pet/teeth-teething-and-chewing-in-puppies,broken_link
https://veepn.com/blog/how-to-block-spam-calls-on-iphone,broken_link
https://veepn.com/blog/what-is-pptp-vpn,broken_link
https://vegento.russell.wisc.edu/wp-content/uploads/sites/249/2017/01/asparagus-uwhort.pdf,pdf
https://velog.io/@dldydldy75/%ed%96%89%eb%a0%ac-%eb%b6%84%ed%95%b4-low-rank-approximation,broken_link
https://ves.ac.in/vesasc,broken_link
https://video.alexanderstreet.com/watch/schizophrenia-demonstrating-the-symptoms-of-thought-blocking-and-of-a-thought-withdrawal-delusion-part-11-2,text_too_short
https://videowindowglobal.zohodesk.com/portal/en/kb/articles/how-do-i-remove-teams-on-windows-11,text_too_short
https://vidwan.inflibnet.ac.in,broken_link
https://vikas.sindhwani.org/lowrank.pdf,pdf
https://villamaria.qc.ca/wp-content/uploads/2022/07/create-and-start-using-an-apple-id-apple-support.pdf,pdf
https://vimeo.com/1080602576,text_too_short
https://viviennesaboparis.com/blogs/news/life-changing-skincare-tips-inspired-by-french-beauty,broken_link
https://vivo.brown.edu/docs/drrb/1127415379.pdf,pdf
https://vtm.paradoxwikis.com/merits_and_flaws,text_too_short
https://vw.snapon.com/fileserverroot/catmanfiles/filespublished/eqs/vwtools/brochures/vas6337~1a_vas%206337_1a%20flushing%20device%20user%20manual.pdf,pdf
https://wallstreetinstructors.com/ce/continuing_education/safe/annuityprimer_files/page347.htm,broken_link
https://warnell.uga.edu/sites/default/files/inline-files/ieveg.pdf,pdf
https://watch.sling.com/dashboard/home,text_too_short
https://web.ma.utexas.edu/users/m408s/currentweb/lm11-9-4.php,broken_link
https://web.mae.ufl.edu/uhk/silk-road.pdf,pdf
https://web.media.mit.edu/~lieber/teaching/iisdw/read-code.html,broken_link
https://web.socaspot.org/default.aspx/browse/1153771/howlongdoespneumonialast.pdf,pdf
https://web.stanford.edu/class/cs168/l/l9.pdf,pdf
https://web.stanford.edu/~montanar/research/filepap/matrix5.pdf,pdf
https://webapps.stackexchange.com/questions/171155/archive-all-emails-in-outlook,broken_link
https://webfiles-sc1.blackbaud.com/files/support/helpfiles/altru/help/content/admdefineglaccounts.html,broken_link
https://webmasters.stackexchange.com/questions/85499/should-i-put-rel-nofollow-on-author-link,broken_link
https://webmasters.stackexchange.com/questions/91793/as-a-webmaster-what-is-the-purpose-of-using-a-web-crawler-for-your-site,broken_link
https://weequahicalumni.org/library/job/producer-radio-and-podcast-at-pilot-season-inc-new-york-ny-dupoc2vbrglomwkxtkpgvkr2supjwkjruxc9pq==,text_too_short
https://wemakemousecalls.com/wintips/outlookautoarchive/addioutlookpersonalarchive.htm,broken_link
https://wenaturalists.com/explore-detail/article/old-pair-of-jeans-to-denim-paper-,text_too_short
https://wesleyanedu.service-now.com/sp,text_too_short
https://wgntv.com/news/trending/when-should-you-take-down-hummingbird-feeders,broken_link
https://wgntv.com/news/wgn-weekend-morning-news/weekend-gardening/3-ways-to-keep-rabbits-out-of-your-garden,broken_link
https://wgntv.com/video/what-is-delta-8-thc/9683688,broken_link
https://whmis.org/sds,broken_link
https://who.rocq.inria.fr/laura.grigori/slides_teaching/lowrank.pdf,pdf
https://wiki.archlinux.org/title/pptp_client,broken_link
https://wiki.botdesignerdiscord.com/guides/introduction/botstatus.html,broken_link
https://wiki.cobblemon.com/index.php/resurrection_machine,broken_link
https://wiki.teltonika-networks.com/view/pptp_configuration_examples,broken_link
https://wildlife.ca.gov/portals/0/liveforms/temp/ndjusnbsj.pdf,pdf
https://windhawk.net/mods/taskbar-on-top,text_too_short
https://windhawk.net/mods/windows-11-taskbar-styler,text_too_short
https://windows11hacks.quora.com/i-just-bought-a-new-laptop-for-how-long-should-i-charge-it-before-using,text_too_short
https://winekitzyarmouth.ca/cheat-the-forest-ps4,broken_link
https://wiserwomen.org/resources/divorce-fact-sheets/social-security-and-divorce-what-you-need-to-know,broken_link
https://wiserwomen.org/resources/social-security-resources/social-security-spousal-benefits,broken_link
https://woodbridgepediatrics.com/wp-content/uploads/2016/11/vomiting-and-diarrhea.pdf,pdf
https://wopet.com/dogs/dog-poop-black-but-not-tarry,text_too_short
https://work.chron.com/cite-panel-presentation-cv-10124.html,broken_link
https://work.chron.com/college-requirements-marine-biologist-6888.html,broken_link
https://workplace.stackexchange.com/questions/100824/how-can-i-provide-meaningful-and-constructive-feedback-to-a-bad-manager,broken_link
https://workplace.stackexchange.com/questions/18675/ways-to-encourage-employees-to-be-proactive,broken_link
https://workplace.stackexchange.com/questions/193402/giving-constructive-criticism-to-my-boss-boss,broken_link
https://workplace.stackexchange.com/questions/60725/what-exactly-is-the-meaning-of-taking-ownership-in-a-project,broken_link
https://writing.stackexchange.com/questions/25101/bibliography-citation-when-writing-a-book,broken_link
https://wvumedicine.org/criticalcare/wp-content/uploads/sites/31/2019/03/edublast-aspiration-screening-22-jan-18.pdf,pdf
https://wwcc.teamdynamix.com/tdclient/266/portal/kb/printarticle,text_too_short
https://www-new.knowledgecity.com/zh-cn/library/bus1196m2/how-to-be-more-proactive,text_too_short
https://www.445aw.afrc.af.mil/news/article-display/article/1936816/for-healthy-older-adults-new-shingles-vaccine-is-worth-the-wait,broken_link
https://www.7sage.com/forums/discussion/34045/can-you-charge-your-laptop-during-the-test,broken_link
https://www.99restaurants.com/wp-content/uploads/2025/06/0625_99_digital-menu-pdf.pdf,pdf
https://www.aarahealth.co/being-true-to-yourself-with-your-partner,broken_link
https://www.abc27.com/national/why-are-my-hands-and-feet-always-cold-and-when-should-i-be-worried,broken_link
https://www.abc27.com/news/us-world/business/ap-russias-economy-minister-says-the-country-is-on-the-brink-of-recession,broken_link
https://www.abc27.com/news/us-world/science/what-is-the-inside-of-the-earth-made-of,broken_link
https://www.abc27.com/news/us-world/tech/ap-what-to-stream-the-bear-lorde-smoke-a-minecraft-movie-nosferatu-and-nelly-and-ashanti,broken_link
https://www.abc4.com/news/national/when-should-you-take-down-hummingbird-feeders,broken_link
https://www.abc4.com/news/politics/ap-politics/ap-former-top-aide-to-jill-biden-is-subpoenaed-by-house-oversight-panel,broken_link
https://www.abc4.com/news/wildfire-preparedness-essentials-for-quick-evacuation,broken_link
https://www.abdn.ac.uk/toolkit/documents/uploads/outlook-mobile-app-add-a-shared-mailbox.pdf,pdf
https://www.ablesci.com/assist/detail,broken_link
https://www.accesshealthct.com,broken_link
https://www.acecqa.gov.au/nqf/national-quality-standard/quality-area-2-childrens-health-and-safety,broken_link
https://www.acecqa.gov.au/nqf/national-quality-standard/quality-area-3-physical-environment,broken_link
https://www.achievers.com/blog/inclusive-language-workplace,broken_link
https://www.aclupa.org/sites/default/files/field_documents/pa_constitutional_amendment_process.pdf,pdf
https://www.acpjournals.org/doi/10.7326/m21-4502,broken_link
https://www.acq.osd.mil/asda/dpc/ce/pc/docs/training/clg0010_pf_l0-7.pdf,pdf
https://www.adamsforums.com/topic/26427-anyone-add-white-vinegar-to-their-rinse-cycle-when-laundering-mf-towels,broken_link
https://www.adathjeshurun.org/uploads/5/1/9/7/51974039/soul_sisters_-_keturah.pdf,pdf
https://www.adidas.ca/en/blog/529442-muscle-spasms-how-to-prevent-leg-cramps,broken_link
https://www.adobe.com/acrobat/how-to/create-fillable-pdf-forms-creator.html,broken_link
https://www.adobe.com/acrobat/how-to/electronic-signatures-online-e-signatures.html,broken_link
https://www.adobe.com/acrobat/how-to/pdf-editor-pdf-files.html,broken_link
https://www.adobe.com/acrobat/hub/compress-a-pdf-to-1mb.html,broken_link
https://www.adobe.com/acrobat/hub/compress-a-pdf-to-300kb.html,broken_link
https://www.adobe.com/acrobat/hub/convert-photo-to-pdf-iphone.html,broken_link
https://www.adobe.com/acrobat/online/merge-pdf.html,broken_link
https://www.adobe.com/acrobat/online/split-pdf.html,broken_link
https://www.adobe.com/acrobat/resources/document-files/how-to-cite-a-powerpoint.html,broken_link
https://www.adobe.com/au/acrobat/how-to/pdf-editor-pdf-files.html,broken_link
https://www.adobe.com/au/acrobat/roc/blog/how-to-add-signature-pdf.html,broken_link
https://www.adobe.com/express/learn/blog/30-companies-with-famous-brand-slogans-taglines,broken_link
https://www.adobe.com/express/learn/blog/make-money-from-home,broken_link
https://www.adobe.com/products/flashplayer/end-of-life-alternative.html,broken_link
https://www.adobe.com/products/photoshop/remove-background.html,broken_link
https://www.adobe.com/uk/acrobat/how-to/pdf-editor-pdf-files.html,broken_link
https://www.adobe.com/uk/products/photoshop/remove-background.html,broken_link
https://www.adobe.com/za/acrobat/online/compress-pdf.html,broken_link
https://www.adorama.com/cygx124cpgv9.html,broken_link
https://www.adrian.edu/files/assets/overcomingdepressionworkbook.pdf,pdf
https://www.adventist.org/beliefs,video
https://www.adventist.org/trinity,video
https://www.adventist.org/using-the-psalms-to-pray,video
https://www.adventist.org/why-should-we-pray,video
https://www.adventisthealthcare.com/living-well/tips-and-tricks-to-comfort-a-baby-with-colic,broken_link
https://www.advisorperspectives.com/dshort/updates/2025/05/13/household-debt-credit-report-q1-2025,broken_link
https://www.aeaweb.org/articles,broken_link
https://www.aeaweb.org/econlit/jelcodes.php,broken_link
https://www.aetna.com/document-library/health-care-professionals/newsletters-news/verify-member-eligibility.pdf,pdf
https://www.aetna.com/medicare/for-members/view-coverage-benefits.html,text_too_short
https://www.aetnaseniorproducts.com/assets/pdf/bulletins/ebulletin_042318.pdf,pdf
https://www.africa.upenn.edu/articles_gen/letter_birmingham.html,broken_link
https://www.africanbank.co.za/en/home/blog-landing/how-to-get-clearance-from-credit-bureaus-in-south-africa-african-bank,broken_link
https://www.aftership.com/brands/amazon.com,broken_link
https://www.agapebiblestudy.com/documents/mystery%20of%20the%20triune%20god.htm,broken_link
https://www.ahajournals.org/doi/10.1161/01.str.15.6.948,broken_link
https://www.ahajournals.org/doi/10.1161/atvbaha.120.315288,broken_link
https://www.ahajournals.org/doi/10.1161/circ.150.suppl_1.4122620,broken_link
https://www.ahajournals.org/doi/10.1161/circresaha.115.306573,broken_link
https://www.ahajournals.org/doi/10.1161/circulationaha.123.065484,broken_link
https://www.ahajournals.org/doi/10.1161/strokeaha.107.483933,broken_link
https://www.ahcancal.org/news-and-communications/documents/getvaccinated/getvax-recovered-individuals-handout.pdf,pdf
https://www.ahrq.gov,broken_link
https://www.aihw.gov.au/mental-health/topic-areas/social-isolation-and-loneliness,broken_link
https://www.aircharter.com/wet-leasing-vs-dry-leasing,broken_link
https://www.airliners.net/forum/viewtopic.php,broken_link
https://www.airroi.com/resources/tips-guides/how-much-do-airbnb-charge-hosts,text_too_short
https://www.ajnr.org/content/30/8/1459,broken_link
https://www.ajnr.org/content/40/12/2023,broken_link
https://www.ajtmh.org/view/journals/tpmd/102/2_suppl/article-p3.xml,broken_link
https://www.albany.edu/~bd445/economics_466_financial_economics_slides_spring_2014/asset-market_equilibrium.pdf,pdf
https://www.albany.edu/~dc641869/chapter05.htm,broken_link
https://www.all4inc.com/4-the-record-articles/california-senate-bill-158-what-is-it-and-who-is-the-board-of-environmental-safety,broken_link
https://www.amazon.ae/gp/help/customer/display.html,broken_link
https://www.amazon.ca/gp/help/customer/display.html,broken_link
https://www.amazon.co.uk/gp/help/customer/display.html,broken_link
https://www.amazon.com/-/he/gp/help/customer/display.html,broken_link
https://www.amazon.com/22462btu-electric-inground-6500gallons-110v-120v/dp/b0f9nwr5zd,text_too_short
https://www.amazon.com/amazon-com-gift-card-balance-reload/dp/b0chtknwbl,text_too_short
https://www.amazon.com/amazon-photos/b,broken_link
https://www.amazon.com/amazon-visa/dp/b007urftyi,text_too_short
https://www.amazon.com/amazonprime,broken_link
https://www.amazon.com/american-psycho-christian-bale/dp/b002pa1hhi,text_too_short
https://www.amazon.com/anatomy-physiology-workbook-dummies-practice/dp/1119473594,text_too_short
https://www.amazon.com/artnaturals-organic-rosemary-strengthening-coconut/dp/b0c8lylypk,text_too_short
https://www.amazon.com/ask/questions/tx16pjufrkt1thz,broken_link
https://www.amazon.com/ask/questions/tx2u0u0sq0avopi,broken_link
https://www.amazon.com/ask/questions/txykbrxetcn2wc,broken_link
https://www.amazon.com/b,broken_link
https://www.amazon.com/bars-leaks-engine-stop-concentrate/dp/b007552kpg,text_too_short
https://www.amazon.com/biscoff-cookie-butter-spread-non-gmo/dp/b005hal6xs,text_too_short
https://www.amazon.com/blood-pressure-monitors/b,broken_link
https://www.amazon.com/bridal-shower-favor-bags/s,broken_link
https://www.amazon.com/carpathia-extraordinary-rescued-survivors-titanic/dp/0733640672,text_too_short
https://www.amazon.com/cicatricure-reduces-appearance-stretch-injuries/dp/b0043wad9o,text_too_short
https://www.amazon.com/colorstrology-what-birthday-color-about/dp/1594746915,text_too_short
https://www.amazon.com/coming-kingdom-theology-changing-church/dp/1939110211,text_too_short
https://www.amazon.com/computer-networking-switches/b,broken_link
https://www.amazon.com/cyberpowerpc-skorpion-cpsk303-mechanical-keyboard/dp/b07vfyvfpt,text_too_short
https://www.amazon.com/dawn-ultra-dishwashing-liquid-original/dp/b01h7dfm32,text_too_short
https://www.amazon.com/dell-inspiron-3530-laptop-15-6-inch/dp/b0d1ks5vx9,text_too_short
https://www.amazon.com/drag-queen-outfit/s,broken_link
https://www.amazon.com/easytest-chemical-accurate-alkalinity-chlorine/dp/b09msy8blb,text_too_short
https://www.amazon.com/elgato-stream-deck-mini-customizable/dp/b07dyrs1wh,text_too_short
https://www.amazon.com/extracranial-carotid-vertebral-artery-disease/dp/3031747186,text_too_short
https://www.amazon.com/felix-longorias-wake-bereavement-american/dp/0292712499,text_too_short
https://www.amazon.com/free-shipping/s,broken_link
https://www.amazon.com/gmwd-independent-converging-adjustable-equipment/dp/b0d9pvf7rf,text_too_short
https://www.amazon.com/gp/help/customer/display.html,broken_link
https://www.amazon.com/gp/video/splash/device_linking,text_too_short
https://www.amazon.com/handheld-pressurized-accessory-multi-surface-cleaning/dp/b098hzdkxw,text_too_short
https://www.amazon.com/havana-syndrome-psychogenic-illness-hysteria/dp/3030407454,text_too_short
https://www.amazon.com/human-anatomy-physiology-elaine-marieb/dp/0134580990,text_too_short
https://www.amazon.com/imessage-sticker-vinyl-bumper-thick/dp/b09s383zk8,text_too_short
https://www.amazon.com/kingdom-theology-1-dubb-alexander/dp/1737873427,text_too_short
https://www.amazon.com/learn-read-kids-dyslexia-activities/dp/164152104x,text_too_short
https://www.amazon.com/liene-sticker-printer-cutting-machine/dp/b0dhkz3ccl,text_too_short
https://www.amazon.com/logitech-ergonomic-cushioned-comfortable-easy-switch/dp/b0btny72vd,text_too_short
https://www.amazon.com/logitech-wireless-keyboard-touchpad-pc-connected/dp/b014euqogk,text_too_short
https://www.amazon.com/lotus-biscoff-cookie-butter-spread/dp/b005izhxgg,text_too_short
https://www.amazon.com/manna-pro-calf-manna-supplement-50/dp/b000i1r4p0,text_too_short
https://www.amazon.com/mold-stain-remover-gel-cleaner/dp/b0cts8vq85,text_too_short
https://www.amazon.com/ninja-bn401-auto-iq-1100-peak-watt-personal/dp/b08qxj31wr,text_too_short
https://www.amazon.com/oil-leak-sealer-automotive/s,broken_link
https://www.amazon.com/organic-whole-valley-pasteurized-gallon/dp/b081473frx,text_too_short
https://www.amazon.com/pampered-1387-stoneware-personal-pizza/dp/b016hjd2es,text_too_short
https://www.amazon.com/pampered-chef-classic-round-stone/dp/b0011u9u4u,text_too_short
https://www.amazon.com/pool-heaters-above-ground-pools/s,broken_link
https://www.amazon.com/proactive-professional-playing-catch-getting/dp/0692755209,text_too_short
https://www.amazon.com/redeem-gift-card-cards/s,broken_link
https://www.amazon.com/rms-carpathia-triumph-tragedy-titanic/dp/154558589x,text_too_short
https://www.amazon.com/robux-roblox-online-game-code/dp/b07rz74vlr,text_too_short
https://www.amazon.com/shop-points-amazon-rewards-signature/dp/b0bkh8jk9l,text_too_short
https://www.amazon.com/shop-points-amazon-store-rewards/dp/b0bkh3s6zk,text_too_short
https://www.amazon.com/shop-points-bank-america-rewards/dp/b0bb11442s,text_too_short
https://www.amazon.com/slate-tile-sealer-enhancer/s,broken_link
https://www.amazon.com/slate-tile-sealer/s,broken_link
https://www.amazon.com/smaringrobot-blue-painters-tape/dp/b0clcfjgr5,text_too_short
https://www.amazon.com/ssk-external-iphone-android-windows/dp/b0c9j48x93,text_too_short
https://www.amazon.com/stealing-god-atheists-need-their-ebook/dp/b00lpqokh2,text_too_short
https://www.amazon.com/stone-notcher-notch-lightweight-precision/dp/b004zq554g,text_too_short
https://www.amazon.com/sun-art-symbolism-present-christian/dp/b000j460ry,text_too_short
https://www.amazon.com/sun-symbol-power-life/dp/0810938383,text_too_short
https://www.amazon.com/t-fal-ultimate-stainless-filtration-dishwasher/dp/b00nq7qfgm,text_too_short
https://www.amazon.com/the-appguru-mkv-video-player/dp/b01lmu84fy,text_too_short
https://www.amazon.com/trinity-revelation-reading-introduction-interpretation/dp/0567265404,text_too_short
https://www.amazon.com/understanding-church-leadership-basics/dp/1433688921,text_too_short
https://www.amazon.com/voltaren-topical-arthritis-relief-ounce/dp/b084zmmvqs,text_too_short
https://www.amazon.com/voltaren-topical-gel-5-29-ounce/dp/b08h4m2sd6,text_too_short
https://www.amazon.com/wet-forget-application-scrubbing-bleach-free/dp/b01endoj0g,text_too_short
https://www.amazon.com/white-yacht-party-outfit-women/s,broken_link
https://www.amazon.com/zomake-sling-bag-women-chrysanthemum/dp/b083mxlf8f,text_too_short
https://www.amazon.in/install-google-playstore-android-devices-ebook/dp/b096gcddwl,text_too_short
https://www.amazonforum.com/s/question/0d54p00008lk9fssal/why-is-my-echo-show-8-going-dark,broken_link
https://www.amazonforum.com/s/question/0d56q0000aw3bs7sqi/how-do-i-redeem-reward-points,broken_link
https://www.amazonforum.com/s/question/0d56q0000c6godcsqq/why-cant-i-use-credit-card-rewards-to-purchase-items-anymore,broken_link
https://www.amazonforum.com/s/question/0d56q0000cqnhn5sqa/wheres-my-roblox-code,broken_link
https://www.american.edu/sis/centers/security-technology/havana-syndrome.cfm,broken_link
https://www.americanbar.org/groups/diversity/resources/celebrating-heritage-months/celebrating_martin_luther_king_jr,broken_link
https://www.americancruiselines.com/cruises/mississippi-river-cruises,broken_link
https://www.americaneagle.com/insights/blog/post/8-tactics-to-collect-email-addresses-for-marketing,broken_link
https://www.amnesty.org.au/wp-content/uploads/2021/09/aia-inclusive-language-and-events-guide-3.pdf,pdf
https://www.amnh.org/exhibitions/traveling-the-silk-road/take-a-journey,broken_link
https://www.amphenol-aerospace.com/markets/ethernet-switches,broken_link
https://www.amyglenn.com/pols/national%20domestic%20policy%20part%20i.pdf,pdf
https://www.andrews.edu/~rwright/precal/powerpoints/precalculus%2009%20matrices.pptx,broken_link
https://www.androiddata-recovery.com/blog/fix-android-apps-crashing-issue,broken_link
https://www.annuities.pacificlife.com/content/dam/paclife/rsd/annuities/public/forms/maintenance/29517.pdf,pdf
https://www.ansirh.org/sites/default/files/publications/files/the_harms_of_denying_a_woman_a_wanted_abortion_4-16-2020.pdf,pdf
https://www.antarestech.com/community/why-does-my-voice-sound-different-on-a-recording,text_too_short
https://www.anytopic.io/podcast/e34c06ce-8577-4050-b616-007af91b4860,broken_link
https://www.aocd.org,broken_link
https://www.aocd.org/page/eczema,broken_link
https://www.aocd.org/page/urticaria,broken_link
https://www.apa.org/about/apa/equity-diversity-inclusion/language-guidelines,text_too_short
https://www.apa.org/ed/precollege/psn/2022/09/inclusive-language,text_too_short
https://www.apa.org/monitor/2019/05/ce-corner-sidebar,text_too_short
https://www.apa.org/monitor/2022/09/news-facts-abortion-mental-health,text_too_short
https://www.apa.org/monitor/2023/06/abortion-bans-harm-people-of-color,text_too_short
https://www.apa.org/obesity-guideline/estimated-calorie-needs.pdf,pdf
https://www.apa.org/topics/bipolar-disorder/recognizing,text_too_short
https://www.apa.org/topics/children/healthy-eating,text_too_short
https://www.apaservices.org/advocacy/issues/affordable-health-care,text_too_short
https://www.apha.org/getcontentasset/cb56e66c-c541-4ec1-8c90-5e53b0affad1/7ca0dc9d-611d-46e2-9fd3-26a4c03ddcbb/why_do_we_need_the_aca.pdf,pdf
https://www.aphis.usda.gov/sites/default/files/ac-aid-aging-puppies-by-teeth.pdf,pdf
https://www.apmex.com/category/11040/1-4-oz-american-gold-eagle-coins,broken_link
https://www.apmex.com/gold-price,broken_link
https://www.apollo247.com/health-topics/weight-loss-non-surgical/how-to-reduce-neck-fat,broken_link
https://www.arm.gov/publications/other/p012295.pdf,pdf
https://www.armarkat.com/blog/tips-for-flying-with-your-cat,broken_link
https://www.articulatesupport.com/article/how-the-end-of-flash-affects-articulate-apps-and-courses,text_too_short
https://www.articulatesupport.com/article/how-to-find-your-microsoft-windows-version-details,text_too_short
https://www.arvest.com/personal/bank/checking,broken_link
https://www.asdn.org/wp-content/uploads/sprick-materials-1.pdf,pdf
https://www.asha.org/practice-portal/clinical-topics/adult-dysphagia/swallowing-screening,broken_link
https://www.askmrcreditcard.com/chase/amazon/redeem-points,broken_link
https://www.assetinsights.net/articles/what-are-the-different-types-of-maintenance-david-albrice.pdf,pdf
https://www.atggems.com/glass-filled-ruby_discussion.htm,broken_link
https://www.atmos.albany.edu/facstaff/timm/atm315spring14/lectures/class-17.ppt,broken_link
https://www.ato.gov.au/businesses-and-organisations/hiring-and-paying-your-workers/employee-or-independent-contractor/difference-between-employees-and-independent-contractors,broken_link
https://www.atsjournals.org/doi/full/10.1164/rccm.202207-1306ed,broken_link
https://www.atsjournals.org/doi/pdf/10.1513/annalsats.201401-033cc,broken_link
https://www.audacy.com/podcast/pilot-season-dba3c,text_too_short
https://www.autodesk.com/support/technical/article/caas/sfdcarticles/sfdcarticles/licensing-error.html,broken_link
https://www.autodesk.com/support/technical/article/caas/sfdcarticles/sfdcarticles/system-requirements-for-autodesk-fusion-360.html,broken_link
https://www.avsforum.com/answers/how-to-play-mkv-files,broken_link
https://www.avvo.com/legal-answers/can-anyone-notarized-a-will-in-ny-or-does-it-have--2082757.html,broken_link
https://www.avvo.com/legal-answers/can-the-mother-of-my-baby-move-to-a-different-stat-5728339.html,broken_link
https://www.avvo.com/legal-answers/my-girlfriend-baby-mother-is-repeatedly-calling-th-2269345.html,broken_link
https://www.avvo.com/legal-answers/when-wiring-funds-to-closing-company-should-funds--5308027.html,broken_link
https://www.axios.com/local/houston/2025/06/23/delta-8-ban-thc-hemp-cannabis-texas-greg-abbott,broken_link
https://www.axios.com/local/new-orleans/2024/08/27/drew-brees-montana-tree-house-photos,broken_link
https://www.ayatampa.org/editoruploads/files/champs_american_youth_academy__1_.pdf,pdf
https://www.azom.com/news.aspx,broken_link
https://www.bajajallianz.com/blog/wellness/what-is-baby-colic-symptoms-and-treatment.html,broken_link
https://www.bakersplus.com/p/lotus-biscoff-cookies/0002178891629,broken_link
https://www.baneclene.com/professionals/content.aspx,video
https://www.bankofbaroda.in/personal-banking/accounts/saving-accounts,broken_link
https://www.bankofbaroda.in/personal-banking/accounts/saving-accounts/baroda-champ-account,broken_link
https://www.barbraignatiev.com/2014/06/how-to-travel-with-your-cat-on-an-airplane,broken_link
https://www.barrons.com/articles/dow-powell-stocks-inflation-bonds-2f91191f,broken_link
https://www.bates.edu/biology/files/2010/06/how-to-write-guide-v10-2014.pdf,pdf
https://www.baystatehealth.org/articles/understanding-blood-pressure-readings,broken_link
https://www.bbc.co.uk/programmes/articles/2jzg3wt8ljmlfjgykszwxzp/nine-quick-facts-about-the-history-of-timekeeping,broken_link
https://www.bbc.co.uk/programmes/articles/4ljytqnqqfk3wtps3qz62fs/nine-things-not-to-say-to-a-deaf-person,broken_link
https://www.bcg.com,broken_link
https://www.bcm.edu/sites/default/files/a-guide-to-what-and-how-to-eat-non-alcoholic-fatty-liver-disease.pdf,pdf
https://www.bcpharmacy.ca/system/files/assets/content/nexplanon---hcp-tools---patient-brochure-v2-2023.pdf,pdf
https://www.bedfordareamastergardeners.org/pruning-your-butterfly-bushes,broken_link
https://www.behindthesteelcurtain.com/2025/6/23/24454311/bill-cowher-or-mike-tomlin-who-is-better-pittsburgh-steelers-head-coach-chuck-noll,broken_link
https://www.bellinghamherald.com/news/local/article309090605.html,broken_link
https://www.benefits.va.gov,text_too_short
https://www.bestbuy.com/site/computer-cards-components/video-graphics-cards/abcat0507002.c,broken_link
https://www.bestbuy.com/site/networking/hubs-switches/abcat0503012.c,broken_link
https://www.bestbuy.com/site/tech-tips/speeding-up-slow-computer/pcmcat1572290349191.c,broken_link
https://www.betterheadforjerrys.com,broken_link
https://www.bettymills.com/product/others/other_nutrition.pdf,pdf
https://www.bgtl.org.in/article-details.php,broken_link
https://www.bhphotovideo.com/c/buy/network-switches/ci/47413,broken_link
https://www.bhphotovideo.com/c/product/1542319-reg/cyberpowerpc_skmbl200_syber_k1_rgb.html,broken_link
https://www.bib.irb.hr:8443/1099628/download/1099628.2_budiselic_10.pdf,pdf
"https://www.bibleplaces.com/identification_of_cana_of_galilee,_by_j_carl_laney.pdf",pdf
https://www.biblicalcyclopedia.com/c/cana-(kav_).html,broken_link
https://www.bidmc.org/-/media/files/beth-israel-org/centers-and-departments/rehabilitation-services/all_about_constipation_booklet_2016_05_rev.pdf,pdf
https://www.big-strategic.com/blogs/what-is-business-valuation,text_too_short
https://www.bigfigmattress.com/blog/post/history-of-mattresses,text_too_short
https://www.bio.tamu.edu/wp-content/uploads/2020/07/instructions-for-powerpoints-with-presenter-mode-on-zoom.pdf,pdf
https://www.biointeractive.org/sites/default/files/skincolor-educator-film.pdf,pdf
https://www.biologycorner.com/anatomy/ap1_outline.html,broken_link
https://www.birdseye.com,broken_link
https://www.blackdoginstitute.org.au/resources-support/bipolar-disorder/causes,text_too_short
https://www.blackdoginstitute.org.au/resources-support/bipolar-disorder/signs,text_too_short
https://www.blacksinthebible.net/hagardoc.htm,broken_link
https://www.blessed-app.com/article/b_2026,broken_link
https://www.bloomandwild.com/the-blog/birth-month-flowers-guide-whats-my-birth-flower,text_too_short
https://www.bls.gov/news.release/pdf/ecec.pdf,pdf
https://www.bls.gov/ooh/legal/lawyers.htm,broken_link
https://www.bls.gov/opub/mlr/2002/01/art1full.pdf,pdf
https://www.bls.gov/ppi,broken_link
https://www.bluearray.co.uk/news/seo/are-nofollow-links-good-for-seo,broken_link
https://www.bluedevilautocaresolutions.com/blog/how-to-fix-an-oil-leak,broken_link
https://www.bluehost.com/help/article/what-does-my-email-bounce-mean,broken_link
https://www.bluehost.com/help/article/when-to-reboot,broken_link
https://www.bmsaccesssupport.com/assets/commercial/us/bmsaccesssupport/en/pdf/opdivo-qvantig-misc-j-code-flashcard.pdf,pdf
https://www.bnm.gov.my/ccris,broken_link
https://www.bnz.co.nz/business-banking/business-moments/how-to-value-your-business,text_too_short
https://www.boehringer-ingelheim.com/us/human-health/skin-and-inflammatory-diseases/gpp/j-code-issued-spevigo,text_too_short
https://www.bon.texas.gov/faq_nursing_practice.asp.html,broken_link
https://www.bona.com/en-ca/homeowner/how-to/cleaning-stone-tile-and-laminate-flooring,text_too_short
https://www.bowers.org/images/pdf/program-guide.pdf,pdf
https://www.bpzoo.org/wp-content/uploads/2022/09/10-ways-to-be-a-gorilla-hero.pdf,pdf
https://www.bradyid.com/resources/msds-vs-sds,broken_link
https://www.bradyid.com/resources/osha-hazard-communication-standard/safety-data-sheet-guide,broken_link
https://www.briellemag.com/five-reasons-why-you-should-pray-using-scriptures,broken_link
https://www.brighamandwomens.org/assets/bwh/surgery/oral-medicine-and-dentistry/pdfs/coated-hairy-tongue-bwh.pdf,pdf
https://www.britannica.com/question/what-is-martin-luther-king-jr-known-for,broken_link
https://www.britannica.com/summary/buddha-founder-of-buddhism,broken_link
https://www.britannica.com/summary/martin-luther-king-jr,broken_link
https://www.britannica.com/video/how-does-anesthesia-work/-278410,broken_link
https://www.britannica.com/video/teddy-roosevelt-intervention-strike-coalminers-labour-movement-1902/-68532,broken_link
https://www.british-sign.co.uk/british-sign-language/how-to-sign/hello,video
https://www.browardschools.com/cms/lib/fl01803656/centricity/domain/13726/1%20structure_plus%20intro_2019.pdf,pdf
https://www.bryanhealth.com/about-bryan-health/patient-stories/lincoln-man-rebuilds-life-with-help-from-bryan-after-cardiac-arr,broken_link
"https://www.buckinghamcountyva.org/april%2021,%202025%20bos%20pckt.pdf",pdf
https://www.bugbog.com/what-florida-known-for,broken_link
https://www.bunnings.com.au/diy-advice/garden/planting-and-growing/how-to-grow-gladioli,broken_link
https://www.bunnings.com.au/diy-advice/home-improvement/baths-showers-toilets/how-to-apply-bathroom-sealant,broken_link
https://www.bupa.co.uk/health-information/digestive-gut-health/gastric-bypass,broken_link
https://www.bupa.co.uk/health-information/lungs-breathing/pneumonia,broken_link
https://www.bupa.co.uk/health-information/surgery-and-procedures/anaesthesia,broken_link
https://www.bupa.co.uk/newsroom/ourviews/exercise-muscle-cramps,broken_link
https://www.bupa.co.uk/newsroom/ourviews/symptoms-menopause-hot-flushes,broken_link
https://www.burpee.com/blog/encyclopedia__gladiolus-article.html,broken_link
https://www.burpee.com/blog/morning-glories_article11058.html,broken_link
https://www.business-standard.com/health/astrazeneca-vaccine-from-its-origin-to-side-effects-all-you-need-to-know-124043000189_1.html,broken_link
https://www.business-standard.com/india-news/brain-nervous-system-affected-in-cases-principal-of-gmc-on-rajouri-deaths-125012200266_1.html,broken_link
https://www.business-standard.com/lifestyle/swami-vivekananda-death-anniversary-2024-life-death-and-top-quotes-124070400272_1.html,broken_link
https://www.business-standard.com/podcast/companies/what-is-wet-and-dry-lease-of-aircrafts-122101800088_1.html,broken_link
https://www.business-standard.com/social-viral/swami-vivekananda-s-death-anniversary-everything-you-need-to-know-123070400276_1.html,broken_link
https://www.business-standard.com/the-morning-show/video/decoded/what-is-wet-and-dry-lease-of-aircraft-1644.htm,broken_link
https://www.buyskinrecipe.com/assets/landing,broken_link
https://www.bydfi.com/en/questions/what-is-the-meaning-of-the-double-top-pattern-in-cryptocurrency-trading,broken_link
https://www.ca-ilg.org/sites/main/files/file-attachments/building_citizen_involvement_excerpt_0.pdf,pdf
https://www.cables-solutions.com/what-is-an-ethernet-switch-and-how-to-use-it.html,broken_link
https://www.cabletv.com/sling-tv/channels,broken_link
https://www.cabletv.com/sling-tv/packages,broken_link
https://www.cabletv.com/sling-tv/what-to-watch,broken_link
https://www.cadl.org/application/files/9915/3211/6400/ti84_plus_ce_gettingstarted_en.pdf,pdf
https://www.cairntalk.net/topic/15479-flea-bath,broken_link
https://www.cajonvalley.net/cms/lib/ca01902277/centricity/moduleinstance/29274/community%20update-mes%20english%20final.pdf,pdf
https://www.calacademy.org/sites/default/files/assets/docs/pdf/001_ruminatingpacket.pdf,pdf
https://www.callofdutyleague.com,text_too_short
https://www.callrail.com/blog/what-is-crawling-and-indexing,text_too_short
https://www.calranch.com/products/pet-animal/livestock/supplements/calf-manna-multi-species-performance-supplement-25-lb-bag-mapp1000102,broken_link
https://www.cambridge.org/core/books/cambridge-economic-history-of-china/silk-road-trade-and-foreign-economic-influences/5e78c1ad78185826da1255892c5a8639,broken_link
https://www.cambridge.org/core/journals/bjpsych-advances/article/thought-disorder/75a8224525eeba15860c1303e89444cc,broken_link
https://www.camh.ca/-/media/health-info-files/guides-and-publications/bipolar-guide-en.pdf,pdf
https://www.capitecbank.co.za/personal/transact/open-an-account,broken_link
https://www.capterra.com/resources/create-a-catchy-slogan-for-your-small-business,broken_link
https://www.casa.gov.au/sites/default/files/2024-01/principle-ops-24-aircraft-leasing-arrangements.pdf,pdf
https://www.caseys.com/menu/c/pizza,broken_link
https://www.casgevyhcp.com/sites/default/files/coding-and-billing-guide.pdf,pdf
https://www.cashcourse.org/topics/protect/insurance/understanding-the-affordable-care-act,broken_link
https://www.cato.org/commentary/scapegoating-fed-chair-interest-rates-wont-fix-economy,text_too_short
https://www.cbpp.org/research/health/entering-their-second-decade-affordable-care-act-coverage-expansions-have-helped,broken_link
https://www.cbpp.org/research/state-budget-and-tax/roundup-state-budgets-increasingly-strained-as-house-senate,broken_link
https://www.cbs42.com/sports/former-steelers-coach-cowher-elected-to-pro-football-hof,broken_link
https://www.ccleaner.com/knowledge/how-to-check-graphics-cards-in-windows-10,text_too_short
https://www.ccleaner.com/knowledge/how-to-check-what-version-of-windows-you-have,text_too_short
https://www.ccleaner.com/knowledge/windows-11-how-to-find-out-if-your-pc-is-compatible,text_too_short
https://www.cdc.gov.tw/file/get/qarefffxac-yodw2dhoqew,text_too_short
https://www.cdc.gov/growthcharts/data/set1clinical/cj41c022.pdf,pdf
https://www.cdc.gov/growthcharts/data/set2clinical/cj41c071.pdf,pdf
https://www.cdph.ca.gov/cdph%20document%20library/controlledforms/vs24b.pdf,pdf
https://www.cdph.ca.gov/programs/ccdphp/deodc/ehlb/iaq/cdph%20document%20library/mmimh_112017_ada.pdf,pdf
https://www.cdph.ca.gov/programs/ccdphp/deodc/ohb/hesis/cdph%20document%20library/molds.pdf,pdf
https://www.cdph.ca.gov/programs/cid/dcdc/cdph%20document%20library/pubicliceinformation.pdf,pdf
https://www.cdph.ca.gov/programs/opg/cdph%20document%20library/cbt-patient-workbook.pdf,pdf
https://www.centralcoastpediatrics.net/crying-and-your-baby-how-to-calm-a-fussy-or-colick,broken_link
https://www.centralillinoisproud.com/news/top-stories/smart-thermostats-help-summer-heats,broken_link
https://www.cerritos.edu/chemistry/_includes/docs/chem_112/answer_keys/organic%20nomenclature%20exam%204.pdf,pdf
https://www.cerritos.edu/chemistry/chem_100/handouts/100namingprackeys12.pdf,pdf
https://www.cet.edu.in/noticefiles/285_oops%20lecture%20notes%20complete.pdf,pdf
https://www.cga.ct.gov/2002/rpt/2002-r-0149.htm,broken_link
https://www.cgdev.org/publication/roots-policy-incoherence-domestic-policy-global-public-goods-and-international,broken_link
https://www.chabad.org/parshah/article_cdo/aid/4171660/jewish/who-was-keturah-and-why-did-abraham-marry-her.htm,broken_link
https://www.chartmill.com/documentation/technical-analysis/chart-patterns/413-double-top,text_too_short
https://www.chathamhouse.org/topics/us-domestic-politics,broken_link
https://www.chegg.com/homework-help/questions-and-answers/re-asking-favor-s-first-important-explain--q85608438,broken_link
https://www.chegg.com/homework-help/questions-and-answers/re-asking-favor-s-first-important-explain-select-answer-person-owes-penalty-power-dynamics-q85615356,broken_link
https://www.chegg.com/homework-help/questions-and-answers/specific-advantage-purchasing-guaranteed-minimum-withdrawal-benefit-gmwb-annuity-rider-gua-q221943606,broken_link
https://www.chegg.com/writing/guides/research/control-variables,broken_link
https://www.chem.uiuc.edu/genchemreferences/nomenclature_rules.html,broken_link
https://www.cherokeefeedandseed.com/product/calf-manna-performance-supplement,broken_link
https://www.cheshirehorse.com/p/manna-pro-calf-manna-multi-species-performance-supplement/kw50616.html,broken_link
https://www.cheyennebopu.org/home,broken_link
https://www.childrens.health.qld.gov.au/health-a-to-z/thrush-in-babies,broken_link
https://www.childrenshealthpartners.com/thrush,broken_link
https://www.childrenshospital.org/sites/default/files/media_migration/6c734cc1-5dc3-4f30-b786-2540bb89ba24.pdf,pdf
https://www.chillblast.com/blog/what-power-supply-do-you-need-for-the-nvidia-rtx-4090,broken_link
https://www.chinahighlights.com/travelguide/chinese-zodiac,broken_link
https://www.chrisgiovanni.com/my-blog/2018/10/15/how-to-catch-your-next-talent-manager,broken_link
https://www.chron.com/news/politics/article/former-top-aide-to-jill-biden-is-subpoenaed-by-20395916.php,broken_link
https://www.circlehealthgroup.co.uk/health-matters/your-body/calf-cramping-at-night,broken_link
https://www.cisco.com/c/en/us/support/docs/smb/routers/cisco-rv-series-small-business-routers/smb2957-setup-a-pptp-vpn-connection-on-a-windows-pc-with-rv016-rv042.pdf,pdf
https://www.cisco.com/c/en/us/support/docs/smb/routers/cisco-rv-series-small-business-routers/smb4359-configure-point-to-point-tunneling-protocol-pptp-server-on-r.pdf,pdf
https://www.cityofpsl.com/government/your-city-government/departments/utility-systems,broken_link
https://www.ck12.org/flexi/earth-science/earths-core/how-many-miles-thick-is-the-earth's-inner-core,broken_link
https://www.ck12.org/flexi/earth-science/earths-core/how-thick-is-earth's-inner-core,broken_link
https://www.ck12.org/flexi/earth-science/earths-core/how-thick-is-the-earth's-inner-core,broken_link
https://www.clarkpodiatry.com/treating-dry-feet-through-basic-foot-care,broken_link
https://www.cliffsnotes.com/study-guides/calculus/calculus/integration/definite-integrals,broken_link
https://www.cliffsnotes.com/study-guides/history/us-history-ii/politics-farming-empire-18761900/domestic-politics,broken_link
https://www.cliffsnotes.com/study-notes/22340905,broken_link
https://www.cliffsnotes.com/study-notes/22493966,broken_link
https://www.cliffsnotes.com/study-notes/3427538,broken_link
https://www.cliffsnotes.com/study-notes/5391741,broken_link
https://www.clinicalkey.com,text_too_short
https://www.clownfishvoicechanger.net,broken_link
https://www.cms.gov/files/document/payment-year-2019-radv-audits-methods-and-instructions-6-26-25.pdf,pdf
https://www.cms.gov/files/document/qso-25-20-nh.pdf,pdf
https://www.cms.gov/medicare/new-medicare-card/outreach-and-education/4-26-19-nmc-conference-card.pdf,pdf
https://www.cnet.com/videos/turn-your-android-phone-into-a-webcam,broken_link
https://www.cnn.com/allpolitics/1998/07/06/notch,broken_link
https://www.cnn.com/cnn-underscored/beauty/rosemary-oil-for-hair-growth,broken_link
https://www.cnn.com/cnn-underscored/deals/4th-of-july-mattress-sales-2025-06-25,broken_link
https://www.cnyhomepage.com/news/business-news/ap-stock-market-today-asia-shares-trade-mixed-as-china-benchmarks-surge-while-others-slip,broken_link
https://www.coastalag.com/calf-manna-10-lb,text_too_short
https://www.coinglass.com/pro/i/rsiheatmap,broken_link
https://www.colgate.ie/oral-health/infant-oral-care/oral-thrush-in-babies-causes-symptoms-and-treatment,broken_link
https://www.collegeinformationpackets.com,broken_link
https://www.collinsdictionary.com/us/dictionary/english/as-such,broken_link
https://www.collinsdictionary.com/us/dictionary/english/buddha,broken_link
https://www.collinsdictionary.com/us/dictionary/english/catchy-slogan,broken_link
https://www.collinsdictionary.com/us/dictionary/english/champ,broken_link
https://www.collinsdictionary.com/us/dictionary/english/chesterfield,broken_link
https://www.collinsdictionary.com/us/dictionary/english/employee,broken_link
https://www.collinsdictionary.com/us/dictionary/english/maintenance,broken_link
https://www.collinsdictionary.com/us/dictionary/english/mono,broken_link
https://www.collinsdictionary.com/us/dictionary/english/notch-baby,broken_link
https://www.collinsdictionary.com/us/dictionary/english/snore-loudly,broken_link
https://www.collinsdictionary.com/us/english-language-learning/as-such,broken_link
https://www.colorado-family-law.com/parenting-custody/bad-co-parenting-kill-child-custody-case,broken_link
https://www.computerhistory.org/timeline/computers,broken_link
https://www.computerhope.com/issues/ch000808.htm,broken_link
https://www.computerhope.com/issues/ch000930.htm,broken_link
https://www.computerhope.com/issues/ch001229.htm,broken_link
https://www.computerhope.com/issues/ch001734.htm,broken_link
https://www.concordia.ca/content/dam/jmsb/docs/formula-growth/excel%20shortcut%20list.pdf,pdf
https://www.congress.gov/111/plaws/publ148/plaw-111publ148.pdf,pdf
https://www.congress.gov/118/meeting/house/116708/documents/hmkp-118-ed00-20240110-sd004.pdf,pdf
https://www.congress.gov/crs-product/rs22678,broken_link
https://www.congressionalresearch.com/rs22678/document.php,broken_link
https://www.conservation.ca.gov/cgs/documents/education-resources/tf_1112_2000.pdf,pdf
https://www.constantcontact.com/blog/business-slogans,broken_link
https://www.constantcontact.com/blog/data-collection-for-email-segmentation,broken_link
https://www.constantcontact.com/blog/hard-bounces-vs-soft-bounces-whats-the-difference,broken_link
https://www.cooks.com/recipe/z42w60pb/menudo.html,broken_link
https://www.cool.osd.mil/army/credential/index.html,broken_link
https://www.copilot.com/blog/wix-client-portal,broken_link
https://www.copytrans.net/support/how-to-disable-icloud-photo-library-on-iphone,broken_link
https://www.copytrans.net/support/i%d1%81loud-photos-not-syncing,broken_link
https://www.coreknowledge.org/wp-content/uploads/2024/04/labb_hg_g8u7_c1_themodernera_wtnk_w1.pdf,pdf
https://www.costarastrology.com/zodiac-signs,text_too_short
https://www.counton2.com/news/good-question-what-is-the-difference-between-waxing-and-waning-moons,broken_link
https://www.counton2.com/politics/ap-politics/ap-former-top-aide-to-jill-biden-is-subpoenaed-by-house-oversight-panel,broken_link
https://www.countrydoor.com/blog/tips-solutions/how-to-measure-a-window-for-curtains,broken_link
https://www.coursehero.com/file/109387777/the-longoria-affair-student-handoutdocx,broken_link
https://www.coursehero.com/file/146897004/the-longoria-affairdocx,broken_link
https://www.coursehero.com/file/179019981/ipps-a-us-army-check-on-learning-terms-qs-n-linkdocx,broken_link
https://www.coursehero.com/file/188166105/3-1-discussion-the-failure-of-marketing,broken_link
https://www.coursehero.com/file/36989110/bedsideswallowingevalpdf,broken_link
https://www.coursehero.com/tutors-problems/communications/38063129-when-youre-asking-for-a-favor-its-first-important-to-explain,text_too_short
https://www.coursehero.com/tutors-problems/managerial-accounting/36931779-prepare-and-interpret-a-cost-volume-profit-cvp-graph-,broken_link
https://www.coursesidekick.com/accounting/study-guides/tcc-managacct2x1xmaster/the-income-equation-and-contribution-margin-techniques,broken_link
https://www.coursesidekick.com/communications/1479657,text_too_short
https://www.courts.wa.gov/opinions/pdf/401928_unp.pdf,pdf
https://www.cpp.edu/eoda-hr/departments/strategic-learning/resource-hub/virtual-instruction-remote-work/documents/adobe-pro-job-aids.pdf,pdf
https://www.cpsd.us/departments/office_of_student_services/news__updates/how_to_develop_task_initiation_in_children,broken_link
https://www.craftonhills.edu/faculty-and-staff/personal-pages/shellerman/polit-100-american-politics/documents/govt-10-test-bank/chapter-15-domestic-policy.pdf,pdf
https://www.creditinfo.gov.ph/about-your-cic-credit-report,text_too_short
https://www.creditkarma.co.uk,text_too_short
https://www.cs.princeton.edu/courses/archive/spr04/cos598b/bib/mcsherry-svd.pdf,pdf
https://www.cs.princeton.edu/~smattw/teaching/fa19lectures/lec11/lec11.pdf,pdf
https://www.csopartnership.org/184449681.shtml,broken_link
https://www.csus.edu/indiv/p/pforsichh/documents/cvp.pdf,pdf
https://www.csus.edu/indiv/p/pforsichh/documents/cvpanalysisvideoslides_002.pdf,pdf
https://www.ctia.org/ios-robocall-blocking,broken_link
https://www.ctpost.com/news/politics/article/zohran-mamdani-s-wife-rama-duwaji-is-an-animator-20394353.php,broken_link
https://www.currys.co.uk/techtalk/computing/how-to-check-windows-version.html,broken_link
https://www.currys.co.uk/techtalk/kitchen-and-home/cooker-tips/how-to-clean-glass-oven-door.html,broken_link
https://www.curseforge.com/ark-survival-ascended/mods/shiny-ascended,broken_link
https://www.curseforge.com/minecraft/mc-mods/lets-do-farm-charm,broken_link
https://www.curseforge.com/minecraft/mc-mods/untamedwilds,broken_link
https://www.curseforge.com/minecraft/modpacks/immersed-with-shaders,broken_link
https://www.cuyamaca.edu/student-support/tutoring-center/files/student-resources/bus121-ch7-vocab.pdf,pdf
https://www.cuyamaca.edu/student-support/tutoring-center/files/student-resources/iupac_handout.pdf,pdf
https://www.cvs.com/shop/one-other-perfect-pedicure-kit-prodid-406618,broken_link
https://www.cwtv.com,broken_link
https://www.cytivalifesciences.com/en/us/support/documentation/safety-data-sheets,broken_link
https://www.daijiworld.com/news/newsdisplay,broken_link
https://www.dailymail.co.uk/femail/relationships/article-11751251/sophie-cachia-reveals-lesbians-fast-relationships.html,broken_link
https://www.dailymotion.com/video/x8awabv,broken_link
https://www.dailymotion.com/video/x8n3ehb,broken_link
https://www.dalvanceconnects.com/resource/1734658432000/files/codingandbillingguide.pdf,pdf
https://www.datocms-assets.com/146580/1750797140-wholesale-gas-price-survey-2025-edition.pdf,pdf
https://www.dau.edu/acquipedia-article/schedule-variance-sv,broken_link
https://www.davidsbridal.com/product/personalized-wedding-shower-goodie-bags-set-of-12-eb2358ws,broken_link
https://www.dca.org.au/wp-content/uploads/2023/06/dca_wordsatwork_overall_guide.pdf,pdf
https://www.dcnewsnow.com/news/local-news/washington-dc/workers-sling-seafood-in-sweltering-heat-at-southwest-dcs-historic-fish-market,broken_link
https://www.dconc.gov/county-departments/departments-a-e/budget-management-services/current-fiscal-year-budget-summary,broken_link
https://www.dcwater.com/sites/default/files/document/2025-06/documents/2025_ccr_final.pdf,pdf
https://www.dea.gov/sites/default/files/2018-07/dir-020-17%20drug%20slang%20code%20words.pdf,pdf
https://www.dea.gov/sites/default/files/2020-06/ketamine-2020.pdf,pdf
https://www.deadiversion.usdoj.gov/drug_chem_info/propofol.pdf,pdf
https://www.deaffriendly.com/media/uploads/10tipsdeaffriendlyb&wfinal.pdf,pdf
https://www.deaffriendly.com/media/uploads/10tipsdeaffriendlyfinal2016.pdf,pdf
https://www.dechert.com/content/dam/dechert%20files/knowledge/publication/2019/6/wetleaseagreementsandcompetitionlaw.pdf,pdf
https://www.defense.gov/news/contracts/contract/article/4227676,broken_link
https://www.dell.com/community/en/conversations/inspiron/how-can-i-find-the-right-battery-to-replace-in-a-laptop/647fa3b3f4ccf8a8de9a3af9,broken_link
https://www.dell.com/community/en/conversations/inspiron/window-11-now-saying-my-windows-has-reach-its-end-of-service/67673f611685b47533d6cab8,broken_link
https://www.dell.com/community/en/conversations/windows-general/changing-administrator-name/647e8afcf4ccf8a8dedb0a93,broken_link
https://www.dell.com/community/general/battery-need-to-be-replaced/m-p/3944728,broken_link
https://www.dell.com/community/general/can-you-repair-a-dead-laptop-battery/td-p/492021,broken_link
https://www.dell.com/en-us/shopping/ethernet-network-switches,broken_link
https://www.dell.com/support/contents/en-us/videos/videoplayer/check-your-laptop-battery-health/6079778525001,broken_link
https://www.dell.com/support/contents/en-us/videos/videoplayer/how-to-enable-secure-boot/6333794882112,broken_link
https://www.dell.com/support/contents/en-us/videos/videoplayer/how-to-remove-a-latitude-3400-battery/6171917309001,broken_link
https://www.dell.com/support/contents/en-us/videos/videoplayer/how-to-remove-a-latitude-5400-battery/6171916027001,broken_link
https://www.dell.com/support/contents/en-us/videos/videoplayer/how-to-remove-and-reinstall-battery-for-latitude-3420/6365162693112,broken_link
https://www.dell.com/support/contents/en-us/videos/videoplayer/how-to-remove-the-battery-in-your-dell-inspiron-7570/6149713322001,broken_link
https://www.dell.com/support/contents/en-us/videos/videoplayer/how-to-remove-the-battery-in-your-dell-latitude-5490/6147525852001,broken_link
https://www.dell.com/support/contents/en-us/videos/videoplayer/how-to-remove-the-battery-in-your-dell-latitude-5580/6147534024001,broken_link
https://www.dell.com/support/contents/en-us/videos/videoplayer/how-to-remove-the-battery-in-your-dell-latitude-e5570/6147545066001,broken_link
https://www.dell.com/support/contents/en-us/videos/videoplayer/how-to-remove-the-battery-in-your-dell-latitude-e7470/6147545072001,broken_link
https://www.dell.com/support/contents/en-us/videos/videoplayer/how-to-replace-a-dell-laptop-battery/6308381932112,broken_link
https://www.dell.com/support/contents/en-us/videos/videoplayer/how-to-replace-battery-4-cell-on-latitude-3520/6365849077112,broken_link
https://www.dell.com/support/contents/en-us/videos/videoplayer/how-to-replace-the-battery-4-cell-on-latitude-7420/6368383162112,broken_link
https://www.dell.com/support/contents/en-us/videos/videoplayer/how-to-replace-the-battery-in-your-dell-inspiron-7560/6149713321001,broken_link
https://www.dell.com/support/contents/en-us/videos/videoplayer/how-to-replace-the-battery-in-your-dell-latitude-5280/6147532567001,broken_link
https://www.dell.com/support/contents/en-us/videos/videoplayer/how-to-replace-the-battery-in-your-dell-latitude-5480/6147532691001,broken_link
https://www.dell.com/support/contents/en-us/videos/videoplayer/how-to-replace-the-battery-in-your-dell-latitude-e7270/6147544561001,broken_link
https://www.dell.com/support/contents/en-us/videos/videoplayer/how-to-replace-the-battery-on-latitude-5420/6367710089112,broken_link
https://www.dell.com/support/contents/en-us/videos/videoplayer/how-to-replace-the-battery-on-latitude-7480/6149715310001,broken_link
https://www.dell.com/support/kbdoc/en-au/000190116/how-to-enable-secure-boot-on-your-dell-device,broken_link
https://www.dell.com/support/kbdoc/en-uk/000175212/dell-laptop-battery-frequently-asked-questions,broken_link
https://www.dell.com/support/kbdoc/en-us/000113418/how-to-find-the-windows-10-version-number-using-the-iso-file,broken_link
https://www.dell.com/support/kbdoc/en-us/000123069/how-to-troubleshoot-dell-laptop-battery-issues,broken_link
https://www.dell.com/support/kbdoc/en-us/000123808/dell-notebook-battery-warranty-support,broken_link
https://www.dell.com/support/kbdoc/en-us/000131940/how-to-use-command-prompt-to-verify-install-date-of-microsoft-windows,broken_link
https://www.dell.com/support/kbdoc/en-us/000175212/dell-laptop-battery-frequently-asked-questions,broken_link
https://www.dell.com/support/kbdoc/en-us/000190116/how-to-enable-secure-boot-on-your-dell-device,broken_link
https://www.dell.com/support/kbdoc/en-us/000192071/how-to-change-the-windows-11-taskbar-alignment,broken_link
https://www.dell.com/support/kbdoc/en-us/000193571/windows-11-incorrect-os-version-reported,broken_link
https://www.dell.com/support/manuals/en-us/latitude-e5470-laptop/latitudee5470_om/removing-the-battery,broken_link
https://www.dentalone-md.com/blog/learn-the-causes-of-a-coated-tongue,text_too_short
https://www.deped.gov.ph/wp-content/uploads/2017/08/do_s2017_042-1.pdf,pdf
https://www.deped.gov.ph/wp-content/uploads/2019/01/general-chemistry-1-and-2.pdf,pdf
https://www.derbyshiremedicinesmanagement.nhs.uk/assets/clinical_guidelines/formulary_by_bnf_chapter_prescribing_guidelines/bnf_chapter_5/oral_thrush_in_babies.pdf,pdf
https://www.dewaporn.com.hudsonbooksellers.com/book/9781939110213,broken_link
https://www.dhgate.com/goods/1005425489.html,broken_link
https://www.dhgate.com/goods/882911100.html,broken_link
https://www.dhgate.com/goods/908953454.html,broken_link
https://www.dictionary.com/browse/mono-,broken_link
https://www.dietaryguidelines.gov/sites/default/files/2020-12/dietary_guidelines_for_americans_2020-2025.pdf,pdf
https://www.differencebetween.com/difference-between-waxing-and-vs-waning-moon,broken_link
https://www.dollartree.com/party-supplies/wedding-bridal-showers,text_too_short
https://www.dollartree.com/seasons-occasions/garden-supplies,text_too_short
https://www.dominicanajournal.org/does-god-love-some-people-more-than-others,broken_link
https://www.dominos.com/en/about-pizza/pizzeria,text_too_short
https://www.dominos.com/en/pages/content/customer-service/glutenfreecrust,text_too_short
https://www.donrockwell.com/topic/162-canned-tomatoes,broken_link
https://www.dpreview.com/forums/thread/2116230,broken_link
https://www.drink-milk.com/wp-content/uploads/2018/08/organic-milk-faq.pdf,pdf
https://www.droracle.ai/articles/110185/symptoms-to-watch-for-in-early-rising-potassium,text_too_short
https://www.droracle.ai/articles/162512/can-you-use-prednisone-for-severe-eczema,text_too_short
https://www.droracle.ai/articles/43624/low-triglyceride-20-yo,text_too_short
https://www.droracle.ai/articles/73952/how-to-describe-bipolar-2,text_too_short
https://www.droracle.ai/articles/98459/symptoms-of-high-potassium-,text_too_short
https://www.droracle.ai/articles/99069/nexplanon-replaced-how-many-years,text_too_short
https://www.droracle.ai/articles/9907/ms-drugs-brand-names,text_too_short
https://www.drwooten.com/blog/tooth-extraction-when-to-drink-coffee-and-alternatives-for-coffee,broken_link
https://www.dshs.texas.gov/sites/default/files/region1/documents/public-lice-fact-sheet.pdf,pdf
https://www.dshs.texas.gov/sites/default/files/vs/doc/correcting-birth-certificate-vs-170.pdf,pdf
https://www.dtsc-ssfl.com/files/lib_rcra_soils/group_viii/historical_docs/pdf/hdmse00445106.pdf,pdf
https://www.duckdonuts.com/menu,text_too_short
https://www.dunnesstoresgrocery.com/product/dunnes-stores-simply-better-italian-whole-peeled-tomatoes-400g-id-100878096,broken_link
https://www.durhamtech.edu/sites/default/files/course_outlines/bio168_1.pdf,pdf
https://www.dws.state.nm.us/portals/3/pdf/full_packet_employers_reduced.pdf,pdf
https://www.dws.state.nm.us/unemployment,broken_link
https://www.e-physioneeds.com/blog/unveiling-the-side-effects-of-dry-needling,text_too_short
https://www.earnedschedule.com/docs/forecasting%20schedule%20variance%20using%20earned%20schedule.pdf,pdf
https://www.easternshorehyundai.com/car-oil-leaks-why-they-happen-and-how-to-fix-them,broken_link
https://www.eatforhealth.gov.au/nutrition-calculators/daily-energy-requirements-calculator,broken_link
https://www.eatsimsim.com/what-is-a-shawarma,broken_link
https://www.ebay.com/itm/384708234539,broken_link
https://www.ebay.com/shop/pampered-chef-pizza-stone,broken_link
https://www.ebay.com/str/farmsteadgoods,broken_link
https://www.ebi.ac.uk/chebi/searchid.do,broken_link
https://www.ed.gov/sites/ed/files/about/overview/budget/budget24/summary/24summary.pdf,pdf
https://www.edhs.org/ourpages/auto/2012/5/14/49799030/textbook%20pages%20371-375.pdf,pdf
https://www.education.gov.au/higher-education-loan-program/20-reduction-student-loan-debt,broken_link
https://www.education.gov.au/higher-education-loan-program/20-reduction-student-loan-debt/faqs-20-reduction-all-outstanding-help-loan-debt,broken_link
https://www.education.gov.au/higher-education/commonwealth-prac-payment,broken_link
https://www.education.gov.in/sites/upload_files/mhrd/files/nep_final_english_0.pdf,pdf
https://www.eduhk.hk/ocio/content/faq-how-share-file-or-folder-onedrive,broken_link
https://www.eetgroup.com/en-eu/jg75f-dell-battery-68whr-4-cell-lithium-ion-wid-w125714350,broken_link
https://www.efficiencyvermont.com/media/default/bbd/2020/docs/presentations/understanding-dew-point-calculations-bbd-2020.pdf,pdf
https://www.efinancialmodels.com/transform-your-approach-with-excel-cvp-chart-advanced-techniques,broken_link
https://www.ehealthinsurance.com/medicare/managing-medicare/my-medicare-number-everything-you-need-to-know,broken_link
https://www.ehealthinsurance.com/medicare/parts/how-can-i-check-to-see-if-i-have-medicare,broken_link
https://www.ehealthinsurance.com/resources/affordable-care-act/understanding-the-aca,broken_link
https://www.ehs.uci.edu/enviro/haz-waste/_pdf/dtsc-hazardous-waste-identification.pdf,pdf
https://www.ejcrim.com/index.php/ejcrim/article/view/2145/2502,text_too_short
https://www.electronics-tutorials.ws/accircuits/power-in-ac-circuits.html,broken_link
https://www.elektroda.com/rtvforum/topic3766946.html,broken_link
https://www.elektroda.com/rtvforum/topic396828.html,broken_link
https://www.ellisguilfordschool.org.uk/wp-content/uploads/2024/12/squid-game-parent-factsheet.pdf,pdf
https://www.elpolloloco.com/content/pdfs/epl_web_nutrition_guide_mod_6_2019-1.pdf,pdf
https://www.ema.europa.eu/en/documents/other/abbreviations-used-ema-scientific-committees-coordination-group-mutual-recognition-decentralised-procedures-cmd-documents-relation-emas-regulatory-activities_en.pdf,pdf
https://www.employeeexpress.gov,broken_link
https://www.empowordjournalism.com/all-articles/10-of-the-best-side-dishes-to-pair-with-lobster,broken_link
https://www.endthebacklog.org/blog/forensic-genetic-genealogy-a-new-tool-with-meaningful-impact,text_too_short
https://www.english-chesterfields.co.uk/history-of-the-chesterfield,broken_link
https://www.epa.gov/sites/default/files/2020-09/documents/1.4_natural_gas_combustion.pdf,pdf
https://www.epcounty.com/hr/documents/policies/notary%20policy%20-%20final%202.20.19.pdf,pdf
https://www.epi.org,broken_link
https://www.epicgames.com/help/en-us/c-category_fortnite/c-fortnite_technicalsupport,broken_link
https://www.epicgames.com/help/en-us/c-category_technicalsupport/c-technicalsupport_generalsupport/how-do-i-redeem-a-code-to-my-epic-games-account-a000084732,broken_link
https://www.erowid.org/references/refs_view.php,broken_link
https://www.esafety.gov.au/newsroom/blogs/squid-game-shows-need-check-what-your-child-watching,broken_link
https://www.esht.nhs.uk/wp-content/uploads/2021/06/0919.pdf,pdf
https://www.espn.com/nfl/news/story,broken_link
https://www.essentracomponents.com/en-us/news/industries/generators/how-does-a-generator-work-and-more-q-as,broken_link
https://www.etsy.com/ca/listing/1836606613/ios18-custom-emojis-stickers-pack-iphone,broken_link
https://www.etsy.com/listing/1163765088/how-to-become-a-texas-notary-public-on,broken_link
https://www.etsy.com/listing/1338443199/ios-18-imessage-sticker-pack-playful,broken_link
https://www.etsy.com/listing/1778453634/custom-makeup-bag-cosmetic-bag,broken_link
https://www.etsy.com/market/bridal_shower_favors,broken_link
https://www.etsy.com/market/glass_filled_ruby,broken_link
https://www.etsy.com/market/imessage_stickers,broken_link
https://www.eufymake.com,text_too_short
https://www.eufymake.com/eufymake-uv-printer-e1,text_too_short
https://www.euroautopro.com.au/post/volkswagen-ac-refrigerant-a-comprehensive-guide,broken_link
https://www.europeanreview.org/wp/wp-content/uploads/9660-9667.pdf,pdf
https://www.everycrsreport.com/files/20110211_rs22678_7ba168fcda12f068eeb5b7aa220f4b20f375be9e.pdf,pdf
https://www.everycrsreport.com/reports/rl33529.html,broken_link
https://www.everycrsreport.com/reports/rs22678.html,broken_link
https://www.everythinglubbock.com/news/politics/ap-former-top-aide-to-jill-biden-is-subpoenaed-by-house-oversight-panel,broken_link
https://www.exitlag.com/blog/how-to-tame-a-cat-in-minecraft,broken_link
https://www.expii.com/t/what-are-whole-numbers-9011,text_too_short
https://www.extendoffice.com/documents/excel/5822-excel-remove-rows-with-errors.html,broken_link
https://www.extendoffice.com/download/kutools-for-excel.html,broken_link
https://www.extendoffice.com/excel/829-excel-split-first-last-name.html,broken_link
https://www.extendoffice.com/excel/formulas/excel-combine-text-and-date.html,broken_link
https://www.extendoffice.com/excel/formulas/extract-first-and-last-name.html,broken_link
https://www.faa.gov/sites/faa.gov/files/2021-11/gadryleasingguide.pdf,pdf
https://www.faa.gov/sites/faa.gov/files/about/office_org/field_offices/ifo/part%2520129%2520wet%2520lease%2520requirements.pdf,pdf
https://www.facebook.com/100067647559665/videos/how-to-grow-blewit-mushrooms-easily-from-specimens-found-outside-letsgrow-propag/216789213319459,text_too_short
https://www.facebook.com/100067647559665/videos/river-teacher-psilocybe-ovoideocystidiata-will-become-a-gardeners-best-friend-in/3219443651708724,text_too_short
https://www.facebook.com/100070767406538/posts/amazing-formula-to-eliminate-all-fleas-and-insects-from-your-pet/682139194154988,text_too_short
https://www.facebook.com/100083278625851/videos/ever-heard-of-glass-filled-but-not-sure-what-it-means-heres-a-quick-breakdown-fo/1251761085871461,text_too_short
https://www.facebook.com/100091756081292/videos/best-hack-flea-help-with-how-to-get-rid-of-the-fleas-cleaning-solution-how-to-cl/1194915971839215,text_too_short
https://www.facebook.com/100092405236542/posts/my-baby-mama-thought-5000-per-month-in-child-support-could-pin-me-down-so-i-paid/589230724167097,text_too_short
https://www.facebook.com/23andme/videos/millennial-by-age-gen-z-by-heart-just-got-my-biological-age-results-and-im-offic/1111774630611915,text_too_short
https://www.facebook.com/3m/videos/history-of-sticky/2004452782919034,text_too_short
https://www.facebook.com/61555224193537/videos/how-to-keep-bugs-away-from-plants-plants-planttips-garden-gardening-gardening101/2330555530612217,text_too_short
https://www.facebook.com/957therock/videos/gen-z-can-tell-your-age-by-your-namegenz-millenials-genx-boomers/1012164107207297,text_too_short
https://www.facebook.com/abcphce/videos/how-do-generators-work/217027676898807,text_too_short
https://www.facebook.com/accesshollywood/videos/teen-mom-2s-leah-messer-her-bf-jason-jordan-split-up/2186234494978021,text_too_short
https://www.facebook.com/airexploreairlines/videos/in-the-aviation-industry-%ef%b8%8f-airlines-often-lease-aircraft-to-meet-operational-nee/1145504820585992,text_too_short
https://www.facebook.com/algodonescustomdentalart/videos/a-coated-tongue-also-known-as-a-white-tongue-or-coated-tongue-is-a-condition-whe/995130122393652,text_too_short
https://www.facebook.com/alivewellnessclinics/videos/how-to-know-your-actual-biological-ageits-simple-take-the-biological-age-test-at/1659596591259356,text_too_short
https://www.facebook.com/alphapawofficial/videos/does-your-dog-need-this-vaccine/175608537936837,text_too_short
https://www.facebook.com/ambersflockhomestead/videos/lets-talk-about-sexing-rabbitsif-you-dont-know-what-this-means-its-what-is-refer/446579448075357,text_too_short
https://www.facebook.com/amitsharma.cardiologist/videos/did-you-know-that-cold-weather-can-pose-serious-risks-for-heart-patients-winter-/993846249436161,text_too_short
https://www.facebook.com/andrewriverscomedy/posts/the-giraffe-has-the-largest-esophagus-of-all-mammals-and-my-dad-has-no-esophagus/1085047379656557,text_too_short
https://www.facebook.com/anglicancathedraloflusaka/videos/family-sunday-05052024/1907867363061747,text_too_short
https://www.facebook.com/annielynnpage/videos/easy-creative-way-for-upcycling-your-old-clothes-/2173438973019265,text_too_short
https://www.facebook.com/annielynnpage/videos/easy-way-to-upcycle-old-clothing-upcycling-upcycledfashion-upcycle/1343351950021961,text_too_short
https://www.facebook.com/arshsoni/posts/can-you-do-it-/1225213859294540,text_too_short
https://www.facebook.com/asiapaws/videos/does-your-cat-have-matted-fur-this-indicates-that-grooming-causes-pain-cats-mats/1312691053074735,text_too_short
https://www.facebook.com/askvinh/videos/do-you-hate-the-sound-of-your-voice/492183386638000,text_too_short
https://www.facebook.com/aslvocabulary/videos/hello-this-salute-type-gesture-isnt-the-only-way-to-sign-hello-but-it-is-a-very-/482494055695329,text_too_short
https://www.facebook.com/audubonzoo/posts/help-save-gorillas-recycle-your-old-electronics-join-us-for-the-gorillas-on-the-/716233394295551,text_too_short
https://www.facebook.com/audubonzoo/posts/help-save-gorillas-recycle-your-old-electronics-join-us-in-our-gorillas-on-the-l/690124480239776,text_too_short
https://www.facebook.com/avaccess/videos/add-a-laptop-and-share-your-pc-setup-seamlessly/1010583967268299,text_too_short
https://www.facebook.com/beinclassy/videos/create-use-custom-imessage-stickers-on-your-iphone-or-ipad-check-out-lots-more-t/805972458019671,text_too_short
https://www.facebook.com/bobbymcintyreofficial/posts/introduction-to-gmwbthe-guaranteed-minimum-withdrawal-benefit-gmwb-is-a-crucial-/1080612656955987,text_too_short
https://www.facebook.com/book.your.guide1/posts/the-path-from-nazareth-via-cana-to-magdala-passed-through-this-valley-of-the-dov/605086870045530,text_too_short
https://www.facebook.com/brightside/posts/lets-be-real-not-everyones-thrilled-to-be-trapped-in-a-flying-metal-tube-with-a-/1167589715402399,text_too_short
https://www.facebook.com/brutamerica/videos/the-havana-syndrome-explained/877153226566510,text_too_short
https://www.facebook.com/californiadtsc,text_too_short
https://www.facebook.com/californiadtsc/photos/a.479279895835/10157362469690836,text_too_short
https://www.facebook.com/carlnavetailor/videos/mens-suit-sizes-explained/181906489800807,text_too_short
https://www.facebook.com/carm.org/posts/what-was-jesus-occupation-mark6-is-not-this-the-carpenter-the-son-of-mary-contin/1130892202413021,text_too_short
https://www.facebook.com/cbdfored,text_too_short
https://www.facebook.com/cbsmornings/videos/bill-cowher-former-pittsburgh-steelers-head-coach-previews-big-nfl-week-16-holid/694407576116082,text_too_short
https://www.facebook.com/centralwesthhs/videos/tts-explained/504376000710314,text_too_short
https://www.facebook.com/chael.nel.psychologist/videos/lets-talk-autism-a-little-humor-a-lot-of-depthweve-seen-the-post-circulating-wit/644352324834248,text_too_short
https://www.facebook.com/chefalinae/videos/gluten-free-bread-taste-test-check-out-my-latest-youtube-video-to-see-which-brea/3221628314669271,text_too_short
https://www.facebook.com/chefbillyparisi/videos/how-to-prepare-lobster-tails/227227008967499,text_too_short
https://www.facebook.com/chrisgarage78/videos/aphids-eating-your-plants/562633949837765,text_too_short
https://www.facebook.com/coastalbendcats/videos/bathing-a-kitten-with-fleas/303530974700405,text_too_short
https://www.facebook.com/cookfeedandoutdoor/videos/better-alternatives-to-calf-manna-for-your-horsehorsesupplements-horsenutrition-/2640728156318746,text_too_short
https://www.facebook.com/cookfeedandoutdoor/videos/here-are-3-reasons-you-shouldnt-be-using-calf-manna-as-a-protein-supplement-for-/392724147029357,text_too_short
https://www.facebook.com/cookingconclaudia/videos/let-me-share-with-you-any-traditional-and-authentic-menudo-recipe-now-let-me-tel/1107518810977028,text_too_short
https://www.facebook.com/copytrans/posts/-my-icloud-photos-are-there-but-not-on-my-phoneyep-icloud-loves-to-play-hide-see/1132567212246412,text_too_short
https://www.facebook.com/crayolaexperience/posts/whats-your-color-name-match-the-first-letter-of-your-first-name-with-your-birth-/10156367735840025,text_too_short
https://www.facebook.com/csironews/videos/you-know-its-summer-when-you-start-finding-cicada-shells-on-the-sides-of-your-tr/10155421392138843,text_too_short
https://www.facebook.com/datelinenbc/videos/what-is-forensic-genealogy/2477190845843716,text_too_short
https://www.facebook.com/db9nfl,text_too_short
https://www.facebook.com/dfwspeedshop/videos/set-the-toe-collect-the-dough-quick-at-home-toe-alignment-to-get-you-on-the-road/411413048069910,text_too_short
https://www.facebook.com/disney/videos/learn-how-to-sign-hello-with-mickey-/189641426034246,text_too_short
https://www.facebook.com/drapersfabrics/posts/the-beautiful-annamarie-instagram-sewaddictive-shares-with-us-her-sewing-journey/2200128970250441,text_too_short
https://www.facebook.com/drboomcommunications/videos/-dropped-your-phone-in-water-heres-what-not-to-do-dont-put-it-in-the-microwave-i/938292388177250,text_too_short
https://www.facebook.com/drjencaudle/videos/what-are-the-symptoms-of-bipolar-disorder/988240709259121,text_too_short
https://www.facebook.com/drmakgato/posts/struggling-to-shed-those-extra-holiday-pounds-our-weight-loss-slimming-teeth-wir/933335961827590,text_too_short
https://www.facebook.com/drmarkhyman/videos/do-you-know-your-biological-age/1355202658714677,text_too_short
https://www.facebook.com/dryeekokmeng/videos/what-is-an-angiogram/867890836925896,text_too_short
https://www.facebook.com/dvslimited/videos/how-to-get-edge-to-run-as-internet-explorer-mode-solutions-for-your-hikvision-de/317673177183630,text_too_short
https://www.facebook.com/earthsky/posts/earth-has-an-inner-core-mostly-made-of-iron-and-nickel-about-3000-miles-below-th/1121955763307463,text_too_short
https://www.facebook.com/educationalrevolution786/videos/remove-all-error-in-excel-quick-trick-excel-exceltips-exceltipsandtricks/1918056465211014,text_too_short
https://www.facebook.com/elvinslytham/videos/many-of-our-wonderful-customers-ask-what-shawarma-is-and-where-it-originates-fro/339342545914970,text_too_short
https://www.facebook.com/emperorvalleyzoo/posts/did-you-know-a-giraffes-tongue-can-reach-a-length-of-up-to-21-inches-why-so-long/3259777027477581,text_too_short
https://www.facebook.com/enews/videos/liev-schreiber-and-naomi-watts-split-after-11-years-together/10153742516340736,text_too_short
https://www.facebook.com/engineerelah/videos/%f0%9d%97%9b%f0%9d%97%bc%f0%9d%98%84-%f0%9d%98%81%f0%9d%97%bc-%f0%9d%98%80%f0%9d%97%bc%f0%9d%97%b9%f0%9d%98%83%f0%9d%97%b2-%f0%9d%97%97%f0%9d%97%b2%f0%9d%97%bf%f0%9d%97%b6%f0%9d%98%83%f0%9d%97%ae%f0%9d%98%81%f0%9d%97%b6%f0%9d%98%83%f0%9d%97%b2%f0%9d%98%80-%f0%9d%97%98%f0%9d%97%94%f0%9d%97%a6%f0%9d%97%ac-%f0%9d%97%ae%f0%9d%97%bb%f0%9d%97%b1-%f0%9d%97%99%f0%9d%97%94%f0%9d%97%a6%f0%9d%97%a7/730963004725487,text_too_short
https://www.facebook.com/entertainmenttonight/videos/hear-barron-trumps-voice-in-rare-election-night-footage/460486300488797,text_too_short
https://www.facebook.com/excelwithmukul/videos/trick-to-split-first-name-last-name-in-excelexceltricks-exceltips/598499746438851,text_too_short
https://www.facebook.com/facetherealityofficial/posts/rumors-can-make-you-dislike-innocent-people-dont-judge-people-off-of-what-others/1273957197417685,text_too_short
https://www.facebook.com/familytoday.page/videos/how-to-become-a-more-family-oriented-person/194747135982817,text_too_short
https://www.facebook.com/farmersways/posts/got-fleas-on-your-pet-use-dawn-dish-soap-and-table-salt-for-a-quick-and-easy-fix/878997420937955,text_too_short
https://www.facebook.com/faunaflora/videos/help-save-gorillas/514354247345702,text_too_short
https://www.facebook.com/feminawoman/posts/zodiac-signs-and-their-peak-behaviour-how-accurate-is-this-for-your-sign-comment/1264944591670832,text_too_short
https://www.facebook.com/fijipolice/posts/the-fiji-police-force-would-like-to-clarify-misinformation-that-the-investigatio/1143942907762053,text_too_short
https://www.facebook.com/foxnews/posts/melania-trump-is-speaking-out-in-her-new-memoir-about-previous-rumors-that-her-s/933049382018258,text_too_short
https://www.facebook.com/fryaway.co/videos/what-to-do-with-cooking-oil-after-frying-if-it-is-no-longer-reusable-but-first-s/1194880651549665,text_too_short
https://www.facebook.com/funclawsg/videos/ever-wonder-what-is-your-birth-colour-newly-arrived-in-store-the-happy-birthcolo/1734286110322590,text_too_short
https://www.facebook.com/gaia/videos/symbolism-of-sun-worship-through-the-ages/956566002968126,text_too_short
https://www.facebook.com/galacticgeekempire/videos/when-did-anakin-become-a-jedi-knight-starwarslore-explained-starwars-anakinskywa/799818401915243,text_too_short
https://www.facebook.com/gardenanswer/videos/harvesting-drying-peppers-/421947765441270,text_too_short
https://www.facebook.com/gavinopiesafaris/videos/giraffes-have-a-unique-digestive-system-that-begins-with-their-long-necks-allowi/267011832886154,text_too_short
https://www.facebook.com/gayfamily.values/posts/the-spark-you-crave-starts-with-showing-up-for-yourself-the-way-you-wish-he-woul/1037738268533823,text_too_short
https://www.facebook.com/gemmastaffordbiggerbolderbaking/videos/did-you-know-flour-can-go-bad-in-this-weeks-episode-were-diving-into-how-to-prop/962041931941054,text_too_short
https://www.facebook.com/generatorsupercenter/videos/how-does-a-generator-work/892265009424347,text_too_short
https://www.facebook.com/georgehtakei/posts/my-eyes-cant-roll-hard-enough/1263427691821739,text_too_short
https://www.facebook.com/gettymusic/posts/what-an-honor-to-help-lead-worship-at-yesterdays-national-parliamentary-prayer-b/1379991380151013,text_too_short
https://www.facebook.com/gkvk.net/videos/who-is-eating-my-plants-common-garden-pest-control-using-leaf-signatures/616846893911799,text_too_short
https://www.facebook.com/globaltestimonytv/videos/12-zodiac-signs-dates-and-personality-traits-of-each-star-signevery-sign-is-a-po/665274238432944,text_too_short
https://www.facebook.com/grandvoyagegame/posts/explore-titanics-rescue-shipcoming-soon-to-grand-voyage-is-rms-carpathia-here-is/122194941212039392,text_too_short
https://www.facebook.com/greciandelightkronos/videos/what-is-shawarma/594846229076252,text_too_short
https://www.facebook.com/groups/1006060197306320/posts/1217150659530605,text_too_short
https://www.facebook.com/groups/1006060197306320/posts/1389846762260993,text_too_short
https://www.facebook.com/groups/103551256692642/posts/3927361334311596,text_too_short
https://www.facebook.com/groups/1043824415706481/posts/10059719540783545,text_too_short
https://www.facebook.com/groups/105469219519353/posts/24164952213144384,text_too_short
https://www.facebook.com/groups/105469219519353/posts/24166868779619394,text_too_short
https://www.facebook.com/groups/1095296180559247/posts/9740562316032547,text_too_short
https://www.facebook.com/groups/1100865080265211/posts/when-your-dog-is-a-little-clingy/2574584496226588,text_too_short
https://www.facebook.com/groups/1128274454344463/posts/1993581354480431,text_too_short
https://www.facebook.com/groups/1156935537680311/posts/29300921219521699,text_too_short
https://www.facebook.com/groups/1156935537680311/posts/30574509482162860,text_too_short
https://www.facebook.com/groups/121913558437868/posts/1699066504055891,text_too_short
https://www.facebook.com/groups/122204416511232/posts/1089700029761661,text_too_short
https://www.facebook.com/groups/1284517869185949/posts/1533508890953511,text_too_short
https://www.facebook.com/groups/141001173393521/posts/962014117958885,text_too_short
https://www.facebook.com/groups/1416626125621003/posts/1731764070773872,text_too_short
https://www.facebook.com/groups/1427092687647542/posts/so-im-cleaning-my-tub-in-my-apartment-and-i-go-to-clean-the-bottom-i-pull-out-ch/2509723076051159,text_too_short
https://www.facebook.com/groups/1459397765012567/posts/usa-fireworks-is-now-open-june-24-july-4get-ready-to-light-up-your-4th-of-july-w/1773764783575862,text_too_short
https://www.facebook.com/groups/153140615240321/posts/1779678042586562,text_too_short
https://www.facebook.com/groups/1643501159815837/posts/new-to-midgetstrying-to-get-my-beast-set-up-for-a-relatively-high-bite-trackever/1915644682601482,text_too_short
https://www.facebook.com/groups/1646177592320987/posts/4121327224805999,text_too_short
https://www.facebook.com/groups/1655261694953377/posts/okay-so-i-know-the-markers-are-meant-to-be-used-on-regular-paper-however-has-any/2132540317225510,text_too_short
https://www.facebook.com/groups/1702787783559584/posts/1775083929663302,text_too_short
https://www.facebook.com/groups/1706748102970911/posts/4335635070082188,text_too_short
https://www.facebook.com/groups/1706748102970911/posts/4335720200073675,text_too_short
https://www.facebook.com/groups/1706748102970911/posts/4336545486657813,text_too_short
https://www.facebook.com/groups/1735299856646674/posts/3102038706639442,text_too_short
https://www.facebook.com/groups/1741562419585424/posts/2035952626813067,text_too_short
https://www.facebook.com/groups/1750713121884524/posts/3882730035349478,text_too_short
https://www.facebook.com/groups/177859700191023/posts/1273569670620015,text_too_short
https://www.facebook.com/groups/187001663301562/posts/1088744633127256,text_too_short
https://www.facebook.com/groups/187001663301562/posts/first-time-my-generator-is-not-starting-been-running-solid-for-9-months-with-oil/1086942803307439,text_too_short
https://www.facebook.com/groups/188772021580506/posts/2259469481177406,text_too_short
https://www.facebook.com/groups/228216624537318/posts/1261424831216487,text_too_short
https://www.facebook.com/groups/228217405293069/posts/1484500072998123,text_too_short
https://www.facebook.com/groups/238620256823178/posts/1715709409114248,text_too_short
https://www.facebook.com/groups/2483574145223852/posts/3951336535114265,text_too_short
https://www.facebook.com/groups/2522150834559755/posts/9198265310281574,text_too_short
https://www.facebook.com/groups/2522150834559755/posts/9576010945840340,text_too_short
https://www.facebook.com/groups/299722283743324/posts/2484163231965874,text_too_short
https://www.facebook.com/groups/320106974244685/posts/how-long-after-setting-up-my-tank-can-i-add-fish-can-i-just-check-water-or-is-th/722579383997440,text_too_short
https://www.facebook.com/groups/3205097269800023/posts/3619039651739114,text_too_short
https://www.facebook.com/groups/324798244366249/posts/2750622471783802,text_too_short
https://www.facebook.com/groups/325419814627064/posts/1991671214668574,text_too_short
https://www.facebook.com/groups/33106380277/posts/volunteers-are-needed-to-help-water-the-downtown-hanging-baskets-and-nodes-prefe/10165472077515278,text_too_short
https://www.facebook.com/groups/3672671036327361/posts/3946998968894565,text_too_short
https://www.facebook.com/groups/372119787729533/posts/951288783145961,text_too_short
https://www.facebook.com/groups/377688122326988/posts/9070092223086491,text_too_short
https://www.facebook.com/groups/382533189615732/posts/1259936768542032,text_too_short
https://www.facebook.com/groups/392678574938393/posts/1663735107832727,text_too_short
https://www.facebook.com/groups/393910320669301/posts/hi-halo-guys-please-helpmy-vw-passat-oil-light-come-on-dashboard-en-we-repair-th/23973973262236342,text_too_short
https://www.facebook.com/groups/402544939262441/posts/701102249406707,text_too_short
https://www.facebook.com/groups/4197483670294981/posts/24057591670524220,text_too_short
https://www.facebook.com/groups/424592783394524/posts/733590962494703,text_too_short
https://www.facebook.com/groups/4513942185340216/posts/23988568337450977,text_too_short
https://www.facebook.com/groups/470938650404833/posts/1963936977771652,text_too_short
https://www.facebook.com/groups/519360744936124/posts/my-ac-finally-seems-to-have-died-been-acting-weird-for-a-while-now-should-i-just/2695373117334865,text_too_short
https://www.facebook.com/groups/529494100440070/posts/23962091010087049,text_too_short
https://www.facebook.com/groups/542896187764758/posts/six-sunflowers-symbolize-the-meaning-i-want-to-spend-the-rest-of-my-life-with-yo/1090044436383261,text_too_short
https://www.facebook.com/groups/552516308123350/posts/28137005259247750,text_too_short
https://www.facebook.com/groups/552516308123350/posts/28331096383171969,text_too_short
https://www.facebook.com/groups/552516308123350/posts/3246866558688298,text_too_short
https://www.facebook.com/groups/603044645294779/posts/1053969140202325,text_too_short
https://www.facebook.com/groups/631741260296420/posts/3091137884356733,text_too_short
https://www.facebook.com/groups/636985553955376/posts/1481341012853155,text_too_short
https://www.facebook.com/groups/637529959937311/posts/2355161088174181,text_too_short
https://www.facebook.com/groups/637529959937311/posts/2532435597113395,text_too_short
https://www.facebook.com/groups/637529959937311/posts/2569696676720620,text_too_short
https://www.facebook.com/groups/637529959937311/posts/2621612654862355,text_too_short
https://www.facebook.com/groups/637529959937311/posts/peter-our-robot-cleaner-has-died-power-supply-thingywe-will-see-if-it-can-be-fix/2616227795400841,text_too_short
https://www.facebook.com/groups/646008280999501/posts/924255019841491,text_too_short
https://www.facebook.com/groups/646673738690377/posts/24259997946931291,text_too_short
https://www.facebook.com/groups/651509641657352/posts/3315091588632464,text_too_short
https://www.facebook.com/groups/670393273707034/posts/1891296758283340,text_too_short
https://www.facebook.com/groups/686510075163293/posts/2147025002445119,text_too_short
https://www.facebook.com/groups/697001505932086/posts/1036864215279145,text_too_short
https://www.facebook.com/groups/715258245854749/posts/steering-going-when-i-take-a-right-turn-my-my-wheel-stays-this-way-until-i-make/1668177480562816,text_too_short
https://www.facebook.com/groups/7255891764494844/posts/10010485772368749,text_too_short
https://www.facebook.com/groups/742034912983989/posts/2208482483005884,text_too_short
https://www.facebook.com/groups/756833071961968/posts/1529679638010637,text_too_short
https://www.facebook.com/groups/759204454164193/posts/23919584194366225,text_too_short
https://www.facebook.com/groups/763795051706783/posts/what-is-dhow-cruiseif-youre-visiting-dubai-a-dhow-cruise-is-something-you-should/1455782689174679,text_too_short
https://www.facebook.com/groups/798824847418071/posts/1722962998337580,text_too_short
https://www.facebook.com/groups/813777736885016/posts/1246040393658746,text_too_short
https://www.facebook.com/groups/814933023170476/posts/1452616292735476,text_too_short
https://www.facebook.com/groups/848976755503799/posts/2215417982192996,text_too_short
https://www.facebook.com/groups/853993029682669/posts/1052478516500785,text_too_short
https://www.facebook.com/groups/919195741820362/posts/2032317197174872,text_too_short
https://www.facebook.com/groups/975781976545358/posts/1863539897769557,text_too_short
https://www.facebook.com/groups/addictedtogardening/posts/2794939704024072,text_too_short
https://www.facebook.com/groups/addictedtogardening/posts/3279826835535354,text_too_short
https://www.facebook.com/groups/appalachianamericans/posts/10163204722653648,text_too_short
https://www.facebook.com/groups/appalachianfoods/posts/4248879912012018,text_too_short
https://www.facebook.com/groups/aquariumsforbeginners/posts/1810123739780892,text_too_short
https://www.facebook.com/groups/autismparenting/posts/1834391194151861,text_too_short
https://www.facebook.com/groups/autismparenting/posts/1835414414049539,text_too_short
https://www.facebook.com/groups/baldystreasurecoastreviews/posts/1373027167134626,text_too_short
https://www.facebook.com/groups/beginnersphotographygroup/posts/23914718448149429,text_too_short
https://www.facebook.com/groups/caduceusmedical/posts/24225791530351924,text_too_short
https://www.facebook.com/groups/catsaddicted/posts/cruella-acts-like-she-is-dying-when-i-cut-a-mat-out-of-her-fur-she-will-not-let/1651923299520274,text_too_short
https://www.facebook.com/groups/cheapmealideas/posts/4876379022421227,text_too_short
https://www.facebook.com/groups/christvm/posts/9406471022787075,text_too_short
https://www.facebook.com/groups/christvm/posts/9406893409411503,text_too_short
https://www.facebook.com/groups/cibolovalleystake/posts/2084137865396485,text_too_short
https://www.facebook.com/groups/creativegardening1/posts/2306969599788033,text_too_short
https://www.facebook.com/groups/declutteringandorganizingtipsandtricks,text_too_short
https://www.facebook.com/groups/declutteringandorganizingtipsandtricks/posts/1993630277823269,text_too_short
https://www.facebook.com/groups/drag411/posts/30076018825376586,text_too_short
https://www.facebook.com/groups/duncanstrong/posts/1830189681044910,text_too_short
https://www.facebook.com/groups/eldenringthecommunity/posts/3979532255692993,text_too_short
https://www.facebook.com/groups/esfchestnut/posts/my-two-youngsters-i-planted-as-saplings-still-surviving-and-actually-had-chestnu/9256529924449452,text_too_short
https://www.facebook.com/groups/everythingbackyardchicken/posts/4212730962328096,text_too_short
https://www.facebook.com/groups/fansofthehandmaidstale/posts/1274089727634942,text_too_short
https://www.facebook.com/groups/fortworthfoodies/posts/one-of-the-faithful-customers-at-chisholms-restaurant-shared-how-much-he-loved-t/3227820067368032,text_too_short
https://www.facebook.com/groups/forzacommunity/posts/join-our-discord-server-for-giveaways-car-meets-and-events-httpsdiscordggforzaho/2277878859295653,text_too_short
https://www.facebook.com/groups/gkrfoodies/posts/2875794575939834,text_too_short
https://www.facebook.com/groups/homegardendiy/posts/1795125144426452,text_too_short
https://www.facebook.com/groups/homemakingtips/posts/1863688787660942,text_too_short
https://www.facebook.com/groups/hottubowners/posts/how-do-i-stop-my-hot-tub-going-like-this-and-i-do-check-the-water-ph-can-anyone/1782061969393822,text_too_short
https://www.facebook.com/groups/houseplantloversaddicts/posts/1827284644879692,text_too_short
https://www.facebook.com/groups/lioneltrainsgeneraldiscussion/posts/why-would-you-need-a-transformer-and-a-power-supply-brick/4105275786411104,text_too_short
https://www.facebook.com/groups/maineinvasivespeciesnetwork/posts/9959044404172640,text_too_short
https://www.facebook.com/groups/morninggloryflowers/posts/1451226802560157,text_too_short
https://www.facebook.com/groups/morninggloryflowers/posts/hello-thank-you-for-adding-me-how-long-till-i-start-getting-flowers/1444081196608051,text_too_short
https://www.facebook.com/groups/mushid/posts/2922979757886235,text_too_short
https://www.facebook.com/groups/ncpcgamers/posts/1938756266621717,text_too_short
https://www.facebook.com/groups/netflixbangers/posts/2629039854149793,text_too_short
https://www.facebook.com/groups/newbornbabymothercaretipsguides/posts/2111344459346672,text_too_short
https://www.facebook.com/groups/petrabbitlovers/posts/4040574269518694,text_too_short
https://www.facebook.com/groups/petsslovers/posts/675324848901381,text_too_short
https://www.facebook.com/groups/pramukalawschool/posts/2559267284330358,text_too_short
https://www.facebook.com/groups/punkrockgardeningandbirdwatching/posts/3588027934666432,text_too_short
https://www.facebook.com/groups/sourdoughgeeks/posts/23887122237624062,text_too_short
https://www.facebook.com/groups/switchcommunity/posts/2067938533670409,text_too_short
https://www.facebook.com/groups/taconationusa/posts/1841320080063667,text_too_short
https://www.facebook.com/groups/talkbaja/posts/24851003504487588,text_too_short
https://www.facebook.com/groups/teenmom.us2/posts/1524236401635664,text_too_short
https://www.facebook.com/groups/thehobbitandlotrfangroup/posts/9753117508075164,text_too_short
https://www.facebook.com/groups/thehuntercotwofficial/posts/2174631132962627,text_too_short
https://www.facebook.com/groups/titanicandhersisterscommunity/posts/1392942218620070,text_too_short
https://www.facebook.com/groups/unrextensionorchard/posts/1713052405961707,text_too_short
https://www.facebook.com/groups/upcycledclothcollective/posts/3093786497455069,text_too_short
https://www.facebook.com/groups/upcycledclothing,text_too_short
https://www.facebook.com/groups/valorantph/posts/2029325030979823,text_too_short
https://www.facebook.com/groups/wheresyracuseeats/posts/4158155074466352,text_too_short
https://www.facebook.com/groups/woodworkingforbeginner/posts/3290651614422774,text_too_short
https://www.facebook.com/groups/yummystuf/posts/2408122056230431,text_too_short
https://www.facebook.com/growwapp/videos/spicejet-and-indigo-to-wet-lease-planes-what-does-it-mean/1147625029295539,text_too_short
https://www.facebook.com/hackelberry08/videos/nazareth-to-cana-the-road-from-nazareth-to-cana-is-a-scenic-route-in-northern-is/1128512485724777,text_too_short
https://www.facebook.com/haleonhealthpartnerhcp/videos/view-clinical-study/1694294957985699,text_too_short
https://www.facebook.com/heartofenglandforest/videos/identifying-trees-in-winter-beech-and-hornbeam/719561775618826,text_too_short
https://www.facebook.com/historycolored/videos/new-york-city-in-1902/1247313620033937,text_too_short
https://www.facebook.com/hneccphn/videos/what-is-tts/372769607826924,text_too_short
https://www.facebook.com/homesteadandchill/posts/-how-to-dry-oranges-for-natural-beautiful-sustainable-holiday-decor-this-easy-cr/1062711322485891,text_too_short
https://www.facebook.com/hugotsem/posts/january-25-the-feast-of-the-conversion-of-saint-paul-saul-was-a-faithful-pharise/1158579062315146,text_too_short
https://www.facebook.com/ideaspowered/videos/around-the-the-first-mechanical-clock-was-invented-in-europe-in-the-13th-century/235156655579294,text_too_short
https://www.facebook.com/igoe.diy.products/videos/owatrol-oil-paint-fb/1402807680390590,text_too_short
https://www.facebook.com/indianexpress/posts/thrombosis-with-thrombocytopenia-syndrome-or-tts-is-a-medical-condition-characte/999266431557159,text_too_short
https://www.facebook.com/isuimse/videos/what-are-industrial-manufacturing-systems-engineering/569857736781903,text_too_short
https://www.facebook.com/itsgoneviralofficial/videos/husband-invites-baby-mother-to-move-in/437691555946242,text_too_short
https://www.facebook.com/jamieleecurtis/posts/my-friends-and-their-children-were-in-a-fatal-automobile-crash-they-were-struck-/1286687452812671,text_too_short
https://www.facebook.com/joelgamoran/videos/its-true-flour-does-go-bad-heres-how-to-give-it-another-whole-year-of-life-who-e/802154933560533,text_too_short
https://www.facebook.com/johnrobichaudstudio/posts/magic-hour-is-a-window-of-time-that-occurs-an-hour-after-sunrise-and-an-hour-bef/1332455714640252,text_too_short
https://www.facebook.com/karaschandassociates/videos/asl-vocabulary-learn-the-signs-for-hello-good-morning-good-afternoon/3160921800593863,text_too_short
https://www.facebook.com/katloans/videos/when-it-comes-time-to-close-you-will-be-wiring-your-funds-to-the-title-or-escrow/418425516441084,text_too_short
https://www.facebook.com/kentcommunityhealth/videos/oral-thrush-in-babies/1143914262737996,text_too_short
https://www.facebook.com/ketolupie1,text_too_short
https://www.facebook.com/khanmethodpublications/videos/such-as-%e0%a6%8f%e0%a6%b0-%e0%a6%ac%e0%a7%8d%e0%a6%af%e0%a6%ac%e0%a6%b9%e0%a6%be%e0%a6%b0-%e0%a6%95%e0%a7%87%e0%a6%ac%e0%a6%b2-%e0%a6%8f%e0%a6%95%e0%a6%ac%e0%a6%be%e0%a6%b0-%e0%a6%a6%e0%a7%87%e0%a6%96%e0%a7%87%e0%a6%87-%e0%a6%aa%e0%a6%be%e0%a6%b0%e0%a6%ac%e0%a7%87%e0%a6%a8/1720859551421749,text_too_short
https://www.facebook.com/kidzeekudremukhkoramangala/videos/gautama-buddha-also-known-as-siddhartha-buddha-was-a-sage-who-started-to-impact-/1215990678840365,text_too_short
https://www.facebook.com/kitchenfunwithmy3sons/posts/homemade-pizza-dough-perfection-and-so-easy-this-pizza-dough-can-quickly-and-eas/1381935626626916,text_too_short
https://www.facebook.com/knowledgeispower.fb.official/videos/methane-is-a-chemical-compound-with-the-chemical-formula-ch4-one-carbon-atom-bon/414951831261526,text_too_short
https://www.facebook.com/ladbible/posts/brits-have-been-urged-to-build-up-their-emergency-kit-/1117657800396106,text_too_short
https://www.facebook.com/learningandexploringthroughplay/posts/paint-drip-terracotta-pot-gifts-this-is-a-really-fun-process-art-activity-where-/1072173678281531,text_too_short
https://www.facebook.com/lifelessonspage/posts/the-meaning-of-name-buddhabuddha-means-the-teacher-who-taught-all-the-things-he-/5453096548116096,text_too_short
https://www.facebook.com/lifewire/posts/to-screenshot-on-a-logitech-keyboard-use-the-print-screen-key-prtscn-on-windows-/1069308208542232,text_too_short
https://www.facebook.com/limitlessculturegroup/videos/-collections-crushing-your-credit-scoreheres-how-to-delete-them-fastlegally-you-/1241678427654753,text_too_short
https://www.facebook.com/littlejerusalemsxm/posts/what-is-shawarmafrom-wikipedia-the-free-encyclopediathis-article-is-about-the-ar/376528339141138,text_too_short
https://www.facebook.com/lizandjeffshow/videos/how-to-clean-between-oven-glass-oven-stove-kitchenappliances-cleaning/1150387773139638,text_too_short
https://www.facebook.com/loctite/videos/how-to-prevent-oil-and-coolant-leaks-in-your-intake-and-engine/10153409762850939,text_too_short
https://www.facebook.com/loopermoviestv/videos/darth-vaders-entire-timeline-explained/366523455566259,text_too_short
https://www.facebook.com/lwbeddinginc/videos/what-makes-a-real-box-spring/1348317725306502,text_too_short
https://www.facebook.com/madylenphotography,text_too_short
https://www.facebook.com/mannaprohorse/videos/calf-manna/681171432649851,text_too_short
https://www.facebook.com/mannaprohorse/videos/calf-manna/695363651144845,text_too_short
https://www.facebook.com/maridadipointfarm/videos/identification-of-sex-in-rabbits-sexingdid-you-know-that-sexing-is-done-at-the-t/652768860653034,text_too_short
https://www.facebook.com/mashedfood/videos/the-absolute-best-sides-to-order-at-red-lobster/2147160302302866,text_too_short
https://www.facebook.com/mauicatrescue/videos/-step-by-step-guide-to-flying-your-cat-as-cargo-%ef%b8%8f/497369643062886,text_too_short
https://www.facebook.com/mayoclinic/videos/hot-flashes/767786611628413,text_too_short
https://www.facebook.com/mayoclinic/videos/mayo-clinic-minute-when-the-liver-fails/454463525777985,text_too_short
https://www.facebook.com/mccormickspice/videos/making-lobster-tail-at-home-for-mom-is-easier-than-you-think-watch-this-video-fo/1409301143036542,text_too_short
https://www.facebook.com/medicare/videos/mymedicare-view-or-print-your-medicare-card-online/1691550887614419,text_too_short
https://www.facebook.com/medmastery/videos/the-anatomy-of-the-extracranial-arteriesa-review/612336733271548,text_too_short
https://www.facebook.com/metronorthhhs/videos/tts-or-thrombosis-with-thrombocytopenia-explained-with-rbwh-director-of-infectio/233458131868984,text_too_short
https://www.facebook.com/michaeljrcomedy/videos/heres-how-to-avoid-baby-mama-drama/3477101779257108,text_too_short
https://www.facebook.com/midlandsscience/videos/science-at-home-ep-18-how-to-make-iron-and-steel/2515648848559919,text_too_short
https://www.facebook.com/milestonegemslab/posts/glass-filled-rubies-some-photomicrographes-some-common-questions-and-answers-acc/403369789126022,text_too_short
https://www.facebook.com/momsacrossamerica/posts/over-60-countries-have-banned-or-restricted-glyphosate-the-eu-wont-even-allow-it/762539872768269,text_too_short
https://www.facebook.com/mrolandoherrera/videos/the-term-chesterfield-was-first-used-to-describe-a-piece-of-sofa-like-furniture-/10158861707266763,text_too_short
https://www.facebook.com/mrs.shawarmanwa/videos/shawarma-is-a-popular-middle-eastern-dish-that-consists-of-meat-chicken-or-beef-/993367681816796,text_too_short
https://www.facebook.com/msnaturalscience/videos/how-to-identify-an-american-beech-tree/2728643324032500,text_too_short
https://www.facebook.com/mvecau/videos/thrombosis-with-thrombocytopenia-syndrome-tts-explained/299492261865125,text_too_short
https://www.facebook.com/mybhg/posts/heres-how-to-keep-chipmunks-out-of-your-garden-and-stop-them-and-squirrels-from-/1133669335469169,text_too_short
https://www.facebook.com/myfalafel/videos/what-is-chicken-shawarma-basically-its-a-deep-marinated-boneless-skinless-rotiss/574805043604808,text_too_short
https://www.facebook.com/nafnafgrill/videos/the-word-shawarma-means-slow-roasting-meat-on-an-open-fire-spit-and-thats-what-o/299836741233583,text_too_short
https://www.facebook.com/najamacademy/videos/10-examples-of-homogeneous-mixtures10-examples-of-heterogeneous-mixturesexamples/800375954045995,text_too_short
https://www.facebook.com/najamacademy/videos/homogenous-mixture-and-heterogeneous-mixture-homogeneous-mixture-heterogeneous-m/2731539673771413,text_too_short
https://www.facebook.com/natashaskitchen/videos/this-is-the-way-you-should-eat-lobster-recipe-httpsnatashaskitchencomlobster-tai/1312963099847476,text_too_short
https://www.facebook.com/nationalkidneyfoundation/videos/high-potassium-is-common-in-people-with-kidney-disease-do-you-know-the-steps-to-/581954243792545,text_too_short
https://www.facebook.com/nationalmssociety/videos/ask-an-ms-expert-know-your-ms-medications/1715800362124300,text_too_short
https://www.facebook.com/nationalnotary/videos/these-are-the-requirements-to-become-a-notary-in-texas-what-state-should-we-do-n/9543116269147777,text_too_short
https://www.facebook.com/ndtv/posts/swami-vivekananda-died-on-july-4-1902-at-the-age-of-39/10159885481150798,text_too_short
https://www.facebook.com/neworleanssaints/posts/drew-brees-on-the-newest-saints-qb-tyler-shough-%ef%b8%8f/1214685790027432,text_too_short
https://www.facebook.com/neworleanssaints/videos/drew-brees-at-westlake-high-school-9-for-no-9/1257848597754802,text_too_short
https://www.facebook.com/newspaperscom/posts/the-transparent-sticky-tape-commonly-called-scotch-tape-in-the-us-was-invented-i/1154403063367669,text_too_short
https://www.facebook.com/nickelandsuede/videos/how-to-add-photos-to-your-locket/298324056551470,text_too_short
https://www.facebook.com/nickiswiftceleb/videos/psychologist-makes-a-bold-claim-about-melania-barron-trump/1152666202715003,text_too_short
https://www.facebook.com/nickiswiftceleb/videos/this-is-why-naomi-watts-and-liev-schreiber-split/697868011167909,text_too_short
https://www.facebook.com/novelitafurniture/videos/the-chesterfield-sofa/239250500831150,text_too_short
https://www.facebook.com/nytimes/posts/no-two-brands-of-canned-tomatoes-are-exactly-alike-wirecutter-taste-tested-over-/1092858312696631,text_too_short
https://www.facebook.com/officiallucasoil/videos/pro-tip-engine-oil-stop-leak/1113201629407775,text_too_short
https://www.facebook.com/officialmilonigeria/videos/do-you-know-what-the-c-in-champs-stands-for-confidence-when-they-play-sports-chi/1031334055294657,text_too_short
https://www.facebook.com/paramountfinefoods/videos/shawarma-is-a-popular-middle-eastern-dish-that-originated-in-the-ottoman-empire-/1205230413760783,text_too_short
https://www.facebook.com/paromagulati/videos/rice-is-a-complex-carbohydrate-which-has-been-made-a-villain-for-those-with-suga/547824199568540,text_too_short
https://www.facebook.com/pcwithashleyt/videos/using-the-pizza-stone-and-pizza-peel/186894586440936,text_too_short
https://www.facebook.com/petroleumminindia/posts/didyouknow-the-chemical-formula-for-naturalgas-is-ch4-one-carbon-atom-and-four-h/575887694714655,text_too_short
https://www.facebook.com/physiocareinc/videos/voltaren-emulgel-is-a-clinically-proven-pain-relieving-medicine-what-makes-this-/1021370638769829,text_too_short
https://www.facebook.com/physioosteobook/videos/understanding-diarrhea-causes-and-care-diarrhea-is-a-common-condition-characteri/464045143284626,text_too_short
https://www.facebook.com/pianist247/posts/a-prayer-for-victory-/1266498028177531,text_too_short
https://www.facebook.com/pmhcouncil/videos/recycling-oil/841748667233900,text_too_short
https://www.facebook.com/poolhacker/videos/how-to-heat-up-your-pool-try-this-free-pool-heating-way-some-trash-bags-and-a-fe/2230198080649812,text_too_short
https://www.facebook.com/profootballhof/posts/otd-17-years-ago-coach-bill-cowher-retired-from-the-nfl-the-steelers-legend-led-/1171173451033453,text_too_short
https://www.facebook.com/profootballhof/videos/otd-17-years-ago-coach-bill-cowher-retired-from-the-nfl-the-steelers-legend-led-/569946275878809,text_too_short
https://www.facebook.com/rainbowtreelawnpest/videos/when-to-apply-pre-emergent/1440605176279448,text_too_short
https://www.facebook.com/realdoctormike/videos/why-are-my-hands-always-cold-curbside-consult-la/362939445140613,text_too_short
https://www.facebook.com/richontech/videos/did-you-know-you-can-drag-and-drop-imessage-stickers-on-top-of-the-texts-you-exc/2522856017961285,text_too_short
https://www.facebook.com/rogersfamilyfoods/videos/enjoy-restaurant-quality-lobster-from-your-backyard-what-side-dish-goes-best-wit/1876871616127798,text_too_short
https://www.facebook.com/ronviewsjm/videos/nitty-kutchie-speaks-from-his-hospital-bed/10010209432365964,text_too_short
https://www.facebook.com/rousesmarkets/posts/lsu-isnt-the-only-one-feelin-like-champs-rouses-markets-was-just-named-best-loca/1132399412252941,text_too_short
https://www.facebook.com/royanewsenglish/posts/israeli-national-security-minister-itamar-ben-gvir-has-publicly-condemned-the-co/1142555751245797,text_too_short
https://www.facebook.com/rpl405ec/videos/in-freemasonry-the-symbolism-of-the-rising-sun-holds-great-importance-and-is-oft/800575482056231,text_too_short
https://www.facebook.com/salvationhub1/videos/wafbec-conference-2021/714048069305391,text_too_short
https://www.facebook.com/sareenhealthcarecentre/videos/%f0%9d%90%8c%f0%9d%90%9a%f0%9d%90%ac%f0%9d%90%ad%f0%9d%90%ae%f0%9d%90%ab%f0%9d%90%9b%f0%9d%90%9a%f0%9d%90%ad%f0%9d%90%a2%f0%9d%90%a8%f0%9d%90%a7-%f0%9d%90%a2%f0%9d%90%ac-%f0%9d%90%9a-%f0%9d%90%a7%f0%9d%90%a8%f0%9d%90%ab%f0%9d%90%a6%f0%9d%90%9a%f0%9d%90%a5-%f0%9d%90%9a%f0%9d%90%a7%f0%9d%90%9d-%f0%9d%90%9c%f0%9d%90%a8%f0%9d%90%a6%f0%9d%90%a6%f0%9d%90%a8%f0%9d%90%a7-%f0%9d%90%9a%f0%9d%90%9c%f0%9d%90%ad%f0%9d%90%a2%f0%9d%90%af%f0%9d%90%a2%f0%9d%90%ad%f0%9d%90%b2-%f0%9d%90%ad%f0%9d%90%a1%f0%9d%90%9a%f0%9d%90%ad-%f0%9d%90%9c%f0%9d%90%9a%f0%9d%90%a7-%f0%9d%90%a8%f0%9d%90%9f%f0%9d%90%9f%f0%9d%90%9e%f0%9d%90%ab-%f0%9d%90%ac%f0%9d%90%9e%f0%9d%90%af%f0%9d%90%9e%f0%9d%90%ab%f0%9d%90%9a%f0%9d%90%a5-%f0%9d%90%a1%f0%9d%90%9e%f0%9d%90%9a%f0%9d%90%a5%f0%9d%90%ad%f0%9d%90%a1-%f0%9d%90%9a%f0%9d%90%a7%f0%9d%90%9d-%f0%9d%90%b0/8416796301777093,text_too_short
https://www.facebook.com/sciencenaturepage/videos/earths-inner-core-is-less-solid-than-previously-thought-according-to-a-recent-st/511434932002791,text_too_short
https://www.facebook.com/search2close/videos/title-tip-tuesdaybest-practice-for-your-buyers-wire-funds-early-are-your-buyers-/7976471632388640,text_too_short
https://www.facebook.com/seeinconline/videos/what-is-an-sds-a-safety-data-sheet-identifies-all-of-your-labels-and-safety-info/378240957559777,text_too_short
https://www.facebook.com/sharingiscaringnewsner/videos/this-pregnant-dance-challenge-is-just-awesome-%ef%b8%8f-preggo-but-im-still-doin-moves-l/155055765447285,text_too_short
https://www.facebook.com/simplycookingwithamie/videos/pampered-chef-started-with-a-pizza-stone-and-frozen-pizza-watch-the-video-and-se/574800896914396,text_too_short
https://www.facebook.com/simplyrecipes/posts/does-flour-go-bad-yes-it-can-heres-how-to-tell-if-your-flour-is-fresh-plus-the-s/1156334202812864,text_too_short
https://www.facebook.com/sinochemnews/videos/chemforciiethe-historic-silk-road-originating-in-xian-china-and-stretching-all-t/1220617735818919,text_too_short
https://www.facebook.com/skynewsaustralia/videos/irreparable-damage-melania-trump-reveals-how-autism-rumours-harmed-barron/458051970589710,text_too_short
https://www.facebook.com/slurrpapp/videos/clean-leftover-frying-oil-before-using-it-again/950872570175789,text_too_short
https://www.facebook.com/smcfilipino/photos/saint-of-the-day-26-junest-josemaria-escrivaosemar%c3%ada-escriv%c3%a1-was-born-in-barbast/1044210357854285,text_too_short
https://www.facebook.com/smgjetnes/videos/stoneware-tip-preheat-your-stoneware-when-making-biscuits-or-croissants-or-pizza/528211898845790,text_too_short
https://www.facebook.com/smithsonianchannel/videos/mattress-technology-took-a-giant-leap-forward-in-1871/569883011464589,text_too_short
https://www.facebook.com/smokinandgrillinwitab/videos/a-mouthwatering-side-dish-garlic-mashed-potatoes-w-lobster/1657917735012086,text_too_short
https://www.facebook.com/story.php,broken_link
https://www.facebook.com/sultansmarketlogansquare/videos/what-is-chicken-shawarma-basically-its-a-boneless-skinless-rotisserie-chicken-th/993221431258376,text_too_short
https://www.facebook.com/techhuthd/videos/how-to-disable-windows-defender-in-windows-10/409042361370326,text_too_short
https://www.facebook.com/teenmom/videos/he-didnt-look-like-a-prince/1416578478485138,text_too_short
https://www.facebook.com/thebeautifulplanet01/posts/-bo%c3%b6tids-meteor-shower-june-27-2025-a-rare-and-magical-event-will-light-up-the-s/1156856179802945,text_too_short
https://www.facebook.com/thedodosite/posts/grieving-cat-sits-on-his-late-best-friends-bed-wondering-where-he-went-/1137889218373103,text_too_short
https://www.facebook.com/thelistdaily/videos/the-messy-details-about-jill-bidens-first-marriage-divorce/155494950904514,text_too_short
https://www.facebook.com/theoldpath/videos/what-was-jesus-occupation-before-his-ministry-teaser-video-the-old-path/280118623583340,text_too_short
https://www.facebook.com/theoldpath/videos/what-was-jesus-occupation-before-his-ministry-the-old-path/1003896440421184,text_too_short
https://www.facebook.com/theother98/posts/1263950565776940,text_too_short
https://www.facebook.com/theprojecttv/videos/just-what-is-the-havana-syndrome/546844746435200,text_too_short
https://www.facebook.com/therabbitdoctors/videos/how-good-are-you-at-checking-the-sex-of-baby-bunnies/245968696313255,text_too_short
https://www.facebook.com/thespadepot/videos/how-to-use-a-bromine-feeder/556406231070330,text_too_short
https://www.facebook.com/theyogainstituteofficial/videos/%f0%9d%97%a1%f0%9d%97%ae%f0%9d%98%81%f0%9d%98%82%f0%9d%97%bf%f0%9d%97%ae%f0%9d%97%b9-%f0%9d%97%aa%f0%9d%97%ae%f0%9d%98%86-%f0%9d%98%81%f0%9d%97%bc-%f0%9d%97%9c%f0%9d%97%bb%f0%9d%97%b0%f0%9d%97%bf%f0%9d%97%b2%f0%9d%97%ae%f0%9d%98%80%f0%9d%97%b2-%f0%9d%97%9b%f0%9d%97%b2%f0%9d%97%ba%f0%9d%97%bc%f0%9d%97%b4%f0%9d%97%b9%f0%9d%97%bc%f0%9d%97%af%f0%9d%97%b6%f0%9d%97%bb-%f0%9d%97%99%f0%9d%97%ae%f0%9d%98%80%f0%9d%98%81-%f0%9d%97%b6%f0%9d%97%bb-%f0%9d%97%95%f0%9d%97%b9%f0%9d%97%bc%f0%9d%97%bc%f0%9d%97%b1-%f0%9d%98%84%f0%9d%97%b6%f0%9d%98%81%f0%9d%97%b5-%f0%9d%97%b5%f0%9d%97%b2%f0%9d%97%ae%f0%9d%97%b9%f0%9d%98%81%f0%9d%97%b5%f0%9d%98%86-%f0%9d%97%99%f0%9d%97%bc%f0%9d%97%bc%f0%9d%97%b1%f0%9d%98%80/1008435403092750,text_too_short
https://www.facebook.com/tier1vet/videos/-the-bordetella-vaccine-can-help-reduce-the-risk-of-kennel-cough-but-its-not-100/1066161921588674,text_too_short
https://www.facebook.com/tipsthatchangeyourlife/posts/there-are-four-very-important-words-in-life-love-honesty-truth-respect-without-t/1061314106031797,text_too_short
https://www.facebook.com/uniladtech/videos/extracting-silver-from-coins/2005495199728191,text_too_short
https://www.facebook.com/uniladtech/videos/extracting-silver-from-coins/229759187725038,text_too_short
https://www.facebook.com/valeroenergy/videos/the-life-and-civil-rights-legacy-of-dr-martin-luther-king-jr-is-an-important-par/705286141720373,text_too_short
https://www.facebook.com/vaticannews/posts/gospel-of-the-day-luke-911b-17jesus-spoke-to-the-crowds-about-the-kingdom-of-god/1162834645878343,text_too_short
https://www.facebook.com/virginiahomegrown/videos/when-to-prune-a-butterfly-bush/2766422010242701,text_too_short
https://www.facebook.com/washingtonpost/posts/opinion-by-rick-reilly-airbnb-is-always-somebodys-side-hustle-while-theyre-penny/1089520806373127,text_too_short
https://www.facebook.com/wavelengthsuscellular/videos/how-to-fix-android-apps-crashing/727808141216224,text_too_short
https://www.facebook.com/weloverecipesfromheaven/posts/im-old-enough-to-remember-when-families-could-afford-to-live-on-one-parents-sala/1361538198870259,text_too_short
https://www.facebook.com/whatever/videos/who-moves-on-faster-after-a-relationship-men-or-women/1095429141545701,text_too_short
https://www.facebook.com/whyislamreligion/posts/what-was-jesus-occupationmost-probably-jesus-occupation-was-that-of-being-a-carp/1737923713236039,text_too_short
https://www.facebook.com/willcookforsmiles/posts/peppercorn-sauce-is-a-great-steak-sauce-that-is-easy-to-make-and-tastes-absolute/1209461407210317,text_too_short
https://www.facebook.com/wyseguide/videos/what-happens-to-asparagus-once-you-stop-cutting-it/298544387918143,text_too_short
https://www.facebook.com/xwindschurch/videos/understanding-church-leadership-roles-and-spiritual-gifts/1910425549473720,text_too_short
https://www.facebook.com/zodiacsignsnsecrets/posts/the-zodiac-signs-when-theyre-being-ignored-some-get-loud-some-shut-down-and-othe/755053540423571,text_too_short
https://www.fairwork.gov.au/about-us/contact-us/call-us,broken_link
https://www.fairwork.gov.au/starting-employment/types-of-employees,broken_link
https://www.fanatical.com/en,text_too_short
https://www.fanfiction.net/s/9076882/1/the-fallen-knight,broken_link
https://www.farmgang.com/viewtopic.php,broken_link
https://www.fastcompany.com/40424767/how-to-give-constructive-feedback-to-your-boss-without-getting-fired,broken_link
https://www.fastcompany.com/671382/how-write-catchy-slogan,broken_link
https://www.fastcompany.com/91107837/5-unexpected-ways-to-finally-stop-procrastinating,broken_link
https://www.fastcompany.com/91153850/how-do-i-give-feedback-to-my-boss,broken_link
https://www.fastcompany.com/91248756/4-simple-strategies-to-declutter-and-get-organized,broken_link
https://www.fastercapital.com/content/guaranteed-minimum-withdrawal-benefit--gmwb---gmwb--guaranteeing-your-retirement-withdrawals.html,broken_link
https://www.fcc.gov/consumers/guides/stop-unwanted-robocalls-and-texts,broken_link
https://www.fcc.gov/sites/default/files/stop_unwanted_robocalls_and_texts.pdf,pdf
https://www.fema.gov/pdf/rebuild/recover/fema_mold_brochure_english.pdf,pdf
https://www.fidelity.com/bin-public/060_www_fidelity_com/documents/electronic-funds-transfer-and-bank-wire.pdf,pdf
https://www.figma.com/community/plugin/885838970710285271/table-creator,broken_link
https://www.fil.ion.ucl.ac.uk/~mgray/presentations/linear_algebra_matrices.ppt,broken_link
https://www.fimssonipat.com/blogs/how-winter-affects-blood-pressure,text_too_short
https://www.fit.edu/your-college-decision/careers-options-in-marine-science,broken_link
https://www.fix.com/blog/restore-planter-pots,broken_link
https://www.flaglerelections.gov/election-info/2024-amendments,broken_link
https://www.flexiprep.com/important-topics/mathematics/whole-numbers.html,broken_link
https://www.flexjobs.com/job-search-career-advice,broken_link
https://www.flickonfood.com/en/ingredient/san-marzano-tomato,broken_link
https://www.floridahousing.org/live-local-act/hometown-heroes-program,broken_link
https://www.floridamemory.com/learn/exhibits/timeline,broken_link
https://www.foodsco.net/p/lotus-biscoff-cookies/0002178891629,broken_link
https://www.forbes.com/sites/baldwin/2021/04/01/how-to-replace-the-battery-in-a-dell-laptop,broken_link
https://www.ford.com/support/how-tos/electric-vehicles/public-charging/can-i-charge-my-ford-electric-vehicle-at-a-tesla-supercharger,broken_link
https://www.ford.com/trucks/maverick/2025,broken_link
https://www.forestessentialsindia.com/blog/get-rid-of-acne-scars.html,broken_link
https://www.forex.com/en-us/learn-forex-trading/11-chart-patterns-you-should-know,broken_link
https://www.forhers.com/conditions/bipolar-disorder,broken_link
https://www.forhers.com/tools/calorie-deficit-calculator,broken_link
https://www.formula1.com/en/information/formula-1-partners.2shz7bivhggs3ovp69n3rs,broken_link
https://www.formula1.com/en/latest/article/drivers-teams-cars-circuits-and-more-everything-you-need-to-know-about.7iqfl3rivf1comzdqv5jwc,broken_link
https://www.formula1.com/en/latest/article/explained-everything-you-need-to-know-about-f1s-driving-standards-guidelines.6vnn5lyimvrujmzaq7kzbh,broken_link
https://www.formula1.com/en/latest/article/the-beginners-guide-to-the-formula-1-grand-prix-calendar.vemteitb3f3te95a7qke7,broken_link
https://www.fortnite.com/news/redeem-a-fortnite-v-bucks-card-get-the-eternal-razorwing-pickaxe,broken_link
https://www.fortnite.com/news/redeem-a-v-bucks-card-and-get-the-color-splash-jellie-outfit-in-fortnite,broken_link
https://www.fortnite.com/redeem,broken_link
https://www.fortnite.com/redeem/confirmation,broken_link
https://www.fortnite.com/vbuckscard,broken_link
https://www.fortworthtexas.gov/departments/environmental-services/solidwaste/dropoff,broken_link
https://www.fotor.com/features/change-facial-expression-online-free,broken_link
https://www.fotor.com/features/compress-image-to-1mb,broken_link
https://www.fotor.com/features/compress-jpg,broken_link
https://www.fotor.com/features/remove-object-from-photo,broken_link
https://www.fox21news.com/living-local/summer-savings-when-it-comes-to-snacks-and-pool-accessories-at-walmart,broken_link
https://www.france24.com/en/20190702-austria-divided-over-glyphosate-ban-weedkiller-cancer,broken_link
https://www.franciscanhealth.org/community/blog/8-ways-to-prevent-cramps-while-running,broken_link
https://www.franciscanhealth.org/community/blog/colic,broken_link
https://www.franciscanhealth.org/community/blog/screen-time-kids,broken_link
https://www.franciscanhealth.org/community/blog/what-causes-hip-pain-after-sitting-and-what-to-do,broken_link
https://www.frederickhonors.pitt.edu/sites/default/files/pre-law-planner-1.15.14.pdf,pdf
https://www.fredhutch.org/content/dam/www/research/patient-treatment-and-support/survivorship-program/survivorship-health-links/menopausal%20symptoms.pdf,pdf
https://www.freepik.com/ai/background-remover,broken_link
https://www.freewill.com,text_too_short
https://www.freewill.com/learn/how-to-make-a-will-in-new-york,text_too_short
https://www.friendlyarts.net/book_titles/kingdomnow.htm,broken_link
https://www.frsd.k12.nj.us/cms/lib01/nj01001104/centricity/domain/639/cheminter13.pdf,pdf
https://www.fsis.usda.gov/sites/default/files/media_file/2021-02/molds_on_food.pdf,pdf
https://www.fusd1.org/cms/lib/az01001113/centricity/domain/894/anatomy%20and%20physiology%20i%20syllabus.pdf,pdf
https://www.g2a.com,broken_link
https://www.g2a.com/discord-server-boost-14x-1-month-discord-boost-key-global-i10000502884001,broken_link
https://www.g2a.com/instruction/marketplace/1/steam-game-key,broken_link
https://www.g2a.com/news/features/the-forest-cheats-console-commands-guide,broken_link
https://www.g2a.com/the-forest-ps4-psn-account-global-i10000001880019,broken_link
https://www.g2g.com/categories/dc-top-up,text_too_short
https://www.gacbe.ac.in/pdf/ematerial/18bcs5el-u5.pdf,pdf
https://www.galatiyachts.com/yachting-news/yachting-style-guide-what-to-wear-on-a-yacht,broken_link
https://www.gamechampions.com/en/blog/fortnite-promo-redeem-codes,broken_link
https://www.gartner.com/en/topics/generative-ai,broken_link
https://www.gastrojournal.org/article/s0016-5085(02)00096-3/fulltext,broken_link
https://www.gccfcats.org/keeping-your-cat-safe-when-travelling-a-guide-for-uk-cat-owners,broken_link
https://www.gemologyonline.com/forum/phpbb2/viewtopic.php,broken_link
https://www.gemstones.com/gemopedia/peridot,text_too_short
https://www.geneva304.org/downloads/key%20-%20matter%20study%20guide.pdf,pdf
https://www.gentledental-pa.com/blog/what-a-coated-tongue-is-telling-you,text_too_short
https://www.georgetownelitedental.com/how-to-pop-gum-abscess-at-home-with-ease,broken_link
https://www.gerbes.com/p/lotus-biscoff-cookie-butter/0002178850695,broken_link
https://www.gerbes.com/p/lotus-biscoff-cookies/0002178850643,broken_link
https://www.gia.edu/doc/natural-rubies-with-glass-filled-cavities.pdf,pdf
https://www.gigabyte.com/mb/rgb,broken_link
https://www.gloshospitals.nhs.uk/media/documents/fodmap_dietsheet_for_website.pdf,pdf
https://www.gloshospitals.nhs.uk/media/documents/propofol_sedation_for_endoscopic_procedures_ghpi1658_03_21.pdf,pdf
https://www.gmfamilyfirst.com/about-the-discount,text_too_short
https://www.godaddy.com/en-in/websites/website-builder,broken_link
https://www.godaddy.com/help/fix-rejected-email-with-a-bounce-error-40685,broken_link
https://www.godaddy.com/help/share-microsoft-365-app-files-from-onedrive-or-sharepoint-8907,broken_link
https://www.godaddy.com/help/what-does-my-email-bounce-mean-3568,broken_link
https://www.golbornemedical.nhs.uk/wp-content/uploads/2022/05/guide-to-taking-blood-pressure.pdf,pdf
https://www.goldinvestments.co.uk/which-gold-coins-are-worth-money,broken_link
https://www.goodnewsarticles.com/aug05-6.htm,broken_link
https://www.goodrx.com/compare/dexamethasone-vs-prednisone,broken_link
https://www.goodrx.com/compare/methylprednisolone-vs-prednisone,broken_link
https://www.goodrx.com/conditions/anesthesia/how-does-anesthesia-work,broken_link
https://www.goodrx.com/conditions/bipolar-disorder/bipolar-1-vs-2-differences,broken_link
https://www.goodrx.com/conditions/covid-19/allergies-vs-covid-differences,broken_link
https://www.goodrx.com/conditions/covid-19/can-covid-cause-pneumonia,broken_link
https://www.goodrx.com/conditions/covid-19/how-long-do-covid-19-antibodies-stay-in-your-system,broken_link
https://www.goodrx.com/conditions/covid-19/how-soon-after-vaccination-am-i-immune,broken_link
https://www.goodrx.com/conditions/dental-care/white-tongue,broken_link
https://www.goodrx.com/conditions/diarrhea,broken_link
https://www.goodrx.com/conditions/fungal-infection/oral-thrush-in-babies,broken_link
https://www.goodrx.com/conditions/gallstones/gallbladder-foods-to-avoid,broken_link
https://www.goodrx.com/conditions/hair-loss/rosemary-oil-for-hair-growth,broken_link
https://www.goodrx.com/conditions/hair-loss/will-taking-biotin-supplements-help-regrow-my-hair,broken_link
https://www.goodrx.com/conditions/hives/hives-getting-worse-instead-of-better,broken_link
https://www.goodrx.com/conditions/hyperkalemia/high-potassium-levels,broken_link
https://www.goodrx.com/conditions/hypertension/what-drinks-lower-blood-pressure-quickly,broken_link
https://www.goodrx.com/conditions/menopause/what-does-a-hot-flash-feel-like,broken_link
https://www.goodrx.com/conditions/multiple-sclerosis/drugs,broken_link
https://www.goodrx.com/conditions/multiple-sclerosis/oral-medications,broken_link
https://www.goodrx.com/conditions/musculoskeletal/groin-pain-when-walking,broken_link
https://www.goodrx.com/conditions/musculoskeletal/what-does-a-slipped-disc-feel-like,broken_link
https://www.goodrx.com/conditions/pain/aspercreme-vs-voltaren,broken_link
https://www.goodrx.com/conditions/schizophrenia/how-to-help-someone-with-schizophrenia,broken_link
https://www.goodrx.com/drugs/side-effects/medications-oral-health-and-mouth-related-side-effects,broken_link
https://www.goodrx.com/health-topic/cannabis/weed-melatonin-interactions,broken_link
https://www.goodrx.com/health-topic/childrens-health/rashes-in-kids-causes-treatments,broken_link
https://www.goodrx.com/health-topic/dermatology/callus-treatment,broken_link
https://www.goodrx.com/health-topic/dermatology/why-am-i-always-cold,broken_link
https://www.goodrx.com/health-topic/infections/infectious-mononucleosis,broken_link
https://www.goodrx.com/health-topic/stds/pubic-lice,broken_link
https://www.goodrx.com/nexplanon/arm-implant-birth-control,broken_link
https://www.goodrx.com/propofol/what-is,broken_link
https://www.goodrx.com/voltaren-gel/uses-side-effects,broken_link
https://www.goodrx.com/well-being/gut-health/foods-that-make-you-poop-help-constipation,broken_link
https://www.goodrx.com/well-being/movement-exercise/best-drinks-for-leg-cramps,broken_link
https://www.goodrx.com/well-being/substance-use/can-weed-cause-ed-or-infertility,broken_link
https://www.goodrx.com/well-being/substance-use/delta-10-vs-delta-8,broken_link
https://www.goodrx.com/well-being/substance-use/is-delta-8-thc-safe,broken_link
https://www.gopuff.com/blog/food-drink/heres-how-to-make-homemade-pizza-from-scratch,broken_link
https://www.gousto.co.uk/cookbook/beef-recipes/21-day-aged-sirloin-chips-creamy-peppercorn-sauce,text_too_short
https://www.gov.il/en/departments/ministry_of_foreign_affairs/govil-landing-page,broken_link
https://www.govinfo.gov/content/pkg/gpo-conan-1992/pdf/gpo-conan-1992-7.pdf,pdf
https://www.graybar.com/networking-and-wireless/network-switches/c/network-switches,broken_link
https://www.graybar.com/store-finder,broken_link
https://www.grepool.com/en,text_too_short
https://www.grimco.com,text_too_short
https://www.growertalks.com/article,video
https://www.gumtree.com.au/s-ad/craigieburn/rabbits/female-plush-lop-rabbits-for-sale/1334958320,broken_link
https://www.gyftr.com/amexrewardmultiplier/amazon-gift-vouchers,broken_link
https://www.hackerstone.com/what-is-os-x-base-system,broken_link
https://www.hair.com/best-hair-color-for-grey-eyes.html,broken_link
https://www.hair.com/best-hair-colors-blue-eyes.html,broken_link
https://www.haleon.com/our-brands,text_too_short
https://www.handyhandouts.com/viewhandout.aspx,video
https://www.hannaford.com/product/biscoff-spread/876482,broken_link
https://www.hants.gov.uk/wasteandrecycling/chargeablewaste,broken_link
https://www.harmonycentral.com/forums/topic/133843-why-does-my-voice-sound-different-on-a-recording,broken_link
https://www.hayward-ca.gov/sites/default/files/documents/tablet%20faq_english.pdf,pdf
https://www.hbrandfeed.com/product/manna-pro-calf-manna-performance-supplement,broken_link
https://www.hccs.edu/media/houston-community-college/international-students/pdfs/how-to-add-signature-to-pdf-document.pdf,pdf
https://www.health.go.ug/ed-pills/do-cbd-gummies-help-with-ed-examining-the-claims-lzowe.html,broken_link
https://www.health.go.ug/ed-pills/do-cbd-gummies-help-with-ed-investigating-their-potential-benefits-hzqet.html,broken_link
https://www.health.gov.au/news/joint-statement-from-atagi-and-thanz-on-thrombosis-with-thrombocytopenia-syndrome-tts-and-the-use-of-covid-19-vaccine-astrazeneca,broken_link
https://www.health.gov.au/our-work/covid-19-vaccines/advice-for-providers/clinical-guidance/tts,broken_link
https://www.health.gov.au/sites/default/files/documents/2022/07/enhealth-guidance-potential-health-effects-of-mould-in-the-environment.pdf,pdf
https://www.health.gov.au/topics/immunisation/vaccines/shingles-herpes-zoster-immunisation-service,broken_link
https://www.health.qld.gov.au/__data/assets/pdf_file/0024/1036671/covid-19-vaccination-tts-vipit.pdf,pdf
https://www.health.qld.gov.au/__data/assets/pdf_file/0024/157362/howtoworkwithdeaf.pdf,pdf
https://www.healthians.com/blog/5-simple-but-important-methods-to-enhance-blood-circulation,broken_link
https://www.healthlinkbc.ca/sites/default/files/documents/eating-guidelines-for-gallbladder-disease.pdf,pdf
https://www.healthtap.com/questions/7056390-what-does-mono-mean-i-got-blood-work-back-that-said-the-range-is-from-0-4-15-9-but-mine-was-16-6,broken_link
https://www.heart.org/-/media/data-import/downloadables/5/5/7/dysphagia-ucm_497694.pdf,pdf
https://www.heart.org/-/media/files/health-topics/answers-by-heart/what-is-a-coronary-angiogram.pdf,pdf
https://www.heart.org/-/media/files/health-topics/high-blood-pressure/how_to_measure_your_blood_pressure_letter_size.pdf,pdf
https://www.heartuk.org.uk/cholesterol/triglycerides,broken_link
https://www.heartuk.org.uk/cholesterol/understanding-your-cholesterol-test-results-,broken_link
https://www.heb.com/recipe/recipe-detail/menudo-sabroso,text_too_short
https://www.helloabby.com/signin,text_too_short
https://www.hellotech.com/guide/for/how-to-change-administrator-name-on-windows-10,broken_link
https://www.hellotech.com/guide/for/how-to-format-a-hard-drive-windows-10,broken_link
https://www.help.cbp.gov/s/article/article-1594,broken_link
https://www.help2go.com/tutorials/computer_basics/disk_compression.html,broken_link
https://www.helpfulgardener.com/forum/viewtopic.php,broken_link
https://www.hendersonvillefamilydental.com/receding-gum-lines,broken_link
https://www.hendrickson-intl.com/getattachment/5dd157d4-950e-428e-aa9a-08589369f5f2/h785.pdf,pdf
https://www.hertz.com/us/en/vehicles/tesla/faq/charging-tesla-models,text_too_short
https://www.heymammy.com/viewtopic.php,broken_link
https://www.hhs.gov/answers/health-insurance-reform/what-is-the-affordable-care-act/index.html,broken_link
https://www.hhs.gov/healthcare/about-the-aca/anniversary/index.html,broken_link
https://www.hhs.gov/healthcare/about-the-aca/index.html,broken_link
https://www.hhs.gov/immunization/basics/types/index.html,broken_link
https://www.hhs.gov/immunization/diseases/shingles/index.html,broken_link
https://www.hhs.gov/sites/default/files/2018-9-13-nvac-friedland-journeyofnewshinglesvaccine.pdf,pdf
https://www.hhs.gov/sites/default/files/surgeon-general-social-connection-advisory.pdf,pdf
https://www.hhs.nd.gov/sites/www/files/documents/doh%20legacy/cardiac%20ready/yale-swallow-screen.pdf,pdf
https://www.hhs.texas.gov/sites/default/files/documents/doing-business-with-hhs/provider-portal/protective-services/ccl/min-standards/chapter-746-centers.pdf,pdf
https://www.hibbett.com/true-religion-womens-vintage-notch-baby-tee/006qy.html,broken_link
https://www.hideipvpn.com/learning-center/what-is-pptp,broken_link
https://www.highlinewarren.com/blog/how-do-i-stop-my-engine-leaking-oil,broken_link
https://www.highlinewarren.com/blog/how-to-stop-an-oil-leak-in-your-car,broken_link
https://www.hioscar.com/blog/taking-blood-pressure-at-home-video,text_too_short
https://www.hipaajournal.com/common-hipaa-violations,broken_link
"https://www.history.navy.mil/content/dam/museums/hrnm/education/educationwebsiterebuild/russianpropagandaaboutgermany/socialism,%20fascism,%20capitalism,%20communism%20background.pdf",pdf
https://www.historycentral.com/bookreviews/mattress.html,broken_link
https://www.hitched.co.uk/wedding-planning/organising-and-planning/goodnight-text-messages,broken_link
https://www.hivelocity.net/kb/restricting-remote-desktop-rdp-access,broken_link
https://www.hollandandbarrett.com/the-health-hub/conditions/migraine-headaches/does-sex-help-with-headaches,broken_link
https://www.hollandandbarrett.com/the-health-hub/food-drink/diets/gluten-free/gluten-free-flour-the-basics,broken_link
https://www.hollandandbarrett.com/the-health-hub/vitamins-and-supplements/vitamins/vitamin-b/biotin-for-hair,broken_link
https://www.hollandandbarrett.com/the-health-hub/weight-management/how-to-lose-fat-in-your-face,broken_link
https://www.homedepot.com/b/flooring-flooring-supplies-floor-protection-materials-floor-sealers/slate/n-5yc1vzcdtzz1z0kkkv,broken_link
https://www.homedepot.com/b/outdoors-garden-center-landscaping-supplies-hardscapes-hardscape-supplies-paver-sand/n-5yc1vz2fkp8fu,broken_link
https://www.homedepot.com/b/outdoors-garden-center-planters-plant-pots/n-5yc1vzbx87,broken_link
https://www.homedepot.com/b/outdoors-garden-center-planters/n-5yc1vzbx81,broken_link
https://www.homedepot.com/b/outdoors-outdoor-power-equipment-generators/n-5yc1vzbx8l,broken_link
https://www.homedepot.com/b/outdoors-pool-supplies-pool-equipment-pool-heaters/above-ground/n-5yc1vzcfyuz1z1a66e,broken_link
https://www.homedepot.com/b/paint-paint-supplies-caulk-sealants-caulk/kitchen-bathroom/n-5yc1vzcibhz1z1zli2,broken_link
https://www.homedepot.com/p/ryobi-one-hp-18v-brushless-24-in-cordless-battery-hedge-trimmer-tool-only-pblhg01b/331977257,broken_link
https://www.homedepot.com/p/techniseal-ez-sand-35-lbs-gray-paver-joint-sand-141000099/313806733,broken_link
https://www.homegoods.com,broken_link
https://www.homelandsecurity.ms.gov/sites/mohs/files/mohs%20files/emergencypantrychart_color2.pdf,pdf
https://www.homepizzaovens.co.uk/wp-content/uploads/2020/08/hpo-why-are-san-marzano-tomatoes-so-good.pdf,pdf
https://www.hopkinsmedicine.org/health/conditions-and-diseases/colic,broken_link
https://www.hopkinsmedicine.org/health/conditions-and-diseases/constipation,broken_link
https://www.hopkinsmedicine.org/health/conditions-and-diseases/constipation-in-children,broken_link
https://www.hopkinsmedicine.org/health/conditions-and-diseases/coronavirus,broken_link
https://www.hopkinsmedicine.org/health/conditions-and-diseases/coronavirus/covid-19-vaccine-what-you-need-to-know,broken_link
https://www.hopkinsmedicine.org/health/conditions-and-diseases/diarrhea,broken_link
https://www.hopkinsmedicine.org/health/conditions-and-diseases/diarrhea-in-children,broken_link
https://www.hopkinsmedicine.org/health/conditions-and-diseases/folate-deficiency-anemia,broken_link
https://www.hopkinsmedicine.org/health/conditions-and-diseases/high-blood-pressure-hypertension/hypertension-what-you-need-to-know-as-you-age,broken_link
https://www.hopkinsmedicine.org/health/conditions-and-diseases/infectious-mononucleosis,broken_link
https://www.hopkinsmedicine.org/health/conditions-and-diseases/introduction-to-menopause,broken_link
https://www.hopkinsmedicine.org/health/conditions-and-diseases/irondeficiency-anemia,broken_link
https://www.hopkinsmedicine.org/health/conditions-and-diseases/lumbar-disc-disease-herniated-disc,broken_link
https://www.hopkinsmedicine.org/health/conditions-and-diseases/lumbar-spinal-stenosis,broken_link
https://www.hopkinsmedicine.org/health/conditions-and-diseases/manic-depression--bipolar-disorder,broken_link
https://www.hopkinsmedicine.org/health/conditions-and-diseases/mood-disorders/bipolar-relationships-what-to-expect,broken_link
https://www.hopkinsmedicine.org/health/conditions-and-diseases/pneumonia,broken_link
https://www.hopkinsmedicine.org/health/conditions-and-diseases/postural-orthostatic-tachycardia-syndrome-pots,broken_link
https://www.hopkinsmedicine.org/health/conditions-and-diseases/pots-a-little-known-cause-of-extreme-fatigue,broken_link
https://www.hopkinsmedicine.org/health/conditions-and-diseases/psoriasis-diet-foods-to-eat-and-avoid-if-you-have-psoriasis,broken_link
https://www.hopkinsmedicine.org/health/conditions-and-diseases/snoring,broken_link
https://www.hopkinsmedicine.org/health/conditions-and-diseases/what-causes-a-gallbladder-attack,broken_link
https://www.hopkinsmedicine.org/health/treatment-tests-and-therapies/abdominal-angiogram,broken_link
https://www.hopkinsmedicine.org/health/treatment-tests-and-therapies/angiogram,broken_link
https://www.hopkinsmedicine.org/health/treatment-tests-and-therapies/dysphagia-what-happens-during-a-bedside-swallow-exam,broken_link
https://www.hopkinsmedicine.org/health/treatment-tests-and-therapies/fiberoptic-evaluation-of-swallowing,broken_link
https://www.hopkinsmedicine.org/health/treatment-tests-and-therapies/gastric-sleeve-surgery,broken_link
https://www.hopkinsmedicine.org/health/treatment-tests-and-therapies/lipid-panel,broken_link
https://www.hopkinsmedicine.org/health/treatment-tests-and-therapies/liver-transplant,broken_link
https://www.hopkinsmedicine.org/health/treatment-tests-and-therapies/types-of-anesthesia-and-your-anesthesiologist,broken_link
https://www.hopkinsmedicine.org/health/wellness-and-prevention/5-ways-to-be-kind-to-your-liver,broken_link
https://www.hopkinsmedicine.org/health/wellness-and-prevention/babies-and-toddlers-discipline/when-to-worry-about-toddler-temper-tantrums/disciplining-kids-with-trust-and-respect,broken_link
https://www.hopkinsmedicine.org/health/wellness-and-prevention/detoxing-your-liver-fact-versus-fiction,broken_link
https://www.hopkinsmedicine.org/health/wellness-and-prevention/did-i-just-have-a-hot-flash-im-44,broken_link
https://www.hopkinsmedicine.org/health/wellness-and-prevention/double-chin-surgery-what-you-need-to-know,broken_link
https://www.hopkinsmedicine.org/health/wellness-and-prevention/healthy-eating-during-adolescence,broken_link
https://www.hopkinsmedicine.org/health/wellness-and-prevention/pcos-diet,broken_link
https://www.hopkinsmedicine.org/health/wellness-and-prevention/prediabetes-diet,broken_link
https://www.hopkinsmedicine.org/health/wellness-and-prevention/schoolaged-child-nutrition,broken_link
https://www.hopkinsmedicine.org/health/wellness-and-prevention/what-is-a-growth-spurt-during-puberty,broken_link
https://www.hopkinsmedicine.org/health/wellness-and-prevention/why-do-people-snore-answers-for-better-health,broken_link
https://www.hopscotch.in,text_too_short
https://www.hostgator.com/help/article/return-messages,broken_link
https://www.hostreview.com/blog/200928-what-is-a-web-crawler-and-how-does-it-work,broken_link
https://www.house.mn.gov/hrd/pubs/conamendlegal.pdf,pdf
https://www.housinglin.org.uk/_assets/resources/housing/otherorganisation/appello-the-role-of-technology-in-combating-loneliness-and-social-isolation-amongst-older-people_v6.pdf,pdf
https://www.houstonchronicle.com/news/houston-texas/texas/article/mexican-american-soldier-felix-longoria-honored-18481319.php,broken_link
https://www.hp.com/us-en/shop/cv/battery-replacement,broken_link
https://www.hp.com/us-en/shop/tech-takes/fix-gaming-keyboard-problems,broken_link
https://www.hp.com/us-en/shop/tech-takes/how-do-i-fix-laptop-that-wont-turn-on,broken_link
https://www.hp.com/us-en/shop/tech-takes/how-long-should-i-charge-hp-laptop-battery,broken_link
https://www.hp.com/us-en/shop/tech-takes/how-to-check-graphics-card-in-laptop,broken_link
https://www.hp.com/us-en/shop/tech-takes/how-to-connect-phone-to-computer,broken_link
https://www.hp.com/us-en/shop/tech-takes/how-to-edit-pdf-files,broken_link
https://www.hp.com/us-en/shop/tech-takes/how-to-find-someone-on-discord,broken_link
https://www.hp.com/us-en/shop/tech-takes/how-to-optimize-pc-for-gaming,broken_link
https://www.hp.com/us-en/shop/tech-takes/how-to-transfer-files-from-pc-to-pc,broken_link
https://www.hpe.com/emea_europe/en/what-is/low-latency.html,broken_link
https://www.hpe.com/us/en/what-is/ethernet-switching.html,broken_link
https://www.hpe.com/us/en/what-is/network-switch.html,broken_link
https://www.huntington.com/personal/checking,broken_link
https://www.huntington.com/personal/checking/student,broken_link
https://www.huntington.com/personal/credit-card,broken_link
https://www.huntington.com/privacy-security/prevent/safe-money-movement,broken_link
https://www.huttonshairandbeauty.com/uploads/1/8/1/2/18124949/pedicure.pdf,pdf
https://www.iberdrola.com/talent/generation-x-y-z,broken_link
https://www.ibm.com/docs/en/db2-for-zos/12.0.0,text_too_short
https://www.ibm.com/docs/en/i/7.5.0,text_too_short
https://www.ibm.com/docs/en/netcoolomnibus/8.1.0,text_too_short
https://www.ibm.com/docs/en/order-management,text_too_short
https://www.ibm.com/docs/en/zos/2.4.0,text_too_short
https://www.iceni.com/help/infix/7/en/resampling.html,broken_link
https://www.icicilombard.com/blogs/health-insurance/mb/how-to-prevent-anaemia,broken_link
https://www.icicilombard.com/blogs/health-insurance/mb/how-to-remove-pimple-marks-in-one-day-home-remedies,broken_link
https://www.icicilombard.com/blogs/health-insurance/mb/what-are-the-best-exercises-to-reduce-a-double-chin,broken_link
https://www.icicilombard.com/blogs/health-insurance/mb/what-is-an-alarming-level-of-monocytes,broken_link
https://www.iciciprulife.com/content/dam/icicipru/brochures/icici_pru_non_linked_health_protect_rider_brochure.pdf,pdf
https://www.icloud.com,text_too_short
https://www.icloud.com.cn,text_too_short
https://www.icloud.com/contacts,text_too_short
https://www.icloud.com/find,text_too_short
https://www.icloud.com/iclouddrive,text_too_short
https://www.icloud.com/invites,text_too_short
https://www.icloud.com/mail,text_too_short
https://www.icloud.com/numbers,text_too_short
https://www.icloud.com/photos,text_too_short
https://www.icloud.com/recovery,text_too_short
https://www.icloud.com/storage,text_too_short
https://www.idea.int/sites/default/files/publications/constitutional-beginnings-making-amending-constitutions.pdf,pdf
https://www.ifa-ulm.de/fileadmin/user_upload/download/forschung/2012_ifa_holz-etal_gmwb-for-life-an-analysis-of-lifelong-withdrawal-guarantees.pdf,pdf
https://www.ifm.org/articles/healthy-aging-longevity-mark-hyman,broken_link
https://www.ign.com/wikis/ark-survival-evolved/kibble_recipes,broken_link
https://www.ign.com/wikis/baldurs-gate-3/karlach_romance_guide,broken_link
https://www.ign.com/wikis/baldurs-gate-3/shadowheart_romance_guide,broken_link
https://www.ign.com/wikis/minecraft/how_to_tame_a_cat,broken_link
https://www.ign.com/wikis/star-wars/anakin_skywalker,broken_link
https://www.ign.com/wikis/the-elder-scrolls-5-skyrim/vampire_seduction,broken_link
https://www.ign.com/wikis/the-forest/how_to_assign_quick_select,broken_link
https://www.ign.com/wikis/the-forest/how_to_save_your_game,broken_link
https://www.iilsindia.com/study-material/708504_1603029720.pdf,pdf
https://www.iitk.ac.in/esc101/share/downloads/javanotes5.pdf,pdf
https://www.illinoiscourts.gov/resources/3e1511b7-a9b8-4fb7-852d-ae5d91268027/5200163-supporting-record3.pdf,pdf
https://www.imdelltrahcp.com/-/media/themes/amgen/imdelltrahcp-com/imdelltrahcp-com/documents/usa-757-80326_access_guide_j-code.pdf,pdf
https://www.imdelltrahcp.com/-/media/themes/amgen/imdelltrahcp-com/imdelltrahcp-com/documents/usa-757-80346_j-code-flashcard.pdf,pdf
https://www.imf.org/en/data,broken_link
https://www.imf.org/en/news/articles/2025/06/25/pr25219-jamaica-imf-executive-board-concludes-2025-article-iv-consultation-with-jamaica,broken_link
https://www.imf.org/external/datamapper/hh_ls@gdd/can/gbr/usa/deu/ita/fra/jpn/vnm,broken_link
https://www.imf.org/external/pubs/ft/fandd/2001/12/calamits.htm,broken_link
https://www.imf.org/external/pubs/ft/fandd/basics/recess.htm,broken_link
https://www.immediateannuities.com/annuity-brochures/american-general-gmwb.pdf,pdf
https://www.imperial.nhs.uk/-/media/website/patient-information-leaflets/nutrition-and-diatetics/gallstone-diet.pdf,pdf
https://www.imperial.nhs.uk/~/media/website/gps-and-referrers/gp-documents/gp-professional-development/nwl-pathology-march-2018/dr-m-choudhry.pdf,pdf
https://www.in-n-out.com/history,text_too_short
https://www.in.gov/ihcda/files/creating-zip-file.pdf,pdf
https://www.inbarfoundation.org/wp-content/uploads/2023/11/standard-17-citizen-participation-reading-and-formative-work-1.pdf,pdf
https://www.inc.com/david-van-rooy/7-ways-to-adopt-a-proactive-mindset.html,broken_link
https://www.inc.com/jason-aten/i-asked-chatgpt-a-simple-question-it-literally-may-have-saved-my-life/91206666,broken_link
https://www.indeed.com/career-advice/career-development/cap-rate-formula,broken_link
https://www.indeed.com/career-advice/career-development/career-coach-vs-life-coach,broken_link
https://www.indeed.com/career-advice/career-development/causes-of-burnout,broken_link
https://www.indeed.com/career-advice/career-development/cost-volume-profit-analysis,broken_link
https://www.indeed.com/career-advice/career-development/employees,broken_link
https://www.indeed.com/career-advice/career-development/employer-vs-employee,broken_link
https://www.indeed.com/career-advice/career-development/excel-formula-errors,broken_link
https://www.indeed.com/career-advice/career-development/fiscal-year,broken_link
https://www.indeed.com/career-advice/career-development/general-ledger-vs-trial-balance,broken_link
https://www.indeed.com/career-advice/career-development/how-to-add-equation-to-graph-in-excel,broken_link
https://www.indeed.com/career-advice/career-development/how-to-calculate-equilibrium-price,broken_link
https://www.indeed.com/career-advice/career-development/how-to-cite-images-in-powerpoint,broken_link
https://www.indeed.com/career-advice/career-development/how-to-combine-cells-in-excel,broken_link
https://www.indeed.com/career-advice/career-development/how-to-create-matrix-in-excel,broken_link
https://www.indeed.com/career-advice/career-development/how-to-create-zip-file,broken_link
https://www.indeed.com/career-advice/career-development/how-to-give-manager-feedback,broken_link
https://www.indeed.com/career-advice/career-development/how-to-graph-functions-in-excel,broken_link
https://www.indeed.com/career-advice/career-development/how-to-move-cells-down-in-excel,broken_link
https://www.indeed.com/career-advice/career-development/how-to-multiply-columns-in-excel,broken_link
https://www.indeed.com/career-advice/career-development/how-to-password-protect-on-excel,broken_link
https://www.indeed.com/career-advice/career-development/how-to-remove-circular-references-in-excel,broken_link
https://www.indeed.com/career-advice/career-development/how-to-remove-password-excel,broken_link
https://www.indeed.com/career-advice/career-development/how-to-reopen-closed-tabs,broken_link
https://www.indeed.com/career-advice/career-development/how-to-use-lasso-tool-in-photoshop,broken_link
https://www.indeed.com/career-advice/career-development/insert-line-in-word,broken_link
https://www.indeed.com/career-advice/career-development/leadership-communication-skills,broken_link
https://www.indeed.com/career-advice/career-development/merge-columns-in-excel,broken_link
https://www.indeed.com/career-advice/career-development/microsoft-azure-certifications,broken_link
https://www.indeed.com/career-advice/career-development/nice-things-to-say-about-your-boss-in-review,broken_link
https://www.indeed.com/career-advice/career-development/proactive-worker,broken_link
https://www.indeed.com/career-advice/career-development/reduce-pdf-file-size,broken_link
https://www.indeed.com/career-advice/career-development/schedule-variance,broken_link
https://www.indeed.com/career-advice/career-development/taglines,broken_link
https://www.indeed.com/career-advice/career-development/taking-ownership-at-work,broken_link
https://www.indeed.com/career-advice/career-development/thank-you-for-reaching-out,broken_link
https://www.indeed.com/career-advice/career-development/what-is-a-general-ledger,broken_link
https://www.indeed.com/career-advice/career-development/what-is-business-valuation,broken_link
https://www.indeed.com/career-advice/career-development/what-is-web-crawler,broken_link
https://www.indeed.com/career-advice/career-development/why-is-being-proactive-important,broken_link
https://www.indeed.com/career-advice/career-development/workplace-respect,broken_link
https://www.indeed.com/career-advice/finding-a-job/how-to-become-a-loan-signing-agent-in-texas,broken_link
https://www.indeed.com/career-advice/interviewing/what-can-you-contribute-to-this-company,broken_link
https://www.indeed.com/career-advice/interviewing/what-will-you-bring-to-the-team-question,broken_link
https://www.indeed.com/career-advice/resumes-cover-letters/how-to-include-poster-presentation-in-cv,broken_link
https://www.indeed.com/career-advice/resumes-cover-letters/how-to-list-publications-on-resume,broken_link
https://www.indeed.com/career-advice/resumes-cover-letters/resume-presentations,broken_link
https://www.indeed.com/hire/c/info/employee-definition,broken_link
https://www.indeed.com/hire/c/info/fiscal-year,broken_link
https://www.indeed.com/hire/c/info/marketing-mix,broken_link
https://www.indeed.com/viewjob,broken_link
https://www.infosecinstitute.com/resources/microsoft-azure/microsoft-azure-certification-guide,broken_link
https://www.insidesalesexpert.com/blog/20-qualities-of-good-leaders,broken_link
https://www.insperity.com/blog/trust-and-respect-in-the-workplace,broken_link
https://www.instagram.com/111.threads,text_too_short
https://www.instagram.com/asktia/reel/c2iowr3pcdb,text_too_short
https://www.instagram.com/basicallybassie/reel/cyc7bf8vxlq,text_too_short
https://www.instagram.com/dom.carter87/p/c994blqrfhy,text_too_short
https://www.instagram.com/got.lemons/reel/dluu8nsiw2f,text_too_short
https://www.instagram.com/kaitrumpgolfer,text_too_short
https://www.instagram.com/michelleobama/reel/dlx-l7drwok,text_too_short
https://www.instagram.com/mrfresh,text_too_short
https://www.instagram.com/msrachelforlittles,text_too_short
https://www.instagram.com/natacha.oceane,text_too_short
https://www.instagram.com/nomess_nostress_organizing,text_too_short
https://www.instagram.com/oasisdentalstudio,text_too_short
https://www.instagram.com/p/c5eche8tnxf,text_too_short
https://www.instagram.com/p/c69g6lzpxds,text_too_short
https://www.instagram.com/p/c_bvfmyypit,text_too_short
https://www.instagram.com/p/cba1p3ghpt_,text_too_short
https://www.instagram.com/p/cmaectwhtes,text_too_short
https://www.instagram.com/p/cpufsarntss,text_too_short
https://www.instagram.com/p/dhmiv2ouio7,text_too_short
https://www.instagram.com/p/dhtpz3qmccm,text_too_short
https://www.instagram.com/p/diw2xr8myox,text_too_short
https://www.instagram.com/p/djm_ivjshzx,text_too_short
https://www.instagram.com/p/dkemuzkounp,text_too_short
https://www.instagram.com/p/dld8bmvnjjo,text_too_short
https://www.instagram.com/p/dlhzjdniyvk,text_too_short
https://www.instagram.com/p/dln56cerseb,text_too_short
https://www.instagram.com/p/dlnrslnpqrw,text_too_short
https://www.instagram.com/p/dlp87p1tyvu,text_too_short
https://www.instagram.com/p/dlpmpq2s8-y,text_too_short
https://www.instagram.com/p/dlpwdpvx4x4,text_too_short
https://www.instagram.com/p/dlpwqxyzvcu,text_too_short
https://www.instagram.com/p/dlpygaos3xm,text_too_short
https://www.instagram.com/p/dlq2qrimklh,text_too_short
https://www.instagram.com/p/dlqwup9icvp,text_too_short
https://www.instagram.com/p/dlqx5h0rng5,text_too_short
https://www.instagram.com/p/dlr1javs0jw,text_too_short
https://www.instagram.com/p/dlrftyoxxz0,text_too_short
https://www.instagram.com/p/dlssabxj-hg,text_too_short
https://www.instagram.com/p/dltckmst0jq,text_too_short
https://www.instagram.com/p/dltdgbuxnjc,text_too_short
https://www.instagram.com/p/dltutmusaoz,text_too_short
https://www.instagram.com/p/dlu7i2dxyxo,text_too_short
https://www.instagram.com/p/dluthivnk41,text_too_short
https://www.instagram.com/p/dlv-33dtgpk,text_too_short
https://www.instagram.com/p/dlv8tsizcb4,text_too_short
https://www.instagram.com/p/dlv9jkjohbg,text_too_short
https://www.instagram.com/p/dlvef5mr3d5,text_too_short
https://www.instagram.com/p/dlvhstiui7a,text_too_short
https://www.instagram.com/p/dlviqrwxek2,text_too_short
https://www.instagram.com/p/dlvmacluzds,text_too_short
https://www.instagram.com/p/dlvplljv35g,text_too_short
https://www.instagram.com/p/dlvrrh7ytst,text_too_short
https://www.instagram.com/p/dlw80zdtjqq,text_too_short
https://www.instagram.com/p/dlwiyv6piu0,text_too_short
https://www.instagram.com/p/dlwpdxet5sx,text_too_short
https://www.instagram.com/p/dlwqfvwmsik,text_too_short
https://www.instagram.com/p/dlwu9tbu54h,text_too_short
https://www.instagram.com/p/dlx5ppspxav,text_too_short
https://www.instagram.com/p/dlx9zpkslkw,text_too_short
https://www.instagram.com/p/dlx__9vqxrd,text_too_short
https://www.instagram.com/p/dlxc5sntvhq,text_too_short
https://www.instagram.com/p/dlxc8voopr3,text_too_short
https://www.instagram.com/p/dlxcxyyoevk,text_too_short
https://www.instagram.com/p/dlxe0nwj6ix,text_too_short
https://www.instagram.com/p/dlxfbmesp-q,text_too_short
https://www.instagram.com/p/dlxgjoxgto0,text_too_short
https://www.instagram.com/p/dlxjylbrs5u,text_too_short
https://www.instagram.com/p/dlxkrpfr_k8,text_too_short
https://www.instagram.com/p/dlxnevrijhr,text_too_short
https://www.instagram.com/p/dlxp_lnubyw,text_too_short
https://www.instagram.com/p/dlxsryxmrds,text_too_short
https://www.instagram.com/p/dlxtwshirwu,text_too_short
https://www.instagram.com/p/dlxx5fupvj2,text_too_short
https://www.instagram.com/p/dlxyigrzxic,text_too_short
https://www.instagram.com/p/dlxyrksg_ye,text_too_short
https://www.instagram.com/p/dlyboh3ym4b,text_too_short
https://www.instagram.com/p/dlyhrv1yuue,text_too_short
https://www.instagram.com/p/dlylgbpjftr,text_too_short
https://www.instagram.com/p/dlyn23rrqql,text_too_short
https://www.instagram.com/p/dlynfh2skka,text_too_short
https://www.instagram.com/raylansdad416,text_too_short
https://www.instagram.com/reel/c0ao7nwy6ju,text_too_short
https://www.instagram.com/reel/c0cbns9vuct,text_too_short
https://www.instagram.com/reel/c1-ppbfpyek,text_too_short
https://www.instagram.com/reel/c1n1qmyp-xy,text_too_short
https://www.instagram.com/reel/c1ucyh_koiz,text_too_short
https://www.instagram.com/reel/c23b0qtsb7c,text_too_short
https://www.instagram.com/reel/c2bg699idyq,text_too_short
https://www.instagram.com/reel/c2kwfyrxsly,text_too_short
https://www.instagram.com/reel/c3xyyrpmjdw,text_too_short
https://www.instagram.com/reel/c4rvm8il1f-,text_too_short
https://www.instagram.com/reel/c4vbi0ku_fg,text_too_short
https://www.instagram.com/reel/c51gioply2e,text_too_short
https://www.instagram.com/reel/c5dmml6oe-d,text_too_short
https://www.instagram.com/reel/c5f6pedybgz,text_too_short
https://www.instagram.com/reel/c5qmnous_qm,text_too_short
https://www.instagram.com/reel/c6btjlfvow0,text_too_short
https://www.instagram.com/reel/c6ppchql1ht,text_too_short
https://www.instagram.com/reel/c75zpj8java,text_too_short
https://www.instagram.com/reel/c7ywhfivrme,text_too_short
https://www.instagram.com/reel/c8g0-7pyhso,text_too_short
https://www.instagram.com/reel/c8j2qcyjpbv,text_too_short
https://www.instagram.com/reel/c8t49e3vmmr,text_too_short
https://www.instagram.com/reel/c9h7uzyptlu,text_too_short
https://www.instagram.com/reel/c9z4fcss7bl,text_too_short
https://www.instagram.com/reel/c_elvborr3q,text_too_short
https://www.instagram.com/reel/c_kliessowx,text_too_short
https://www.instagram.com/reel/c_nvbm9j5fe,text_too_short
https://www.instagram.com/reel/c_zknogn_s9,text_too_short
https://www.instagram.com/reel/ckwlg6cdfok,text_too_short
https://www.instagram.com/reel/cmyybz8qsrx,text_too_short
https://www.instagram.com/reel/cq_fgtlo6b5,text_too_short
https://www.instagram.com/reel/cuc9csbrqmv,text_too_short
https://www.instagram.com/reel/cytccbnoc3x,text_too_short
https://www.instagram.com/reel/cz4ceazjvvb,text_too_short
https://www.instagram.com/reel/da8dzhep3m_,text_too_short
https://www.instagram.com/reel/dabasr2yoic,text_too_short
https://www.instagram.com/reel/daiu2oonr0r,text_too_short
https://www.instagram.com/reel/davvkm1nadf,text_too_short
https://www.instagram.com/reel/dazhvayrews,text_too_short
https://www.instagram.com/reel/db4ltjxskxf,text_too_short
https://www.instagram.com/reel/dbcaq5vocui,text_too_short
https://www.instagram.com/reel/dchxlcbscvi,text_too_short
https://www.instagram.com/reel/ddf1x_xp7bf,text_too_short
https://www.instagram.com/reel/ddhtu-6t7tc,text_too_short
https://www.instagram.com/reel/ddr9rxov82j,text_too_short
https://www.instagram.com/reel/ddwshg-kgvd,text_too_short
https://www.instagram.com/reel/de0pkqgt5wy,text_too_short
https://www.instagram.com/reel/de48p5gykg_,text_too_short
https://www.instagram.com/reel/de5zbexxzob,text_too_short
https://www.instagram.com/reel/deeb_oanjxn,text_too_short
https://www.instagram.com/reel/deex63_zmy5,text_too_short
https://www.instagram.com/reel/dem4piirjnu,text_too_short
https://www.instagram.com/reel/df6svqondzg,text_too_short
https://www.instagram.com/reel/dfbpuy0ztjw,text_too_short
https://www.instagram.com/reel/dfdeah6jdux,text_too_short
https://www.instagram.com/reel/dfi0q6cqxib,text_too_short
https://www.instagram.com/reel/dfi50kdsqoj,text_too_short
https://www.instagram.com/reel/dgdrqr-sdxi,text_too_short
https://www.instagram.com/reel/dgeacu9xsq_,text_too_short
https://www.instagram.com/reel/dgnjzo4psxc,text_too_short
https://www.instagram.com/reel/dgrp8oyphri,text_too_short
https://www.instagram.com/reel/dgvexsjyfu6,text_too_short
https://www.instagram.com/reel/dgwxfphnzxz,text_too_short
https://www.instagram.com/reel/dhiol5yoo0d,text_too_short
https://www.instagram.com/reel/dhl0frnz8tl,text_too_short
https://www.instagram.com/reel/dhqsh9oxwhp,text_too_short
https://www.instagram.com/reel/dhtsunmy7mi,text_too_short
https://www.instagram.com/reel/dieyeo6y__n,text_too_short
https://www.instagram.com/reel/diqe6gdibm0,text_too_short
https://www.instagram.com/reel/disjm-mt-ss,text_too_short
https://www.instagram.com/reel/dizsmy-ocia,text_too_short
https://www.instagram.com/reel/dj7nfcrvmly,text_too_short
https://www.instagram.com/reel/dj9oyg1je4x,text_too_short
https://www.instagram.com/reel/djhonhsspja,text_too_short
https://www.instagram.com/reel/djz4wwqvbhx,text_too_short
https://www.instagram.com/reel/dk98hkpycbl,text_too_short
https://www.instagram.com/reel/dkdbqgcje6u,text_too_short
https://www.instagram.com/reel/dkhvvtxpdew,text_too_short
https://www.instagram.com/reel/dkhyh1-ogcf,text_too_short
https://www.instagram.com/reel/dkmcwpji6rj,text_too_short
https://www.instagram.com/reel/dksgwgvicii,text_too_short
https://www.instagram.com/reel/dkxpwqbsfmm,text_too_short
https://www.instagram.com/reel/dlc0itaayoh,text_too_short
https://www.instagram.com/reel/dlcfhlqmdoa,text_too_short
https://www.instagram.com/reel/dlcmpphzwz8,text_too_short
https://www.instagram.com/reel/dldfhfiroeo,text_too_short
https://www.instagram.com/reel/dldnhqgpnal,text_too_short
https://www.instagram.com/reel/dldr_qujdjh,text_too_short
https://www.instagram.com/reel/dldxxilmtus,text_too_short
https://www.instagram.com/reel/dldztyfujhh,text_too_short
https://www.instagram.com/reel/dlflujcr0jd,text_too_short
https://www.instagram.com/reel/dlfobqorndm,text_too_short
https://www.instagram.com/reel/dlgfnysme1f,text_too_short
https://www.instagram.com/reel/dli373ib-62,text_too_short
https://www.instagram.com/reel/dlidb2sv3m1,text_too_short
https://www.instagram.com/reel/dlififnroyk,text_too_short
https://www.instagram.com/reel/dlkbtbzp88p,text_too_short
https://www.instagram.com/reel/dlkg8-1o-up,text_too_short
https://www.instagram.com/reel/dlknvwyvxzs,text_too_short
https://www.instagram.com/reel/dlkulfarwc8,text_too_short
https://www.instagram.com/reel/dllaegqiukn,text_too_short
https://www.instagram.com/reel/dllctpxvbuf,text_too_short
https://www.instagram.com/reel/dlm48mysbjw,text_too_short
https://www.instagram.com/reel/dlm8redowpm,text_too_short
https://www.instagram.com/reel/dlmppbloxf4,text_too_short
https://www.instagram.com/reel/dlmt0lqs0ga,broken_link
https://www.instagram.com/reel/dlnl72fiiud,text_too_short
https://www.instagram.com/reel/dlo_jx6j7lg,text_too_short
https://www.instagram.com/reel/dlotrsqxr3m,text_too_short
https://www.instagram.com/reel/dlp2a4raw3y,text_too_short
https://www.instagram.com/reel/dlp815tsbc8,text_too_short
https://www.instagram.com/reel/dlp_um4xlez,text_too_short
https://www.instagram.com/reel/dlpcdnayuw8,text_too_short
https://www.instagram.com/reel/dlpn6skt66j,text_too_short
https://www.instagram.com/reel/dlpqsa8r82z,text_too_short
https://www.instagram.com/reel/dlpr-xjmlti,text_too_short
https://www.instagram.com/reel/dlpsj3-sdx3,text_too_short
https://www.instagram.com/reel/dlq7slhr1uf,text_too_short
https://www.instagram.com/reel/dlqcfwdyw5o,text_too_short
https://www.instagram.com/reel/dlqck_pj34k,text_too_short
https://www.instagram.com/reel/dlqeyyfudy2,text_too_short
https://www.instagram.com/reel/dlqfvi4t5wj,broken_link
https://www.instagram.com/reel/dlqixsbi58k,broken_link
https://www.instagram.com/reel/dlqkj1ssfre,broken_link
https://www.instagram.com/reel/dlqmbs-v4g2,broken_link
https://www.instagram.com/reel/dlrg828ttoz,broken_link
https://www.instagram.com/reel/dlriwhiub_s,broken_link
https://www.instagram.com/reel/dlrwfoehf9l,broken_link
https://www.instagram.com/reel/dls_5jmbabw,broken_link
https://www.instagram.com/reel/dlsaaisr_m9,broken_link
https://www.instagram.com/reel/dlsalpnoegr,broken_link
https://www.instagram.com/reel/dlsavjbtpwo,broken_link
https://www.instagram.com/reel/dlskv24o6rh,broken_link
https://www.instagram.com/reel/dlsmkmto2nu,broken_link
https://www.instagram.com/reel/dlsnqh-rtmn,broken_link
https://www.instagram.com/reel/dlsr9qrifr1,broken_link
https://www.instagram.com/reel/dlstdgsxqmq,broken_link
https://www.instagram.com/reel/dlswfdjsixg,broken_link
https://www.instagram.com/reel/dlszgdrmzbv,broken_link
https://www.instagram.com/reel/dlt6ljkrvvy,broken_link
https://www.instagram.com/reel/dltcfa1szkp,broken_link
https://www.instagram.com/reel/dltcybdsma9,broken_link
https://www.instagram.com/reel/dltfmhosf6t,broken_link
https://www.instagram.com/reel/dltkam6veoc,broken_link
https://www.instagram.com/reel/dltope8xyv2,broken_link
https://www.instagram.com/reel/dltx45-vq98,broken_link
https://www.instagram.com/reel/dlu1rmbjzrc,broken_link
https://www.instagram.com/reel/dlu2ux2phmr,broken_link
https://www.instagram.com/reel/dlu5eprotwo,broken_link
https://www.instagram.com/reel/dlu9qsmgcxa,broken_link
https://www.instagram.com/reel/dluedi2zkmc,broken_link
https://www.instagram.com/reel/dlueubqv9wr,broken_link
https://www.instagram.com/reel/dlueyonip1x,broken_link
https://www.instagram.com/reel/dlukihbr6yz,broken_link
https://www.instagram.com/reel/dluphvhhjby,broken_link
https://www.instagram.com/reel/dluypohyafv,broken_link
https://www.instagram.com/reel/dlv80y-sxp-,broken_link
https://www.instagram.com/reel/dlv8isotd94,broken_link
https://www.instagram.com/reel/dlv_abxsw0l,broken_link
https://www.instagram.com/reel/dlvaah5oiog,broken_link
https://www.instagram.com/reel/dlvcnwapfjd,broken_link
https://www.instagram.com/reel/dlvekxqsbcb,broken_link
https://www.instagram.com/reel/dlvf8a_rzyr,broken_link
https://www.instagram.com/reel/dlvgak_xqrg,broken_link
https://www.instagram.com/reel/dlviun9rqio,broken_link
https://www.instagram.com/reel/dlvl5oryvhm,broken_link
https://www.instagram.com/reel/dlvmhooret8,broken_link
https://www.instagram.com/reel/dlvmwbpnpid,broken_link
https://www.instagram.com/reel/dlvoixux_uv,broken_link
https://www.instagram.com/reel/dlvpgfetvet,broken_link
https://www.instagram.com/reel/dlvrr4gibzi,broken_link
https://www.instagram.com/reel/dlvujebuzmp,broken_link
https://www.instagram.com/reel/dlvw2paymiv,broken_link
https://www.instagram.com/reel/dlvw3numhpf,broken_link
https://www.instagram.com/reel/dlw3vktzao1,broken_link
https://www.instagram.com/reel/dlw9zbzovia,broken_link
https://www.instagram.com/reel/dlwavdyofik,broken_link
https://www.instagram.com/reel/dlwgti-xyju,broken_link
https://www.instagram.com/reel/dlwlz1-zgcp,broken_link
https://www.instagram.com/reel/dlwqbfcsfwy,broken_link
https://www.instagram.com/reel/dlwsg1dvdoa,broken_link
https://www.instagram.com/reel/dlwu3cyneyh,broken_link
https://www.instagram.com/reel/dlwwoqdbqfm,broken_link
https://www.instagram.com/reel/dlwyuhyvngh,broken_link
https://www.instagram.com/reel/dlx5udqj9al,broken_link
https://www.instagram.com/reel/dlxbbjvufeu,broken_link
https://www.instagram.com/reel/dlxde1hsopv,broken_link
https://www.instagram.com/reel/dlxdhi2s5mh,broken_link
https://www.instagram.com/reel/dlxenrmovia,broken_link
https://www.instagram.com/reel/dlxgy7fxnay,broken_link
https://www.instagram.com/reel/dlxhsedndqs,broken_link
https://www.instagram.com/reel/dlxiqggswlb,broken_link
https://www.instagram.com/reel/dlxkmrbtexp,broken_link
https://www.instagram.com/reel/dlxkvekol87,broken_link
https://www.instagram.com/reel/dlxnlj5brtn,broken_link
https://www.instagram.com/reel/dlxpvzyz0uh,broken_link
https://www.instagram.com/reel/dlxrex4xz7c,broken_link
https://www.instagram.com/reel/dlxrkcioiox,broken_link
https://www.instagram.com/reel/dlxrlnqx70c,broken_link
https://www.instagram.com/reel/dlxrnjutecz,broken_link
https://www.instagram.com/reel/dlxsww_swkn,broken_link
https://www.instagram.com/reel/dlxvyvcsnia,broken_link
https://www.instagram.com/reel/dlxwehhztwi,broken_link
https://www.instagram.com/reel/dlxysvknidc,broken_link
https://www.instagram.com/reel/dlya5w0bkev,broken_link
https://www.instagram.com/reel/dlyauhozopf,broken_link
https://www.instagram.com/reel/dlybyhsbcuz,broken_link
https://www.instagram.com/reel/dlycf6ou_4b,broken_link
https://www.instagram.com/reel/dlycqlxvqgx,broken_link
https://www.instagram.com/reel/dlye81hxx8l,broken_link
https://www.instagram.com/reel/dlyfdxosmgu,broken_link
https://www.instagram.com/reel/dlyirbbzkfs,broken_link
https://www.instagram.com/reel/dlyvzulokf8,broken_link
https://www.instagram.com/reel/dlyxisjb6rh,broken_link
https://www.instagram.com/reel/dlyz8dyobbl,broken_link
https://www.instagram.com/whiterosemiso/p/cljpilmrham,broken_link
https://www.instant-gaming.com/en/pc/steam,broken_link
https://www.instantinput.com/blog/citizen-engagement-vs-participation,broken_link
https://www.instantinput.com/blog/why-citizen-participation-important,broken_link
https://www.institutmontaigne.org/en/expressions/participatory-democracy-importance-having-say-when-times-are-hard,broken_link
https://www.instructables.com/android-smartphone-as-usb-webcam,broken_link
https://www.instructables.com/diy-how-to-set-up-a-fish-tank,broken_link
https://www.instructables.com/extract-free-silver-from-relay-contacts-where-to-f,broken_link
https://www.instructables.com/how-to-make-a-homemade-pizza,broken_link
https://www.instructables.com/how-to-make-pizza,broken_link
https://www.instructables.com/how-to-recharge-your-cars-air-conditioner,broken_link
https://www.instructables.com/identifying-beech-trees,broken_link
https://www.instructables.com/installing-a-tesla-ev-charger,broken_link
https://www.instructables.com/make-your-own-silver,broken_link
https://www.instructables.com/menudo,broken_link
https://www.instructables.com/rebuilding-dell-laptop-battery,broken_link
https://www.instructables.com/sand-clay-preserve-your-sand-creations-forever,broken_link
https://www.instructables.com/solidifying-sand,broken_link
https://www.instructables.com/turn-your-android-tablet-into-a-car-head-unit,broken_link
https://www.instructables.com/vba-code-to-unlock-a-locked-excel-sheet,broken_link
https://www.intego.com/mac-security-blog/the-history-of-adobe-flash-player-from-multimedia-to-malware,broken_link
https://www.integral-calculator.com,broken_link
https://www.intel.com/content/www/us/en/download/776137/intel-7th-10th-gen-processor-graphics-windows.html,broken_link
https://www.intel.com/content/www/us/en/gaming/resources/dual-pc-streaming.html,broken_link
https://www.intel.com/content/www/us/en/gaming/resources/power-supply.html,broken_link
https://www.intel.com/content/www/us/en/products/docs/unison/overview.html,broken_link
https://www.intel.com/content/www/us/en/support/articles/000005510/graphics.html,broken_link
https://www.intel.com/content/www/us/en/support/articles/000018246/emerging-technologies.html,broken_link
https://www.intel.com/content/www/us/en/tech-tips-and-tricks/should-i-upgrade-to-windows-11.html,broken_link
https://www.interiordefine.com/ms-chesterfield-collection,broken_link
https://www.interiordezine.com/finishes/ferrous-metals,broken_link
https://www.internationaljournalofcardiology.com/article/s0167-5273(19)31765-6/pdf,broken_link
https://www.interviewbit.com/c-sharp-interview-questions,broken_link
https://www.interviewbit.com/oops-interview-questions,broken_link
https://www.intowindows.com/check-if-windows-10-november-or-threshold-2-update-is-installed,broken_link
https://www.intowindows.com/how-to-remove-chat-icon-from-windows-11-taskbar,broken_link
https://www.intowindows.com/whats-the-latest-version-of-windows-10,broken_link
https://www.investing.com/academy/analysis/relative-strength-index-definition,broken_link
https://www.investing.com/analysis/stock-futures-dip-as-trump-weighs-possible-action-against-iran-in-2-weeks-200662498,broken_link
https://www.investopedia.com/articles/active-trading/042114/overbought-or-oversold-use-relative-strength-index-find-out.asp,broken_link
https://www.investopedia.com/articles/pf/08/recession-proof-your-life.asp,broken_link
https://www.investopedia.com/ask/answers/040115/what-are-some-examples-expansionary-monetary-policy.asp,broken_link
https://www.investopedia.com/ask/answers/050815/what-are-most-important-steps-accounting-cycle.asp,broken_link
https://www.investopedia.com/ask/answers/081815/can-divorced-woman-collect-social-security-her-exhusband.asp,broken_link
https://www.investopedia.com/ask/answers/100214/what-difference-between-communism-and-socialism.asp,broken_link
https://www.investopedia.com/ask/answers/110614/how-will-debt-settlement-affect-my-credit-score.asp,broken_link
https://www.investopedia.com/ask/answers/110614/what-are-main-categories-debt.asp,broken_link
https://www.investopedia.com/can-teenagers-invest-in-roth-iras-4770663,broken_link
https://www.investopedia.com/dow-jones-today04102025-11712593,broken_link
https://www.investopedia.com/financial-edge/0912/how-the-federal-reserve-fights-recession.aspx,broken_link
https://www.investopedia.com/generation-z-gen-z-definition-5218554,broken_link
https://www.investopedia.com/stock-market-today-11759095,broken_link
https://www.investopedia.com/terms/a/affordable-care-act.asp,broken_link
https://www.investopedia.com/terms/b/baby_boomer.asp,broken_link
https://www.investopedia.com/terms/b/business-valuation.asp,broken_link
https://www.investopedia.com/terms/c/capitalizationrate.asp,broken_link
https://www.investopedia.com/terms/c/consumer-debt.asp,broken_link
https://www.investopedia.com/terms/c/cost-volume-profit-analysis.asp,broken_link
https://www.investopedia.com/terms/d/double-top-and-bottom.asp,broken_link
https://www.investopedia.com/terms/d/doubletop.asp,broken_link
https://www.investopedia.com/terms/e/economic-recovery.asp,broken_link
https://www.investopedia.com/terms/e/equilibrium.asp,broken_link
https://www.investopedia.com/terms/f/fiscalyear.asp,broken_link
https://www.investopedia.com/terms/f/fiscalyearend.asp,broken_link
https://www.investopedia.com/terms/g/generalledger.asp,broken_link
https://www.investopedia.com/terms/g/gmab.asp,broken_link
https://www.investopedia.com/terms/g/gmwb.asp,broken_link
https://www.investopedia.com/terms/l/law-of-supply-demand.asp,broken_link
https://www.investopedia.com/terms/m/marketing-mix.asp,broken_link
https://www.investopedia.com/terms/r/rsi.asp,broken_link
https://www.investopedia.com/terms/s/socialism.asp,broken_link
https://www.investor.gov/financial-tools-calculators/calculators/compound-interest-calculator,broken_link
https://www.invisiblefence.com,broken_link
https://www.invitae.com,broken_link
https://www.iom.int/sites/g/files/tmzbdl486/files/staff-welfare/the_psychology_of_respect.pdf,pdf
https://www.iorad.com/player/2054410/discord---how-to-search-for-messages-from-a-particular-user,broken_link
https://www.iorad.com/player/2054428/discord---how-to-view-your-server-boost-status,broken_link
https://www.iowacourts.gov/static/media/cms/in_the_loop_a_reference_guide_to_am_34a595424c1b1.pdf,pdf
https://www.ipdanalytics.com/post/https-www-ipdanalytics-com-post-medical-drug-coding-and-reimbursement-101,broken_link
https://www.ipserverone.info/knowledge-base/how-to-restrict-rdp-access-to-specific-ip-addresses-on-windows-server,broken_link
https://www.ipvanish.com/blog/how-to-stop-getting-spam-calls,broken_link
https://www.irishexaminer.com/lifestyle/arid-30898822.html,broken_link
https://www.irishexaminer.com/news/spotlight/arid-40722603.html,broken_link
https://www.irishexaminer.com/special-reports/arid-41654207.html,broken_link
https://www.iron-made.com,broken_link
https://www.iron-neck.com/blogs/news/neck-fat-exercises,broken_link
https://www.ironworkers27.com/news-details/webview/about-us/single/9494,broken_link
https://www.irs.gov/affordable-care-act,broken_link
https://www.irs.gov/affordable-care-act/employers/minimum-value-and-affordability,broken_link
https://www.irs.gov/businesses/small-businesses-self-employed/employee-common-law-employee,broken_link
https://www.irs.gov/businesses/small-businesses-self-employed/gift-tax,broken_link
https://www.irs.gov/businesses/small-businesses-self-employed/independent-contractor-self-employed-or-employee,broken_link
https://www.irs.gov/businesses/small-businesses-self-employed/offer-in-compromise-faqs,broken_link
https://www.irs.gov/businesses/small-businesses-self-employed/responsible-parties-and-nominees,broken_link
https://www.irs.gov/businesses/small-businesses-self-employed/self-employment-tax-social-security-and-medicare-taxes,broken_link
https://www.irs.gov/businesses/small-businesses-self-employed/tax-years,broken_link
https://www.irs.gov/charities-non-profits/exempt-organizations-business-master-file-extract-eo-bmf,broken_link
https://www.irs.gov/clean-vehicle-tax-credits,broken_link
https://www.irs.gov/filing/irs-direct-file-for-free,broken_link
https://www.irs.gov/instructions/iss4,broken_link
https://www.irs.gov/irm/part4/irm_04-026-013,broken_link
https://www.irs.gov/pub/irs-pdf/fw9.pdf,pdf
https://www.irs.gov/publications/p560,broken_link
https://www.irs.gov/retirement-plans/plan-loan-offsets,broken_link
https://www.irs.gov/retirement-plans/retirement-plans-faqs-regarding-loans,broken_link
https://www.irs.gov/retirement-plans/traditional-and-roth-iras,broken_link
https://www.isabellabubola.com/journal/natural-light-portrait-photography,broken_link
https://www.isidewith.com,broken_link
https://www.island.io,broken_link
https://www.islandernews.com/lifestyle/health/ex-vaccine-panelist-speaks-out-on-firing-new-committee/article_8709b8af-5732-5fcb-bcd1-4f8350653b43.html,broken_link
https://www.issuelab.org/resources/11152/11152.pdf,pdf
https://www.istanbullv.com/shawarma,broken_link
https://www.isu.edu/media/libraries/student-success/tutoring/handouts-math/what_kind_of_number.pdf,pdf
https://www.isunshare.com/windows-11/how-to-move-the-start-button-to-the-left-corner-in-windows-11.html,broken_link
https://www.itagroup.com/insights/employee-experience/ways-to-change-your-work-culture,broken_link
https://www.italki.com/en/post/pfg7gp6gbidfzsxxetyrhz,broken_link
https://www.itpro.com/infrastructure/servers-and-storage/dell-poweredge-r7725-review-a-mighty-amd-rack-server-with-an-astonishing-core-density,broken_link
https://www.itpro.com/software/369422/how-to-check-which-version-of-windows-you-have,broken_link
https://www.itpro.com/software/windows/how-to-enable-secure-boot-in-windows-11,broken_link
https://www.itr-dc5.club/forum/index.php,broken_link
https://www.its.ac.id/study-at-its/faculties-and-departments/faculty-of-industrial-technology-and-systems-engineering/industrial-and-systems-engineering,broken_link
https://www.izotope.com/en/learn/better-voice-recordings,broken_link
https://www.jacionline.org/article/s0091-6749(05)02591-1/fulltext,broken_link
https://www.jacionline.org/article/s0091-6749(18)32148-1/fulltext,broken_link
https://www.jackson.com/pdf/jmv19007clny.pdf,pdf
https://www.jackson.com/pdf/nmv26125.pdf,pdf
https://www.jamesdunloptextiles.com/journal/tips-how-to/how-to-measure-curtains,broken_link
https://www.janahodgins.com/post/the-importance-of-inclusive-language,broken_link
https://www.jawapos.com/kesehatan/014608572/mengenal-gejala-tts-efek-samping-langka-akibat-vaksin-covid-19-astrazeneca,broken_link
https://www.jaycfoods.com/p/lotus-biscoff-cookies/0002178891629,broken_link
https://www.jba.af.mil/news/article-display/article/2900940/martin-luther-king-jr-day-remembering-the-civil-rights-leader,broken_link
https://www.jbl.com/party-speakers/partybox-on-the-go-.html,broken_link
https://www.jbsa.mil/news/news/article/1519967/retiree-news-older-adults-should-get-new-shingles-vaccine,broken_link
https://www.jcpenney.com/g/men/mens-suits-sport-coats,broken_link
https://www.jcpenney.com/m/editorial/guides/curtains-drapes-guide,broken_link
https://www.jdsupra.com/topics/employee-definition,broken_link
https://www.jeff.bank,broken_link
https://www.jeffersondentalclinics.com/blog/espanol-what-causes-receding-gums-and-remedies-to-stop-progression,broken_link
https://www.jeffersonhealth.org/conditions-and-treatments/liver-dialysis,broken_link
https://www.jeffersonhealth.org/your-health/living-well/newer-shingles-vaccine-edges-out-its-predecessor,broken_link
https://www.jeffersonhealth.org/your-health/living-well/seven-things-you-should-know-about-gallstones-gallbladder-removal,broken_link
https://www.jeffersonhealth.org/your-health/living-well/should-i-be-worried-about-fatty-liver-disease,broken_link
https://www.jenniferfugo.com/2013/04/29/gluten-free-bread,broken_link
https://www.jenslifecoaching.com/letting-go-of-baby-mama-drama-unfiltered-advice-for-co-parenting-success,broken_link
https://www.jerseygirlorganics.co.nz/post/organic-milk-vs-regular-milk-what-s-the-difference,broken_link
https://www.jessicaadams.com/astrology/current-planetary-positions,broken_link
https://www.jetblue.com/traveling-together/traveling-with-pets,broken_link
https://www.jetbrains.com/webstorm,broken_link
https://www.jewellermagazine.com/article/3001/avoid-headaches-from-glass-filled-rubies,broken_link
https://www.jil.go.jp/english/events/documents/clls04_dauschmidt2.pdf,pdf
https://www.jlconline.com,broken_link
https://www.jlwranglerforums.com/forum/threads/checking-toe-easy-and-accurate.53615,broken_link
https://www.jmlr.org,broken_link
https://www.jmlr.org/papers/volume24/22-1302/22-1302.pdf,pdf
https://www.jmuirandassociates.com/understanding-the-role-of-contract-lawyers-protecting-your-business,broken_link
https://www.john-truscott.co.uk/content/download/7996/58847/file/tn78%20-%20the%20role%20of%20a%20church%20leader.pdf,pdf
https://www.johnbridge.com/vbulletin/showthread.php,broken_link
https://www.johnlewis.com/amazon-echo-show-10-smart-speaker-with-10-1-inch-screen-motion-alexa-voice-recognition-control-3rd-generation/glacier-white/p5210007,broken_link
https://www.joincake.com/blog/how-to-write-a-will-in-new-york,broken_link
https://www.joinhoney.com,broken_link
https://www.jonesroadbeauty.com/blogs/beauty/what-color-lipstick-should-you-wear,broken_link
https://www.josbank.com/c/suits,broken_link
https://www.josephpearlman.com/articles/2018/12/3/how-to-turn-any-acting-note-into-an-audition-win,broken_link
https://www.journalofaccountancy.com/issues/2020/feb/replace-excel-errors-iferror-function,broken_link
https://www.journalofaccountancy.com/issues/2022/mar/combining-formulas-text-excel,broken_link
https://www.journalofaccountancy.com/issues/2023/aug/join-text-excel.html,broken_link
https://www.journalofaccountancy.com/news/2022/oct/the-ins-outs-roth-iras-for-children.html,broken_link
https://www.journals.uchicago.edu/doi/pdfplus/10.1086/474761,broken_link
https://www.jpplus.com,broken_link
https://www.jtsa.edu/torah/who-was-abrahams-last-wife,broken_link
https://www.juniorminingnetwork.com/junior-miner-news/press-releases/2643-tsx/vzla/182214-vizsla-silver-provides-an-update-on-the-copala-test-mine-at-its-panuco-project-in-mexico.html,broken_link
https://www.justaddconfetti.com/free-printable/couples-bridal-shower-favor-ideas,broken_link
https://www.justanswer.co.uk/law/pj07q-made-purchase-amazon-wrong-item-delivered.html,broken_link
https://www.justanswer.com/appliance/kbqy9-clean-in-glass-oven-door.html,broken_link
https://www.justanswer.com/bird-vet/r5g6j-baby-parakeet-10-days-ago-petco-heard.html,broken_link
https://www.justanswer.com/ca-employment-law/ixovt-mistreated-edd-unemployment-representative.html,broken_link
https://www.justanswer.com/cardiology/n2lxd-considered-low-triglycerides.html,broken_link
https://www.justanswer.com/cardiology/rhp7u-correct-position-way-measure-blood-pressure.html,broken_link
https://www.justanswer.com/cat-health/7bqls-14-year-old-female-cat-become-suddenly-clingy.html,broken_link
https://www.justanswer.com/cat-health/l62tn-just-found-fleas-one-week-old-kitten.html,broken_link
https://www.justanswer.com/cell-phones/4fhql-dropped-iphone-washing-machine-grabbed-soon.html,broken_link
https://www.justanswer.com/cell-phones/5ayim-accidentally-dropped-tracfone-water-i-tried-drying.html,broken_link
https://www.justanswer.com/chrysler/nb2o2-bleed-air-cooling-system.html,broken_link
https://www.justanswer.com/computer-hardware/qqz7p-change-rgb-lighting-new-cyberpower.html,broken_link
https://www.justanswer.com/computer/jtcrx-tell-print-screen-logitech.html,broken_link
https://www.justanswer.com/computer/mld4n-just-bought-lenovo-legion-slim-cant-secure-boot.html,broken_link
https://www.justanswer.com/computer/nqy24-creat-apple-icloud-id-apple-phone-creating.html,broken_link
https://www.justanswer.com/computer/r0jjg-stop-scam-calls-iphone.html,broken_link
https://www.justanswer.com/computer/r4sw6-connect-laptop-computer-desktop-computer.html,broken_link
https://www.justanswer.com/computer/r52l1-trying-light-back-keypad-0nohi-02-wasnt.html,broken_link
https://www.justanswer.com/criminal-law/f5jus-question-able-become-notary.html,broken_link
https://www.justanswer.com/dental/77el2-tip-sides-tongue-feel-burned-mouth.html,broken_link
https://www.justanswer.com/dental/7lgrt-causes-burning-sensation-tip-tongue.html,broken_link
https://www.justanswer.com/dental/ilb86-use-cure-oral-thrush-baby-besides-nystatin.html,broken_link
https://www.justanswer.com/dental/n9pke-abscessed-tooth-do-just.html,broken_link
https://www.justanswer.com/dermatology/oe8fg-scar-face-want-remove.html,broken_link
https://www.justanswer.com/dermatology/rwjff-pimple-scar-face-rid.html,broken_link
https://www.justanswer.com/dog-health/6otdb-when-will-puppys-start-teeth-boys.html,broken_link
https://www.justanswer.com/dog-health/i3jq1-wanted-know-long-dog-wait-boarding.html,broken_link
https://www.justanswer.com/electronics/l9w8j-i-m-getting-alexa-blank-screen.html,broken_link
https://www.justanswer.com/electronics/ofo3o-eco-show-powers-black-screen-times.html,broken_link
https://www.justanswer.com/email/n2fvr-somehow-adminstator-name-computer-changed.html,broken_link
https://www.justanswer.com/employment-law/pq5gp-sign-contract-agreement-lawyer-does-mean.html,broken_link
https://www.justanswer.com/endocrinology/ox77q-age-does-height-growth-stop-men-s.html,broken_link
https://www.justanswer.com/family-law/lfg2o-baby-momma-live-together-went.html,broken_link
https://www.justanswer.com/family-law/oldpk-girlfriend-pregnant-treats-hates.html,broken_link
https://www.justanswer.com/finance/0o3lg-quickest-clean-credit.html,broken_link
https://www.justanswer.com/finance/kqb37-know-small-business-worth.html,broken_link
https://www.justanswer.com/finance/o98qy-need-to-lear-credit-erase-bad-credits-list.html,broken_link
https://www.justanswer.com/health/05pi8-symptoms-having-potasium.html,broken_link
https://www.justanswer.com/health/0ac3s-prevent-leg-cramps-when.html,broken_link
https://www.justanswer.com/health/723p1-causing-diarrhea.html,broken_link
https://www.justanswer.com/home-improvement/0s7oo-long-tile-floor-wait.html,broken_link
https://www.justanswer.com/home-improvement/cwxsv-when-using-mapei-grout-long-wait.html,broken_link
https://www.justanswer.com/laptop/pv856-long-charge-laptop-first-time-it-s.html,broken_link
https://www.justanswer.com/laptop/riq1l-need-replace-battery-inspiron-15-laptop.html,broken_link
https://www.justanswer.com/law/qvhg7-what-s-best-evict-baby-s-mama-home-when.html,broken_link
https://www.justanswer.com/law/rv2l9-easiest-write-will.html,broken_link
https://www.justanswer.com/mac-computers/bwm5b-apple-flashing-folder-picture-question-macbook-pro.html,broken_link
https://www.justanswer.com/mac-computers/k3t2a-phone-keeps-crashing-unnecessarily.html,broken_link
https://www.justanswer.com/mac-computers/nkv00-i-m-locked-mac-os-forgot-password.html,broken_link
https://www.justanswer.com/mac-computers/qc5yo-forgot-passcode-macbook-air-2024-just-bought.html,broken_link
https://www.justanswer.com/mac-computers/qho7a-yesterday-suddenly-lost-open-tabs-safari.html,broken_link
https://www.justanswer.com/medical/1vpoi-re-eczema-taking-oral-steroids-day.html,broken_link
https://www.justanswer.com/medical/2dtfe-red-blood-count-slightly-low-improve.html,broken_link
https://www.justanswer.com/medical/2qlmc-mold-mildew-body-cause-damage.html,broken_link
https://www.justanswer.com/medical/2sjuc-possible-list-every-disease-linked.html,broken_link
https://www.justanswer.com/medical/33iw4-pain-hip-walking-normal-speed.html,broken_link
https://www.justanswer.com/medical/3eyck-terrible-crippling-headaches-when-masturbating-not.html,broken_link
https://www.justanswer.com/medical/69j1e-roommate-just-told-us-pubic-lice.html,broken_link
https://www.justanswer.com/medical/6r1vh-best-stop-cramps-spasams-legs.html,broken_link
https://www.justanswer.com/medical/7ilnd-hemoglobin-low-bring-numbers.html,broken_link
https://www.justanswer.com/medical/hv4sf-does-feel-i-m-having-hot-flashes.html,broken_link
https://www.justanswer.com/medical/kkv44-cbd-gummies-help-erectile-disfunction-72-years.html,broken_link
https://www.justanswer.com/medical/lrvdn-diarrhoea-persisted-previous.html,broken_link
https://www.justanswer.com/medical/n9gnl-until-age-boys-grow-height-anything.html,broken_link
https://www.justanswer.com/medical/nkvch-feet-always-cold-hands-almost-always-cold.html,broken_link
https://www.justanswer.com/medical/ogw20-used-voltaren-cream-weeks-stopped-according.html,broken_link
https://www.justanswer.com/medical/qa8ua-symptoms-high-potassium.html,broken_link
https://www.justanswer.com/medical/qrko5-having-trouble-constipation-havent-pooped.html,broken_link
https://www.justanswer.com/medical/qwl19-used-voltaren-gel-knee-9-30-morning.html,broken_link
https://www.justanswer.com/medical/qyl7c-snore-quite-loudly-night-so-i-ve-told-so-loudly.html,broken_link
https://www.justanswer.com/medical/r5czx-pneumonia-few-months-ago-every-week.html,broken_link
https://www.justanswer.com/medical/rfss1-i-ve-diagnosed-pneumonia-walk-clinic.html,broken_link
https://www.justanswer.com/medium-and-heavy-truck/m6d0j-need-freon-recharge-procedure-park-smart-ac-system.html,broken_link
https://www.justanswer.com/microsoft-office/gmv9s-move-rows-down-excel-online.html,broken_link
https://www.justanswer.com/microsoft-office/oszxo-table-created-word-document-text.html,broken_link
https://www.justanswer.com/neurology/q2vug-right-hand-cold-left-one-day-21-no-online-chat.html,broken_link
https://www.justanswer.com/ob-gyn/mnxcl-birth-control-runs-days-nexplanon.html,broken_link
https://www.justanswer.com/orthopedics/rpqfe-have-pain-right-hip-when-walk.html,broken_link
https://www.justanswer.com/pet/rjff5-going-treat-cat-further-investigation.html,broken_link
https://www.justanswer.com/phone-systems/mo40v-worst-luck-today-dropped-phone-mud.html,broken_link
https://www.justanswer.com/plumbing/1iu9j-water-seems-run-toilet-every-few-minutes.html,broken_link
https://www.justanswer.com/pool-and-spa/6sm1d-heat-above-ground-swimming-pool.html,broken_link
https://www.justanswer.com/pool-and-spa/6sm34-heat-abovr-ground-pool.html,broken_link
https://www.justanswer.com/real-estate-law/o8xhr-cash-close-wiring-time-frame-early-safe.html,broken_link
https://www.justanswer.com/recorders-and-players/o270s-windows-media-player-problems-codec-settings.html,broken_link
https://www.justanswer.com/smartphones/mx7zn-trying-retrieve-lost-photos-icloud-new.html,broken_link
https://www.justanswer.com/smartphones/qxxcn-stop-robocalls-scam-calls-iphone-iphone.html,broken_link
https://www.justanswer.com/social-security/r1tcx-medicare-number-already-getting.html,broken_link
https://www.justanswer.com/social-security/rk6u3-information-need-apply-receive.html,broken_link
https://www.justanswer.com/software/rvrni-recieved-package-4-26-25-item-ordered.html,broken_link
https://www.justanswer.com/tax/novq1-trying-find-medicare-number-not-yet-i-m-filling.html,broken_link
https://www.justanswer.com/urology/r42tq-i-m-having-trouble-pooping.html,broken_link
https://www.justanswer.com/veterinary/eu133-cat-painful-mat-won-t-let-off.html,broken_link
https://www.justbeingme.in/post/10-tips-to-declutter-your-home-and-get-organized,broken_link
https://www.justdial.com/agra/fancy-lace-dealers/nct-11036567,broken_link
https://www.justdial.com/ahmedabad/swimming-ring-dealers-in-132-feet-ring-road-vastrapur/nct-10465870,broken_link
https://www.jvascsurg.org/article/0741-5214(91)90049-z/fulltext,broken_link
https://www.jvascsurg.org/article/s0741-5214(94)70097-4/fulltext,broken_link
https://www.jw.org/en/bible-teachings/questions/abortion-in-the-bible,broken_link
https://www.k-state.edu/ksde/alp/resources/handout-module6.pdf,pdf
https://www.kake.com/putin-says-recession-in-russia-must-not-be-allowed-to-happen/article_341635ad-bc34-53d9-8f50-6b0cd020b38a.html,broken_link
https://www.kanehealth.com/documents/emergency%20response/stockpilingtoolkit.pdf,pdf
https://www.kanguru.com,broken_link
https://www.kansascityfed.org/research/economic-bulletin/consumer-debt-is-high-but-consumers-seem-to-have-room-to-run,broken_link
https://www.kansascityfed.org/surveys/small-business-lending-survey/new-small-business-lending-decreases-in-the-first-quarter-while-credit-quality-continues-to-decline,broken_link
https://www.karikells.com/petsitter/2017/olive-oil-to-remove-matted-fur,broken_link
https://www.kark.com/entertainment-news/ap-music-history-is-littered-with-projects-planned-anticipated-even-completed-and-then-scrapped,broken_link
https://www.kark.com/news/national/ap-4-members-of-a-california-family-among-the-8-dead-in-a-boat-capsize-on-lake-tahoe-during-a-storm,broken_link
https://www.kark.com/news/state-news/arkansas-attorney-general-tim-griffin-set-for-tuesday-afternoon-announcement,broken_link
https://www.kateaspen.com,broken_link
https://www.kauveryhospital.com/blog/family-and-general-medicine/anemia-causes-treatment-and-prevention,broken_link
https://www.keckmedicine.org/blog/6-things-to-know-about-pneumonia,broken_link
https://www.keckmedicine.org/blog/7-reasons-you-might-have-diarrhea,broken_link
https://www.keckmedicine.org/blog/what-causes-hot-flashes,broken_link
https://www.kenhub.com,broken_link
https://www.kennedy-center.org/education/resources-for-educators/classroom-resources/media-and-interactives/media/opera/understanding-different-voice-types,broken_link
https://www.kennedyblue.com/pages/mens-suit-size-chart,broken_link
https://www.kennelcoughhelp.com/articles/bordetella-vaccine,broken_link
https://www.kennethcole.com/pages/size-chart-mens-suiting,broken_link
https://www.kentucky.com/news/local/article309284930.html,broken_link
https://www.kentuckysleep.com/post/how-to-sleep-with-a-loud-snorer,broken_link
https://www.keycdn.com/support/how-to-reduce-jpeg-file-size,broken_link
https://www.kget.com/health/why-are-my-hands-and-feet-always-cold-and-when-should-i-be-worried,broken_link
https://www.kgimmigrationlaw.com/en/eb-3-visa.html,broken_link
https://www.khanacademy.org/economics-finance-domain/ap-macroeconomics/basic-economics-concepts-macro/market-equilibrium-disequilibrium-and-changes-in-equilibrium/a/lesson-summary-market-equilibrium-disequilibrium-and-changes-in-equilibrium,broken_link
https://www.khanacademy.org/economics-finance-domain/ap-macroeconomics/basic-economics-concepts-macro/market-equilibrium-disequilibrium-and-changes-in-equilibrium/v/changes-in-market-equilibrium,broken_link
https://www.khanacademy.org/economics-finance-domain/ap-microeconomics/unit-2-supply-and-demnd/26/v/market-equilibrium,broken_link
https://www.khanacademy.org/economics-finance-domain/microeconomics/supply-demand-equilibrium,broken_link
https://www.khanacademy.org/humanities/big-history-project/expansion-interconnection/commerce-collective-learning/a/the-first-silk-roads,broken_link
https://www.khanacademy.org/humanities/constitution-101/x7a03a96a83aa80ff:civil-dialogue-the-constitution-and-constitutional-interpretation/x7a03a96a83aa80ff:article-v-amending-the-constitution/v/amending-the-constitution-featuring-justice-neil-m-gorsuch,broken_link
https://www.khanacademy.org/humanities/us-government-and-civics/american-civics-parent/american-civics/v/ppaca-or-obamacare,broken_link
https://www.khanacademy.org/humanities/us-government-and-civics/us-gov-foundations/us-gov-ratification-of-the-us-constitution/a/article-v-and-the-amendment-process,broken_link
https://www.khanacademy.org/humanities/us-government-and-civics/us-gov-foundations/us-gov-ratification-of-the-us-constitution/v/article-v-of-the-constitution,broken_link
https://www.khanacademy.org/humanities/us-history/modern-us/1980s-america/a/ronald-reagan-as-president-part-1-election-and-domestic-policies,broken_link
https://www.khanacademy.org/math/ap-calculus-ab/ab-integration-new/ab-6-7/v/antiderivatives-and-indefinite-integrals,broken_link
https://www.khanacademy.org/math/cc-eighth-grade-math/cc-8th-numbers-operations/cc-8th-irrational-numbers/v/categorizing-numbers,broken_link
https://www.khanacademy.org/math/cc-sixth-grade-math/cc-6th-arithmetic-operations,broken_link
https://www.khanacademy.org/math/cc-sixth-grade-math/cc-6th-expressions-and-variables/whole-numbers-integers/a/whole-numbers-integers,broken_link
https://www.khanacademy.org/partner-content/wi-phi/wiphi-critical-thinking/wiphi-fallacies/v/formal-informal-fallacy,broken_link
https://www.khanacademy.org/science/ap-chemistry-beta/x2eef969c74e0d802:intermolecular-forces-and-properties/x2eef969c74e0d802:solutions-and-mixtures/v/types-of-mixtures,broken_link
https://www.khanacademy.org/science/class-11-chemistry-india/xfbb6cb8fc2bd00c8:in-in-hydrocarbons/xfbb6cb8fc2bd00c8:in-in-alkenes-structure-nomenclature-and-isomerism/v/cis-trans-isomerism,broken_link
https://www.khanacademy.org/science/health-and-medicine/human-anatomy-and-physiology,broken_link
https://www.khanacademy.org/science/physics/linear-momentum/elastic-and-inelastic-collisions/a/what-are-elastic-and-inelastic-collisions,broken_link
https://www.khealth.com/learn/dental-infection/home-remedies,broken_link
https://www.kibin.com/essay-examples/government-and-political-science/domestic-policies-2560,broken_link
https://www.kidspot.com.au/lifestyle/entertainment/naomi-watts-talks-about-divorce-from-actor-liev-schreiber/news-story/196105ccebe650c2f69ef40cd596f9e4,broken_link
https://www.kidzsearch.com/kidztube/mobile/learn-how-pizza-is-made-ever-wonder-highlights-kids_0f9d66136.html,broken_link
https://www.kiehls.com/skincare-advice/how-to-get-rid-of-acne-scars.html,broken_link
https://www.kiehls.com/skincare-advice/routine-for-dry-feet-and-heels.html,broken_link
https://www.kindercare.com/content-hub/articles/2020/may/teaching-children-family-commitments,broken_link
https://www.kingjamesbibleonline.org/bible-verses-about-the-importance-of-prayer,broken_link
https://www.kingsgate.co.uk/history-of-chesterfield-chairs-and-sofas,broken_link
https://www.kinguin.net,broken_link
https://www.kinguin.net/category/195382/discord-server-14x-boost-3-months,broken_link
https://www.kingwood.com/message_board/view_message.php,broken_link
https://www.kiplinger.com/personal-finance/what-to-stock-up-on-and-what-to-skip-amid-tariff-uncertainty,broken_link
https://www.kiplinger.com/retirement/retirement-planning/tariffs-are-paused-heres-what-retirees-should-stock-up-on-now,broken_link
https://www.kiplinger.com/slideshow/investing/t052-s001-20-best-stocks-to-invest-in-during-this-recession/index.html,broken_link
https://www.kiro7.com/news/trending/coronavirus-how-long-does-immunity-last-after-covid-19-vaccine/rimeaweuwre6pg6ct4kzen2nye,broken_link
https://www.kissan.ca/blogs/recipes/kissan-butter-chicken-pizza,broken_link
https://www.knotts.com,broken_link
https://www.knovva.org/what-is-a-global-citizen,broken_link
https://www.knowledgeboat.com/learn/class-9-icse-total-geography/solutions/kzy2l/earth-structure,broken_link
https://www.knowledgeboat.com/learn/class-9-icse-total-history-civics/solutions/dd5nd/jainism-buddhism,broken_link
https://www.kohler.com/en,broken_link
https://www.kohlerhomeenergy.rehlko.com,broken_link
https://www.koin.com/local/clark-county/driver-hospitalized-after-crashing-through-guard-rail-on-i-5-in-clark-county,broken_link
https://www.koin.com/video/driver-hospitalized-after-crashing-through-guard-rail-on-i-5-in-clark-county/10843017,broken_link
https://www.kopernik.org/visitor-info/science-park/phases-of-the-moon,broken_link
https://www.kornferry.com/capabilities/leadership-professional-development/leadership/developing-leaders-explainer,broken_link
https://www.kosterusa.com/files/us_en/dew-point-chart.pdf,pdf
https://www.krmangalambahadurgarh.com/blogs/importance-of-healthy-food-for-kids,broken_link
https://www.kroger.com/p/lotus-biscoff-cookie-butter/0002178850695,broken_link
https://www.kryolan.com.au/pub/media/wysiwyg/kryolan/msds/msds_-_01470%2c01471%2c01474_-_collodion_%28aus%29version10.pdf,pdf
https://www.ksn.com/news/crime/wichita-woman-pleads-not-guilty-in-deadly-crash-that-killed-teen,broken_link
https://www.ksn.com/news/state-regional/1-dead-in-semi-crash-on-i-70-in-saline-county,broken_link
https://www.ksnt.com/kansasoutdoors/green-invasive-beetles-devour-plants-across-kansas,broken_link
https://www.ktbs.com/news/national_politics/former-top-aide-to-jill-biden-is-subpoenaed-by-house-oversight-panel/article_28bd4552-d15e-5c37-90fd-1784788271bb.html,broken_link
https://www.ktiv.com/video/2025/06/26/what-does-iowas-hands-free-driving-law-really-mean-drivers,broken_link
https://www.kusakveyol.org/en/ancient-silk-road-city-of-xian-launches-transnational-cultural-exchange-activities,broken_link
https://www.kwangu.com/work/psychrometric.htm,broken_link
https://www.kxan.com/news/political-news/ap-former-top-aide-to-jill-biden-is-subpoenaed-by-house-oversight-panel,broken_link
https://www.kxnet.com/news/business-beat/ap-business/ap-russias-economy-minister-says-the-country-is-on-the-brink-of-recession,broken_link
https://www.labvantage.com,broken_link
https://www.lacrosseconsortium.org/uploads/content_files/files/deaf%20culture.pdf,pdf
https://www.lancome-usa.com/makeup/eye-makeup/eyeshadow-and-palettes,broken_link
https://www.lancome-usa.com/our-best-red-lipstick-for-you.html,broken_link
https://www.lancome.com.au/beauty-magazine/guide-to-choosing-the-right-lipstick-shade.html,broken_link
https://www.law.cornell.edu/definitions/uscode.php,broken_link
https://www.lawbc.com/dtsc-releases-revised-proposed-safer-consumer-products-regulations-2,broken_link
https://www.lawcom.govt.nz/assets/submissions/abortion-law/nzlc-mb4-submission-0002-family-first.pdf,pdf
https://www.lawinsider.com/dictionary/current-fiscal-year,broken_link
https://www.lawinsider.com/dictionary/dtsc,broken_link
https://www.lawtonok.gov/residents/utility-services/pay-your-water-bill,broken_link
https://www.lcbcchurch.com/articles/what-happens-when-we-worship-god,broken_link
https://www.lcms.org/about/beliefs/faqs/doctrine,broken_link
https://www.lcpdfr.com/forums/topic/151937-my-game-keep-crashing-to-black-screen,broken_link
https://www.ldrfa.org/understanding-underdiagnosed-dyslexia,broken_link
https://www.learncbse.in/ncert-solutions-for-class-9-science-is-matter-around-us-pure,broken_link
https://www.learningforinvolvement.org.uk/wp-content/uploads/2021/09/a-guide-to-creating-inclusive-content-and-language.pdf,pdf
https://www.learnpython.org/en/functions,broken_link
https://www.leeclerk.org/departments/courts/court-case-records,broken_link
https://www.legacy.com/us/obituaries/name/carolyn-mills-obituary,broken_link
https://www.legacyrp.no,broken_link
https://www.lemonde.fr/en/environment/article/2023/11/16/eu-commission-to-prolong-use-of-glyphosate-for-10-years-after-states-fail-to-agree_6260272_114.html,broken_link
https://www.lemonfool.co.uk/viewtopic.php,broken_link
https://www.lemonslavenderandlaundry.com/cleaning-tip-tuesday-cleaning-oven-glass-baking-soda,broken_link
https://www.lendingtree.com/credit-cards/review/amazon-prime-rewards-visa-signature-card,broken_link
https://www.lendingtree.com/credit-cards/study/credit-card-debt-statistics,broken_link
https://www.lenntech.com/calculators/molecular/molecular-weight-calculator.htm,broken_link
https://www.lenus.ie/bitstream/handle/10147/305322/womenareviewoftheliterature.pdf,pdf
https://www.leprastichting.nl/app/uploads/2025/02/nlr-strategy-2-pager-def.pdf,pdf
https://www.leprosymission.org/what-is-leprosy/does-leprosy-still-exist,broken_link
https://www.lerner.ccf.org/news/article,broken_link
https://www.letthemeatgfcake.com/gluten-free-artisan-bread,broken_link
https://www.lexingtonlaw.com/blog/loans/consumer-debt-statistics.html,broken_link
https://www.lexingtonlaw.com/education/cleaning-up-your-credit,broken_link
https://www.lexology.com/library/detail.aspx,broken_link
https://www.lib.uidaho.edu/digital/objects/guidedreading/guidedread018.pdf,pdf
https://www.lidl.ie/static/assets/baking-318141.pdf,pdf
https://www.liebertpub.com/doi/10.1089/cyber.2025.0034,broken_link
https://www.life.church/who-we-are,broken_link
https://www.lifestyleasia.com/ind/entertainment/f1-the-movie-changed-my-mind-about-formula-one-racing,broken_link
https://www.lifestyleasia.com/sg/entertainment/celebrities/best-lee-byung-hun-movies,broken_link
https://www.lightnessphotography.com/blog/natural-light-vs-flash-photography,broken_link
https://www.lincoln.ne.gov/files/sharedassets/public/v/1/health-dept/dental-health/infant-oral-care-and-thrush.pdf,pdf
https://www.lindsey.edu/academics/img/writing-center-pdfs/introduction-fallacies.pdf,pdf
https://www.lindseyreganthorne.com/2016/06/finding-the-perfect-shade-for-your-lips,broken_link
https://www.linkedin.com/advice/0/how-can-airport-staff-take-initiative-proactive-work-rfvae,broken_link
https://www.linkedin.com/advice/0/how-can-you-determine-capitalization-rate-5ry0c,broken_link
https://www.linkedin.com/advice/0/how-can-you-determine-right-capitalization-rate-cilaf,broken_link
https://www.linkedin.com/advice/0/how-can-you-more-proactive-work-skills-problem-solving-5uhrc,broken_link
https://www.linkedin.com/advice/0/how-can-you-optimize-windows-10-gaming-skills-operating-systems-t3isc,broken_link
https://www.linkedin.com/advice/0/how-do-you-enable-disable-secure-boot-windows,broken_link
https://www.linkedin.com/advice/0/how-does-damp-leasing-differ-from-wet-terms-crew,broken_link
https://www.linkedin.com/advice/0/what-best-ways-reduce-memory-usage-windows-10-e7uqc,broken_link
https://www.linkedin.com/advice/0/what-key-settings-tweak-windows-10-improve-game-d4o6e,broken_link
https://www.linkedin.com/advice/0/what-most-common-methods-design-communication-1jo3c,broken_link
https://www.linkedin.com/advice/0/what-most-effective-techniques-organizing-complex-yobxf,broken_link
https://www.linkedin.com/advice/0/what-pros-cons-ntfs-compression-large-files-skills-file-systems,broken_link
https://www.linkedin.com/advice/0/what-pros-cons-wire-transfers-vs-cashiers-checks-closing,broken_link
https://www.linkedin.com/advice/0/what-some-examples-effective-memorable-slogans,broken_link
https://www.linkedin.com/advice/0/what-strategies-can-you-employ-safeguard-your-qnzoc,broken_link
https://www.linkedin.com/advice/0/you-want-give-feedback-your-boss-without-1x6qe,broken_link
https://www.linkedin.com/advice/1/heres-how-you-can-effectively-manage-up-support-enc9c,broken_link
https://www.linkedin.com/advice/1/how-can-you-effectively-contribute-team-skills-teamwork-4ohve,broken_link
https://www.linkedin.com/advice/1/how-can-you-prevent-your-gaming-pc-from-overheating-wdlec,broken_link
https://www.linkedin.com/advice/1/how-can-you-properly-cite-sources-your-presentation,broken_link
https://www.linkedin.com/advice/1/how-can-you-use-cost-volume-profit-analysis-5arif,broken_link
https://www.linkedin.com/advice/1/how-can-you-use-double-top-pattern-identify,broken_link
https://www.linkedin.com/advice/1/what-most-effective-ways-stimulate-economic-growth-after-izbac,broken_link
https://www.linkedin.com/advice/1/your-team-focused-immediate-gains-how-can-you-spxff,broken_link
https://www.linkedin.com/advice/3/how-can-you-benefit-from-being-team-player-ksaec,broken_link
https://www.linkedin.com/advice/3/how-can-you-effectively-resolve-conflicts-your-investors-m3xwe,broken_link
https://www.linkedin.com/advice/3/how-can-you-encourage-recruiters-take-ownership-work-2s7sf,broken_link
https://www.linkedin.com/advice/3/how-can-you-simplify-complex-business-concepts,broken_link
https://www.linkedin.com/advice/3/how-can-you-use-public-speaking-strengthen-your-p4h0e,broken_link
https://www.linkedin.com/advice/3/what-common-challenges-when-disabling-secure-lmzff,broken_link
https://www.linkedin.com/advice/3/what-makes-strong-organizational-culture-change-oha9f,broken_link
https://www.linkedin.com/advice/3/what-some-tips-creating-catchy-slogan-resonates-your-qaksf,broken_link
https://www.linkedin.com/advice/3/youre-gearing-up-team-interview-how-can-you-showcase-m8shc,broken_link
https://www.linkedin.com/business/learning/blog/career-success-tips/how-to-give-constructive-feedback-to-your-boss,broken_link
https://www.linkedin.com/business/talent/blog/product-tips/linkedin-profile-summaries-that-we-love-and-how-to-boost-your-own,broken_link
https://www.linkedin.com/company/californiadtsc,broken_link
https://www.linkedin.com/company/careercoach-services,broken_link
https://www.linkedin.com/company/william-hach-&-associates-inc-,broken_link
https://www.linkedin.com/help/linkedin/answer/a541960,broken_link
https://www.linkedin.com/help/linkedin/answer/a569144,broken_link
https://www.linkedin.com/learning/onedrive-quick-tips-2021/stop-sharing-a-file-in-onedrive,broken_link
https://www.linkedin.com/learning/windows-11-quick-tips/move-the-start-button-and-taskbar-icons-to-the-left-side,broken_link
https://www.linkedin.com/posts/a-scott-63a2b7270_effects-uses-how-to-grow-psilocybe-ovoideocystidiata-activity-7108102131844276225-czpt,broken_link
https://www.linkedin.com/posts/dcm-analyzer_improving-code-reviews-tools-and-practices-activity-7229904424637255680-jbaa,broken_link
https://www.linkedin.com/posts/donna-mcelroy-49a6b81a_an-expert-guide-to-gmwb-annuity-riders-activity-7272949366548545537-omfl,broken_link
https://www.linkedin.com/posts/greg-cummings-9622004_gorillas-wildlife-conservation-activity-7191523746451492864-v_je,broken_link
https://www.linkedin.com/posts/jackappleby_gen-zs-age-range-is-currently-12-27-years-activity-7254129320783233024-2myd,broken_link
https://www.linkedin.com/posts/the-honor-foundation_it-is-with-profound-sadness-that-we-share-activity-7342946648437727232-docm,broken_link
https://www.linkedin.com/posts/tjacobi_bathtub-reseal-caulking-activity-7342722162228609027-6z_m,broken_link
https://www.linkedin.com/posts/usama-ali-b128b8282_what-is-sds-sds-stands-for-safety-data-activity-7272551195972358145-zcy2,broken_link
https://www.linkedin.com/pulse/10-ways-increase-your-laptop-battery-life-getkusnap,broken_link
https://www.linkedin.com/pulse/20-verses-praying-others-josephine-bumbe,broken_link
https://www.linkedin.com/pulse/2025-guide-using-voice-changers-discord-what-you-need-know-4jbke,broken_link
https://www.linkedin.com/pulse/7-steps-clean-up-your-credit-report-h-bruce-mcinnis-jr,broken_link
https://www.linkedin.com/pulse/adhesive-tape-history-i-nan%c3%a7-yap%c4%b1%c5%9fkanl%c4%b1-bantlar-san-ve-t-gen8f,broken_link
https://www.linkedin.com/pulse/asparagus-when-right-time-stop-harvesting-part-1-jamie-petchell,broken_link
https://www.linkedin.com/pulse/blacklisted-how-do-i-obtain-clear-credit-record-shanel-singh,broken_link
https://www.linkedin.com/pulse/building-effective-relationships-requires-trust-respect-jason-cooper-ub1ce,broken_link
https://www.linkedin.com/pulse/calculating-project-cost-time-schedule-variances-guide-gayatri-joshi,broken_link
https://www.linkedin.com/pulse/can-you-use-mean-therefore-david-standen,broken_link
https://www.linkedin.com/pulse/catchy-slogans-business-life-tom-morris,broken_link
https://www.linkedin.com/pulse/church-leadership-m-sahr-nouwah-vgjfe,broken_link
https://www.linkedin.com/pulse/commitment-family-philip-shelley,broken_link
https://www.linkedin.com/pulse/crucial-role-effective-communication-achieving-organizational-iiacf,broken_link
https://www.linkedin.com/pulse/development-efficiency-you-bouncing-your-servers-bit-too-often-axese,broken_link
https://www.linkedin.com/pulse/dream-deferred-reflecting-martin-luther-king-jrs-christopher,broken_link
https://www.linkedin.com/pulse/effective-leadership-communication-symbiotic-konstantinos-filis-rjmqe,broken_link
https://www.linkedin.com/pulse/essential-communication-skills-leaders-utkarsh-narang-wlpxc,broken_link
https://www.linkedin.com/pulse/facial-expressions-communication-what-tell-us-paul-ekman,broken_link
https://www.linkedin.com/pulse/five-essential-qualities-leadership-your-church-tomor-ajeti,broken_link
https://www.linkedin.com/pulse/fortnite-v-bucks-redeem-codes-list-battle-royale-pass-june-rosee,broken_link
https://www.linkedin.com/pulse/free-robux-codes-2025-daily-collect-10000-roblox-gift-cards-ma2fc,broken_link
https://www.linkedin.com/pulse/global-citizenship-what-does-really-mean-new-buzz-anastasiades-mmsec,broken_link
https://www.linkedin.com/pulse/good-bad-ugly-hiring-career-coach-kathy-caprino,broken_link
https://www.linkedin.com/pulse/greatness-god-reflection-psalm-1453-karl-mckinnie-lion--uewuc,broken_link
https://www.linkedin.com/pulse/guide-gen-z-age-range-adolescentcontent,broken_link
https://www.linkedin.com/pulse/harnessing-strength-language-fostering-inclusivity-workplace,broken_link
https://www.linkedin.com/pulse/hidden-truth-why-most-business-owners-dont-know-real-value-tanner--kdczc,broken_link
https://www.linkedin.com/pulse/history-tech-how-mechanical-clock-sparked-ai-adam-straker-x3fic,broken_link
https://www.linkedin.com/pulse/how-become-notary-public-texas-bluenotary-blrec,broken_link
https://www.linkedin.com/pulse/how-calculate-rsi-santosh-poudel,broken_link
https://www.linkedin.com/pulse/how-caulk-bathtub-shower-benneth-obi,broken_link
https://www.linkedin.com/pulse/how-design-stunning-website-without-coding-beginner-guide-nikul-patel-yuouf,broken_link
https://www.linkedin.com/pulse/how-excel-business-training-transform-your-workflow-power-query-atlpc,broken_link
https://www.linkedin.com/pulse/how-give-feedback-matters-simon-may,broken_link
https://www.linkedin.com/pulse/how-give-feedback-your-boss-claire-lew,broken_link
https://www.linkedin.com/pulse/how-many-times-do-you-charge-your-laptop-school-each-week-anna-zhou,broken_link
https://www.linkedin.com/pulse/how-open-your-teens-first-checking-account-kimberly-paulk,broken_link
https://www.linkedin.com/pulse/how-proactive-work-life-troopercruit,broken_link
https://www.linkedin.com/pulse/how-remove-background-from-hair-photoshop-2022-beginners-yusuf,broken_link
https://www.linkedin.com/pulse/how-spot-avoid-fallacies-marketing-guide-marketers-sujan-acharya,broken_link
https://www.linkedin.com/pulse/how-technology-can-contribute-social-isolation-men-what-robert-weigel-r5zgc,broken_link
https://www.linkedin.com/pulse/how-temporarily-disable-windows-defender-antivirus-10-u-din-jm3gf,broken_link
https://www.linkedin.com/pulse/how-to-reduce-pdf-file-size-jaanvi-bansal-lcfte,broken_link
https://www.linkedin.com/pulse/how-travel-cat-plane-according-experts-owners-bruno-ewayu-bhjjf,broken_link
https://www.linkedin.com/pulse/importance-church-christianity-rusty-george-os5sc,broken_link
https://www.linkedin.com/pulse/importance-effective-communication-from-leaders-jun-sern-kok,broken_link
https://www.linkedin.com/pulse/importance-inclusive-language-cory-holloway,broken_link
https://www.linkedin.com/pulse/incorporating-break-even-point-graph-cvp-analysis-eman-abdelnabby-yhe8f,broken_link
https://www.linkedin.com/pulse/industrial-systems-engineering-ise-critical-any-so-asim,broken_link
https://www.linkedin.com/pulse/installing-minikube-local-k8s-3-easy-steps-mantresh-kumar,broken_link
https://www.linkedin.com/pulse/invention-adhesive-tape-iq-chem-global-startup-platform,broken_link
https://www.linkedin.com/pulse/investigative-genetic-genealogy-practice-insights-from-trenches-fc9mc,broken_link
https://www.linkedin.com/pulse/journey-get-all-microsoft-azure-certification-6-months-radu-vunvulea,broken_link
https://www.linkedin.com/pulse/maintenance-purpose-suleyman-kalemci,broken_link
https://www.linkedin.com/pulse/mastering-microsoft-cloud-ai-azure-certifications-nbhvc,broken_link
https://www.linkedin.com/pulse/methane-gas-formula-morteza-hashemi-09ptf,broken_link
https://www.linkedin.com/pulse/microsoft-azure-architect-certification-subramanian-srinivasan,broken_link
https://www.linkedin.com/pulse/power-inclusive-language-tanya-simmons,broken_link
https://www.linkedin.com/pulse/reasons-white-tongue-causes-management-dr-somia-qayyum-r09pf,broken_link
https://www.linkedin.com/pulse/redeem-codes-fortnite-new-method-5000-bucks-phoenix-pixel-a8y6c,broken_link
https://www.linkedin.com/pulse/research-variables-101-independent-dependent-control-zacdc,broken_link
https://www.linkedin.com/pulse/respect-glue-holds-teams-organizations-together-hiren-s-hdxmf,broken_link
https://www.linkedin.com/pulse/spectrum-co-parenting-sarah-squires-bsc-social-work,broken_link
https://www.linkedin.com/pulse/streamlining-code-reviews-jonathan-conway,broken_link
https://www.linkedin.com/pulse/success-starts-within-unlocking-your-full-potential-bershan-shaw-i7she,broken_link
https://www.linkedin.com/pulse/take-ownership-accountability-john-van-der-worp,broken_link
https://www.linkedin.com/pulse/taking-ownership-workplace-stplglobal,broken_link
https://www.linkedin.com/pulse/team-building-trust-respect-tom-cooper,broken_link
https://www.linkedin.com/pulse/thank-you-your-service-veterans-response-josh-hoops,broken_link
https://www.linkedin.com/pulse/think-different-iconic-apple-campaign-redefined-aishwarya-narang,broken_link
https://www.linkedin.com/pulse/trust-without-respect-yoram-solomon-zitec,broken_link
https://www.linkedin.com/pulse/understanding-aircraft-leasing-terms-dry-lease-wet-damp-andrew-naidu,broken_link
https://www.linkedin.com/pulse/unveiling-profitability-insights-mastering-analysis-business-isuru,broken_link
https://www.linkedin.com/pulse/using-inclusive-language-promote-diverse-workplace-iyree,broken_link
https://www.linkedin.com/pulse/what-difference-between-dofollow-nofollow-links-shafiq-ur-rehman-abid-u64lf,broken_link
https://www.linkedin.com/pulse/what-difference-between-iron-cabinet-hinges-stainless-lambo-zou-w2ruc,broken_link
https://www.linkedin.com/pulse/what-does-glass-filling-do-rubies-david-weinberg,broken_link
https://www.linkedin.com/pulse/what-employee-hridya-velandy-qzvof,broken_link
https://www.linkedin.com/pulse/what-ethernet-switch-bhargav-anghan,broken_link
https://www.linkedin.com/pulse/what-industrial-systems-engineering-arian-razmi-farooji-irylf,broken_link
https://www.linkedin.com/pulse/what-j-code-medical-billing-medicalbilling-services,broken_link
https://www.linkedin.com/pulse/what-maintenance-aziz-haque,broken_link
https://www.linkedin.com/pulse/what-nodejs-its-uses-avijit-das,broken_link
https://www.linkedin.com/pulse/what-process-extracting-silver-from-its-ore-zhang-xiaoyan,broken_link
https://www.linkedin.com/pulse/what-projects-schedule-variance-question-planning-p6,broken_link
https://www.linkedin.com/pulse/what-read-aloud-dr-v-s-gayathri,broken_link
https://www.linkedin.com/pulse/what-sds-why-important-janitors-supply-co-inc--glzte,broken_link
https://www.linkedin.com/pulse/why-choosing-right-structure-matters-nancy-duarte-rh8de,broken_link
https://www.linkedin.com/pulse/why-does-god-love-us-steve-mccall,broken_link
https://www.linkedin.com/pulse/why-hearing-your-voice-makes-you-cringe-how-overcome-benny-pekala,broken_link
https://www.linkedin.com/pulse/why-important-children-eat-healthy-food-omega-pediatrics,broken_link
https://www.linkedin.com/pulse/why-inclusive-language-matters-how-get-right-simon-winfield,broken_link
https://www.linkedin.com/pulse/why-my-cat-so-clingy-lincoln-r,broken_link
https://www.linkedin.com/pulse/workplace-ethics-definition-types-importance-sarah-sameer-chrmp-cpd-vjdof,broken_link
https://www.linkedin.com/pulse/you-can-use-hidden-notes-power-point-when-presenting-via-sofia-s-,broken_link
https://www.linkedin.com/pulse/you-sunrise-sunset-person-suresh-sundaram,broken_link
https://www.linux.org/threads/install-kubectl-and-minikube-on-linux.23874,broken_link
https://www.linux.org/threads/intro-and-installation-of-kubernetes.27801,broken_link
https://www.lipid.org/sites/default/files/lifestyle_changes_to_reduce_triglycerides.final_edits.7.17.16_0.pdf,pdf
https://www.litefinance.org/blog/for-beginners/best-technical-indicators/rsi-relative-strength-index,broken_link
https://www.litefinance.org/blog/for-professionals/100-most-efficient-forex-chart-patterns/double-bottom-pattern,broken_link
https://www.litefinance.org/blog/for-professionals/100-most-efficient-forex-chart-patterns/double-top-pattern,broken_link
https://www.literacynow.org/appropriate-instruction,broken_link
https://www.litmus.com,broken_link
https://www.liveaquaria.com/article/170,broken_link
https://www.livecareer.com/resources/interviews/questions/what-would-you-bring-to-our-team,broken_link
https://www.livehealthily.com/health-library/conditions/oral-thrush-babies,broken_link
https://www.livehealthily.com/health-library/symptoms/snoring,broken_link
https://www.liverpoolmuseums.org.uk/maritime-museum/titanic/titanic-rescue,broken_link
https://www.livingetc.com/advice/how-to-keep-chipmunks-out-of-pots,broken_link
https://www.ljmu.ac.uk/-/media/ljmu/news-and-events-files-images/imagesroot/ideas/files/manual-blood-pressure-stepbystep-final.pdf,pdf
https://www.ljsilvers.com,broken_link
https://www.lni.wa.gov/workers-rights/workplace-policies/rest-breaks-meal-periods-and-schedules,broken_link
https://www.localsyr.com/news/ap-politics/ap-former-top-aide-to-jill-biden-is-subpoenaed-by-house-oversight-panel,broken_link
https://www.locklizard.com/document-security-blog/password-protect-excel,broken_link
https://www.lodinews.com/blogs/saving_with_pam/article_2b7219fa-507c-59a2-bb77-8fa17d589c03.html,broken_link
https://www.logansportmemorial.org/blog/choosing-athletic-shoes-how-to-get-the-best-fit-and-avoid-injury,broken_link
https://www.lolga.com,broken_link
https://www.longdom.org/open-access-pdfs/acute-hyperkalemia-and-hyponatremia-following-intraoperative-mannitol-administration-2155-6148.1000294.pdf,pdf
https://www.longfield-gardens.com/blog,broken_link
https://www.loom.com,broken_link
https://www.loopnet.com/cre-explained/investing/what-is-a-cap-rate,broken_link
https://www.lordabbett.com/en-us/financial-advisor/insights/retirement-planning/roth-iras-for-kids--absolutely-.html,broken_link
https://www.lotusbiscoff.com/en-gb/producten/lotus-biscoff-spread,broken_link
https://www.lotusbiscoff.com/en-gb/producten/lotus-biscoff-spread-crunchy,broken_link
https://www.lotusbiscoff.com/en-gb/products/biscoff,broken_link
https://www.lotusbiscoff.com/en-mea/products/biscoff-spread-smooth,broken_link
https://www.lotusbiscoff.com/en-us/producten/lotus-biscoff-cookie-butter,broken_link
https://www.lotusbiscoff.com/en-us/producten/lotus-biscoff-ice-cream-bars,broken_link
https://www.lotusbiscoff.com/en-us/products/lotus-biscoff,broken_link
https://www.lotusbiscoff.com/en-us/products/lotus-biscoff-chocolate,broken_link
https://www.lotusbiscoff.com/en-us/products/lotus-biscoff-sandwich-cookies-0,broken_link
https://www.lovepanky.com/sensual-tease/passion-pill/guys-like-to-hear-bed,broken_link
https://www.lovethegarden.com/uk-en/article/gladioli-gladiolus,broken_link
https://www.lowes.com/c/bathroom,broken_link
https://www.lowes.com/c/exterior-paint-paint,broken_link
https://www.lowes.com/c/pools-outdoors,broken_link
https://www.lowes.com/l/about/honor-our-military,broken_link
https://www.lowes.com/l/install/shed,broken_link
https://www.lowes.com/n/how-to/common-toilet-problems,broken_link
https://www.lowes.com/n/how-to/control-crabgrass,broken_link
https://www.lowes.com/n/how-to/how-to-install-kitchen-cabinets,broken_link
https://www.lowes.com/n/how-to/how-to-use-a-portable-generator,broken_link
https://www.lowes.com/pl/planters-stands-garden-beds/pots-planters/4294612569,broken_link
https://www.lowes.com/pl/plants-bulbs-seeds/outdoor-plants/shrubs/4294612543,broken_link
https://www.lowes.com/pl/showers/shower-walls-surrounds/4294648512,broken_link
https://www.loyolapress.com/catholic-resources/saints/saints-stories-for-all-ages/the-conversion-of-saint-paul-the-apostle,broken_link
https://www.lri.com/resources/useletter/change-culture,broken_link
https://www.lrl.mn.gov/mngov/constitutionalamendments,broken_link
https://www.lundsandbyerlys.com/recipes/boiled_lobster_tails,broken_link
https://www.luxurychartergroup.com/post.php/apparel-yachting-339,broken_link
https://www.lwv.org/take-action/president-must-immediately-publish-equal-rights-amendment,broken_link
https://www.lyfgenia.com/-/media/lyfgenia/launch%20com/files/billing-and-coding-guide.pdf,pdf
https://www.lyricalhost.com/blog/everything-you-need-to-know-about-nofollow-links,broken_link
https://www.maar.org/clientuploads/education/docs/course_materials/abr-student-manual.pdf,pdf
https://www.maccosmetics.com/lipstick-shade-finder,broken_link
https://www.macheforum.com/site/threads/step-by-step-using-nacs-at-tesla-supercharger-help-needed.40851,broken_link
https://www.macports.org,broken_link
https://www.macquarie.com.au/home-loans/what-is-an-offset-account.html,broken_link
https://www.macromedia.com/support/documentation/en/flashplayer/help/settings_manager.html,broken_link
https://www.macromedia.com/support/documentation/en/flashplayer/help/settings_manager07.html,broken_link
https://www.macu.com/must-reads/budgeting/7-ways-to-prepare-for-a-recession,broken_link
https://www.macys.com/s/guides,broken_link
https://www.madehow.com/volume-6/clothes-iron.html,broken_link
https://www.madehow.com/volume-7/pizza.html,broken_link
https://www.magicmushroommap.com,broken_link
https://www.magicslides.app/blog/how-to-cite-a-powerpoint-in-mla,broken_link
https://www.magicslides.app/blog/how-to-cite-in-powerpoint-slides,broken_link
https://www.magicslides.app/blog/how-to-create-a-roadmap-in-powerpoint,broken_link
https://www.mailerlite.com,broken_link
https://www.mailpoet.com,broken_link
https://www.mailrelate.com/support-en/deliverability/what-is-a-bounce,broken_link
https://www.mailstore.com/en/blog/outlook-archive-button,broken_link
https://www.maine.gov/dacf/php/gotpests/weeds/factsheets/crabgrass-cornell.pdf,pdf
https://www.makeblock.com,broken_link
https://www.makemkv.com,broken_link
https://www.makeup.com/makeup-tutorials/expert-tips/contour-like-a-drag-queen,broken_link
https://www.malmstrom.af.mil/about-us/honorary-commander-program/igphoto/2003742968,broken_link
https://www.malone.edu,broken_link
https://www.mamamia.com.au,broken_link
https://www.mamapedia.com/t/how-to-get-rid-of-fleas/301601,broken_link
https://www.mambamedia.com/what-is-a-web-crawler-and-how-does-it-work,broken_link
https://www.mannkemp.com/if-the-mother-of-your-children-wants-to-move-away-dont-worry-you-have-rights,broken_link
https://www.mansionglobal.com/articles/drew-brees-found-more-than-good-times-in-new-orleans-bff8dfa4,broken_link
https://www.mapcon.com/blog/2024/09/what-is-maintenance-management,broken_link
https://www.mapei.com/us/en-us/product-calculator/tile-grouts,broken_link
https://www.mapei.com/us/en-us/tools-and-downloads/grout-caulk-color-palette,broken_link
https://www.maplehill.com,broken_link
https://www.mapleshadecenter.com/blog/what-a-white-tongue-is-really-saying,broken_link
https://www.maplesoft.com/applications/download.aspx,broken_link
https://www.maplesoft.com/content/engineeringfundamentals/16/mapledocument_16/ac%20power.pdf,pdf
https://www.marieclaire.com/beauty/a30521596/how-to-remove-acrylic-nails,broken_link
https://www.mariemontschools.org/downloads/ccp%20information.pdf,pdf
https://www.mariestopes.org.za/implant-contraceptive-everything-you-need-to-know,broken_link
https://www.marineland.com/information/infographics-and-guides/a-beginners-guide.aspx,broken_link
https://www.marines.mil/portals/1/publications/navmc%20dir%201500.58.pdf,pdf
https://www.marketbeat.com/instant-alerts/dave-nasdaqdave-stock-price-up-74-should-you-buy-2025-06-26,broken_link
https://www.marketing91.com/employee-definition-types-meaning,broken_link
https://www.marketing91.com/how-to-be-proactive,broken_link
https://www.marketwatch.com/livecoverage/stock-market-today-dow-s-p-and-nasdaq-set-for-further-losses-after-1-679-point-blue-chip-tumble,broken_link
https://www.marketwatch.com/livecoverage/stock-market-today-dow-sp500-nasdaq-on-track-for-monday-plunge-on-trump-tariffs,broken_link
https://www.marketwatch.com/picks/deal-of-the-day-you-can-now-get-a-free-30-costco-gift-card-when-you-buy-the-gold-costco-membership-for-just-60-ca162c9d,broken_link
https://www.marsci.uga.edu/idsprogram-requirements,broken_link
https://www.marukomeusa.com/pages/miso-storage,broken_link
https://www.marxists.org/archive/marx/works/download/pdf/manifesto.pdf,pdf
https://www.mashupmath.com/blog/what-is-a-whole-number-in-math,broken_link
https://www.mashvisor.com/blog/airbnb-service-fee,broken_link
https://www.mashvisor.com/blog/cap-rate,broken_link
https://www.masterclass.com/articles/dry-peppers,broken_link
https://www.masterclass.com/articles/eyeshadow-for-blue-eyes,broken_link
https://www.masterclass.com/articles/eyeshadow-for-green-eyes-guide,broken_link
https://www.masterclass.com/articles/how-to-choose-the-right-lipstick-color-for-your-skin-tone,broken_link
https://www.masterclass.com/articles/how-to-get-involved-in-politics,broken_link
https://www.masterclass.com/articles/how-to-make-menudo,broken_link
https://www.masterclass.com/articles/how-to-store-flour,broken_link
https://www.masterclass.com/articles/how-to-use-a-pizza-stone,broken_link
https://www.masterclass.com/articles/market-equilibrium,broken_link
https://www.masterclass.com/articles/morning-glory-care-guide,broken_link
https://www.masterclass.com/articles/photography-101-what-is-natural-light-learn-about-natural-light-in-photography-and-4-tips-for-using-natural-light-in-your-photography,broken_link
https://www.masterclass.com/articles/what-is-a-pilot-episode,broken_link
https://www.masters-lawgroup.com/news/navigating-mothers-day-as-a-divorced-parent,broken_link
https://www.math-only-math.com/whole-numbers.html,broken_link
https://www.mathcentre.ac.uk/resources/uploaded/hobsonajjustthemaths20021296smcetp.pdf,pdf
https://www.mathgptpro.com/app/calculator/derivative,broken_link
https://www.mathsisfun.com/definitions/whole-number.html,broken_link
https://www.mathtutordvd.com/public/section-21-finding-the-derivative-of-a-function-by-graphing-ti83-ti84.cfm,broken_link
https://www.mathtutordvd.com/public/ti84-calculator-tutor-video-course.cfm,broken_link
https://www.mathworks.com,broken_link
https://www.mathworks.com/help/matlab/matlab_oop/abstract-classes-and-interfaces.html,broken_link
https://www.mathworks.com/help/matlab/ref/rank.html,broken_link
https://www.mathworks.com/help/matlab/ref/svdsketch.html,broken_link
https://www.mathworks.com/help/matlab/ref/zip.html,broken_link
https://www.mathworks.com/matlabcentral/answers/2030069-adding-a-column-to-a-table,broken_link
https://www.matterbrothersfurniture.com/blog/2025/05/28/tempur-pedic-mattress-longevity,broken_link
https://www.mattressdepotusa.com/blog/how-long-do-tempur-pedic-mattresses-last,broken_link
https://www.mauicounty.gov/civicalerts.aspx,broken_link
https://www.maurathomas.com/got-clutter-declutter-and-get-organized,broken_link
https://www.maxhealthcare.in/blogs/10-ways-decrease-triglycerides,broken_link
https://www.maxhealthcare.in/blogs/25-foods-to-lower-triglycerides,broken_link
https://www.maxhealthcare.in/blogs/cold-hands-and-feet-reasons,broken_link
https://www.maxhealthcare.in/blogs/hypertension-in-winters,broken_link
https://www.maxhealthcare.in/blogs/nasal-congestion-symptoms-causes-and-home-remedies,broken_link
https://www.maxhealthcare.in/calculator/calorie-intake,broken_link
https://www.mayoclinic.org/diseases-conditions/acne/expert-answers/acne-scars/faq-20058101,broken_link
https://www.mayoclinic.org/diseases-conditions/age-spots/diagnosis-treatment/drc-20355864,broken_link
https://www.mayoclinic.org/diseases-conditions/anemia/symptoms-causes/syc-20351360,broken_link
https://www.mayoclinic.org/diseases-conditions/atopic-dermatitis-eczema/diagnosis-treatment/drc-20353279,broken_link
https://www.mayoclinic.org/diseases-conditions/bipolar-disorder/diagnosis-treatment/drc-20355961,broken_link
https://www.mayoclinic.org/diseases-conditions/bipolar-disorder/expert-answers/bipolar-treatment/faq-20058042,broken_link
https://www.mayoclinic.org/diseases-conditions/bipolar-disorder/symptoms-causes/syc-20355955,broken_link
https://www.mayoclinic.org/diseases-conditions/burning-mouth-syndrome/symptoms-causes/syc-20350911,broken_link
https://www.mayoclinic.org/diseases-conditions/carotid-artery-disease/symptoms-causes/syc-20360519,broken_link
https://www.mayoclinic.org/diseases-conditions/chronic-daily-headaches/in-depth/headaches/art-20046729,broken_link
https://www.mayoclinic.org/diseases-conditions/chronic-hives/symptoms-causes/syc-20352719,broken_link
https://www.mayoclinic.org/diseases-conditions/cleft-palate/symptoms-causes/syc-20370985,broken_link
https://www.mayoclinic.org/diseases-conditions/colic/diagnosis-treatment/drc-20371081,broken_link
https://www.mayoclinic.org/diseases-conditions/colic/symptoms-causes/syc-20371074,broken_link
https://www.mayoclinic.org/diseases-conditions/constipation/diagnosis-treatment/drc-20354259,broken_link
https://www.mayoclinic.org/diseases-conditions/constipation/in-depth/laxatives/art-20045906,broken_link
https://www.mayoclinic.org/diseases-conditions/constipation/symptoms-causes/syc-20354253,broken_link
https://www.mayoclinic.org/diseases-conditions/corns-and-calluses/diagnosis-treatment/drc-20355951,broken_link
https://www.mayoclinic.org/diseases-conditions/coronavirus/in-depth/herd-immunity-and-coronavirus/art-20486808,broken_link
https://www.mayoclinic.org/diseases-conditions/coronavirus/in-depth/treating-covid-19-at-home/art-20483273,broken_link
https://www.mayoclinic.org/diseases-conditions/coronavirus/symptoms-causes/syc-20479963,broken_link
https://www.mayoclinic.org/diseases-conditions/crohns-disease/symptoms-causes/syc-20353304,broken_link
https://www.mayoclinic.org/diseases-conditions/diarrhea/diagnosis-treatment/drc-20352246,broken_link
https://www.mayoclinic.org/diseases-conditions/diarrhea/symptoms-causes/syc-20352241,broken_link
https://www.mayoclinic.org/diseases-conditions/dry-skin/expert-answers/cracked-heels-treatment/faq-20455140,broken_link
https://www.mayoclinic.org/diseases-conditions/endometriosis/diagnosis-treatment/drc-20354661,broken_link
https://www.mayoclinic.org/diseases-conditions/gallstones/symptoms-causes/syc-20354214,broken_link
https://www.mayoclinic.org/diseases-conditions/hair-loss/diagnosis-treatment/drc-20372932,broken_link
https://www.mayoclinic.org/diseases-conditions/heart-disease/in-depth/heart-healthy-diet/art-20047702,broken_link
https://www.mayoclinic.org/diseases-conditions/herniated-disk/diagnosis-treatment/drc-20354101,broken_link
https://www.mayoclinic.org/diseases-conditions/herniated-disk/symptoms-causes/syc-20354095,broken_link
https://www.mayoclinic.org/diseases-conditions/high-blood-cholesterol/diagnosis-treatment/drc-20350806,broken_link
https://www.mayoclinic.org/diseases-conditions/high-blood-cholesterol/in-depth/triglycerides/art-20048186,broken_link
https://www.mayoclinic.org/diseases-conditions/high-blood-pressure/expert-answers/blood-pressure/faq-20058250,broken_link
https://www.mayoclinic.org/diseases-conditions/high-blood-pressure/expert-answers/high-blood-pressure/faq-20058281,broken_link
https://www.mayoclinic.org/diseases-conditions/high-blood-pressure/multimedia/how-to-measure-blood-pressure/vid-20084748,broken_link
https://www.mayoclinic.org/diseases-conditions/high-blood-pressure/multimedia/how-to-measure-blood-pressure/vid-20084749,broken_link
https://www.mayoclinic.org/diseases-conditions/hives-and-angioedema/symptoms-causes/syc-20354908,broken_link
https://www.mayoclinic.org/diseases-conditions/hot-flashes/diagnosis-treatment/drc-20352795,broken_link
https://www.mayoclinic.org/diseases-conditions/hot-flashes/symptoms-causes/syc-20352790,broken_link
https://www.mayoclinic.org/diseases-conditions/hyponatremia/symptoms-causes/syc-20373711,broken_link
https://www.mayoclinic.org/diseases-conditions/iron-deficiency-anemia/symptoms-causes/syc-20355034,broken_link
https://www.mayoclinic.org/diseases-conditions/mold-allergy/symptoms-causes/syc-20351519,broken_link
https://www.mayoclinic.org/diseases-conditions/mononucleosis/expert-answers/mononucleosis/faq-20058564,broken_link
https://www.mayoclinic.org/diseases-conditions/mononucleosis/symptoms-causes/syc-20350328,broken_link
https://www.mayoclinic.org/diseases-conditions/multiple-sclerosis/diagnosis-treatment/drc-20350274,broken_link
https://www.mayoclinic.org/diseases-conditions/multiple-sclerosis/expert-answers/emerging-treatments-for-ms/faq-20096786,broken_link
https://www.mayoclinic.org/diseases-conditions/muscle-cramp/diagnosis-treatment/drc-20350825,broken_link
https://www.mayoclinic.org/diseases-conditions/muscle-cramp/symptoms-causes/syc-20350820,broken_link
https://www.mayoclinic.org/diseases-conditions/oral-thrush/diagnosis-treatment/drc-20353539,broken_link
https://www.mayoclinic.org/diseases-conditions/pneumonia/expert-answers/walking-pneumonia/faq-20058530,broken_link
https://www.mayoclinic.org/diseases-conditions/pneumonia/symptoms-causes/syc-20354204,broken_link
https://www.mayoclinic.org/diseases-conditions/pubic-lice-crabs/symptoms-causes/syc-20350300,broken_link
https://www.mayoclinic.org/diseases-conditions/schizoaffective-disorder/symptoms-causes/syc-20354504,broken_link
https://www.mayoclinic.org/diseases-conditions/schizophrenia/diagnosis-treatment/drc-20354449,broken_link
https://www.mayoclinic.org/diseases-conditions/schizophrenia/symptoms-causes/syc-20354443,broken_link
https://www.mayoclinic.org/diseases-conditions/sex-headaches/diagnosis-treatment/drc-20377481,broken_link
https://www.mayoclinic.org/diseases-conditions/sex-headaches/symptoms-causes/syc-20377477,broken_link
https://www.mayoclinic.org/diseases-conditions/shigella/symptoms-causes/syc-20377529,broken_link
https://www.mayoclinic.org/diseases-conditions/shingles/expert-answers/shingles-vaccine/faq-20057859,broken_link
https://www.mayoclinic.org/diseases-conditions/snoring/diagnosis-treatment/drc-20377701,broken_link
https://www.mayoclinic.org/diseases-conditions/snoring/symptoms-causes/syc-20377694,broken_link
https://www.mayoclinic.org/diseases-conditions/tachycardia/symptoms-causes/syc-20355127,broken_link
https://www.mayoclinic.org/diseases-conditions/tooth-abscess/diagnosis-treatment/drc-20350907,broken_link
https://www.mayoclinic.org/diseases-conditions/tooth-abscess/symptoms-causes/syc-20350901,broken_link
https://www.mayoclinic.org/drugs-supplements-milk-thistle/art-20362885,broken_link
https://www.mayoclinic.org/drugs-supplements/diclofenac-topical-application-route/description/drg-20063434,broken_link
https://www.mayoclinic.org/drugs-supplements/propofol-intravenous-route/description/drg-20488192,broken_link
https://www.mayoclinic.org/healthy-lifestyle/adult-health/in-depth/burnout/art-20046642,broken_link
https://www.mayoclinic.org/healthy-lifestyle/adult-health/in-depth/self-esteem/art-20045374,broken_link
https://www.mayoclinic.org/healthy-lifestyle/childrens-health/in-depth/nutrition-for-kids/art-20049335,broken_link
https://www.mayoclinic.org/healthy-lifestyle/consumer-health/expert-answers/is-cbd-safe-and-effective/faq-20446700,broken_link
https://www.mayoclinic.org/healthy-lifestyle/getting-pregnant/expert-answers/abortion/faq-20058551,broken_link
https://www.mayoclinic.org/healthy-lifestyle/nutrition-and-healthy-eating/in-depth/gluten-free-diet/art-20048530,broken_link
https://www.mayoclinic.org/healthy-lifestyle/weight-loss/in-depth/calorie-calculator/itt-20402304,broken_link
https://www.mayoclinic.org/healthy-lifestyle/womens-health/in-depth/menopause-weight-gain/art-20046058,broken_link
https://www.mayoclinic.org/symptoms/cold-hands/basics/causes/sym-20050648,broken_link
https://www.mayoclinic.org/symptoms/cold-hands/basics/definition/sym-20050648,broken_link
https://www.mayoclinic.org/symptoms/diarrhea/basics/definition/sym-20050926,broken_link
https://www.mayoclinic.org/symptoms/hyperkalemia/basics/causes/sym-20050776,broken_link
https://www.mayoclinic.org/symptoms/hyperkalemia/basics/when-to-see-doctor/sym-20050776,broken_link
https://www.mayoclinic.org/symptoms/white-tongue/basics/causes/sym-20050676,broken_link
https://www.mayoclinic.org/symptoms/white-tongue/basics/definition/sym-20050676,broken_link
https://www.mayoclinic.org/tests-procedures/anesthesia/about/pac-20384568,broken_link
https://www.mayoclinic.org/tests-procedures/bariatric-surgery/about/pac-20394258,broken_link
https://www.mayoclinic.org/tests-procedures/cholecystectomy/expert-answers/gallbladder-removal-diet/faq-20057813,broken_link
https://www.mayoclinic.org/tests-procedures/cognitive-behavioral-therapy/about/pac-20384610,broken_link
https://www.mayoclinic.org/tests-procedures/contraceptive-implant/about/pac-20393619,broken_link
https://www.mayoclinic.org/tests-procedures/coronary-angiogram/about/pac-20384904,broken_link
https://www.mayoclinic.org/tests-procedures/cortisone-shots/in-depth/steroids/art-20045692,broken_link
https://www.mayoclinic.org/tests-procedures/ct-coronary-angiogram/about/pac-20385117,broken_link
https://www.mayoclinic.org/tests-procedures/in-vitro-fertilization/multimedia/icsi/img-20008645,broken_link
https://www.mayoclinic.org/tests-procedures/liver-transplant/about/pac-20384842,broken_link
https://www.mayoclinic.org/tests-procedures/sleeve-gastrectomy/about/pac-20385183,broken_link
https://www.mayoclinic.org/tests-procedures/wisdom-tooth-extraction/about/pac-20395268,broken_link
https://www.mayoclinichealthsystem.org/hometown-health/speaking-of-health/chin-up-this-disappearing-act-can-be-your-secret,broken_link
https://www.mayoclinichealthsystem.org/hometown-health/speaking-of-health/effects-of-high-temperatures-on-blood-pressure-heart,broken_link
https://www.mayoclinichealthsystem.org/hometown-health/speaking-of-health/living-with-bipolar-disorder,broken_link
https://www.mayoclinichealthsystem.org/hometown-health/speaking-of-health/on-pins-and-needles-just-what-is-dry-needling,broken_link
https://www.mayoclinichealthsystem.org/hometown-health/speaking-of-health/pain-relief-for-worn-spinal-disks,broken_link
https://www.mc3.edu,broken_link
https://www.mcafee.com/blogs/mobile-security/5-signs-your-device-may-be-infected-with-malware-or-a-virus,broken_link
https://www.mccc.edu/news/2019/general/anatomy_lab_grant.shtml,broken_link
https://www.mcdonalds.com/gb/en-gb/product/biscoff-frappe-regular.html,broken_link
https://www.mcdonalds.com/gb/en-gb/product/lotus-biscoff-mcflurry-mini.html,broken_link
https://www.mckinsey.com/featured-insights/mckinsey-explainers/what-is-a-recession,broken_link
https://www.mckinsey.com/featured-insights/mckinsey-explainers/what-is-gen-z,broken_link
https://www.mcleanhospital.org/essential/bipolar-disorder,broken_link
https://www.mcphs.edu/academics/prerequisite-courses/anatomy-and-physiology-i,broken_link
https://www.mdanderson.org/cancerwise/colonoscopy-anesthesia--7-things-to-know.h00-159618645.html,broken_link
https://www.mdanderson.org/cancerwise/liver-regeneration--how-the-liver-s-ability-to-recover-plays-into-liver-cancer-surgery.h00-159623379.html,broken_link
https://www.mdanderson.org/cancerwise/recovered-from-covid-19-coronavirus-am-i-immune-4-things-to-know.h00-159385890.html,broken_link
https://www.mdanderson.org/cancerwise/what-counts-as-coronavirus-covid-19-exposure--how-does-contact-tracing-identify-who-has-been-exposed-to-covid-19.h00-159383523.html,broken_link
https://www.mdanderson.org/cancerwise/what-is-covid-19-coronavirus-herd-immunity-when-will-we-achieve-herd-immunity.h00-159383523.html,broken_link
https://www.mdapp.co/height-calculator-best-child-height-predictor-16,broken_link
https://www.mdcalc.com/calc/1739/revised-cardiac-risk-index-pre-operative-risk,broken_link
https://www.mdcalc.com/calc/3992/stop-bang-score-obstructive-sleep-apnea,broken_link
https://www.mdjonline.com/news/local/smyrna-s-young-champs-make-history-and-memories/article_23756521-23df-47f5-b010-2c3046f36e7b.html,broken_link
https://www.mdpi.com/1422-0067/26/12/5887,broken_link
https://www.mdpi.com/1424-8220/25/12/3829,broken_link
https://www.mdpi.com/1660-4601/19/18/11310,broken_link
https://www.mdpi.com/2071-1050/17/13/5759,broken_link
https://www.mdpi.com/2073-4336/16/4/32,broken_link
https://www.mdpi.com/2073-4360/17/13/1762,broken_link
https://www.mdpi.com/2076-2615/15/12/1810,broken_link
https://www.mdpi.com/2076-3417/15/13/6979,broken_link
https://www.mdpi.com/2076-3417/15/13/7071,broken_link
https://www.mdpi.com/2077-0383/14/13/4528,broken_link
https://www.mdpi.com/2077-1444/11/6/270,broken_link
https://www.mdpi.com/2079-8954/13/7/500,broken_link
https://www.mdpi.com/2227-9717/13/6/1938,broken_link
https://www.mdpi.com/2297-8747/30/3/66,broken_link
https://www.mdpi.com/2305-6304/13/6/514,broken_link
https://www.mdpi.com/2504-4494/9/7/216,broken_link
https://www.mdpi.com/2571-8797/7/3/51,broken_link
https://www.mdpi.com/journal/molecules,broken_link
https://www.mdpi.com/journal/processes/special_issues/29sjs28y95,broken_link
https://www.mdsci.org,broken_link
https://www.mea.gov.in/search-result.htm,broken_link
https://www.med.navy.mil/portals/62/documents/nmfa/nmcphc/root/health%20promotion%20and%20wellness/women's%20health/documents/provider_resources/extended_duration_larc_use_wh_provider_vf.pdf,pdf
https://www.med.umich.edu/1libr/dentistry/abscesspostop.pdf,pdf
https://www.med.upenn.edu/cbica/sbia/facial-expressions.html,broken_link
https://www.medcentral.com/pain/chronic/burning-mouth-syndrome,broken_link
https://www.medicaid.gov,broken_link
https://www.medicaid.gov/tmsis/dataguide/data-elements/clt002168,broken_link
https://www.medicalbillersandcoders.com/ebooks/j-codes.pdf,pdf
https://www.medicalbillingandcoding.org/hcpcs-codes,broken_link
https://www.medicalnewstoday.com/articles/150322,broken_link
https://www.medicalnewstoday.com/articles/158634,broken_link
https://www.medicalnewstoday.com/articles/162806,broken_link
https://www.medicalnewstoday.com/articles/170136,broken_link
https://www.medicalnewstoday.com/articles/172459,broken_link
https://www.medicalnewstoday.com/articles/173681,broken_link
https://www.medicalnewstoday.com/articles/179069,broken_link
https://www.medicalnewstoday.com/articles/180160,broken_link
https://www.medicalnewstoday.com/articles/245588,broken_link
https://www.medicalnewstoday.com/articles/247287,broken_link
https://www.medicalnewstoday.com/articles/265592,broken_link
https://www.medicalnewstoday.com/articles/287720,broken_link
https://www.medicalnewstoday.com/articles/288651,broken_link
https://www.medicalnewstoday.com/articles/303834,broken_link
https://www.medicalnewstoday.com/articles/308114,broken_link
https://www.medicalnewstoday.com/articles/311932,broken_link
https://www.medicalnewstoday.com/articles/312992,broken_link
https://www.medicalnewstoday.com/articles/313098,broken_link
https://www.medicalnewstoday.com/articles/314183,broken_link
https://www.medicalnewstoday.com/articles/317104,broken_link
https://www.medicalnewstoday.com/articles/317196,broken_link
https://www.medicalnewstoday.com/articles/317221,broken_link
https://www.medicalnewstoday.com/articles/318131,broken_link
https://www.medicalnewstoday.com/articles/318437,broken_link
https://www.medicalnewstoday.com/articles/318694,broken_link
https://www.medicalnewstoday.com/articles/318699,broken_link
https://www.medicalnewstoday.com/articles/319280,broken_link
https://www.medicalnewstoday.com/articles/319427,broken_link
https://www.medicalnewstoday.com/articles/319444,broken_link
https://www.medicalnewstoday.com/articles/319654,broken_link
https://www.medicalnewstoday.com/articles/319814,broken_link
https://www.medicalnewstoday.com/articles/320045,broken_link
https://www.medicalnewstoday.com/articles/320180,broken_link
https://www.medicalnewstoday.com/articles/320268,broken_link
https://www.medicalnewstoday.com/articles/320564,broken_link
https://www.medicalnewstoday.com/articles/320676,broken_link
https://www.medicalnewstoday.com/articles/320940,broken_link
https://www.medicalnewstoday.com/articles/321429,broken_link
https://www.medicalnewstoday.com/articles/321481,broken_link
https://www.medicalnewstoday.com/articles/321513,broken_link
https://www.medicalnewstoday.com/articles/321530,broken_link
https://www.medicalnewstoday.com/articles/321593,broken_link
https://www.medicalnewstoday.com/articles/321979,broken_link
https://www.medicalnewstoday.com/articles/322669,broken_link
https://www.medicalnewstoday.com/articles/322851,broken_link
https://www.medicalnewstoday.com/articles/323419,broken_link
https://www.medicalnewstoday.com/articles/323424,broken_link
https://www.medicalnewstoday.com/articles/323834,broken_link
https://www.medicalnewstoday.com/articles/324203,broken_link
https://www.medicalnewstoday.com/articles/324329,broken_link
https://www.medicalnewstoday.com/articles/324719,broken_link
https://www.medicalnewstoday.com/articles/324784,broken_link
https://www.medicalnewstoday.com/articles/324909,broken_link
https://www.medicalnewstoday.com/articles/324913,broken_link
https://www.medicalnewstoday.com/articles/325470,broken_link
https://www.medicalnewstoday.com/articles/325571,broken_link
https://www.medicalnewstoday.com/articles/326022,broken_link
https://www.medicalnewstoday.com/articles/326262,broken_link
https://www.medicalnewstoday.com/articles/326327,broken_link
https://www.medicalnewstoday.com/articles/326825,broken_link
https://www.medicalnewstoday.com/articles/326873,broken_link
https://www.medicalnewstoday.com/articles/327481,broken_link
https://www.medicalnewstoday.com/articles/327514,broken_link
https://www.medicalnewstoday.com/articles/37010,broken_link
https://www.medicalnewstoday.com/articles/anemia-foods-to-avoid,broken_link
https://www.medicalnewstoday.com/articles/anxiety-hot-flashes,broken_link
https://www.medicalnewstoday.com/articles/best-gluten-free-bread,broken_link
https://www.medicalnewstoday.com/articles/bipolar-disorder-lifestyle-changes,broken_link
https://www.medicalnewstoday.com/articles/blood-osmolality-test,broken_link
https://www.medicalnewstoday.com/articles/blood-pressure-is-higher-more-difficult-to-manage-in-winter,broken_link
https://www.medicalnewstoday.com/articles/can-you-live-without-a-liver,broken_link
https://www.medicalnewstoday.com/articles/cbd-for-erectile-dysfunction,broken_link
https://www.medicalnewstoday.com/articles/cirrhosis-of-the-liver-life-expectancy,broken_link
https://www.medicalnewstoday.com/articles/diabetes-insupidus-urine-osmolality,broken_link
https://www.medicalnewstoday.com/articles/does-your-period-weaken-your-immune-system,broken_link
https://www.medicalnewstoday.com/articles/drugs-nexplanon,broken_link
https://www.medicalnewstoday.com/articles/drugs-nexplanon-effectiveness,broken_link
https://www.medicalnewstoday.com/articles/dry-cough-covid,broken_link
https://www.medicalnewstoday.com/articles/gastric-sleeve,broken_link
https://www.medicalnewstoday.com/articles/havana-syndrome,broken_link
https://www.medicalnewstoday.com/articles/higher-biological-age-may-increase-dementia-risk-study,broken_link
https://www.medicalnewstoday.com/articles/hip-pain-when-walking,broken_link
https://www.medicalnewstoday.com/articles/how-do-i-find-my-medicare-number,broken_link
https://www.medicalnewstoday.com/articles/how-long-can-hives-last,broken_link
https://www.medicalnewstoday.com/articles/how-long-do-covid-antibodies-stay-in-your-system,broken_link
https://www.medicalnewstoday.com/articles/how-to-get-rid-of-dark-spots-on-the-face,broken_link
https://www.medicalnewstoday.com/articles/how-to-get-rid-of-hard-skin,broken_link
https://www.medicalnewstoday.com/articles/how-to-help-someone-with-schizophrenia,broken_link
https://www.medicalnewstoday.com/articles/how-to-stop-diarrhea-fast,broken_link
https://www.medicalnewstoday.com/articles/is-epstein-barr-the-same-as-mononucleosis,broken_link
https://www.medicalnewstoday.com/articles/medications-for-ms,broken_link
https://www.medicalnewstoday.com/articles/mucus-in-chest-that-wont-come-up-covid,broken_link
https://www.medicalnewstoday.com/articles/multiple-sclerosis-medications-to-avoid,broken_link
https://www.medicalnewstoday.com/articles/risks-of-hyperkalemia,broken_link
https://www.medicalnewstoday.com/articles/signs-that-pneumonia-is-improving,broken_link
https://www.medicalnewstoday.com/articles/steroid-creams-for-eczema,broken_link
https://www.medicalnewstoday.com/articles/steroids-for-eczema-topical-oral-and-more,broken_link
https://www.medicalnewstoday.com/articles/thought-blocking,broken_link
https://www.medicalnewstoday.com/articles/triglyceride-levels,broken_link
https://www.medicalnewstoday.com/articles/voltaren-otc,broken_link
https://www.medicare.gov,broken_link
https://www.medicare.gov/account/create-account,broken_link
https://www.medicare.gov/account/find-my-account,broken_link
https://www.medicare.gov/account/login,broken_link
https://www.medievalchronicles.com/medieval-history/medieval-inventions-list/mechanical-clock,broken_link
https://www.medievalists.net/2017/08/role-mechanical-clock-medieval-science,broken_link
https://www.medievalists.net/2021/10/the-invention-of-time-mechanical-clocks-and-the-age-of-the-manuscript,broken_link
https://www.medievalists.net/2025/06/byzantium-medieval-beekeeping,broken_link
https://www.medisysdata.com/blog/j-codes-for-chemotherapy-drugs-2020,broken_link
https://www.medparkhospital.com/en-us/disease-and-treatment/anemia,broken_link
https://www.medparkhospital.com/en-us/disease-and-treatment/bipolar-disorder,broken_link
https://www.medparkhospital.com/en-us/disease-and-treatment/muscle-cramps,broken_link
https://www.medparkhospital.com/en-us/disease-and-treatment/snoring,broken_link
https://www.medparkhospital.com/en-us/disease-and-treatment/urticaria,broken_link
https://www.medparkhospital.com/en-us/lifestyles/burnout-syndrome,broken_link
https://www.medrxiv.org/content/10.1101/2021.08.24.21262415v1,broken_link
https://www.medsafe.govt.nz/consumers/cmi/v/voltarentab.pdf,pdf
https://www.medsafe.govt.nz/consumers/educational-material/thrombosis-with-thrombocytopenia-syndrome.pdf,pdf
https://www.medsafe.govt.nz/profs/class/agendas/agen51diclofenac.pdf,pdf
https://www.medsafe.govt.nz/safety/dhcpletters/distinguishing-between-thrombosis-and-tts.pdf,pdf
https://www.medscape.com/viewarticle/epigenetic-clocks-new-types-new-promises-new-skepticism-2025a1000gh0,broken_link
https://www.medscape.com/viewarticle/turbulence-oncology-workforce-theres-silver-lining-2025a1000fpq,broken_link
https://www.mekkographics.com,broken_link
https://www.membersccu.com,broken_link
https://www.menards.com/main//dynamic-content.html,broken_link
https://www.mendeley.com/guides/apa-citation-guide,broken_link
https://www.mendeley.com/guides/mendeley-cite,broken_link
https://www.mensjournal.com/food-drink/mcdonalds-hello-kitty-soft-serve-ice-cream-hong-kong,broken_link
https://www.mensjournal.com/shopping/costway-wooden-vegetable-raised-garden-beds-walmart-flash-sale-june-2025,broken_link
https://www.mensjournal.com/sports/drew-brees-on-historic-nfl-career-and-training-for-life-mens-journal,broken_link
https://www.menssuithabit.com/size-chart,broken_link
https://www.menswearhouse.com/shop/suit-fit-guide,broken_link
https://www.mentalhealthforum.net/forum/threads/how-do-you-learn-to-love-yourself.155517,broken_link
https://www.mentalhealthtransitions.com/post/understanding-thought-disorders-what-they-are-symptoms-and-treatment-options,broken_link
https://www.mentimeter.com/blog/meetings/presentation-preparation-tips,broken_link
https://www.merckmanuals.com/home/multimedia/video/pubic-lice,broken_link
https://www.meridol.me/en-sa/articles/what-if-my-tongue-is-white,broken_link
https://www.merriam-webster.com/dictionary/buddha,broken_link
https://www.merriam-webster.com/dictionary/buddhism,broken_link
https://www.merriam-webster.com/dictionary/champ,broken_link
https://www.merriam-webster.com/dictionary/chesterfield,broken_link
https://www.merriam-webster.com/dictionary/employee,broken_link
https://www.merriam-webster.com/dictionary/extracranial,broken_link
https://www.merriam-webster.com/dictionary/fallacy,broken_link
https://www.merriam-webster.com/dictionary/maintenance,broken_link
https://www.merriam-webster.com/dictionary/mono,broken_link
https://www.merriam-webster.com/dictionary/monogenesis,broken_link
https://www.merriam-webster.com/dictionary/proactive,broken_link
https://www.merriam-webster.com/dictionary/shawarma,broken_link
https://www.merriam-webster.com/dictionary/socialism,broken_link
https://www.merriam-webster.com/dictionary/such%20and%20such,broken_link
https://www.merriam-webster.com/dictionary/zodiac,broken_link
https://www.merriam-webster.com/sentences/proactive,broken_link
https://www.merriam-webster.com/sentences/such%20as,broken_link
https://www.messengerkids.com,broken_link
https://www.meta.com/help/quest/1476215383535811,broken_link
https://www.meta.com/help/quest/1517439565442928,broken_link
https://www.meta.com/help/quest/509273027107091,broken_link
https://www.metasensemarketing.com/web-crawler-101-what-is-a-web-crawler-and-how-do-crawlers-work,broken_link
https://www.metrokids.com/8-tips-for-elementary-school-success,broken_link
https://www.mexicoinmykitchen.com/menudo-soup,broken_link
https://www.mexicoinmykitchen.com/white-menudo-recipe-mexican,broken_link
https://www.mfds.go.kr/eng/brd/m_60/view.do,broken_link
https://www.mfs.com/content/dam/mfs-enterprise/mfscom/sales-tools/sales-ideas/mfsp_ssdiv_fly.pdf,pdf
https://www.mgexp.com/forum/mgb-and-gt-forum.1/how-do-you-measure-toe-in.902222,broken_link
https://www.mhealthfairview.org/blog/covid-19-symptoms-and-when-to-seek-help,broken_link
https://www.mheducation.com/highered/discipline/anatomy-physiology/course/anatomy-physiology-1-semester-essentials-p.12201.html,broken_link
https://www.miacosmetics.it/en-cy/blog/article/make-up-blue-eyes-techniques,broken_link
https://www.miamiherald.com/news/health-care/article287061480.html,broken_link
https://www.miamiherald.com/news/nation-world/world/americas/cuba/article254554637.html,broken_link
https://www.michaelpage.com.au/advice/management-advice/leadership/importance-good-communication-workplace,broken_link
https://www.michellecarlos.com/post/how-to-remove-background-in-photoshop,broken_link
https://www.michigan.gov/documents/mdhhs/champs_101_700414_7.pdf,pdf
https://www.michiganmedicine.org/health-lab/7-common-afib-triggers-may-surprise-you,broken_link
https://www.michiganmedicine.org/health-lab/splinting-latest-trend-help-eliminate-constipation,broken_link
https://www.michiganmedicine.org/health-lab/why-high-blood-pressure-and-cold-meds-dont-mix,broken_link
https://www.microchip.com/en-us/products/high-speed-networking-and-video/ethernet/ethernet-switches,broken_link
https://www.microlife.com/magazine/blood-pressure/the-correct-way-to-measure-your-blood-pressure,broken_link
https://www.microsoft.com/en-in/surface/devices/surface-pro-11th-edition,broken_link
https://www.microsoft.com/en-us/edge/learning-center/how-to-reopen-closed-tabs,broken_link
https://www.microsoft.com/en-us/education/blog/2021/03/introducing-career-coach-in-microsoft-teams-for-education,broken_link
https://www.microsoft.com/en-us/microsoft-365-life-hacks/presentations/how-to-add-citations-to-your-presentation,broken_link
https://www.microsoft.com/en-us/microsoft-365-life-hacks/privacy-and-safety/how-to-password-protect-excel-workbooks,broken_link
https://www.microsoft.com/en-us/research/wp-content/uploads/2025/01/lee_2025_ai_critical_thinking_survey.pdf,pdf
https://www.microsoft.com/en-us/windows/learning-center/how-to-check-gpu,broken_link
https://www.microsoft.com/en-us/windows/windows-11-specifications,broken_link
https://www.midwestgardengal.com/when-should-i-apply-this-or-that-ask-the-plants,broken_link
https://www.miles.edu/sites/default/files/2021-12/how%20to%20archive%20emails.pdf,pdf
https://www.millenniumpost.in/features/knowing-lucky-colours-as-per-numerology-554738,broken_link
https://www.mind.org.uk/information-support/types-of-mental-health-problems/bipolar-disorder/types-of-bipolar,broken_link
https://www.mind.org.uk/information-support/types-of-mental-health-problems/schizophrenia/for-friends-and-family,broken_link
https://www.mindgrasp.ai,broken_link
https://www.mindler.com/blog/role-career-coach,broken_link
https://www.mindtools.com/a522rg7/how-to-structure-a-presentation,broken_link
https://www.minecraftcrafting.info,broken_link
https://www.minecraftforum.net/forums/minecraft-java-edition/survival-mode/257070-do-we-have-to-feed-cats-so-they-dont-die-from,broken_link
https://www.minecraftforum.net/forums/minecraft-java-edition/survival-mode/271916-is-there-no-way-to-accelerate-nether-wart-growth-_,broken_link
https://www.minecraftforum.net/forums/support/java-edition-support/2591637-how-to-install-shaders,broken_link
https://www.miniofwesleychapel.com/5-ways-to-prevent-oil-leaks,broken_link
https://www.miralax.com/constipation-101/7-constipation-signs-symptoms,broken_link
https://www.mirecc.va.gov/visn22/family_consultation_handouts/bipolar_ii_disorder_veteran_and_family_handout.pdf,pdf
https://www.missouribotanicalgarden.org/gardens-gardening/your-garden/help-for-the-home-gardener/advice-tips-resources/insects-pests-and-problems/pesticides/crabgrass-control,broken_link
https://www.missouribotanicalgarden.org/gardens-gardening/your-garden/help-for-the-home-gardener/advice-tips-resources/pests-and-problems/weeds/crabgrass,broken_link
https://www.mitchellteachers.org/chinatour/silkroadproject/silk_road_xian.html,broken_link
https://www.mlb.com/live-stream-games/partners,broken_link
https://www.mlb.com/mariners/tickets/specials,broken_link
https://www.mlive.com/sponsor-content-n,broken_link
https://www.mmtcpamp.com/gold-silver-rate-today,broken_link
https://www.mncourts.gov/remote-hearings.aspx,broken_link
https://www.mobigyaan.com/how-to-move-icons-on-the-left-side-in-taskbar-windows-11,broken_link
https://www.mobile.johnbridge.com/vbulletin/showthread.php,broken_link
https://www.mockaroo.com,broken_link
https://www.modernismmodernity.org/forums/posts/deboeck-precarious-adjuncthood-care-giving-solutions,broken_link
https://www.modernluxury.com/how-long-do-delta-8-gummies-take-to-kick-in-a-full-guide,broken_link
https://www.molinahealthcare.com/-/media/molina/publicwebsite/pdf/providers/common/pa-criteria/global-j-code-criteria.pdf,pdf
https://www.mom.gov.sg/contact-us/feedback-and-enquiries,broken_link
https://www.mom.gov.sg/employment-practices/leave/paternity-leave,broken_link
https://www.mom.gov.sg/eservices/services/mymom-portal,broken_link
https://www.mom.gov.sg/faq/hygiene-monitoring/what-is-the-validity-period-of-safety-data-sheet-in-singapore,broken_link
https://www.momalwaysfindsout.com/vinegar-the-all-natural-fabric-softener,broken_link
https://www.mometrix.com/academy/wp-content/uploads/2022/11/sat-practice-test-2-with-answer-key-and-scoring-info.pdf,pdf
https://www.mometrix.com/academy/wp-content/uploads/2022/11/sat-practice-test-4-with-answer-key-and-scoring-info.pdf,pdf
https://www.momontimeout.com/bread-machine-pizza-dough-recipe,broken_link
https://www.monect.com,broken_link
https://www.moneycontrol.com/lifestyle/style-tips-8-ways-to-make-your-wardrobe-more-eco-conscious-fashion-article-12482421.html,broken_link
https://www.moneycontrol.com/news/business/personal-finance/fast-track-your-credit-score-with-these-7-effective-ways-12803092.html,broken_link
https://www.moneycontrol.com/news/trends/thrombosis-with-thrombocytopenia-syndrome-what-is-tts-rare-side-effect-of-astrazeneca-covid-vaccine-12711484.html,broken_link
https://www.moneycontrol.com/news/trends/us-president-joe-biden-on-how-he-met-his-wife-jill-was-setup-on-a-blind-date-watch-12284321.html,broken_link
https://www.moneyhub.co.nz/how-to-survive-a-recession.html,broken_link
https://www.moneymanagement.org,broken_link
https://www.moneymetals.com/buy/gold/coins,broken_link
https://www.moneymetals.com/buy/gold/coins/united-states-mint-gold,broken_link
https://www.moneysavingexpert.com/loans/check-free-credit-report,broken_link
https://www.moneytalksnews.com/a-hidden-way-to-get-free-shipping-on-amazon,broken_link
https://www.moneytalksnews.com/slideshows/best-things-to-stockpile,broken_link
https://www.moneytalksnews.com/slideshows/the-only-ways-to-get-rich,broken_link
https://www.monmouth.edu/resources-for-writers/documents/hyphens.pdf,pdf
https://www.monsterinsights.com/why-collect-emails-benefits-of-building-an-email-list,broken_link
https://www.montana.edu/extension/powderriver/documents/vegetablegarden/mt198365ag.pdf,pdf
https://www.montechpc.com,broken_link
https://www.moodfabrics.com/blog/no-sew-alternatives-to-sewing,broken_link
https://www.moodygardens.com,broken_link
https://www.moonandgarden.com/faq/what-is-the-difference-between-ascendingdescending-moon-and-waxing-moonwaning-moon,broken_link
https://www.moonglow.com/blogs/shoot-for-the-moon-blog/born-under-the-waning-gibbous-moon-phase-heres-your-lunar-personality,broken_link
https://www.mooresclothing.ca/c/suits/all-suits-separates,broken_link
https://www.morton-pub.com/wp-content/uploads/2020/12/customlab_pages_ap.pdf,pdf
https://www.mosaicmentalhealthtx.com/post/what-is-thought-disorders-symptoms-causes-and-treatment,broken_link
https://www.mother.ly/life/motherly-stories/a-letter-to-my-daughter-when-someone-breaks-your-heart,broken_link
https://www.motherhoodchaitanya.com/causes-and-treatment-of-thrush-in-infants,broken_link
https://www.motherhoodchaitanya.com/oral-thrush,broken_link
https://www.moumethodist.org/newsdetail/what-is-church-17513771,broken_link
https://www.mountelizabeth.com.sg/health-plus/article/colic-babies,broken_link
https://www.mountsinai.org/files/mshealth/assets/hs/patient-care/service-areas/adolescent-health-center/creating_digital_signatures.pdf,pdf
https://www.movavi.com/learning-portal/how-to-reduce-jpg-file-size-on-mac.html,broken_link
https://www.movavi.com/learning-portal/mkv-file.html,broken_link
https://www.moxa.com/en/products/industrial-network-infrastructure/ethernet-switches,broken_link
https://www.moysglutenfreekitchen.com/post/tips-and-techniques-to-make-better-gluten-free-bread,broken_link
https://www.mq.edu.au/__data/assets/pdf_file/0013/600403/valuation-of-variable-annuities-with-guaranteed_cfr-wp17-12-1.pdf,pdf
https://www.mrclawcorp.com/blog/can-i-get-social-security-from-my-ex,broken_link
https://www.msaquarium.org,broken_link
https://www.msi.com/blog/recommended-psu-table,broken_link
https://www.msi.com/blog/windows-11-guidance,broken_link
https://www.msi.com/landing/mystic-light-rgb-gaming-pc/download,broken_link
https://www.msi.com/power-supply-calculator,broken_link
https://www.mskcc.org/cancer-care/patient-education/how-to-set-up-blood-pressure-monitor,broken_link
https://www.mskcc.org/cancer-care/patient-education/medications/adult/propofol,broken_link
https://www.msn.com/en-au/entertainment/other/inside-naomi-watts-and-liev-schreibers-amicable-split-how-theyve-kept-their-promise-to-their-children-despite-going-their-separate-ways/ar-aa1h3ti3,broken_link
https://www.msn.com/en-ca/lifestyle/home-and-garden/how-to-clean-a-glass-oven-door-according-to-experts/ar-aa1h3rup,broken_link
https://www.msn.com/en-my/news/other/12-ways-to-tell-if-your-cat-is-secretly-stressed/ss-aa1hppoa,broken_link
https://www.msn.com/en-us/foodanddrink/recipes/a-sensational-garlic-butter-lobster-and-scallops-recipe-for-seafood-lovers/ar-aa1tc0lv,broken_link
https://www.msn.com/en-us/health/other/california-laws-changing-july-1-from-pet-insurance-to-airbnb-cleaning-fees/ar-aa1hlxkv,broken_link
https://www.msn.com/en-us/lifestyle/lifestyle-buzz/love-horoscopes-are-here-for-each-zodiac-sign-on-december-3-sun-squares-saturn/ss-aa1vagyn,broken_link
https://www.msn.com/en-us/lifestyle/parenting/your-birth-month-s-color-and-meaning-explained/ss-aa1qrhab,broken_link
https://www.msn.com/en-us/money/companies/3-growth-stocks-i-m-loading-up-on/ar-aa1hsoih,broken_link
https://www.msn.com/en-us/money/companies/how-costco-s-electric-vehicle-charging-experiment-could-be-a-game-changer-for-american-drivers/ar-aa1hsluu,broken_link
https://www.msn.com/en-us/money/markets/american-express-amgen-share-losses-contribute-to-dow-s-100-point-drop/ar-aa1hgqdp,broken_link
https://www.msn.com/en-us/money/markets/suze-orman-says-avoid-liquidating-despite-recession-fears/ss-aa1hgkq1,broken_link
https://www.msn.com/en-us/money/markets/the-process-of-extracting-silver-from-jewelry/vi-aa1uqucu,broken_link
https://www.msn.com/en-us/news/news/content/ar-aa1oriu7,broken_link
https://www.msn.com/en-us/news/politics/joe-biden-and-jill-bidens-relationship-timeline/ss-aa1f1uww,broken_link
https://www.msn.com/en-us/news/technology/how-to-change-the-administrator-name-in-windows-11/ar-bb1jgw5n,broken_link
https://www.msn.com/en-us/news/technology/how-to-install-the-play-store-on-any-amazon-fire-tablet/ar-aa1bf6me,broken_link
https://www.msn.com/en-us/video/animals/how-to-keep-chipmunks-out-of-your-garden-according-to-experts/vi-bb1mncvi,broken_link
https://www.msn.com/en-us/video/peopleandplaces/this-montana-town-s-top-notch-food-and-world-class-wilderness-make-it-a-must-visit/vi-aa1httmz,broken_link
https://www.msn.com/en-us/weather/topstories/blistering-heat-wave-building-in-the-northeast/vi-aa1h9xzu,broken_link
https://www.msofficeforums.com/powerpoint/47442-size-notes-suddenly-large-normal-view.html,broken_link
https://www.msofficeforums.com/word/28236-inserting-matrix-greater-3x3-using-equation-tools.html,broken_link
https://www.msofficeforums.com/word/3670-putting-horizontal-line-word-document-should-simple.html,broken_link
https://www.msofficeforums.com/word/52250-office-insists-save-one-drive.html,broken_link
https://www.mta.ca/~rrosebru/oldcourse/comp1711/171102/comp1711a/iteration.html,broken_link
https://www.mtnskyumc.org/fivefunctionsofthechurch,broken_link
https://www.multibriefs.com/briefs/agta/rubyletter112409.htm,broken_link
https://www.multifamily.loans/capitalization-rate-calculator,broken_link
https://www.mumsnet.com/talk/womens_health/5021387-what-does-a-hot-flush-feel-like,broken_link
https://www.muscletherapyaustralia.com.au/single-post-c18co/can-you-exercise-after-dry-needling,broken_link
https://www.mushroommonday.com/post/psychedelic-ovoid-psilocybe-ovoideocystidiata,broken_link
https://www.mustang6g.com/forums/threads/at-home-method-for-measuring-toe-with-toe-plates.206195,broken_link
https://www.mybib.com,broken_link
https://www.mybuilder.com/questions/v/372/do-i-have-to-seal-a-slate-floor-before-laying-and-after,broken_link
https://www.myccp.online/academic-advising/student-transcript-information,broken_link
https://www.myccp.online/financial-aid/faq/what-federal-school-code-community-college-philadelphia,broken_link
https://www.mychemicalfreehouse.net/2023/01/tutorial-diy-painting-clay-pots-with-food-grade-paints.html,broken_link
https://www.mychemicalfreehouse.net/2024/04/non-toxic-sealant-for-terra-cotta-pots.html,broken_link
https://www.myfloridacfo.com/division/consumers/understanding-insurance/healthreform,broken_link
https://www.myfloridalaw.com/divorce/social-security-spouse,broken_link
https://www.myforkinglife.com/steamed-lobster-tails,broken_link
https://www.mygorgeousrecipes.com/steak-with-peppercorn-sauce,broken_link
https://www.myhungryboys.com/home/2019/1/14/tangzhong-pan-pizza-dough,broken_link
https://www.myjournalcourier.com/business/article/ntsb-says-company-failed-to-shut-down-oil-20395997.php,broken_link
https://www.myjournalcourier.com/news/world/article/russia-s-economy-minister-says-the-country-is-on-20384782.php,broken_link
https://www.mynavcare.com/resource/pss_jcode_flashcard,broken_link
https://www.mynavyhr.navy.mil/portals/55/support/paypers/cpcresources/cppa_handbook_12jun2025.pdf,pdf
https://www.mypanhandle.com/news/politics/ap-former-top-aide-to-jill-biden-is-subpoenaed-by-house-oversight-panel,broken_link
https://www.myperfectresume.com/career-center/interviews/questions/what-can-you-bring-to-the-team,broken_link
https://www.myplate.gov/eat-healthy/grains,broken_link
https://www.myplate.gov/life-stages/kids,broken_link
https://www.myplate.gov/myplate-plan,broken_link
https://www.myplate.gov/tip-sheet/healthy-eating-kids,broken_link
https://www.mysanantonio.com/opinion/columnists/bob_richter/article/consider-the-other-aside-of-the-longoria-2446554.php,broken_link
https://www.mysanantonio.com/shopping/article/how-to-clean-glass-oven-doors-17034208.php,broken_link
https://www.mytwintiers.com/news-cat/national-news/former-steelers-coach-bill-cowher-elected-to-pro-football-hall-of-fame,broken_link
https://www.mytwintiers.com/news-cat/political-news/ap-politics/ap-former-top-aide-to-jill-biden-is-subpoenaed-by-house-oversight-panel,broken_link
https://www.nabard.org/demo/auth/writereaddata/modelbankproject/2009165708gladiolus.pdf,pdf
https://www.naco.org/sites/default/files/documents/personal%20infrastructure%20handouts.pdf,pdf
https://www.naesb.org/pdf2/wgq_bps100605w2.pdf,pdf
https://www.namehero.com/gaming-blog/how-to-download-minecraft-shaders,broken_link
https://www.namehero.com/gaming-blog/how-to-get-nether-wart-in-minecraft,broken_link
https://www.namehero.com/gaming-blog/how-to-tame-a-cat-in-minecraft,broken_link
https://www.names.org/n/saja/about,broken_link
https://www.naplesgarden.org/container-gardening-drying-peppers,broken_link
https://www.napoleon.com/en/be/barbecues/blog/how-use-and-clean-pizza-stone,broken_link
https://www.narayanahealth.org/blog/chronic-hives-symptoms-and-causes,broken_link
https://www.narayanahealth.org/blog/how-cold-weather-affects-blood-pressure,broken_link
https://www.narayanahealth.org/blog/low-haemoglobin-causes-signs-and-treatment,broken_link
https://www.narayanahealth.org/blog/understanding-how-cold-weather-raises-blood-pressure-and-ways-to-manage-it,broken_link
https://www.nasdaq.com/articles/2-simple-ways-to-make-$40000-in-passive-income,broken_link
https://www.nasdaq.com/articles/3-growth-stocks-im-loading,broken_link
https://www.nasdaq.com/articles/bordetella-vaccine-for-kennel-cough-in-dogs,broken_link
https://www.nasdaq.com/articles/how-to-become-a-contract-lawyer:-a-step-by-step-guide,broken_link
https://www.nasdaq.com/articles/warren-buffett-sells-bank-stock-and-buys-restaurant-stock-4230-15-years,broken_link
https://www.nasdaq.com/articles/why-hims-hers-stock-crashing-and-it-buying-opportunity,broken_link
https://www.nasi.org/research/social-security/the-social-security-benefit-notch-a-study,broken_link
https://www.nasi.org/wp-content/uploads/2009/11/notch-report-compressed.pdf,pdf
https://www.nasm.org/resources/calorie-calculator,broken_link
https://www.natera.com,broken_link
https://www.natera.com/resource-library/panorama/panorama-sample-report,broken_link
https://www.natera.com/wp-content/uploads/2021/01/panorama-patient-brochure-english.pdf,pdf
https://www.natera.com/wp-content/uploads/2022/08/wh_os_ca-pns_08_20220802_tips_and_tricks_for_ordering_counseling_and_reviewing_results.pdf,pdf
https://www.natera.com/wp-content/uploads/2022/08/wh_os_ca-pns_09_20220802_accessing_blood_draw_services_for_prenatal_genetic_screening.pdf,pdf
https://www.natesilver.net/p/why-liberalism-and-leftism-are-increasingly,broken_link
https://www.nationalacademies.org,broken_link
https://www.nationaldefensemagazine.org/articles/2024/4/4/directed-energy-remains-key-suspect-behind-havana-syndrome,broken_link
https://www.nationaljeweler.com/articles/639-a-primer-on-lead-glass-filled-rubies,broken_link
https://www.nationalnotary.org/texas,broken_link
https://www.nationalnotary.org/texas/become-a-notary,broken_link
https://www.naturalreaders.com/online,broken_link
https://www.nature.com/articles/s41590-024-02052-z.pdf,pdf
https://www.naukri.com/campus/career-guidance/java-interview-questions-for-freshers,broken_link
https://www.naukri.com/code360/library/difference-between-abstract-class-and-interface-in-java,broken_link
https://www.naukri.com/code360/library/programming-styles-and-tools,broken_link
https://www.nauticnomad.com/post/what-to-pack-for-a-luxury-yacht-charter-vacation,broken_link
https://www.navneetgems.com/what-are-glass-filled-rubies,broken_link
https://www.navneetgems.com/why-are-glass-filled-rubies-so-high-in-trend,broken_link
https://www.nbcnews.com/now/video/what-is-delta-8-thc-and-why-are-more-teens-using-it-206425669584,broken_link
https://www.ncbi.nlm.nih.gov/books/nbk218769,broken_link
https://www.ncbi.nlm.nih.gov/books/nbk222385,broken_link
https://www.ncbi.nlm.nih.gov/books/nbk224093,broken_link
https://www.ncbi.nlm.nih.gov/books/nbk279054,broken_link
https://www.ncbi.nlm.nih.gov/books/nbk279251,broken_link
https://www.ncbi.nlm.nih.gov/books/nbk279286,broken_link
https://www.ncbi.nlm.nih.gov/books/nbk424899,broken_link
https://www.ncbi.nlm.nih.gov/books/nbk430884,broken_link
https://www.ncbi.nlm.nih.gov/books/nbk448082,broken_link
https://www.ncbi.nlm.nih.gov/books/nbk470284,broken_link
https://www.ncbi.nlm.nih.gov/books/nbk499895,broken_link
https://www.ncbi.nlm.nih.gov/books/nbk499909,broken_link
https://www.ncbi.nlm.nih.gov/books/nbk500020,broken_link
https://www.ncbi.nlm.nih.gov/books/nbk507237,broken_link
https://www.ncbi.nlm.nih.gov/books/nbk518962,broken_link
https://www.ncbi.nlm.nih.gov/books/nbk53595,broken_link
https://www.ncbi.nlm.nih.gov/books/nbk536928,broken_link
https://www.ncbi.nlm.nih.gov/books/nbk539739,broken_link
https://www.ncbi.nlm.nih.gov/books/nbk557477,broken_link
https://www.ncbi.nlm.nih.gov/books/nbk567764,broken_link
https://www.ncbi.nlm.nih.gov/books/nbk64840,broken_link
https://www.ncbi.nlm.nih.gov/books/nbk7255,broken_link
https://www.ncbi.nlm.nih.gov/books/nbk8142,broken_link
https://www.ncbi.nlm.nih.gov/pmc/articles/pmc4146131,broken_link
https://www.nccn.org/login,broken_link
https://www.ncda.org,broken_link
https://www.ncdp.org/content/062625,broken_link
https://www.ncid.sg/news-events/news/pages/s'pore-study-shows-length-of-immunity-varies-greatly.aspx,broken_link
https://www.ncl.ac.uk/academic-skills-kit/assessment/assignment-types/structuring-a-science-report,broken_link
https://www.ncsc.gov.uk/collection/phishing-scams,broken_link
https://www.ncsl.org/about-state-legislatures/amending-the-us-constitution,broken_link
https://www.ncsl.org/elections-and-campaigns/initiative-and-referendum-processes,broken_link
https://www.ncuscr.org/video/ccp-at-100,broken_link
https://www.neimanmarcus.com/category/service/curtains/measurecurtains.html,broken_link
https://www.nejm.org/doi/full/10.1056/nejmoa2118946,broken_link
https://www.nejm.org/doi/full/10.1056/nejmra1908412,broken_link
https://www.nejm.org/doi/full/10.1056/nejmsb2506929,broken_link
https://www.neoxian.city/@ubani/cbbbzvsc,broken_link
https://www.nestle.com/media/news/determine-biological-age-dogs,broken_link
https://www.netcomlearning.com/certifications/microsoft-certified-azure-fundamentals,broken_link
https://www.netflix.com/es-en/title/70204976,broken_link
https://www.netflix.com/in/browse/genre/7424,broken_link
https://www.netflix.com/title/60000861,broken_link
https://www.netflix.com/title/81040344,broken_link
https://www.netflix.com/tudum/articles/squid-game-unleashed-mobile-game-news,broken_link
https://www.netsuite.com/portal/resource/articles/accounting/general-ledger.shtml,broken_link
https://www.netsuite.com/portal/resource/articles/business-strategy/recession-proof-your-business.shtml,broken_link
https://www.networkworld.com/article/969239/what-is-a-network-switch-and-how-does-it-work.html,broken_link
https://www.neurology.org/doi/10.1212/wnl.0000000000208006,broken_link
https://www.neurology.org/doi/10.1212/wnl.88.16_supplement.p3.341,broken_link
https://www.newark.com/c/office-computer-networking-products/networking-products/ethernet-switches-modules,broken_link
https://www.newbridgehealth.org/health-services/vaccines/shingles-vaccine,broken_link
https://www.newdirectionsaromatics.com/blog/a-complete-guide-to-understanding-the-sds,broken_link
https://www.newhorizons.com/find-training/microsoft-azure,broken_link
https://www.newindianexpress.com/expressdeals/other-categories/beauty-and-health/how-to-get-rid-pimple-marks-and-spots,broken_link
https://www.newmexicomagazine.org/blog/post/favorite-sun,broken_link
https://www.neworleanssaints.com/news/drew-brees-best-player-in-new-orleans-saints-franchise-history-strove-to-be-best-teammate-as-well,broken_link
https://www.neworleanssaints.com/news/saints-legend-quarterback-drew-brees-reflects-nfl-career-personel-life-going-long-with-chase-daniel-episode-9,broken_link
https://www.neworleanssaints.com/video/drew-brees-interview-quarterback-saints-legend-nfl-career-2024-saints-hall-of-fame-induction,broken_link
https://www.neworleanssaints.com/video/drew-brees-tours-new-orleans-post-retirement-remembers-career-next-chapter,broken_link
https://www.news-medical.net/health/general-anesthesia.aspx,broken_link
https://www.news-medical.net/health/how-many-calories-should-you-eat-per-day.aspx,broken_link
https://www.news-medical.net/health/notable-cases-of-leprosy.aspx,broken_link
https://www.news-medical.net/health/snoring-grades.aspx,broken_link
https://www.news-medical.net/health/what-are-crabs-(pubic-lice).aspx,broken_link
https://www.news-medical.net/health/what-is-an-angiogram.aspx,broken_link
https://www.news-medical.net/health/what-is-havana-syndrome.aspx,broken_link
https://www.news-medical.net/health/what-is-mononucleosis.aspx,broken_link
https://www.news-medical.net/news/20200113/human-liver-manages-to-stay-alive-outside-the-body-for-a-week.aspx,broken_link
https://www.news-medical.net/news/20200427/study-reveals-how-general-anesthesia-works.aspx,broken_link
https://www.news-medical.net/news/20230504/covid-19-risk-natural-infection-vs-vaccine-induced-immunity.aspx,broken_link
https://www.news8000.com/lifestyle/money/a-mother-thought-her-baby-was-blown-out-of-a-plane-the-faa-still-allows/article_f10a5ae6-db55-5bbb-9964-5ecc7e1db5ee.html,broken_link
https://www.newyorkfed.org/microeconomics/hhdc,broken_link
https://www.nexplanon.com,broken_link
https://www.nfcc.org,broken_link
https://www.nfl.com/100/originals/100-greatest/characters-83,broken_link
https://www.nfl.com/players/bill-cowher,broken_link
https://www.nfl.com/players/drew-brees,broken_link
https://www.nfl.com/players/drew-brees/stats/career,broken_link
https://www.nfm.com,broken_link
https://www.ngccoin.com/price-guide/coin-melt-values.aspx,broken_link
https://www.ngpf.org/blog/question-of-the-day/qod-updated-excluding-home-loans-what-are-the-three-largest-debts-for-american-consumers,broken_link
https://www.ngpf.org/blog/question-of-the-day/question-of-the-day-which-type-of-consumer-debt-has-seen-the-largest-percentage-growth-in-the-past-20-years-credit-cards-mortgages-auto-loans-or-student-loans,broken_link
https://www.nhlbi.nih.gov/health/anemia/treatment,broken_link
https://www.nhlbi.nih.gov/health/pneumonia/recovery,broken_link
https://www.nhlbi.nih.gov/news/2024/does-how-loud-you-snore-matter-your-health,broken_link
https://www.nhregister.com/news/world/article/doctors-and-moms-say-these-babies-in-gaza-may-die-20393357.php,broken_link
https://www.nhsfife.org/media/1sswbzff/fife-covid-pack-managing-a-cough.pdf,pdf
https://www.nhtsa.gov/recalls,broken_link
https://www.nhtsa.gov/risky-driving/distracted-driving,broken_link
https://www.nia.nih.gov/health/constipation/concerned-about-constipation,broken_link
https://www.nia.nih.gov/health/menopause/hot-flashes-what-can-i-do,broken_link
https://www.nia.nih.gov/news/age-estimated-changes-dna-can-help-predict-health-outcomes-mortality-older-adults,broken_link
https://www.niagarahealth.on.ca/files/gallbladder2015.pdf,pdf
https://www.niams.nih.gov/health-topics/bone-mineral-density-tests-what-numbers-mean,broken_link
https://www.nicunursenatalie.com/notes/oral-thrush,broken_link
https://www.nidcr.nih.gov/health-info/burning-mouth,broken_link
https://www.niddk.nih.gov/health-information/digestive-diseases/constipation/treatment,broken_link
https://www.niddk.nih.gov/health-information/digestive-diseases/diarrhea/symptoms-causes,broken_link
https://www.niddk.nih.gov/health-information/digestive-diseases/gallstones/eating-diet-nutrition,broken_link
https://www.niddk.nih.gov/health-information/weight-management/healthy-eating-physical-activity-for-life/helping-your-child-tips-for-parents,broken_link
https://www.niehs.nih.gov/sites/default/files/health/materials/mold_508.pdf,pdf
https://www.nifc.gov/sites/default/files/blm/training/instructionsadddatestampdigitalsignaturefieldstopdf.pdf,pdf
https://www.nifc.gov/sites/default/files/blm/training/instructionsdigitallysignpdf.pdf,pdf
https://www.nigms.nih.gov/education/fact-sheets/pages/anesthesia,broken_link
https://www.nih.gov/news-events/news-releases/nih-studies-find-severe-symptoms-havana-syndrome-no-evidence-mri-detectable-brain-injury-or-biological-abnormalities,broken_link
https://www.nih.gov/news-events/nih-research-matters/lasting-immunity-found-after-recovery-covid-19,broken_link
https://www.nihr.ac.uk/news/major-study-finds-new-shingles-vaccine-could-lower-risk-dementia,broken_link
https://www.nike.com/a/how-to-measure-foot-size,broken_link
https://www.nimh.nih.gov/health/publications/bipolar-disorder,broken_link
https://www.nimh.nih.gov/health/topics/bipolar-disorder,broken_link
https://www.nirschlorthopaedic.com/pain-relief-fast-with-trigger-point-dry-needling,broken_link
https://www.nirsoft.net,broken_link
https://www.nitha.com/wp-content/uploads/2023/01/pubic-lice-trifold-brochure.pdf,pdf
https://www.niu.edu/ceet/academics/industrial-and-systems-engineering/bs-industrial-systems.shtml,broken_link
https://www.niu.edu/presentations/organize/index.shtml,broken_link
https://www.nlc.org/article/2022/09/12/how-to-promote-citizen-engagement-and-participation,broken_link
https://www.nlm.nih.gov/bsd/uniform_requirements.html,broken_link
https://www.nmc.org.uk/standards/code,broken_link
https://www.nobelprize.org/uploads/2020/01/slideshow_martin_luther_king_nobelprizelessons.pdf,pdf
https://www.nola.com/sports/saints/drew-brees-was-what-the-saints-city-needed-after-katrina/article_042bc8c0-254f-11ef-a1f2-a3441fb1e1d2.html,broken_link
https://www.noodletools.com,broken_link
https://www.noradarealestate.com/blog/calculating-cap-rate,broken_link
https://www.nordstrom.com/browse/content/blog/best-lipstick-for-skin-tone,broken_link
https://www.nordstrom.com/browse/content/blog/how-to-measure-shoe-size,broken_link
https://www.nordstrom.com/browse/content/blog/rosemary-tea-hair,broken_link
https://www.nordstrom.com/browse/services/alterations/suits,broken_link
https://www.nordstrom.com/sizeguides/1456_sizeguide.pdf,pdf
https://www.noridianmedicareportal.com,broken_link
https://www.norskolje.museum.no/wp-content/uploads/2016/02/3467_f0804bce7bdf41beb0dd8cd6966f6594.pdf,pdf
https://www.northfultonfeedandseed.com/product/calf-manna-performance-supplement,broken_link
https://www.northgatemarket.com,broken_link
https://www.northwell.edu/imaging/services/angiogram,broken_link
https://www.notarypublicstamps.com,broken_link
https://www.notaryrotary.com/101/default.asp,broken_link
https://www.notch.so,broken_link
https://www.nottingham.ac.uk/research/groups/nicep/documents/working-papers/2020/nicep-2020-01.pdf,pdf
https://www.novelupdatesforum.com/threads/windows-11-how-to-move-taskbar-to-left.176991,broken_link
https://www.nps.gov/articles/000/bld-mistaken-identity.htm,broken_link
https://www.nps.gov/ever,broken_link
https://www.nps.gov/hofu/learn/historyculture/iron-making.htm,broken_link
https://www.nps.gov/kala/learn/historyculture/hansensdisease.htm,broken_link
https://www.nps.gov/maca/planyourvisit/cave-tours.htm,broken_link
https://www.nps.gov/mlkm/learn/historyculture/people.htm,broken_link
https://www.nps.gov/mora/planyourvisit/timed-entry-reservations.htm,broken_link
https://www.nps.gov/piro/learn/nature/beechbarkdisease.htm,broken_link
https://www.nps.gov/subjects/civilrights/martin-luther-king.htm,broken_link
https://www.nps.gov/teachers/classrooms/from-crust-to-core.htm,broken_link
https://www.nrc.gov/materials/fuel-cycle-fac/ur-enrichment.html,broken_link
https://www.nrtoday.com/family/10-reasons-you-need-to-commit-already/article_b9c46450-365d-11e7-9fc8-3b3c3d092220.html,broken_link
https://www.nsc.com.sg/dsc/prevention-education/sexually-transmitted-infection/types-of-stis/pages/pubic-lice.aspx,broken_link
https://www.nsc.org/getmedia/35a818d6-1e10-4b8f-bf3e-8508dd636ff9/adid-delta8-thc-factsheet.pdf,pdf
https://www.nst.com.my/news/nation/2025/06/1234420/oil-leak-johor-fire-site-sparks-environmental-concerns,broken_link
https://www.nth.nhs.uk/resources/pneumonia,broken_link
https://www.nubest.com/blogs/growth-tips/at-what-age-do-people-stop-growing-taller,broken_link
https://www.nubest.com/blogs/growth-tips/when-do-boys-stop-growing,broken_link
https://www.nuk-usa.com/on/demandware.store/sites-nuk-site/default/content-show,broken_link
https://www.numerade.com/ask/question/a-what-are-the-methods-for-structuring-and-presenting-information-called-a-organizational-strategies-b-research-facts-and-data-c-classification-strategies-d-narratives-and-arguments-answer-1-95081,broken_link
https://www.nuptials.ph/bridal-shower-favors,broken_link
https://www.nursinghero.com/study-guides/openstax-anatomyandphysiology/1-1-overview-of-anatomy-and-physiology,broken_link
https://www.nuwavenow.com/blogs/recipes/menudo,broken_link
https://www.nvidia.com/en-us/account/redeem,broken_link
https://www.nvidia.com/en-us/geforce/forums/geforce-experience/14/253622/hotkey-for-start-to-record,broken_link
https://www.nvidia.com/en-us/geforce/forums/instant-replay-recording/15/316301/enable-desktop-recording-on-a-laptop,broken_link
https://www.nvsos.gov/sos/elections/initiatives-referenda/filing-a-constitutional-initiative,broken_link
https://www.nwahomepage.com/news/politics/ap-former-top-aide-to-jill-biden-is-subpoenaed-by-house-oversight-panel,broken_link
https://www.nycourts.gov/courthelp/whensomeonedies/probate.shtml,broken_link
https://www.nycourts.gov/courthelp/whensomeonedies/will.shtml,broken_link
https://www.nycourts.gov/howdoi/os-name.shtml,broken_link
https://www.nyp.org/healthlibrary/definitions/angiogram,broken_link
https://www.nyp.org/healthlibrary/diagnosis-short/pubic-lice,broken_link
https://www.nyp.org/healthlibrary/symptoms/coronavirus-covid-19-symptom-checker,broken_link
https://www.nysscpa.org/professional-resources/accounting-terminology-guide,broken_link
https://www.nytimes.com/1904/09/10/archives/american-history-in-1902.html,broken_link
https://www.nytimes.com/2014/07/20/magazine/who-made-that-scotch-tape.html,broken_link
https://www.nytimes.com/2017/01/13/upshot/the-biggest-changes-obamacare-made-and-those-that-may-disappear.html,broken_link
https://www.nytimes.com/2018/04/09/well/why-you-should-get-the-new-shingles-vaccine.html,broken_link
https://www.nytimes.com/2021/01/09/at-home/solve-a-nonogram.html,broken_link
https://www.nytimes.com/2022/01/20/us/politics/havana-syndrome-cia-report.html,broken_link
https://www.nytimes.com/2022/07/01/well/mind/delta-8-thc-marijuana.html,broken_link
https://www.nytimes.com/2022/09/30/sports/autoracing/f1-jet-lag-travel-drivers.html,broken_link
https://www.nytimes.com/2023/01/26/dining/three-ways-to-finish-a-tub-of-miso.html,broken_link
https://www.nytimes.com/2023/12/19/well/live/biological-age-testing.html,broken_link
https://www.nytimes.com/2024/04/12/well/live/organize-your-home-declutter.html,broken_link
https://www.nytimes.com/2024/11/10/technology/personaltech/technology-loneliness.html,broken_link
https://www.nytimes.com/2025/01/10/us/politics/havana-syndrome-causes.html,broken_link
https://www.nytimes.com/2025/02/10/science/inner-core-earth-shape-change.html,broken_link
https://www.nytimes.com/2025/06/12/business/electric-vehicle-charging-tesla.html,broken_link
https://www.nytimes.com/2025/06/21/books/review/book-cover-trends.html,broken_link
https://www.nytimes.com/2025/06/25/us/politics/what-is-democratic-socialism.html,broken_link
https://www.nytimes.com/2025/06/26/us/michigan-plane-crash-1950.html,broken_link
https://www.nytimes.com/article/house-gop-tax-bill-trump.html,broken_link
https://www.nytimes.com/athletic/2617655/2021/06/01/bill-cowher-opens-up-about-spygate-afc-title-game-losses-and-the-real-reason-he-left-the-steelers,broken_link
https://www.nytimes.com/athletic/4370084/2023/04/01/formula-one-drivers-travel-jet-lag-australian-grand-prix,broken_link
https://www.nytimes.com/athletic/6435508/2025/06/25/blues-best-uniform-alumni,broken_link
https://www.nytimes.com/athletic/6449074/2025/06/25/yankees-trade-deadline-needs,broken_link
https://www.nytimes.com/athletic/tag/drew-brees,broken_link
https://www.nytimes.com/interactive/2020/world/coronavirus-tips-advice.html,broken_link
https://www.nytimes.com/topic/person/drew-brees,broken_link
https://www.nytimes.com/wirecutter/blog/how-to-format-your-external-hard-drive,broken_link
https://www.nytimes.com/wirecutter/blog/what-is-a-network-switch,broken_link
https://www.nytimes.com/wirecutter/guides/how-to-stop-spam-calls,broken_link
https://www.nytimes.com/wirecutter/reviews/best-canned-tomatoes,broken_link
https://www.nytimes.com/wirecutter/reviews/best-clothes-iron,broken_link
https://www.nytimes.com/wirecutter/reviews/best-electric-and-gas-ranges,broken_link
https://www.nytimes.com/wirecutter/reviews/best-external-hard-drives,broken_link
https://www.nytimes.com/wirecutter/reviews/best-ice-cream-maker,broken_link
https://www.nytimes.com/wirecutter/reviews/best-laptops,broken_link
https://www.nytimes.com/wirecutter/reviews/best-mattress-toppers,broken_link
https://www.nytimes.com/wirecutter/reviews/best-travel-carrier-for-cats-and-small-dogs,broken_link
https://www.nytimes.com/wirecutter/reviews/tempur-pedic-mattress-review-an-honest-assessment,broken_link
https://www.nyxcosmetics.com/what-color-lipstick-should-i-wear.html,broken_link
https://www.nzherald.co.nz/entertainment/naomi-watts-is-in-a-good-place-following-her-split-from-liev-schreiber/zazyau2t3skrqhudpmrsbbpa5y,broken_link
https://www.nzherald.co.nz/the-country/news/glyphosate-environmental-group-challenges-epa-over-reassessment-refusal/gv7h4jphzzg5nbkuxmss4oodlq,broken_link
https://www.oakbrookallergists.com/2020/08/21/how-do-you-get-rid-of-an-allergic-reaction-rash-2,broken_link
https://www.oaklandca.gov/government/finance-budget/budget,broken_link
https://www.oaklandca.gov/my-household/building-and-remodeling/homeowner-projects-permits/generators,broken_link
https://www.oaklandca.gov/planning-building/permit-process-overview/permit-services-questions-portal,broken_link
https://www.oaklandca.gov/public-safety-streets/transportation-permits-engineering/street-name-commemorative-plaque-permit-and-street-name-change-application,broken_link
https://www.oaklandca.gov/training/apply-for-a-temporary-certificate-of-occupancy-tco,broken_link
https://www.obesitycoverage.com/weight-loss-surgeries/gastric-sleeve/recovery-what-to-expect-from-day-1,broken_link
https://www.ocbase.com,broken_link
https://www.ocrevus.com,broken_link
https://www.octopusoverlords.com/forum/viewtopic.php,broken_link
https://www.ocwd.com/news-events/newsletter/2017/june-2017/president-s-message-epa-and-dtsc-take-important-steps-toward-north-basin-cleanup,broken_link
https://www.oecd.org/en/topics/sub-issues/open-government-and-citizen-participation.html,broken_link
https://www.office.fedex.com,broken_link
https://www.officedepot.com/a/products/8910070/cyberpowerpc-syber-sk100-rgb-mechanical-gaming,broken_link
https://www.ohiosos.gov/legislation-and-ballot-issues/putting-an-issue-on-the-ballot/general-assembly-initiated-constitutional-amendment,broken_link
https://www.ohsu.edu/sites/default/files/2019-06/cms-quality-bipolar_disorder_mdq_screener.pdf,pdf
https://www.okc.gov/services/water-trash-recycling/bulky-waste,broken_link
https://www.olivegarden.com/home,broken_link
https://www.olivegarden.com/order-online,broken_link
https://www.omahasteaks.com/blog/how-to-boil-lobster,broken_link
https://www.omnimaga.org/math-and-science/ti-84-program-for-indefinite-integrals,broken_link
https://www.omnisend.com,broken_link
https://www.omnitron-systems.com/component/allvideoshare/video/what-is-an-ethernet-switch,broken_link
https://www.omnitron-systems.com/resources/resource-centers/video-library/video/what-is-an-ethernet-switch,broken_link
https://www.oneccps.org,broken_link
https://www.onelook.com,broken_link
https://www.onlc.com/blog/how-long-does-azure-certification-take,broken_link
https://www.onlinefabricstore.com/makersmill/how-to-measure-windows-for-curtains,broken_link
https://www.onlogic.com/blog/how-to-format-an-ssd-in-windows-10-and-11,broken_link
https://www.ontario.ca/laws/regulation/910213,broken_link
https://www.onthegobites.com/how-to-boil-and-eat-lobster,broken_link
https://www.oocities.org/cvp_analysis/image.html,broken_link
https://www.oola.com/life-at-home/2457305/how-to-easily-measure-your-window-to-get-the-right-size-curtains,broken_link
https://www.oola.com/life-in-flavor/2483828/what-is-shawarma,broken_link
https://www.opb.org/tag/plants,broken_link
https://www.open.edu/openlearn/ocw/mod/oucontent/view.php,broken_link
https://www.openanesthesia.org,broken_link
https://www.openbible.info/topics/god_loves_me,broken_link
https://www.openbible.info/topics/gods_love_for_us,broken_link
https://www.openbible.info/topics/prayer,broken_link
https://www.openbible.info/topics/the_importance_of_prayer,broken_link
https://www.openbible.info/topics/the_trinity,broken_link
https://www.openbible.info/topics/what_was_jesus_occupation,broken_link
https://www.opposuits.com/pages/size-chart-mens-suits,broken_link
https://www.optoutprescreen.com,broken_link
https://www.oral-b.co.in/en-in/oral-health/conditions/oral-hygiene/burning-mouth-syndrome,broken_link
https://www.oral-b.co.in/en-in/oral-health/life-stages/infants/oral-thrush-in-babies,broken_link
https://www.orangehrm.com/en/resources/hr-dictionary/employee,broken_link
https://www.orchardhealthcare.net/shingrix-new-improved-shingles-vaccine-coming,broken_link
https://www.oregon.gov/olcc/docs/commission_minutes/2021/olcc-delta-8-thc-presentation.pdf,pdf
https://www.oreilly.com/library/view/ethernet-switches/9781449367299/ch01.html,broken_link
https://www.oreilly.com/library/view/virtual-private-networks/1565925297/ch04s02.html,broken_link
https://www.oreillyauto.com/how-to-hub/refrigerant,broken_link
https://www.oreillyauto.com/shop/b/oil--chemicals---fluids/maintenance-chemicals/engine---oil/engine-oil-leak-repair/c25bd9bf1960,broken_link
https://www.oreillyauto.com/store-services/rental-tools,broken_link
https://www.organdonor.gov/learn/process/living-donation,broken_link
https://www.orlandovillas.com/florida_guide/special-about-florida-1.aspx,broken_link
https://www.oscprofessionals.com/blog/shopify-speed-optimization-image-element-explicit-width-height,broken_link
https://www.osfhealthcare.org/blog/a-guide-to-menstrual-cycles-getting-pregnant-and-more,broken_link
https://www.osfhealthcare.org/blog/is-my-sore-throat-covid-19-or-not,broken_link
https://www.osfhealthcare.org/blog/qa-pediatrician-shares-what-parents-need-to-know-about-hives-in-kids,broken_link
https://www.osfhealthcare.org/blog/sinus-infection-or-covid-19,broken_link
https://www.osfhealthcare.org/blog/what-is-colic-and-how-to-spot-it,broken_link
https://www.osfhealthcare.org/blog/why-youre-bloated-and-how-to-get-fast-relief,broken_link
https://www.osha.gov/publications/osha3514.html,broken_link
https://www.osha.gov/sites/default/files/publications/osha2254.pdf,pdf
https://www.osha.gov/sites/default/files/publications/osha3286.pdf,pdf
https://www.osmosis.org/answers/glossodynia,broken_link
https://www.osvnews.com/as-annual-nato-summit-emphasizes-military-readiness-local-church-leaders-call-for-peace,broken_link
https://www.otsnews.co.uk/how-voice-changers-for-discord-work-the-technology-behind-the-magic,broken_link
https://www.ottawapublichealth.ca/en/public-health-topics/resources/documents/nexplanon-fact-sheet_en.pdf,pdf
https://www.ou.edu/cas-online/website/documents/using%20zoom%20to%20record%20presentations.pdf,pdf
https://www.ouh.nhs.uk/media/muim12bp/96864bp.pdf,pdf
https://www.ouh.nhs.uk/patient-guide/leaflets/files/102373control.pdf,pdf
https://www.ourfigs.com/forum/figs-home/1546267-squirrels-chipmunks-digging-up-my-container-soil,broken_link
https://www.ourmidland.com/news/article/longoria-affair-launched-civil-rights-movement-6970323.php,broken_link
https://www.ourstate.com/wp-content/uploads/2024/08/sep24-gridiron-special-recipes-combined.pdf,pdf
https://www.oursundayvisitor.com/from-persecutor-to-christian-the-conversion-of-st-paul,broken_link
https://www.ownerrez.com/blog/integration-with-noshable,broken_link
https://www.pa.gov/content/dam/copapwp-pagov/en/health/documents/topics/documents/diseases-and-conditions/pubic%20lice%20.pdf,pdf
https://www.pa.gov/content/dam/copapwp-pagov/en/health/documents/topics/documents/programs/immunizations/shingles%20factsheet.pdf,pdf
https://www.packers.com/news/reviewing-contributions-of-bob-harlan-lee-remmel-george-calhoun-andrew-turnbull-june-26-2025,broken_link
https://www.packetpower.com/blog/electricity-basics-for-data-centers,broken_link
https://www.paharvestofthemonth.org/documents/gardening/growing-asparagus.pdf,pdf
https://www.paine.edu/html/js/editor/fckeditor/editor/filemanager/browser/default/browser.html,broken_link
https://www.painesville-township.k12.oh.us/downloads/how%20to%20write%20controlled%20constant%20variables%20in%20science.pdf,pdf
https://www.painscience.com/articles/voltaren-gel.php,broken_link
https://www.pair.com/support/kb/adding-a-column-to-a-database-in-phpmyadmin,broken_link
https://www.pakistani.org/pakistan/legislation/1991/actxof1991.html,broken_link
https://www.paliseproperty.com/understanding-capitalisation-rates,broken_link
https://www.palmbeachstate.edu/slc/documents/aandpch01lecturepearson.pdf,pdf
https://www.pamperedchef.com/iceberg-ca/original/pdf/p8539-022015cne-stoneware-qa.pdf,pdf
https://www.pamperedchef.eu/pws/dehomeoffice/store/deo/catalog/stoneware,broken_link
https://www.pampers.com/en-us/baby/newborn/article/what-is-colic-symptoms-and-remedies,broken_link
https://www.pampers.com/en-us/pregnancy/baby-names/article/indian-boy-names,broken_link
https://www.panna.org/news/amid-u-s-and-industry-pressure-mexico-delays-glyphosate-ban,broken_link
https://www.papamurphys.com,broken_link
https://www.papamurphys.com/take-n-bake,broken_link
https://www.paprikaapp.com,broken_link
https://www.parallelprojecttraining.com/blog/earned-value-equations,broken_link
https://www.paramporulfoundation.com/swami-vivekananda-death-reason,broken_link
https://www.parkseed.com,broken_link
https://www.parkviewpractice.com/blog/2021/4/28/5-burnt-tongue-remedies-that-soothe-and-heal,broken_link
https://www.parts-people.com,broken_link
https://www.passporthealthusa.com/2024/02/risks-of-leprosy-in-the-modern-day,broken_link
https://www.pasturaslosalazanestx.com/supplement-for-performance-with-calf-manna,broken_link
https://www.patrick.spaceforce.mil/news/commentaries/display/article/1734598/martin-luther-king-jr-his-life-his-legacy,broken_link
https://www.patriots.com/news/cowher-resigns-as-steelers-head-coach-98596,broken_link
https://www.patriotsoftware.com/blog/accounting/a-closer-look-at-general-ledger,broken_link
https://www.paulaschoice.com/expert-advice/skincare-advice/body-care/how-care-dry-cracked-feet-heels.html,broken_link
https://www.paultripp.com/articles/posts/what-was-in-jesus-job-description,broken_link
https://www.pavilions.com/shop/product-details.136010483.html,broken_link
https://www.paymints.io/2020/09/transfer-money-for-closing,broken_link
https://www.paymints.io/2022/08/ways-to-transfer-money,broken_link
https://www.payperwatt.com/post/calculate-1-ton-ac-power-easy-guide-to-reduce-your-bills,broken_link
https://www.pbs.org/newshour/economy/dow-drops-nearly-1000-points-and-japanese-stocks-suffer-worst-crash-since-1987-on-economy-fears,broken_link
https://www.pbs.org/newshour/economy/making-sense/what-history-teaches-us-about-the-latest-stock-market-plunge,broken_link
https://www.pbs.org/newshour/politics/new-study-finds-no-brain-injuries-among-havana-syndrome-patients,broken_link
https://www.pbs.org/newshour/show/havana-syndrome-investigator-on-accusing-russia-of-targeting-u-s-officials,broken_link
https://www.pbs.org/newshour/show/how-republicans-massive-budget-bill-impacts-the-affordable-care-act,broken_link
https://www.pbs.org/wgbh/frontline/interview/jill-biden,broken_link
https://www.pbsanimalhealth.com/calf-manna-performance-supplement/p/11906,broken_link
https://www.pbslearningmedia.org/resource/buac19-k2-sci-ess-viewsofmoon/different-views-of-the-moon,broken_link
https://www.pbslearningmedia.org/resource/civ23-soc-amendingconstitution/amending-the-us-constitution-the-constitution-explained,broken_link
https://www.pbslearningmedia.org/resource/ng09.sci.ps.earth.dewpoint/finding-the-dew-point,broken_link
https://www.pbslearningmedia.org/resource/nvsiodna-sci-geneticgenealogy/using-genetic-genealogy-to-solve-crimes-secrets-in-our-dna,broken_link
https://www.pbtech.co.nz/category/networking/switches,broken_link
https://www.pcexpress.ca,broken_link
https://www.pcgamer.com/games/rpg/system-shock-2-25th-anniversary-remastered-review,broken_link
https://www.pcgamesn.com/fortnite/codes,broken_link
https://www.pcgamesn.com/minecraft/castle-ideas-blueprints,broken_link
https://www.pcgamesn.com/the-forest/console-commands-cheats,broken_link
https://www.pcgamesn.com/throne-and-liberty/codes-coupons,broken_link
https://www.pcmag.com/encyclopedia/term/disk-compression,broken_link
https://www.pcmag.com/encyclopedia/term/legacy-network,broken_link
https://www.pcoptimum.ca,broken_link
https://www.pcspecialist.co.uk/forums/threads/how-do-i-change-my-keyboard-color.66691,broken_link
https://www.pdf-xchange.com/product/pdf-xchange-editor,broken_link
https://www.pdfescape.com,broken_link
https://www.pdfill.com,broken_link
https://www.peanut-app.io/blog/hot-flashes,broken_link
https://www.peanut-app.io/blog/when-do-boys-stop-growing,broken_link
https://www.peanut-app.io/posts/37roa-74h/how-long-did-it-take-to-get-natera-results,broken_link
https://www.peanut-app.io/posts/4enn4-7sk/natera-panorama-results,broken_link
https://www.peanut-app.io/posts/4ibg2-f53/walking-naked-in-front-of-toddlers,broken_link
https://www.peanut-app.io/posts/4icwj-213/nappies-question,broken_link
https://www.peernet.com/ways-to-reduce-adobe-pdf-file-size,broken_link
https://www.peetsscare.com/2025/04/15/why-is-my-cat-so-clingy-a-vet-explains-the-hidden-reasons,broken_link
https://www.penfed.org/mortgage/article/how-to-wire-funds-for-closing,broken_link
https://www.penguinspas.com/post/hot-tub-spa-bromine-guide,broken_link
https://www.pennmedicine.org/conditions/anemia,broken_link
https://www.pennmedicine.org/conditions/aspiration-pneumonia,broken_link
https://www.pennmedicine.org/conditions/hip-dysplasia,broken_link
https://www.pennmedicine.org/conditions/hives,broken_link
https://www.pennmedicine.org/for-patients-and-visitors/find-a-program-or-service/heart-and-vascular/interventional-cardiology/testing-and-diagnosis/coronary-angiography,broken_link
https://www.pennmedicine.org/specialties/bariatric-surgery-weight-management/faqs,broken_link
https://www.pennmedicine.org/specialties/bariatric-surgery-weight-management/what-to-expect,broken_link
https://www.pennmedicine.org/treatments/coronary-angiography,broken_link
https://www.pennmedicine.org/treatments/intracytoplasmic-sperm-injection,broken_link
https://www.pennmedicine.org/updates/blogs/health-and-wellness/2019/march/poop,broken_link
https://www.peoplebox.ai/blog/how-can-employees-give-feedback-to-their-manager,broken_link
https://www.percystride.com/post/have-i-got-wide-feet,broken_link
https://www.perennialreference.com/forums/viewtopic.php,broken_link
https://www.perfectcorp.com/business/showcase/lip-color,broken_link
https://www.perimeter81.com/blog/network/point-to-point-tunneling-protocol-pptp,broken_link
https://www.petco.com/content/content-hub/home/articlepages/grooming/combing-out-a-mat-from-your-cat-hair-or-fur.html,broken_link
https://www.petco.com/content/content-hub/home/articlepages/home-habitat/setting-up-a-new-fish-tank.html,broken_link
https://www.petco.com/shop/en/petcostore/product/manna-pro-calf-manna,broken_link
https://www.petenetlive.com/kb/article/0000564,broken_link
https://www.petermillar.com/f/fit/men-suit-sizing.html,broken_link
https://www.peternyssen.com/blog/how-to-plant-gladioli-byzantinus,broken_link
https://www.peterwhiting.net/bromine-hot-tub-getting-the-chemicals-right,broken_link
https://www.petfinder.com/cats-and-kittens,broken_link
https://www.petfood.express,broken_link
https://www.pethonesty.com/blogs/blog/clingy-cat-behavior-why-it-happens-how-to-address-it,broken_link
https://www.petplan.co.uk/dog-insurance/puppy-care-and-advice/puppy-teething.html,broken_link
https://www.pfgc.com,broken_link
https://www.pharmica.co.uk/pain-relief/voltarol-12-hour/reviews,broken_link
https://www.philiphernandez.net/home/pilot-season,broken_link
https://www.philo.com,broken_link
https://www.phoenixcontact.com/en-us/products/industrial-communication/industrial-ethernet-switches,broken_link
https://www.phot.ai/background-replacer,broken_link
https://www.phrasedllc.com/post/15-reasons-why-mlk-was-important-to-the-world,broken_link
https://www.physicsforums.com/insights/ac-power-analysis-part-1-basics,broken_link
https://www.physicsforums.com/threads/dew-point-calculation-find-the-temperature.684813,broken_link
https://www.physicsforums.com/threads/does-c-melt-together-all-constants.331446,broken_link
https://www.physicsforums.com/threads/how-do-i-correctly-name-organic-compounds-and-handle-isomers.140282,broken_link
https://www.physicsforums.com/threads/how-do-i-find-the-equation-of-a-derivative-using-a-ti-84.839495,broken_link
https://www.physicsforums.com/threads/how-do-you-name-this-compound-according-to-iupac-rules.952269,broken_link
https://www.physicsforums.com/threads/how-does-a-ti-84-calculate-the-derivative-at-a-point.307625,broken_link
https://www.physicsforums.com/threads/how-is-total-power-calculated-in-ac-circuits.502473,broken_link
https://www.physicsforums.com/threads/how-to-do-chicago-style-citation-and-bibliography.786069,broken_link
https://www.physicsforums.com/threads/learn-antiderivatives-of-x-n-c1-c2-explained.119479,broken_link
https://www.physicsforums.com/threads/matrices-in-microsoft-word-2007.236925,broken_link
https://www.physicsforums.com/threads/shrinking-file-size-for-picture-jpeg.1053656,broken_link
https://www.physicsforums.com/threads/what-age-do-you-stop-growing-taller.56586,broken_link
https://www.physicsforums.com/threads/why-use-an-abstract-class-in-object-oriented-programming.925191,broken_link
https://www.physio-pedia.com/havana_syndrome,broken_link
https://www.pib.gov.in/pressrelesedetail.aspx,broken_link
https://www.picreel.com/blog/collect-email-address,broken_link
https://www.piedmont.org/living-real-change/5-ways-to-stop-snoring-for-good,broken_link
https://www.piedmont.org/living-real-change/can-you-get-covid-19-more-than-once,broken_link
https://www.piedmont.org/living-real-change/how-quickly-the-liver-can-repair-itself,broken_link
https://www.piedmont.org/living-real-change/six-things-to-know-before-going-under-anesthesia,broken_link
https://www.piedmontmedicalcenter.com/healthy-living/corporate-content/a-common-cause-of-knee-and-hip-pain-and-how-to-treat-it,broken_link
https://www.pillarcatholic.com/p/the-fear-is-wide-la-pastors-minister,broken_link
https://www.pinselaaesthetic.com/fat-reduction-for-face-jowls-and-neck-in-pinsela-aesthetic-bali.html,broken_link
https://www.pintas.com/lawsuit/roundup-weed-killer/where-is-roundup-banned,broken_link
https://www.pinterest.com/alkhailey/colors-for-all-skin-types,broken_link
https://www.pinterest.com/bbjlove/baby-mama-drama-move-on,broken_link
https://www.pinterest.com/davidtrace/drag-costume-ideas,broken_link
https://www.pinterest.com/ideas/birth-colors/945342263147,broken_link
https://www.pinterest.com/ideas/birth-month-colors/956512801160,broken_link
https://www.pinterest.com/ideas/bridal-shower-goodie-bags/895859282915,broken_link
https://www.pinterest.com/ideas/catchy-slogans/954670680759,broken_link
https://www.pinterest.com/ideas/drag-queen-outfits/951265032000,broken_link
https://www.pinterest.com/ideas/heterogeneous-mixture/907843079105,broken_link
https://www.pinterest.com/ideas/imessage-stickers/901253523678,broken_link
https://www.pinterest.com/ideas/lipstick-for-light-skin-tone/921549294334,broken_link
https://www.pinterest.com/ideas/sides-for-lobster/911805150423,broken_link
https://www.pinterest.com/ideas/things-to-say-to-your-man-in-bed/917339746319,broken_link
https://www.pinterest.com/jaimeedewolfe/sublimation-printer-ideas,broken_link
https://www.pinterest.com/jenuinemom/diy-upcycle-clothing,broken_link
https://www.pinterest.com/leapoffaithcrafting/sublimation-projects-diy,broken_link
https://www.pinterest.com/pin/1266706131455098,broken_link
https://www.pinterest.com/pin/174584923043983459,broken_link
https://www.pinterest.com/pin/20-stunning-lookswhat-to-wear-on-a-yacht-party-fashion-advice-woman-tips-fashion-ideas-in-2021--637611259752386390,broken_link
https://www.pinterest.com/pin/219902394282059299,broken_link
https://www.pinterest.com/pin/28077197663750235,broken_link
https://www.pinterest.com/pin/30-hot-things-to-say-in-bed-to-a-man-to-turn-him-on-lover-sphere--306948530860363404,broken_link
https://www.pinterest.com/pin/303289356140441995,broken_link
https://www.pinterest.com/pin/35-emergency-foods-to-stock-up-on--31032684920799204,broken_link
https://www.pinterest.com/pin/401172279278759668,broken_link
https://www.pinterest.com/pin/419749627775054937,broken_link
https://www.pinterest.com/pin/480548222709332052,broken_link
https://www.pinterest.com/pin/48906345940195127,broken_link
https://www.pinterest.com/pin/50-catchy-slogan-ideas-for-small-businesses--354588170672630076,broken_link
https://www.pinterest.com/pin/812618326548695199,broken_link
https://www.pinterest.com/pin/an-american-housewife-how-to-clean-pampered-chef-stoneware-pizza-stones--126030489545743436,broken_link
https://www.pinterest.com/pin/best-hair-colors-for-blue-eyed-woman--329677635237813672,broken_link
https://www.pinterest.com/pin/carpathia-titanics-rescue-ship-youtube--332210910017472981,broken_link
https://www.pinterest.com/pin/how-to-identify-the-american-beech-tree--249316529366917211,broken_link
https://www.pinterest.com/pin/how-to-measure-curtain-size-for-each-window--1407443628829980,broken_link
https://www.pinterest.com/pin/how-to-screenshot-on-a-logitech-keyboard-in-2023--1137862662086431282,broken_link
https://www.pinterest.com/pin/how-to-upcycle-clothing--528258231305687331,broken_link
https://www.pinterest.com/pin/how-to-use-a-pampered-chef-pizza-stone--164099980152117470,broken_link
https://www.pinterest.com/pin/magicne-pecurke--395190936069722497,broken_link
https://www.pinterest.com/pin/megan-moore-over-40-beauty-on-instagram-dont-just-blindly-pick-a-lipstick-or-blush-shade-picking-an-undertone-thats-falls-on-the-same-side-of-the-spectr-video-video--231865080809655329,broken_link
https://www.pinterest.com/pin/mushrooms--363032419960124153,broken_link
https://www.pinterest.com/pin/my-solution-for-chipmunks-in-planters-success--42995371434118149,broken_link
https://www.pinterest.com/pin/product-for-keeping-chipmunks-out-of-your-plants-video-in-2023--235453886762134532,broken_link
https://www.pinterest.com/pin/say-goodbye-to-fleas-with-dawn-dish-soap--22377329370573292,broken_link
https://www.pinterest.com/pin/the-sun--590956782371285421,broken_link
https://www.pinterest.com/pin/what-to-serve-with-lobster-24-best-sides--62276407340559182,broken_link
https://www.pinterest.com/pin/which-clothing-colors-make-blue-eyes-pop-colorbux--974255331860911704,broken_link
https://www.pinterest.com/tktb/upcycled-clothing,broken_link
https://www.pinterest.com/wickedcutemama/imessage-stickers,broken_link
https://www.pistonheads.com/gassing/topic.asp,broken_link
https://www.pixoto.com/images/5558137890537472,broken_link
https://www.pizzamaking.com/forum/index.php,broken_link
https://www.pizzatx.com/how-is-pizza-made-and-what-are-the-main-ingredients,broken_link
https://www.plasticsurgery.org/documents/health-policy/transition-to-new-medicare-numbers-and-cards.pdf,pdf
https://www.platingsandpairings.com/peppercorn-sauce-for-steak,broken_link
https://www.platingsandpairings.com/what-to-serve-with-lobster-tails,broken_link
https://www.platinum-spas.com/us/latest-news/chlorine-vs-bromine-sanitizer,broken_link
https://www.platinum-spas.com/us/latest-news/how-to-reduce-bromine-in-hot-tub,broken_link
https://www.playlostark.com/en-us/support/server-status,broken_link
https://www.plbg.com/forum/read.php,broken_link
https://www.plctalk.net/threads/old-hitachi-eh150-cpu-316a-software.146776,broken_link
https://www.plctalk.net/threads/simatic-ti335-37-cpu-connectivity-woes.146773,broken_link
https://www.pluggedin.com/tv-reviews/squid-game,broken_link
https://www.pmc.gov.au/domestic-policy,broken_link
https://www.pmworld360.com/schedule-variance-calculator,broken_link
https://www.pnas.org/author-center/submitting-your-manuscript,broken_link
https://www.pnas.org/doi/10.1073/pnas.0709640104,broken_link
https://www.pnas.org/doi/10.1073/pnas.1200155109,broken_link
https://www.pnas.org/doi/10.1073/pnas.1322355111,broken_link
https://www.pnas.org/doi/10.1073/pnas.2004259117,broken_link
https://www.pnbindia.in/pnb-junior-sf-account.html,broken_link
https://www.pnc.com/insights/personal-finance/borrow/what-is-cap-rate.html,broken_link
https://www.pnc.com/insights/personal-finance/spend/can-a-teenager-have-a-bank-account.html,broken_link
https://www.pnc.com/insights/personal-finance/spend/how-old-to-open-a-bank-account.html,broken_link
https://www.pnc.com/insights/personal-finance/spend/what-is-a-wire-transfer.html,broken_link
https://www.pngegg.com/en/search,broken_link
https://www.pocketsign.org/asl/hello,broken_link
https://www.politico.com/news/2023/03/06/havana-syndrome-pentagon-research-00085686,broken_link
https://www.politico.eu/article/france-emmanuel-macron-broken-glyphosate-promise-herbicide-european-parliament,broken_link
https://www.polk-county.net,broken_link
https://www.pond5.com/stock-footage/item/137122534-husband-and-wife-washing-shower-and-kissing-having-fun-soap,broken_link
https://www.poolcalculator.com,broken_link
https://www.poolpad.com/bromine-hot-tub,broken_link
https://www.popsci.com/diy/how-to-use-your-phone-as-a-webcam,broken_link
https://www.popsci.com/diy/laptop-battery-charging-tips-lifespan,broken_link
https://www.popsci.com/health/delta-8-thc,broken_link
https://www.popsci.com/oral-phantom-taste-burning-hallucination,broken_link
https://www.popsci.com/science/earth-inner-core-solid,broken_link
https://www.popsci.com/scitech/article/2009-06/why-your-voice-sounds-different-recordings,broken_link
https://www.popsci.com/technology/havana-syndrome-causes-according-to-us-intelligence,broken_link
https://www.pornhub.com/video/search,broken_link
https://www.portfolio123.com/doc/doc_detail.jsp,broken_link
https://www.potterybarn.com,broken_link
https://www.powereng.com/library/6-things-to-remember-about-hydrogen-vs-natural-gas,broken_link
https://www.prayerleader.com/why-pray-scripture,broken_link
https://www.precisionosi.com/blog/how-to-handle-receding-gum-lines,broken_link
https://www.premierclocks.com/blogs/clock-blog/mechanical-clock,broken_link
https://www.premiermedicalhv.com/divisions/services/pubic-lice-crabs,broken_link
https://www.premiermedicalhv.com/news/gallbladder-faq,broken_link
https://www.pressingforward.org/blog/importance-of-communication-in-leadership,broken_link
https://www.prestwickhouse.com/blog/post/2019/05/5-types-of-informational-text-structures,broken_link
https://www.pricescope.com/community/threads/bridal-shower-favor-ideas.26469,broken_link
https://www.pricescope.com/community/threads/cheesy-bridal-shower-gift.68964,broken_link
https://www.pricescope.com/community/threads/glass-filled-ruby-%e2%80%a6-unavoidable.269961,broken_link
https://www.pricescope.com/community/threads/hodgkinson-method-to-determine-filled-ruby.159241,broken_link
https://www.primevideo.com/splash/watchanywhere,broken_link
https://www.procurify.com/blog/what-is-general-ledger-accounting,broken_link
https://www.producerscooperative.com/wp-content/uploads/products/000094%20feed%20tag.pdf,pdf
https://www.productiveblogging.com/follow-vs-nofollow-links,broken_link
https://www.projectengineer.net/how-to-calculate-project-variance,broken_link
https://www.projectengineer.net/what-is-schedule-variance,broken_link
https://www.projectmanagement.com/discussion-topic/207376/calculating-schedule-and-cost-variance,broken_link
https://www.prolateral.com/help/kb/general/505-how-to-setup-a-pptp-vpn-connection-in-windows-10.html,broken_link
https://www.prometric.com/files/proproctor/proproctoruserguide.pdf,pdf
https://www.prosci.com/blog/culture-transformation,broken_link
https://www.protradingschool.com/the-double-top-chart-pattern,broken_link
https://www.provenwinners.com/learn/how-plant/proven-winners-ultimate-guide-butterfly-bush,broken_link
https://www.providence.org/services/angiogram,broken_link
https://www.psichi.org/page/283eye-proactivity-the-key-to-personal-and-professional-success,broken_link
https://www.psprint.com/resources/what-are-the-best-colors-for-baby-announcements,broken_link
https://www.psychologytoday.com/us/blog/the-bridge/202204/words-matter-unpacking-how-language-influences-inclusion,broken_link
https://www.psychologytoday.com/us/blog/the-war-within/201711/should-you-say-thank-you-your-service,broken_link
https://www.psychologytoday.com/us/blog/up-and-running/202209/the-truth-about-bipolar-2-disorder,broken_link
https://www.psychologytoday.com/us/blog/valley-girl-with-a-brain/201611/do-men-really-get-over-breakups-faster-than-women,broken_link
https://www.psychologytoday.com/us/blog/your-wise-brain/202312/whats-in-a-facial-expression,broken_link
https://www.publichealthlawcenter.org/sites/default/files/resources/delta-8-thc-faq.pdf,pdf
https://www.pugetsystems.com/support/guides/pc-gaming-performance-tweaks,broken_link
https://www.pulsus.com/scholarly-articles/general-anesthesia-how-it-works.pdf,pdf
https://www.purdueglobal.edu/education-partnerships/generational-workforce-differences-infographic,broken_link
https://www.purplemath.com/modules/placeval2.htm,broken_link
https://www.purplle.com/magazine/article/how-to-get-rid-of-pimple-marks-and-spots-a-deep-dive,broken_link
https://www.puzzle-nonograms.com,broken_link
https://www.pv-tech.org/western-australias-lithium-universe-secures-rights-for-mjht-pv-module-recycling-tech,broken_link
https://www.python.org/downloads,broken_link
https://www.qeios.com/read/8oohns,broken_link
https://www.qeios.com/read/tnv08c,broken_link
https://www.qevon.com/blogs/q-lifestyle/birthstones-by-month-colors-and-meaning,broken_link
https://www.qgso.qld.gov.au/issues/671/presenting-survey-results-report-writing.pdf,pdf
https://www.qu.edu.qa/en-us/colleges/engineering/academics/mie/ie/pages/default.aspx,broken_link
https://www.quaggadesigns.com/post/what-are-box-springs-called-now-bed-slats-explained,broken_link
https://www.quaggadesigns.com/post/why-do-people-not-use-box-springs-anymore-bed-slats-explained,broken_link
https://www.queenbeeofhoneydos.com/how-to-restore-pampered-chef-stoneware,broken_link
https://www.quikbox.com/single-post/top-5-free-media-players-for-windows-10-you-love-using-updated-2021,broken_link
https://www.quiz-maker.com/cp-np-practice-test-for-microe,broken_link
https://www.quiz-maker.com/cp-np-roblox-games-police-quiz,broken_link
https://www.quiz-maker.com/cp-np-snack-lovers-take-the-ul,broken_link
https://www.quiz-maker.com/cp-np-take-finn-wolfhard-zodia,broken_link
https://www.quiz-maker.com/cp-np-take-our-ultimate-zodiac,broken_link
https://www.quiz-maker.com/cp-np-ultimate-bds-quiz-test-y,broken_link
https://www.quora.com/4-day-prednisone-taper-vs-8-days-for-contact-dermatitis-i-woke-up-with-swollen-face-from-contact-dermatitis-of-a-new-lotion-i-m-concerned-about-side-effects-and-a-large-trip-coming-up-i-was-supposed-to-do-40-mg-then,broken_link
https://www.quora.com/are-glass-filled-rubies-less-valuable-than-natural-rubies,broken_link
https://www.quora.com/are-glass-filled-rubies-worthless,broken_link
https://www.quora.com/are-in-text-citations-necessary-in-a-powerpoint,broken_link
https://www.quora.com/are-nofollow-links-completely-useless-for-seo-let-s-find-out,broken_link
https://www.quora.com/are-there-any-banks-that-will-allow-a-16-year-old-to-open-a-savings-account-without-a-parent-i-want-to-start-saving-for-college-and-don-t-want-them-to-have-access-to-the-money,broken_link
https://www.quora.com/are-there-any-tips-for-preparing-lobster-tails-in-a-way-that-enhances-their-natural-sweetness,broken_link
https://www.quora.com/are-there-real-world-examples-of-perfectly-inelastic-collisions-if-so-what-is-an-example-if-not-why,broken_link
https://www.quora.com/are-yearly-bordetella-vaccinations-really-necessary-for-my-dog,broken_link
https://www.quora.com/as-someone-who-does-not-know-asl-what-should-i-do-if-i-wish-to-communicate-with-a-deaf-person,broken_link
https://www.quora.com/at-what-age-did-your-puppys-baby-teeth-fall-out-and-how-long-did-it-take-for-their-adult-teeth-to-grow-back-in,broken_link
https://www.quora.com/can-a-2-year-old-expired-flour-make-me-sick,broken_link
https://www.quora.com/can-humans-live-without-a-liver,broken_link
https://www.quora.com/can-i-apply-for-my-ex-husbands-social-security-we-were-married-for-more-than-10-years-i-am-62-and-he-is-69-i-would-like-to-wait-until-i-am-70-to-claim-on-my-record,broken_link
https://www.quora.com/can-i-buy-raw-land-and-start-a-tesla-charging-station-lot,broken_link
https://www.quora.com/can-my-partner-give-me-pubic-lice-and-not-have-it,broken_link
https://www.quora.com/can-someone-with-an-abscessed-tooth-eat-soft-foods-without-pain,broken_link
https://www.quora.com/can-two-computers-be-connected-directly-to-each-other-without-using-a-switch-or-router-if-so-how-will-it-work,broken_link
https://www.quora.com/can-we-solve-the-derivatives-on-a-scientific-calculator,broken_link
https://www.quora.com/can-we-use-the-same-oil-the-next-day-if-we-fried-something,broken_link
https://www.quora.com/can-you-bring-your-cat-with-you-as-carry-on-luggage-when-flying,broken_link
https://www.quora.com/can-you-convert-your-amazon-fire-tablet-to-android,broken_link
https://www.quora.com/can-you-explain-how-anesthesia-works-before-and-after-surgery,broken_link
https://www.quora.com/can-you-lose-weight-from-your-neck,broken_link
https://www.quora.com/can-you-put-vinegar-in-a-fabric-softener-dispenser,broken_link
https://www.quora.com/can-you-use-a-sublimation-printer-to-print-on-fabric,broken_link
https://www.quora.com/can-you-use-a-voice-changing-software-in-discord-audios-not-calls,broken_link
https://www.quora.com/could-i-apply-for-and-cancel-an-amazon-rewards-card-just-for-the-100-gift-card,broken_link
https://www.quora.com/do-all-boys-stop-growing-at-16,broken_link
https://www.quora.com/do-canadians-call-a-couch-sofa-a-chesterfield,broken_link
https://www.quora.com/do-drag-queens-typically-dress-in-a-flamboyant-manner-when-off-duty,broken_link
https://www.quora.com/do-psilocybin-mushrooms-grow-in-pennsylvania-and-where-can-i-look-for-them,broken_link
https://www.quora.com/do-toy-dog-puppies-get-their-adult-teeth-at-a-later-age-than-regular-puppies-if-so-do-the-baby-teeth-need-to-be-pulled-by-the-vet-under-sedation-or-do-they-come-out-on-their-own,broken_link
https://www.quora.com/do-you-have-any-tips-for-flying-with-a-pet-cat-that-stays-inside-the-house-and-has-never-been-outside-before,broken_link
https://www.quora.com/do-you-like-to-shower-or-bathe-with-your-partner-significant-other-isnt-it-the-best-activity-besides-sex-what-do-you-think-how-much-intimacy-do-you-like,broken_link
https://www.quora.com/do-you-think-smart-technology-can-help-reduce-social-isolation-or-can-it-sometimes-lead-to-more-isolation,broken_link
https://www.quora.com/does-airbnb-charge-guests-a-service-fee-on-top-of-host-fees,broken_link
https://www.quora.com/does-calf-manna-put-weight-on-horses,broken_link
https://www.quora.com/does-covid-19-make-you-cough-up-phlegm,broken_link
https://www.quora.com/does-gluten-free-bread-taste-the-same-as-regular-bread,broken_link
https://www.quora.com/does-having-eczema-mean-being-stuck-on-steroids-and-steroid-creams-for-all-life,broken_link
https://www.quora.com/does-high-blood-pressure-have-any-relation-to-cold-temperatures,broken_link
https://www.quora.com/does-pakistan-follow-the-sharia-law,broken_link
https://www.quora.com/does-slate-tile-require-regular-sealing-to-protect-it-from-damage-and-if-so-how-often-should-it-be-done,broken_link
https://www.quora.com/does-the-os-x-base-system-contain-personal-data,broken_link
https://www.quora.com/how-and-when-should-i-trim-butterfly-bushes,broken_link
https://www.quora.com/how-can-an-employee-give-feedback-to-their-boss-or-manager-about-their-treatment-of-employees-and-coworkers-can-you-provide-some-examples-of-what-the-employee-could-say,broken_link
https://www.quora.com/how-can-anemia-be-prevented-what-are-some-home-remedies-to-prevent-it,broken_link
https://www.quora.com/how-can-i-access-my-old-pictures-on-icloud,broken_link
https://www.quora.com/how-can-i-add-horizontal-lines-to-a-word-document,broken_link
https://www.quora.com/how-can-i-connect-a-pc-to-another-manually,broken_link
https://www.quora.com/how-can-i-create-an-icloud,broken_link
https://www.quora.com/how-can-i-determine-my-body-age-versus-biological-age,broken_link
https://www.quora.com/how-can-i-help-my-child-overcome-dyslexia,broken_link
https://www.quora.com/how-can-i-improve-the-quality-of-a-pdf,broken_link
https://www.quora.com/how-can-i-increase-the-image-quality-in-a-pdf,broken_link
https://www.quora.com/how-can-i-keep-beetles-from-eating-the-leaves-of-my-garden-plants,broken_link
https://www.quora.com/how-can-i-keep-rabbits-deer-and-squirrels-out-of-a-big-fenced-vegetable-garden-they-are-eating-my-tomatoes-peppers-lentil-morning-glory-and-other-legume-plants-what-can-i-do,broken_link
https://www.quora.com/how-can-i-merge-multiple-pdf-files-into-one-document-without-losing-the-bookmarks-and-hyperlinks-in-windows-10,broken_link
https://www.quora.com/how-can-i-optimize-windows-10-for-gaming-what-steps-can-i-take-after-a-fresh-installation-to-be-sure-windows-operates-in-the-best-way-for-a-gamer,broken_link
https://www.quora.com/how-can-i-play-an-mkv-video-file-in-windows-which-codec-is-necessary-to-play-the-mkv-file-i-made-a-video-mkvtoolnix-but-it-does-not-play-in-my-pc,broken_link
https://www.quora.com/how-can-i-promote-my-imessage-sticker-packs,broken_link
https://www.quora.com/how-can-i-raise-40-000-dollars-within-a-year-if-i-get-paid-500-dollars-per-month,broken_link
https://www.quora.com/how-can-i-reduce-the-size-of-jpeg-image-files-before-uploading-them-to-a-website-or-emailing-them-to-non-tech-savvy-individuals,broken_link
https://www.quora.com/how-can-i-remove-access-i-granted-to-folders-in-onedrive-that-i-shared-in-the-past-i-want-to-make-it-so-only-i-can-access-them-is-this-possible,broken_link
https://www.quora.com/how-can-i-tell-whether-im-on-windows-10-or-windows-11,broken_link
https://www.quora.com/how-can-mold-exposure-affect-the-health-of-individuals-and-their-children,broken_link
https://www.quora.com/how-can-oil-leaks-be-stopped-without-replacing-or-repairing-parts,broken_link
https://www.quora.com/how-can-old-clothes-be-reused-into-new-pieces-of-clothing-or-paper-products,broken_link
https://www.quora.com/how-can-one-determine-their-ideal-daily-calorie-intake-for-weight-loss,broken_link
https://www.quora.com/how-can-one-get-free-shipping-on-amazon-at-the-lowest-cost,broken_link
https://www.quora.com/how-can-photographers-effectively-use-natural-light-to-enhance-portrait-photography-and-what-are-the-best-times-of-day-for-specific-lighting-effects,broken_link
https://www.quora.com/how-can-we-determine-control-variables-in-a-research-model-should-it-be-related-only-to-dependent-variable,broken_link
https://www.quora.com/how-can-we-help-save-endangered-species-like-gorillas-and-chimpanzees-from-extinction-what-are-some-effective-methods-for-protecting-them,broken_link
https://www.quora.com/how-can-we-hide-error-values-and-indicators-in-ms-excel,broken_link
https://www.quora.com/how-can-we-overcome-a-recession,broken_link
https://www.quora.com/how-can-we-register-for-the-microsoft-azure-certification-az-900-exam,broken_link
https://www.quora.com/how-can-we-regrow-gums-around-the-teeth,broken_link
https://www.quora.com/how-can-you-block-unwanted-calls-and-robocalls-on-your-iphone,broken_link
https://www.quora.com/how-can-you-find-discounts-for-steam-are-sites-like-discount-online-trustworthy-how-can-you-tell-that-a-discount-doesnt-hold-a-virus,broken_link
https://www.quora.com/how-can-you-lose-weight-in-your-face-and-neck-fast,broken_link
https://www.quora.com/how-can-you-optimize-a-pdf-file-for-web-viewing-or-printing,broken_link
https://www.quora.com/how-can-you-pick-a-lipstick-color-that-complements-your-skin-tone,broken_link
https://www.quora.com/how-can-you-reset-your-macs-administrator-password-if-you-forgot-it,broken_link
https://www.quora.com/how-can-you-tell-if-your-smartphone-or-tablet-has-a-virus,broken_link
https://www.quora.com/how-did-joe-biden-meet-his-wife-jill-biden,broken_link
https://www.quora.com/how-did-swami-vivekananda-die-8,broken_link
https://www.quora.com/how-did-swami-vivekananda-die-are-there-any-mysteries-behind-his-death,broken_link
https://www.quora.com/how-do-citizens-participate-in-a-democracy-how-can-participation-be-encouraged,broken_link
https://www.quora.com/how-do-f1-drivers-travel-to-races,broken_link
https://www.quora.com/how-do-formula-1-drivers-travel,broken_link
https://www.quora.com/how-do-i-access-icloud-photos-on-an-iphone,broken_link
https://www.quora.com/how-do-i-access-pictures-from-icloud,broken_link
https://www.quora.com/how-do-i-add-a-column-to-a-table-at-a-specific-position-in-sql-server,broken_link
https://www.quora.com/how-do-i-add-lines-in-microsoft-word,broken_link
https://www.quora.com/how-do-i-apply-for-my-ex-husband-s-social-security,broken_link
https://www.quora.com/how-do-i-apply-sealant-around-a-bath,broken_link
https://www.quora.com/how-do-i-bleed-off-an-overcharged-ac,broken_link
https://www.quora.com/how-do-i-break-up-with-the-mother-of-my-child,broken_link
https://www.quora.com/how-do-i-build-an-email-list-for-email-marketing-if-i-am-a-complete-beginner-can-you-list-resources-which-help-me-collect-emails,broken_link
https://www.quora.com/how-do-i-catch-a-cat-in-minecraft,broken_link
https://www.quora.com/how-do-i-change-my-culture,broken_link
https://www.quora.com/how-do-i-cite-a-book-in-a-bibliography,broken_link
https://www.quora.com/how-do-i-cite-references-in-a-powerpoint,broken_link
https://www.quora.com/how-do-i-combine-pdf-files-in-windows-10-without-adobe,broken_link
https://www.quora.com/how-do-i-compress-a-video-into-a-zip-file-without-losing-its-quality,broken_link
https://www.quora.com/how-do-i-concatenate-text-based-on-criteria-in-excel,broken_link
https://www.quora.com/how-do-i-create-my-own-smartart-in-powerpoint,broken_link
https://www.quora.com/how-do-i-declutter-and-organize-my-home-so-that-it-feels-peaceful-and-serene,broken_link
https://www.quora.com/how-do-i-define-a-function-in-python,broken_link
https://www.quora.com/how-do-i-dehydrate-peppers,broken_link
https://www.quora.com/how-do-i-determine-if-im-choosing-the-right-power-supply-for-my-new-pc-instead-of-using-the-old-power,broken_link
https://www.quora.com/how-do-i-dirty-talk-to-my-boyfriend-what-kind-of-things-can-i-say-to-turn-him-on,broken_link
https://www.quora.com/how-do-i-disable-the-microsoft-teams-chat-icon-in-taskbar-on-windows-11,broken_link
https://www.quora.com/how-do-i-edit-or-compress-a-pdf-without-an-application,broken_link
https://www.quora.com/how-do-i-enable-my-graphics-card-in-windows-11,broken_link
https://www.quora.com/how-do-i-enable-text-to-speech-on-ios-devices,broken_link
https://www.quora.com/how-do-i-fix-the-issue-of-not-enough-free-space-in-an-os-x-base-system,broken_link
https://www.quora.com/how-do-i-fix-the-stuck-at-0-1kb-valorant-update,broken_link
https://www.quora.com/how-do-i-format-an-ssd-with-os-on-it,broken_link
https://www.quora.com/how-do-i-generate-a-random-number-in-java-between-1-and-10,broken_link
https://www.quora.com/how-do-i-get-a-fortnite-redeem-code,broken_link
https://www.quora.com/how-do-i-get-over-the-mother-of-my-children-but-still-hope-for-the-family-to-get-back-together-but-she-says-over-it,broken_link
https://www.quora.com/how-do-i-get-rid-of-errors-in-excel-1,broken_link
https://www.quora.com/how-do-i-get-rid-of-my-babys-thrush,broken_link
https://www.quora.com/how-do-i-get-started-with-azure-certification,broken_link
https://www.quora.com/how-do-i-hide-bots-in-discord,broken_link
https://www.quora.com/how-do-i-increase-the-performance-of-my-cpu-windows-10,broken_link
https://www.quora.com/how-do-i-keep-blood-pressure-normal-in-the-winter,broken_link
https://www.quora.com/how-do-i-keep-chipmunks-out-of-potted-plants,broken_link
https://www.quora.com/how-do-i-keep-rabbits-away-from-a-backyard,broken_link
https://www.quora.com/how-do-i-kill-crabgrass,broken_link
https://www.quora.com/how-do-i-learn-to-love-myself-specifically-what-are-the-steps-and-what-s-the-process-everyone-says-love-yourself-but-what-does-that-mean-or-look-like-because-i-don-t-have-a-clue,broken_link
https://www.quora.com/how-do-i-learn-to-read-code,broken_link
https://www.quora.com/how-do-i-make-a-homemade-pizza-what-is-the-process-ingredients-and-specifics-such-as-temperature,broken_link
https://www.quora.com/how-do-i-make-a-new-iphone-photo-a-pdf-document,broken_link
https://www.quora.com/how-do-i-make-a-pdf-file-on-my-iphone,broken_link
https://www.quora.com/how-do-i-make-a-peppercorn-sauce-for-steak,broken_link
https://www.quora.com/how-do-i-make-kibble-in-ark-survival-evolved,broken_link
https://www.quora.com/how-do-i-measure-dew-point,broken_link
https://www.quora.com/how-do-i-measure-my-biological-age,broken_link
https://www.quora.com/how-do-i-move-everything-down-a-row-in-excel,broken_link
https://www.quora.com/how-do-i-move-on-and-forget-about-a-baby-mama-whom-i-love-so-much-after-she-has-dumped-me,broken_link
https://www.quora.com/how-do-i-paint-clay-pots-for-outdoor-use,broken_link
https://www.quora.com/how-do-i-print-a-screen-on-my-logitech-wireless-keyboard,broken_link
https://www.quora.com/how-do-i-properly-use-a-blood-pressure-machine,broken_link
https://www.quora.com/how-do-i-put-a-password-to-an-excel-sheet,broken_link
https://www.quora.com/how-do-i-put-data-from-multiple-columns-into-one-column-in-excel,broken_link
https://www.quora.com/how-do-i-redeem-my-amazon-pay-icici-credit-card-points,broken_link
https://www.quora.com/how-do-i-remove-15-year-old-cut-marks-on-my-face,broken_link
https://www.quora.com/how-do-i-remove-a-background-from-a-photo-in-photoshop,broken_link
https://www.quora.com/how-do-i-remove-a-battery-from-a-dell-laptop,broken_link
https://www.quora.com/how-do-i-remove-everything-from-my-credit-report,broken_link
https://www.quora.com/how-do-i-remove-the-background-from-an-image-using-the-masking-technique-in-photoshop,broken_link
https://www.quora.com/how-do-i-remove-the-battery-from-my-dell-latitude-e5470,broken_link
https://www.quora.com/how-do-i-reset-my-mac-password-if-i-forgot-it,broken_link
https://www.quora.com/how-do-i-say-hi-in-sign-language,broken_link
https://www.quora.com/how-do-i-separate-first-names-and-last-names-into-separate-fields-in-a-microsoft-excel-list,broken_link
https://www.quora.com/how-do-i-structure-and-format-an-assignment-that-has-3-different-questions,broken_link
https://www.quora.com/how-do-i-take-a-screenshot-with-a-k845-logitech-keyboard,broken_link
https://www.quora.com/how-do-i-temporarily-turn-off-windows-defender-antivirus-on-windows,broken_link
https://www.quora.com/how-do-i-treat-scratch-marks-on-my-face,broken_link
https://www.quora.com/how-do-i-turn-off-the-lights-on-a-keyboard,broken_link
https://www.quora.com/how-do-i-turn-off-windows-virus-protection,broken_link
https://www.quora.com/how-do-i-use-nderiv-on-a-ti-84,broken_link
https://www.quora.com/how-do-i-use-shader-packs-in-minecraft,broken_link
https://www.quora.com/how-do-i-value-a-business-in-the-u-s-a,broken_link
https://www.quora.com/how-do-i-write-my-own-last-will-and-testament,broken_link
https://www.quora.com/how-do-pain-gels-like-voltarin-work-do-they-reduce-symptoms-or-the-cause-inflammation-do-you-need-to-apply-them-every-day-what-other-gels-are-effective-at-treating-rotator-cuff-tendonitis-arthritis-of-the-knee,broken_link
https://www.quora.com/how-do-pizza-places-usually-make-pizza,broken_link
https://www.quora.com/how-do-you-activate-vampire-powers-in-skyrim,broken_link
https://www.quora.com/how-do-you-archive-an-email-in-outlook,broken_link
https://www.quora.com/how-do-you-block-calls-on-your-iphone-for-just-a-few-people-and-not-everyone,broken_link
https://www.quora.com/how-do-you-change-the-color-of-your-gaming-keyboard,broken_link
https://www.quora.com/how-do-you-check-the-windows-operating-system-version-for-my-computer,broken_link
https://www.quora.com/how-do-you-choose-the-right-power-supply-for-your-pc-without-overspending,broken_link
https://www.quora.com/how-do-you-close-notes-in-powerpoint,broken_link
https://www.quora.com/how-do-you-compress-a-pdf-by-90,broken_link
https://www.quora.com/how-do-you-compress-a-zip-file-again,broken_link
https://www.quora.com/how-do-you-cook-menudo,broken_link
https://www.quora.com/how-do-you-correctly-create-a-function-in-python,broken_link
https://www.quora.com/how-do-you-create-a-layout-in-powerpoint,broken_link
https://www.quora.com/how-do-you-dry-chili-peppers,broken_link
https://www.quora.com/how-do-you-enable-secure-boot,broken_link
https://www.quora.com/how-do-you-extract-silver-from-a-metal,broken_link
https://www.quora.com/how-do-you-find-10-20-cap-rates-in-real-estate,broken_link
https://www.quora.com/how-do-you-find-your-medicare-number-easily,broken_link
https://www.quora.com/how-do-you-fix-a-phone-that-crashes-or-restarts-when-trying-to-use-it,broken_link
https://www.quora.com/how-do-you-get-a-roblox-card-code,broken_link
https://www.quora.com/how-do-you-harden-sand-between-pavers,broken_link
https://www.quora.com/how-do-you-include-a-poster-presentation-on-a-cv,broken_link
https://www.quora.com/how-do-you-know-if-you-have-wide-or-narrow-feet-without-measuring-them-with-a-ruler-what-about-shoe-size-does-that-matter-in-determining-this-as-well,broken_link
https://www.quora.com/how-do-you-know-what-version-of-windows-you-have-1,broken_link
https://www.quora.com/how-do-you-make-a-nether-wart-farm-in-minecraft,broken_link
https://www.quora.com/how-do-you-make-a-screen-recording-with-zoom-does-zoom-record-your-whole-screen-or-just-the-meeting,broken_link
https://www.quora.com/how-do-you-measure-a-suit-jacket-with-no-size-for-resale,broken_link
https://www.quora.com/how-do-you-move-everything-in-a-row-down-one-space,broken_link
https://www.quora.com/how-do-you-name-an-iupac-organic-compound,broken_link
https://www.quora.com/how-do-you-optimize-your-pc-for-gaming-and-boost-fps,broken_link
https://www.quora.com/how-do-you-politely-tell-a-customer-no-when-they-are-asking-for-something-that-cant-be-done-or-isnt-possible,broken_link
https://www.quora.com/how-do-you-propose-an-amendment-to-the-united-states-constitution-and-how-long-does-it-take-for-an-amendment-to-go-into-effect-after-it-is-ratified,broken_link
https://www.quora.com/how-do-you-recession-proof-your-life-amid-economic-uncertainty,broken_link
https://www.quora.com/how-do-you-separate-a-name-surname-in-excel,broken_link
https://www.quora.com/how-do-you-set-up-archive-folders-in-outlook,broken_link
https://www.quora.com/how-do-you-show-commitment-to-your-family,broken_link
https://www.quora.com/how-do-you-stop-bugs-from-eating-plant-leaves,broken_link
https://www.quora.com/how-do-you-survive-an-encounter-with-a-wild-adult-gorilla,broken_link
https://www.quora.com/how-do-you-take-a-filter-out-of-a-samsung-dishwasher,broken_link
https://www.quora.com/how-do-you-treat-a-stubborn-case-of-thrush-in-a-baby-that-keeps-recurring-and-won-t-respond-to-nystatin,broken_link
https://www.quora.com/how-do-you-treat-baby-colic,broken_link
https://www.quora.com/how-do-you-use-a-pampered-chef-pizza-stone,broken_link
https://www.quora.com/how-do-you-use-as-such-and-what-does-it-even-mean,broken_link
https://www.quora.com/how-do-you-write-a-bibliography-for-an-academic-essay,broken_link
https://www.quora.com/how-do-zoom-recordings-work-can-the-zoom-host-record-my-phone-screen-as-in-see-what-i-m-doing-on-my-phone-during-a-lesson-please-someone-answer-i-m-worried-he-might-have-seen-my-social-media-activities-while-i-was,broken_link
https://www.quora.com/how-does-a-blood-pressure-machine-work,broken_link
https://www.quora.com/how-does-a-hot-flash-present-itself-is-there-any-warning-before-and-what-happens-after,broken_link
https://www.quora.com/how-does-a-waxing-differ-from-a-waning-moon,broken_link
https://www.quora.com/how-does-an-electric-generator-work-using-natural-gas-as-fuel,broken_link
https://www.quora.com/how-does-anesthesia-work-on-the-human-body,broken_link
https://www.quora.com/how-does-my-alexa-know-that-my-room-is-dark-which-then-causes-it-to-dim-the-clock-light,broken_link
https://www.quora.com/how-does-tracking-work-technically-do-they-put-gps-device-with-database-of-tracking-numbers-of-traced-items-and-this-gps-device-moves-with-those-packages-worldwide-and-is-connected-to-internet-24-7,broken_link
https://www.quora.com/how-does-voltaren-work-in-the-body,broken_link
https://www.quora.com/how-hard-is-it-to-add-a-new-amendment-to-the-united-states-constitution,broken_link
https://www.quora.com/how-i-can-be-proactive-for-personal-development,broken_link
https://www.quora.com/how-important-is-it-to-specifically-use-san-marzano-tomatoes-when-i-make-my-pasta-sauce-is-the-final-product-going-to-taste-that-different,broken_link
https://www.quora.com/how-is-organic-milk-different-than-regular-milk,broken_link
https://www.quora.com/how-large-was-ancalagon-the-black,broken_link
https://www.quora.com/how-long-after-tooth-extraction-before-i-can-drink-hot-coffee,broken_link
https://www.quora.com/how-long-before-they-release-the-first-episode-of-a-tv-show-do-they-announce-it,broken_link
https://www.quora.com/how-long-do-asparagus-plants-typically-produce-for,broken_link
https://www.quora.com/how-long-do-i-have-to-wait-after-a-bottom-molar-tooth-extraction-to-eat-chewy-foods-or-drink-coffee-and-ginger-ale-is-it-a-month,broken_link
https://www.quora.com/how-long-do-i-have-to-wait-until-i-put-my-fish-in-the-tank,broken_link
https://www.quora.com/how-long-do-i-wait-before-walking-on-my-new-tile-floor,broken_link
https://www.quora.com/how-long-does-a-memory-foam-mattress-really-last,broken_link
https://www.quora.com/how-long-does-a-tempurpedic-mattress-typically-last,broken_link
https://www.quora.com/how-long-does-it-take-for-a-giraffe-to-swallow-chewed-up-food-through-its-throat-down-to-its-stomach,broken_link
https://www.quora.com/how-long-does-it-take-for-my-hormones-to-go-back-to-normal-after-my-period-ends-lately-when-i-have-my-period-my-anxiety-either-spiked-or-i-have-crying-spells-and-get-emotional-about-the-smallest-little-triggers-that,broken_link
https://www.quora.com/how-long-does-it-take-to-walk-from-nazareth-to-jerusalem,broken_link
https://www.quora.com/how-long-does-it-take-to-wire-money-after-closing,broken_link
https://www.quora.com/how-long-does-natural-immunity-keep-you-safe-from-covid,broken_link
https://www.quora.com/how-long-does-natural-immunity-produced-by-the-sars-cov-2-infection-last,broken_link
https://www.quora.com/how-long-does-pneumonia-fever-linger-usually,broken_link
https://www.quora.com/how-long-does-the-gastrointestinal-tract-have-to-heal-after-weight-loss-surgery,broken_link
https://www.quora.com/how-long-does-unrefrigerated-miso-last,broken_link
https://www.quora.com/how-long-is-the-hospital-stay-after-gastric-sleeve-surgery,broken_link
https://www.quora.com/how-long-should-i-leave-my-hummingbird-feeder-up,broken_link
https://www.quora.com/how-many-calories-does-an-average-person-need-per-day-and-what-is-the-minimum-amount-of-calories-needed-to-maintain-body-weight-how-does-calorie-intake-vary-according-to-height-and-age-group,broken_link
https://www.quora.com/how-many-times-is-muhammad-mentioned-in-the-quran,broken_link
https://www.quora.com/how-many-web-browsers-support-flash-what-possibly-reasons-some-browse-dont-support-flash,broken_link
https://www.quora.com/how-much-is-a-1-ounce-gold-coin-worth-today,broken_link
https://www.quora.com/how-much-sugar-does-white-rice-have,broken_link
https://www.quora.com/how-often-should-you-pick-asparagus-plants,broken_link
https://www.quora.com/how-old-did-abraham-marry-his-second-wife,broken_link
https://www.quora.com/how-old-was-abrahams-youngest-wife,broken_link
https://www.quora.com/how-old-was-apostle-paul-when-he-started-writing-what-turned-out-to-be-scripture,broken_link
https://www.quora.com/how-old-was-keturah-when-she-got-married-to-abraham,broken_link
https://www.quora.com/how-old-was-paul-when-he-became-a-believer-of-jesus,broken_link
https://www.quora.com/how-old-was-paul-when-he-repented,broken_link
https://www.quora.com/how-old-was-saul-when-he-became-paul,broken_link
https://www.quora.com/how-on-earth-do-you-contact-a-live-person-at-the-california-unemployment-office,broken_link
https://www.quora.com/how-safe-for-the-skin-is-dawn-dish-soap-as-a-flea-treatment-for-dogs-and-cats,broken_link
https://www.quora.com/how-tall-is-a-tiefling,broken_link
https://www.quora.com/how-thick-is-the-inner-core-in-miles,broken_link
https://www.quora.com/how-useful-are-abstract-classes-cant-you-do-what-you-need-to-do-with-simple-object-inheritance-from-parent-class,broken_link
https://www.quora.com/how-was-the-adhesive-tape-invented,broken_link
https://www.quora.com/how-wide-should-curtains-be-and-how-is-it-determined,broken_link
https://www.quora.com/how-wide-should-curtains-be-for-a-48-inch-window,broken_link
https://www.quora.com/how-would-you-define-adolf-hitlers-mustache,broken_link
https://www.quora.com/how-would-you-or-should-you-respond-if-someone-told-you-thank-you-for-serving,broken_link
https://www.quora.com/i-accidentally-closed-all-tabs-400-tabs-in-safari-how-do-i-make-it-recover,broken_link
https://www.quora.com/i-accidentally-swallowed-a-little-bit-of-soapy-water-what-will-happen-what-do-i-do,broken_link
https://www.quora.com/i-am-currently-using-rosemary-water-for-my-hair-but-instead-of-regrowth-i-have-lost-excess-hair-is-it-normal-or-should-i-use-another-brand-of-rosemary-leaves,broken_link
https://www.quora.com/i-bought-a-laptop-today-is-it-better-to-charge-it-before-using-it-or-can-i-just-use-it,broken_link
https://www.quora.com/i-bought-refrigerated-miso-and-forgot-to-put-it-in-my-fridge-for-a-whole-day-i-put-it-back-in-the-fridge-when-i-realized-it-is-it-still-good,broken_link
https://www.quora.com/i-dropped-my-phone-in-water-but-removed-it-within-a-second-my-phone-still-works-right-after-it-fell-should-i-be-worried-that-it-would-be-damaged-after-a-few-days,broken_link
https://www.quora.com/i-had-tabs-open-on-my-chromebook-when-it-died-how-do-i-recover-those-tabs-i-have-tried-clicking-the-three-dots-but-the-tabs-don-t-show-up-under-history,broken_link
https://www.quora.com/i-have-a-slate-floor-in-my-kitchen-that-is-beautiful-when-it-is-wet-but-dull-dingy-looking-when-dry-is-there-a-product-i-can-put-on-the-floor-so-it-appears-wet-shiny-all-the-time-without-it-being-slippery-when-it,broken_link
https://www.quora.com/i-have-had-pneumonia-4-times-in-my-18-years-and-some-of-them-were-hidden-how-much-longer-can-my-lungs-last-if-i-have-a-few-more,broken_link
https://www.quora.com/i-have-one-6-months-old-male-rabbit-and-another-3-weeks-old-female-rabbit-my-male-rabbit-continuously-tries-to-hump-the-female-while-she-is-unresponsive-how-am-i-supposed-to-deal-with-that,broken_link
https://www.quora.com/i-installed-shaders-for-minecraft-but-it-isnt-working-what-should-i-do-i-have-optifine,broken_link
https://www.quora.com/i-just-bought-a-cat-and-she-has-fleas-will-dawn-dish-soap-get-rid-of-them-i-have-cats-at-home-so-i-don-t-want-fleas-to-become-an-issue,broken_link
https://www.quora.com/i-keep-receiving-the-wrong-item-from-amazon-six-times-now-what-should-i-do-to-get-the-one-i-want,broken_link
https://www.quora.com/i-m-worried-i-have-have-detached-a-small-bit-of-my-gums-since-my-gums-aren-t-receding-will-they-grow-back-over-the-increadably-tiny-mark-i-may-have-made-and-if-not-how-much-do-i-need-to-worry-about-the-gum-disease,broken_link
https://www.quora.com/i-recently-bought-rosemary-oil-to-help-with-my-hair-growth-but-it-s-making-my-hair-super-greasy-i-ve-even-stopped-conditioning-but-i-can-t-figure-out-how-to-use-it-without-getting-greasy-hair-what-should-i-do,broken_link
https://www.quora.com/i-removed-a-camera-from-my-old-cell-phone-how-do-i-use-it-as-a-webcam-for-my-laptop,broken_link
https://www.quora.com/i-sometimes-get-confused-about-when-to-use-semicolons-what-are-some-examples-of-good-times-to-use-them,broken_link
https://www.quora.com/i-sometimes-see-symbols-in-the-sun-when-i-look-at-it-what-does-this-mean,broken_link
https://www.quora.com/i-ve-had-the-nexplanon-implant-in-for-well-over-5-years-can-i-now-get-pregnant,broken_link
https://www.quora.com/i-want-to-build-a-website-but-have-no-experience-feeling-overwhelmed-what-are-some-beginner-friendly-steps-to-get-started-quickly,broken_link
https://www.quora.com/if-50-of-the-liver-is-damaged-how-long-could-a-person-live-or-can-the-damaged-liver-recover,broken_link
https://www.quora.com/if-an-incoming-email-address-ends-with-via-bounce-secureserver-net-what-does-this-mean-we-are-wondering-if-an-email-sent-to-our-organization-is-legitimately-from-the-foundation-in-the-email-address-the-message-is,broken_link
https://www.quora.com/if-im-using-moon-sand-to-make-a-sculpture-what-can-i-mix-it-with-so-that-it-hardens-in-place-retains-its-shape,broken_link
https://www.quora.com/if-web-crawling-is-illegal-then-how-do-search-engines-do-it-all-the-time,broken_link
https://www.quora.com/in-dnd-can-a-tiefling-be-born-from-two-human-parents,broken_link
https://www.quora.com/in-minecraft-what-is-the-nether-wart-used-for,broken_link
https://www.quora.com/insects-what-is-the-nutritional-content-of-discarded-cicada-skins,broken_link
https://www.quora.com/is-a-pilot-for-a-television-show-always-the-first-episode-of-the-first-season,broken_link
https://www.quora.com/is-barron-trump-a-special-needs-child,broken_link
https://www.quora.com/is-hair-and-eye-color-shown-on-your-birth-certificate-in-the-us,broken_link
https://www.quora.com/is-it-possible-to-get-rid-of-a-bad-credit-history-and-start-over-from-scratch,broken_link
https://www.quora.com/is-it-possible-to-grow-morning-glory-from-seeds-how-long-does-it-typically-take-for-them-to-start-growing-after-being-planted,broken_link
https://www.quora.com/is-it-safe-for-a-couple-to-have-a-shower-together,broken_link
https://www.quora.com/is-it-worth-to-add-a-line-in-my-resume-on-a-poster-presentation-i-did-in-a-top-conference,broken_link
https://www.quora.com/is-mold-dangerous-to-my-health,broken_link
https://www.quora.com/is-obs-better-than-geforce-experience-for-recording-games,broken_link
https://www.quora.com/is-shawarma-an-arabic-food,broken_link
https://www.quora.com/is-the-main-size-on-a-suit-jacket-36-38-etc-the-same-as-your-waist-trouser-size,broken_link
https://www.quora.com/is-the-squid-game-appropriate-for-kids-age-12-15,broken_link
https://www.quora.com/is-there-a-way-to-clean-between-the-oven-glass,broken_link
https://www.quora.com/is-there-a-way-to-present-on-zoom-using-presenter-mode-where-other-people-only-see-your-slides-no-notes-if-you-only-have-one-screen,broken_link
https://www.quora.com/is-there-a-way-to-see-someones-discord-profile-and-bio-while-youre-blocked-like-with-a-site-like-discord-lookup,broken_link
https://www.quora.com/is-there-any-advice-for-the-type-of-paint-i-should-use-for-painting-clay-pots-for-an-outdoor-patio,broken_link
https://www.quora.com/is-there-any-other-way-to-make-a-graph-chart-on-your-computer-not-using-microsoft-excel,broken_link
https://www.quora.com/is-there-any-way-to-find-someones-information-in-discord-with-only-their-id,broken_link
https://www.quora.com/is-there-something-i-can-do-to-stop-onedrive-from-putting-my-files-in-onedrive-which-seems-to-be-on-automatic-is-there-a-settings-or-button-and-where-is-it,broken_link
https://www.quora.com/men-at-what-age-did-you-stop-growing-taller,broken_link
https://www.quora.com/microsoft-declared-that-windows-10-would-be-their-last-windows-but-then-came-windows-11-can-we-now-expect-windows-12-13-14-etc,broken_link
https://www.quora.com/my-cat-who-is-18-has-matted-hair-im-worried-about-taking-her-to-the-vet-in-case-they-hurt-her-how-can-i-deal-with-the-problem,broken_link
https://www.quora.com/my-coworker-is-constantly-asking-me-for-favors-and-its-starting-to-feel-like-hes-taking-advantage-of-me-how-can-i-set-boundaries-without-coming-off-as-rude,broken_link
https://www.quora.com/my-daughter-wants-to-watch-a-watch-a-new-series-on-netflix-called-squid-game-she-s-currently-12-is-it-appropriate-for-her-age,broken_link
https://www.quora.com/rice-contains-high-sugar-one-bowl-of-rice-has-10-teaspoons-of-sugar-how-do-i-remove-sugar-from-rice-while-cooking-rice,broken_link
https://www.quora.com/should-i-take-college-credit-plus-ccp-classes-during-high-school-or-graduate-early-to-persuade-my-career-as-an-obgyn,broken_link
https://www.quora.com/the-relationships-among-revenue-cost-profit-and-volume-can-be-illustrated-through-a-cvp-graph-can-you-present-the-graph-and-explain-the-relationship-among-these-factors,broken_link
https://www.quora.com/though-moon-reflects-the-light-of-the-sun-then-why-does-moonlight-appear-white-but-sunlight-appears-orange-yellow,broken_link
https://www.quora.com/till-what-percent-should-i-charge-my-laptop-i-am-a-frequent-laptop-user-and-use-it-for-around-7-10-hrs-a-day-how-often-and-till-what-percent-should-i-charge-my-device,broken_link
https://www.quora.com/was-anakin-skywalker-young-to-be-a-jedi-knight-at-his-age,broken_link
https://www.quora.com/was-jesus-actually-a-carpenter,broken_link
https://www.quora.com/were-any-ships-sent-to-assist-the-titanic-after-it-sank,broken_link
https://www.quora.com/what-are-126-forgotten-survival-foods-that-you-should-add-to-your-stock-pile,broken_link
https://www.quora.com/what-are-biscoff-cookies,broken_link
https://www.quora.com/what-are-control-variables-and-their-function,broken_link
https://www.quora.com/what-are-effective-ways-to-demonstrate-ownership-of-projects-at-work,broken_link
https://www.quora.com/what-are-examples-of-heterogeneous-elements,broken_link
https://www.quora.com/what-are-facial-expressions,broken_link
https://www.quora.com/what-are-good-gifts-for-a-bridal-shower,broken_link
https://www.quora.com/what-are-lead-acid-batteries-used-for,broken_link
https://www.quora.com/what-are-nonogram-puzzles,broken_link
https://www.quora.com/what-are-some-easy-ways-to-tackle-the-noise-from-your-snoring-partner,broken_link
https://www.quora.com/what-are-some-effective-ways-to-prevent-or-alleviate-muscle-cramps-during-long-distance-running,broken_link
https://www.quora.com/what-are-some-examples-of-how-domestic-policies-can-affect-foreign-relations,broken_link
https://www.quora.com/what-are-some-free-voice-changers-for-discord-windows-macos,broken_link
https://www.quora.com/what-are-some-good-outfit-ideas-for-a-yacht-party,broken_link
https://www.quora.com/what-are-some-good-side-dishes-with-lobster,broken_link
https://www.quora.com/what-are-some-household-products-made-with-iron,broken_link
https://www.quora.com/what-are-some-innovative-ways-to-repurpose-and-upcycle-clothing-items-to-reduce-waste-and-promote-sustainability-1,broken_link
https://www.quora.com/what-are-some-of-the-things-you-love-about-florida-why-do-you-think-someone-should-visit-the-state,broken_link
https://www.quora.com/what-are-some-tricks-to-get-free-delivery-from-amazon,broken_link
https://www.quora.com/what-are-some-unconventional-but-effective-methods-for-soothing-a-colicky-baby-that-worked-for-you-when-traditional-approaches-failed,broken_link
https://www.quora.com/what-are-some-ways-in-which-your-bloods-hemoglobin-can-drop-to-the-lowest-level,broken_link
https://www.quora.com/what-are-some-ways-that-citizens-can-influence-a-government,broken_link
https://www.quora.com/what-are-some-ways-to-reuse-and-recycle-old-clothes-other-fabric-items-and-cloth-like-materials,broken_link
https://www.quora.com/what-are-the-benefits-and-drawbacks-of-using-vinegar-instead-of-liquid-or-powdered-fabric-softener-when-washing-clothes,broken_link
https://www.quora.com/what-are-the-best-foods-to-eat-when-your-gallbladder-is-acting-up,broken_link
https://www.quora.com/what-are-the-criticism-or-pushback-of-using-forensic-genealogy-to-solve-crimes,broken_link
https://www.quora.com/what-are-the-different-ways-to-name-an-organic-compound-besides-using-iupac-nomenclature-rules,broken_link
https://www.quora.com/what-are-the-effects-of-cbd-on-your-sex-life,broken_link
https://www.quora.com/what-are-the-five-techniques-of-organizing-and-presenting-data,broken_link
https://www.quora.com/what-are-the-implications-of-having-high-or-low-triglycerides,broken_link
https://www.quora.com/what-are-the-signs-of-bipolar-disorder-and-is-it-possible-to-prevent-it,broken_link
https://www.quora.com/what-are-the-steps-to-connect-a-laptop-to-another-computer,broken_link
https://www.quora.com/what-are-the-symptoms-of-hyperkalemia-how-is-excess-potassium-removed-from-the-body,broken_link
https://www.quora.com/what-are-the-things-to-consider-when-buying-a-power-supply-unit-psu-for-gaming,broken_link
https://www.quora.com/what-are-you-supposed-to-say-in-response-to-thank-you-for-your-service-%e2%80%9cyou%e2%80%99re-welcome%e2%80%9d-seems-kind-of-weird-as-does-%e2%80%9coh-no-worries-it-was-nothing-really%e2%80%9d,broken_link
https://www.quora.com/what-can-i-do-in-1-minute,broken_link
https://www.quora.com/what-can-i-do-in-one-minute-every-day-that-will-improve-my-life,broken_link
https://www.quora.com/what-can-i-do-to-earn-40-000-usd-in-a-short-term,broken_link
https://www.quora.com/what-can-i-really-use-node-js-for-anyway-on-a-real-server-app-where-there-are-no-alternatives-to-it,broken_link
https://www.quora.com/what-causes-burning-sensation-in-the-tongue,broken_link
https://www.quora.com/what-causes-hives-and-how-long-do-they-usually-last,broken_link
https://www.quora.com/what-classes-should-i-take-if-i-want-to-become-a-marine-biologist,broken_link
https://www.quora.com/what-color-of-lipstick-is-suitable-for-very-white-skin-without-being-noticeably-eye-catching,broken_link
https://www.quora.com/what-could-be-causing-a-person-snoring-to-be-getting-louder-and-worse,broken_link
https://www.quora.com/what-could-be-causing-an-adult-cat-to-suddenly-become-very-needy-seeking-constant-attention-and-even-sleeping-on-someones-bed-every-night-this-is-not-normal-behavior,broken_link
https://www.quora.com/what-did-i-do-when-i-have-a-burning-tongue-in-the-front-part-but-no-where-else-and-only-in-the-morning-sometimes-its-worse-and-sometimes-not-at-all,broken_link
https://www.quora.com/what-do-double-top-and-bottom-candles-indicate-in-forex-trading,broken_link
https://www.quora.com/what-do-facial-expressions-tell-you-about-a-person,broken_link
https://www.quora.com/what-do-i-do-when-my-natural-nail-underneath-the-acrylic-grew-out-as-long-as-the-fake-how-do-i-get-rid-of-it-do-i-need-a-whole-new-set,broken_link
https://www.quora.com/what-do-the-zodiac-signs-represent-in-astrology-can-you-explain-their-meanings,broken_link
https://www.quora.com/what-do-we-know-about-the-beech-tree,broken_link
https://www.quora.com/what-do-you-need-to-become-a-marine-biologist-and-how-can-i-become-one-also-could-you-give-me-any-extra-information-about-this-job,broken_link
https://www.quora.com/what-do-you-say-if-a-job-asks-what-can-you-bring-to-the-company,broken_link
https://www.quora.com/what-does-a-hot-flash-feel-like,broken_link
https://www.quora.com/what-does-blood-osmolarity-mean,broken_link
https://www.quora.com/what-does-consolidate-and-text-to-column-mean-in-excel,broken_link
https://www.quora.com/what-does-crawling-a-website-mean,broken_link
https://www.quora.com/what-does-dry-needling-feel-like,broken_link
https://www.quora.com/what-does-each-color-represent-in-a-persons-zodiac-sign,broken_link
https://www.quora.com/what-does-it-mean-to-be-a-good-global-citizen-why-is-it-important-to-be-one-what-are-some-ways-in-which-we-can-become-good-global-citizens,broken_link
https://www.quora.com/what-does-it-mean-to-be-a-notary-public-in-texas-what-are-the-requirements-to-become-a-notary-public-in-texas-how-much-does-it-cost-to-become-a-notary-public-in-texas,broken_link
https://www.quora.com/what-does-it-mean-to-have-a-catchy-slogan,broken_link
https://www.quora.com/what-does-it-mean-when-a-song-is-mono-or-stereo,broken_link
https://www.quora.com/what-does-it-mean-when-someone-boosts-a-discord-server,broken_link
https://www.quora.com/what-does-the-bible-say-about-how-to-pray-effectively,broken_link
https://www.quora.com/what-does-the-bible-say-is-the-reason-to-pray-are-people-most-motivated-to-pray-when-they-need-something-from-god,broken_link
https://www.quora.com/what-exactly-is-a-thought-disorder-what-are-the-symptoms-im-schizophrenic-myself,broken_link
https://www.quora.com/what-exactly-is-happening-when-you-get-diarrhea-and-suddenly-get-all-that-pain-and-what-is-your-body-trying-to-achieve-when-waste-becomes-so-liquid,broken_link
https://www.quora.com/what-exactly-is-shawarma,broken_link
https://www.quora.com/what-eyeshadow-colors-make-dark-blue-eyes-look-lighter,broken_link
https://www.quora.com/what-falls-under-repairs-and-maintenance,broken_link
https://www.quora.com/what-foods-can-you-not-eat-with-an-abscessed-tooth,broken_link
https://www.quora.com/what-gold-coins-are-worth-money,broken_link
https://www.quora.com/what-graphics-card-do-i-have-in-windows-11,broken_link
https://www.quora.com/what-happens-at-church-on-sunday-could-you-walk-me-through-everything-that-happens-when-do-you-have-the-time-to-interact-with-others-attending-the-worship-service,broken_link
https://www.quora.com/what-happens-if-you-plant-gladiolus-bulbs-less-than-8-deep,broken_link
https://www.quora.com/what-hormones-regulate-the-menstrual-cycle,broken_link
https://www.quora.com/what-if-the-wrong-item-is-delivered-by-amazon-but-the-customer-still-wants-the-refund,broken_link
https://www.quora.com/what-is-a-catchy-tagline,broken_link
https://www.quora.com/what-is-a-fallacy-in-philosophy,broken_link
https://www.quora.com/what-is-a-good-idea-for-a-sticker-app-within-imessages-in-ios-10,broken_link
https://www.quora.com/what-is-a-heterogeneous-mixture-and-a-homogeneous-mixture,broken_link
https://www.quora.com/what-is-a-j-code-in-medical-billing,broken_link
https://www.quora.com/what-is-a-material-safety-data-sheet-and-why-must-i-know-where-to-find-it,broken_link
https://www.quora.com/what-is-a-nofollow-link-and-why-is-it-used,broken_link
https://www.quora.com/what-is-a-successful-method-for-decluttering-and-organizing-your-life-how-do-you-determine-what-items-to-keep-and-what-to-get-rid-of,broken_link
https://www.quora.com/what-is-an-ethernet-switch-what-is-it-used-for-and-how-does-it-work,broken_link
https://www.quora.com/what-is-anatomy-and-physiology,broken_link
https://www.quora.com/what-is-appropriate-attire-for-a-boat-ride-if-someone-wants-to-look-somewhat-formal-but-not-too-fancy,broken_link
https://www.quora.com/what-is-bipolar-disorder-2,broken_link
https://www.quora.com/what-is-bipolar-type-2-it%e2%80%99s-been-mentioned-that-i-may-have-it,broken_link
https://www.quora.com/what-is-cap-rate-and-how-do-you-determine-it,broken_link
https://www.quora.com/what-is-career-coaching-and-how-can-it-change-your-path,broken_link
https://www.quora.com/what-is-diarrhea,broken_link
https://www.quora.com/what-is-double-top-chart-pattern,broken_link
https://www.quora.com/what-is-drew-brees-like-in-person,broken_link
https://www.quora.com/what-is-fallacy-what-is-the-purpose-of-studying-fallacies-for-us,broken_link
https://www.quora.com/what-is-forensic-genealogy,broken_link
https://www.quora.com/what-is-havana-syndrome-what-causes-it-and-how-can-it-be-prevented-or-overcome-if-necessary-particularly-for-young-diplomats-starting-their-careers-abroad,broken_link
https://www.quora.com/what-is-it-like-being-put-under-propofol,broken_link
https://www.quora.com/what-is-market-equilibrium,broken_link
https://www.quora.com/what-is-methane-and-its-chemical-formula,broken_link
https://www.quora.com/what-is-more-important-in-love-trust-or-respect-and-why,broken_link
https://www.quora.com/what-is-natural-lighting-in-photography,broken_link
https://www.quora.com/what-is-server-boosting-in-discord-and-how-do-i-do-it,broken_link
https://www.quora.com/what-is-socialism-is-it-a-type-of-economy-or-political-ideology-like-capitalism-or-communism-if-so-how-does-it-differ-from-each-of-those-two-ideologies-economic-systems,broken_link
https://www.quora.com/what-is-the-advantage-of-using-sublimation-printers-instead-of-normal-printers-like-canon,broken_link
https://www.quora.com/what-is-the-affordable-care-act-aca-in-the-united-states-and-how-has-it-impacted-healthcare-access-insurance-coverage-and-healthcare-costs,broken_link
https://www.quora.com/what-is-the-age-range-of-most-teenagers-on-this-platform-are-they-mostly-from-generation-z-or-millennials,broken_link
https://www.quora.com/what-is-the-alignment-of-the-steering-wheel-to-toe-in-toe-out-to-45-degrees,broken_link
https://www.quora.com/what-is-the-best-color-of-lipstick-for-a-light-complexion,broken_link
https://www.quora.com/what-is-the-best-gallbladder-diet-menu,broken_link
https://www.quora.com/what-is-the-best-most-organized-way-to-store-excess-amounts-of-seeds-for-planting-later-on,broken_link
https://www.quora.com/what-is-the-best-thing-to-do-for-yourself-when-you-feel-a-leg-cramp-coming-on,broken_link
https://www.quora.com/what-is-the-best-way-to-create-your-own-website-is-there-any-free-easy-to-use-software-that-would-allow-me-to-build-one-myself-without-writing-code,broken_link
https://www.quora.com/what-is-the-best-way-to-get-rid-of-crabgrass-when-it-appears-in-the-lawn-other-than-pulling-up-each-clump-is-there-a-spray-that-kills-crabgrass-only,broken_link
https://www.quora.com/what-is-the-biblical-pattern-of-church-leadership,broken_link
https://www.quora.com/what-is-the-bounce-server-for,broken_link
https://www.quora.com/what-is-the-cause-of-white-tongue-and-how-can-it-be-treated-naturally,broken_link
https://www.quora.com/what-is-the-chemical-formula-of-methane-gas,broken_link
https://www.quora.com/what-is-the-command-used-to-delete-or-remove-all-error-values-in-excel,broken_link
https://www.quora.com/what-is-the-contribution-or-role-of-martin-luther-king-in-the-early-modern-period,broken_link
https://www.quora.com/what-is-the-cost-and-duration-of-obtaining-a-microsoft-azure-certification,broken_link
https://www.quora.com/what-is-the-definition-of-mono,broken_link
https://www.quora.com/what-is-the-dewpoint-how-do-you-calculate-it-from-temperature-and-relative-humidity,broken_link
https://www.quora.com/what-is-the-difference-between-a-contract-lawyer-and-a-regular-lawyer,broken_link
https://www.quora.com/what-is-the-difference-between-a-contract-lawyer-and-an-employment-lawyer,broken_link
https://www.quora.com/what-is-the-difference-between-a-couch-a-chesterfield-and-a-sofa-most-people-i-know-use-the-terms-interchangeably,broken_link
https://www.quora.com/what-is-the-difference-between-a-dry-lease-and-wet-lease-for-equipment,broken_link
https://www.quora.com/what-is-the-difference-between-a-nofollow-and-a-dofollow-link-how-do-they-affect-seo,broken_link
https://www.quora.com/what-is-the-difference-between-costco-memberships,broken_link
https://www.quora.com/what-is-the-difference-between-domestic-policy-and-foreign-policy,broken_link
https://www.quora.com/what-is-the-difference-between-employees-and-employees,broken_link
https://www.quora.com/what-is-the-difference-between-regular-and-organic-full-fat-whole-milk-do-they-come-from-different-cows-on-different-farms-with-different-nutrition-labels-attached-to-them,broken_link
https://www.quora.com/what-is-the-difference-between-socialism-and-an-ideology,broken_link
https://www.quora.com/what-is-the-difference-between-systems-engineering-and-industrial-engineering,broken_link
https://www.quora.com/what-is-the-difference-between-waxing-and-waning-moons-what-is-the-difference-between-new-and-full-moons-are-they-different-phases-as-well,broken_link
https://www.quora.com/what-is-the-easiest-way-to-set-up-a-new-icloud-email,broken_link
https://www.quora.com/what-is-the-explanation-of-the-kingdom-of-god-is-already-here-but-not-yet-fully,broken_link
https://www.quora.com/what-is-the-graphical-representation-of-a-cost-volume-profit-cvp-relationship,broken_link
https://www.quora.com/what-is-the-havana-syndrome-and-what-are-the-causes-and-suggested-treatments,broken_link
https://www.quora.com/what-is-the-history-of-mechanical-clocks-who-invented-the-first-mechanical-clock-how-accurate-were-early-mechanical-clocks-compared-to-modern-ones-what-was-the-purpose-of-the-first-mechanical-clocks,broken_link
https://www.quora.com/what-is-the-importance-of-learning-about-healthy-eating-habits-in-school,broken_link
https://www.quora.com/what-is-the-introduction-to-anatomy-and-physiology,broken_link
https://www.quora.com/what-is-the-meaning-of-low-rank-matrix,broken_link
https://www.quora.com/what-is-the-meaning-of-maintenance-and-why-is-nobody-heard-from,broken_link
https://www.quora.com/what-is-the-meaning-of-the-name-buddha-did-gautama-refer-to-himself-as-a-buddha-or-was-this-term-given-to-him-by-others,broken_link
https://www.quora.com/what-is-the-meaning-of-the-zodiac-sign,broken_link
https://www.quora.com/what-is-the-method-for-calculating-power-in-an-ac-circuit-is-it-different-from-calculating-power-in-a-dc-circuit,broken_link
https://www.quora.com/what-is-the-most-common-form-of-multiple-sclerosis-what-medication-do-you-take-for-it,broken_link
https://www.quora.com/what-is-the-most-common-method-for-determining-the-value-of-a-small-business-during-a-sale-is-there-a-standard-formula-used-for-this-calculation,broken_link
https://www.quora.com/what-is-the-most-cost-effective-way-to-heat-an-above-ground-pool-without-causing-damage-when-draining-it-for-winter,broken_link
https://www.quora.com/what-is-the-most-energy-efficient-way-to-heat-my-pool,broken_link
https://www.quora.com/what-is-the-most-likely-size-for-ancalagon-the-black-how-does-this-compare-to-balerion-and-other-dragons-of-fantasy,broken_link
https://www.quora.com/what-is-the-process-for-extracting-silver-from-a-solution-of-silver-cyanide,broken_link
https://www.quora.com/what-is-the-process-for-writing-a-will-without-involving-lawyers-or-other-people,broken_link
https://www.quora.com/what-is-the-proper-way-to-cut-back-a-butterfly-plant,broken_link
https://www.quora.com/what-is-the-purpose-of-using-propofol-as-an-anaesthetic-are-there-any-alternative-options-that-are-considered-safer-and-more-cost-effective-in-modern-medicine,broken_link
https://www.quora.com/what-is-the-real-reason-piper-and-jason-broke-up-in-the-trials-of-apollo-the-burning-maze,broken_link
https://www.quora.com/what-is-the-relationship-between-technology-and-social-isolation,broken_link
https://www.quora.com/what-is-the-relative-strength-index-rsi-and-how-is-it-calculated,broken_link
https://www.quora.com/what-is-the-religion-of-ancient-egypt,broken_link
https://www.quora.com/what-is-the-significance-of-martin-luther-kings-legacy-to-you,broken_link
https://www.quora.com/what-is-the-significance-of-the-name-buddha-and-why-was-he-not-named-after-his-parents-or-any-other-name,broken_link
https://www.quora.com/what-is-the-tastiest-way-to-cook-lobster-tails,broken_link
https://www.quora.com/what-is-the-typical-duration-of-hives-why-do-they-reappear-even-after-a-long-period-of-time,broken_link
https://www.quora.com/what-is-the-waning-and-waxing-phase-of-the-moon,broken_link
https://www.quora.com/what-is-the-white-coating-on-our-tongue,broken_link
https://www.quora.com/what-is-wet-lease-and-dry-lease,broken_link
https://www.quora.com/what-makes-florida-a-popular-state-what-unique-features-does-it-have-compared-to-other-states,broken_link
https://www.quora.com/what-methods-do-deaf-people-use-to-communicate-on-the-phone-or-internet,broken_link
https://www.quora.com/what-really-was-jesuss-occupation,broken_link
https://www.quora.com/what-role-does-inclusive-language-play-in-transforming-corporate-communications-to-be-more-effective-inclusive-and-empowering-for-all-employees,broken_link
https://www.quora.com/what-s-the-distance-by-foot-from-jerusalem-to-galilee,broken_link
https://www.quora.com/what-should-someone-do-if-they-accidentally-drop-their-phone-in-water,broken_link
https://www.quora.com/what-should-you-put-in-gift-bags-for-wedding-guests,broken_link
https://www.quora.com/what-steps-can-i-take-to-safely-wire-money-to-a-title-company,broken_link
https://www.quora.com/what-the-consequences-of-compressingam-entire-hard-disk-content-using-a-utility-such-as-drive-space,broken_link
https://www.quora.com/what-was-jesus-profession,broken_link
https://www.quora.com/what-was-pauls-age-when-he-wrote-a-significant-portion-of-the-new-testament,broken_link
https://www.quora.com/what-were-the-main-products-traded-on-the-silk-road,broken_link
https://www.quora.com/whats-a-good-side-dish-for-a-freshly-boiled-lobster,broken_link
https://www.quora.com/whats-required-to-build-a-tesla-supercharger-station,broken_link
https://www.quora.com/whats-the-best-way-to-caulk-a-tub-or-shower-so-the-caulking-is-smooth-and-uniform,broken_link
https://www.quora.com/whats-the-oldest-age-of-generation-z-are-people-ages-24-27-still-considered-a-part-of-generation-z,broken_link
https://www.quora.com/when-does-one-use-a-hyphen-instead-of-making-the-two-words-a-compound-word,broken_link
https://www.quora.com/when-was-scotch-tape-invented,broken_link
https://www.quora.com/when-was-the-first-mechanical-clock-invented-in-china,broken_link
https://www.quora.com/when-was-the-holy-trinity-first-mentioned-in-the-bible,broken_link
https://www.quora.com/when-was-the-trinity-first-proposed-by-man,broken_link
https://www.quora.com/when-would-a-teenage-boy-stop-growing-taller,broken_link
https://www.quora.com/where-can-i-find-my-medicare-insurance-group-number,broken_link
https://www.quora.com/where-can-i-find-roblox-promo-codes,broken_link
https://www.quora.com/where-did-the-idea-of-the-trinity-come-from,broken_link
https://www.quora.com/where-did-the-term-box-spring-come-from,broken_link
https://www.quora.com/where-does-geforce-experience-save-videos,broken_link
https://www.quora.com/where-does-the-word-buddha-come-from-and-what-does-it-mean-in-buddhism,broken_link
https://www.quora.com/where-in-the-bible-does-it-say-abortion-is-a-sin-or-is-murder-or-both,broken_link
https://www.quora.com/where-in-the-u-s-do-magic-mushrooms-grow,broken_link
https://www.quora.com/where-is-glyphosate-banned,broken_link
https://www.quora.com/which-format-is-better-for-ssd-ntfs-or-exfat,broken_link
https://www.quora.com/who-and-when-did-the-trinity-come-in-christianity,broken_link
https://www.quora.com/why-am-i-having-no-bowel-function-all-of-a-sudden,broken_link
https://www.quora.com/why-are-my-legs-and-hips-sore-every-day-i-can-hardly-move-or-walk,broken_link
https://www.quora.com/why-are-the-numbers-for-the-clock-on-my-amazon-echo-spot-red,broken_link
https://www.quora.com/why-are-there-so-many-quora-responders-who-actually-state-that-barron-trump-has-autism-when-there-is-no-legitimate-competent-authority-to-qualify-this-assertion-where-is-their-proof,broken_link
https://www.quora.com/why-can-t-i-poop-properly,broken_link
https://www.quora.com/why-did-bill-cowher-never-coach-again-after-the-steelers,broken_link
https://www.quora.com/why-did-god-love-us-despite-our-sins-and-is-there-a-reason-for-love,broken_link
https://www.quora.com/why-did-i-jump-from-being-a-sag-to-a-cancer-sign-when-my-birth-date-is-december-3-1960-10-07-p-m,broken_link
https://www.quora.com/why-didnt-bill-cowher-ever-get-hired-by-another-team-after-leaving-the-pittsburgh-steelers,broken_link
https://www.quora.com/why-do-i-get-a-headache-each-time-i-masturbate-and-how-can-i-get-relief-from-that,broken_link
https://www.quora.com/why-do-leaders-need-to-do-effective-communication,broken_link
https://www.quora.com/why-do-people-use-dual-monitors-for-gaming,broken_link
https://www.quora.com/why-do-rechargeable-batteries-go-bad-over-time-and-lose-their-ability-to-hold-a-charge,broken_link
https://www.quora.com/why-do-rechargeable-batteries-lose-charge-faster-than-ordinary-batteries-when-not-in-use,broken_link
https://www.quora.com/why-do-some-people-have-bipolar-disorder,broken_link
https://www.quora.com/why-does-a-toilet-run-every-5-minutes,broken_link
https://www.quora.com/why-does-girls-move-on-so-easily-and-quickly,broken_link
https://www.quora.com/why-does-jesus-love-us-so-much,broken_link
https://www.quora.com/why-does-just-my-right-hip-hurt-after-taking-a-walk,broken_link
https://www.quora.com/why-does-my-right-hand-stay-cold,broken_link
https://www.quora.com/why-does-my-toilet-run-water-every-few-minutes,broken_link
https://www.quora.com/why-does-my-voice-sound-much-deeper-for-others-but-when-i-listen-to-a-recording-of-mine-it-sounds-completely-different-than-what-others-say,broken_link
https://www.quora.com/why-does-one-of-my-hands-go-really-cold-even-if-the-other-is-warm,broken_link
https://www.quora.com/why-does-the-moon-look-white-during-the-daytime,broken_link
https://www.quora.com/why-does-the-sun-look-yellow-but-the-moon-looks-white,broken_link
https://www.quora.com/why-doesn-t-the-valorant-game-work-on-my-pc-with-windows-11,broken_link
https://www.quora.com/why-during-the-day-does-the-moon-appear-white-and-not-blue-like-mountains-do-off-in-the-distance-or-is-this-already-happening-and-im-just-not-seeing-it-clearly-because-of-the-extra-light-being-reflected,broken_link
https://www.quora.com/why-is-data-compression-important-even-though-the-size-of-the-hard-disk-is-massive-and-cheap-today,broken_link
https://www.quora.com/why-is-dry-needling-so-painful,broken_link
https://www.quora.com/why-is-eating-healthy-important-for-children-and-teenagers,broken_link
https://www.quora.com/why-is-global-citizenship-important,broken_link
https://www.quora.com/why-is-it-important-for-leaders-to-have-an-openness-to-communication-and-a-commitment-to-growth-in-their-journey-towards-better-leadership,broken_link
https://www.quora.com/why-is-it-important-to-add-c-in-the-antiderivatives-of-functions,broken_link
https://www.quora.com/why-is-it-so-easy-for-a-girl-to-move-on-after-break-up,broken_link
https://www.quora.com/why-is-the-moon-in-white,broken_link
https://www.quora.com/why-is-the-moon-white-in-colour-what-are-those-dark-patches-that-we-can-see-on-the-moon,broken_link
https://www.quora.com/why-would-you-declare-a-class-as-an-abstract,broken_link
https://www.quora.com/will-morning-glory-plants-which-died-down-for-the-winter-grow-up-again-from-their-roots-like-bind-weed-or-will-i-have-to-plant-some-of-the-abundant-seeds-which-are-still-hanging-on-the-dead-plants,broken_link
https://www.quora.com/will-there-be-complications-if-a-dog-misses-a-bordetella-vaccine-by-a-couple-of-months,broken_link
https://www.quora.com/would-jesus-christ-have-been-pro-life-or-pro-abortion,broken_link
https://www.rabbithotel.com,broken_link
https://www.racgp.org.au/afp/2017/march/implanon-nxt-expert-tips-for-best-practice-inserti,broken_link
https://www.racgp.org.au/afp/2017/september/the-suspect-siadh,broken_link
https://www.rainbowgardens.biz/edibles/pests-control-tomatoes-tomato,broken_link
https://www.rapodar.ac.in/pdf/f.y.b.com%20semester%20i%20&%20ii%20syllabus%202024-25.pdf,pdf
https://www.rareseeds.com,broken_link
https://www.rarestone.com/geminfov2.php,broken_link
https://www.raspberrypi.com/documentation/computers/configuration.html,broken_link
https://www.raspberrypi.com/products/raspberry-pi-5,broken_link
https://www.raspberrypi.com/software/operating-systems,broken_link
https://www.raspberrypi.com/tutorials/nas-box-raspberry-pi-tutorial,broken_link
https://www.rawgraphs.io,broken_link
https://www.razer.com/cortex,broken_link
https://www.rbi.org.in/commonperson/english/scripts/faqs.aspx,broken_link
https://www.rbpstore.org/products/5133/biblical-slave-leadership,broken_link
https://www.rch.org.au/clinicalguide/guideline_index/diabetes_insipidus,broken_link
https://www.rch.org.au/kidsinfo/fact_sheets/crying_and_unsettled_babies,broken_link
https://www.rch.org.au/kidsinfo/fact_sheets/hives,broken_link
https://www.rch.org.au/kidsinfo/fact_sheets/nutrition_older_children,broken_link
https://www.rch.org.au/kidsinfo/fact_sheets/pneumonia,broken_link
https://www.rchsd.org/health-article/pubic-lice-crabs,broken_link
https://www.rcpch.ac.uk/sites/default/files/boys_2-18_years_growth_chart.pdf,pdf
https://www.rcrorganicfeedstore.com/waning-or-waxing-moon,broken_link
https://www.rcslt.org/speech-and-language-therapy/clinical-information/dementia,broken_link
https://www.rctech.net/forum/nitro-off-road/325465-how-measure-front-toe-out.html,broken_link
https://www.rctech.net/forum/nitro-off-road/432692-measuring-camber-toe-correct-way.html,broken_link
https://www.rd.com/list/declutter-every-day,broken_link
https://www.readspeaker.com,broken_link
https://www.readysetcosentyx.com/assets/pdf/iv%20permanent%20j-code.pdf,pdf
https://www.realbiblestudy.com,broken_link
https://www.realestate.com.au/property-house-qld-southside-148378716,broken_link
https://www.realhomes.com/advice/how-to-keep-rabbits-out-of-the-garden,broken_link
https://www.realhomes.com/advice/how-to-measure-up-for-curtains,broken_link
https://www.realtor.com/news/celebrity-real-estate/michael-jordan-home-airbnb-listing-timeshare,broken_link
https://www.rebeccadanzenbaker.com/creating-natural-light,broken_link
https://www.recipetineats.com/cheese-herb-garlic-quick-bread,broken_link
https://www.recipetineats.com/chicken-sharwama-middle-eastern,broken_link
https://www.recipetineats.com/chinese-beef-with-honey-and-black-pepper-sauce,broken_link
https://www.recipetineats.com/french-fries,broken_link
https://www.recipetineats.com/honey-chicken-stay-crispy,broken_link
https://www.recipetineats.com/lobster-recipes-cooked-lobster-crayfish,broken_link
https://www.recipetineats.com/monkfish-recipe,broken_link
https://www.recipetineats.com/no-bake-cheesecake,broken_link
https://www.recipetineats.com/pasta-alla-norma-eggplant-pasta,broken_link
https://www.recipetineats.com/peppercorn-sauce,broken_link
https://www.recipetineats.com/sandwich-bread-without-yeast-quick-easy,broken_link
https://www.recipetineats.com/spaghetti-bolognese,broken_link
https://www.recreation.gov,broken_link
https://www.red-lane.bolton.sch.uk/assets/documents/letters/parent-information-squid-game.pdf,pdf
https://www.redbubble.com/shop/imessage+stickers,broken_link
https://www.redcrossblood.org,broken_link
https://www.redcrossblood.org/faq.html,broken_link
https://www.reddit.com/r/30plusskincare/comments/18i7g7d/how_do_i_get_rid_of_these_marks_theyve_been_on_my,broken_link
https://www.reddit.com/r/absoluteunits/comments/u54vrm/antipoaching_units_standing_with_gorillas,broken_link
https://www.reddit.com/r/academia/comments/1ce2xne/how_to_include_a_poster_award_on_cv,broken_link
https://www.reddit.com/r/academicbiblical/comments/i3yd3k/was_jesus_christ_homeless_did_he_leave_his_job_as,broken_link
https://www.reddit.com/r/accessibility/comments/189hvxu/text_to_speech_on_android_phone,broken_link
https://www.reddit.com/r/acting/comments/104batm/is_pilot_season_still_a_thing_and_when_does_it,broken_link
https://www.reddit.com/r/actuary/comments/jzqrsy/guaranteed_minimum_withdrawal_benefit_vs,broken_link
https://www.reddit.com/r/africa/comments/1lhof5e/africas_epic_family_dynasties_the_men_of_the,broken_link
https://www.reddit.com/r/airbnb/comments/mks17n/why_are_service_fees_for_guests_so_high_seems_to,broken_link
https://www.reddit.com/r/airforce/comments/t797ro/a_very_brief_description_of_the_assignment_process,broken_link
https://www.reddit.com/r/airforce/comments/xhtidi/thank_you_for_your_service_how_to_respond,broken_link
https://www.reddit.com/r/alexa/comments/rtmbm9/how_do_i_stop_this_black_screen_on_my_amazon_echo,broken_link
https://www.reddit.com/r/amazonecho/comments/oam49s/echo_show_8_black_screen,broken_link
https://www.reddit.com/r/amazonprime/comments/179gznn/amazon_sent_wrong_item_how_can_i_prove_it,broken_link
https://www.reddit.com/r/amazonprime/comments/1i9t5kl/reposting_here_so_amazon_gets_the_point_all_your,broken_link
https://www.reddit.com/r/americanairlines/comments/1839e8i/first_time_flying_with_a_carryon_cat_help,broken_link
https://www.reddit.com/r/americanpsycho/comments/mis1cf/where_can_i_watch_american_psycho,broken_link
https://www.reddit.com/r/analytics/comments/g1e6bx/am_i_crazy_or_is_creating_a_graph_in_excel_way,broken_link
https://www.reddit.com/r/androidquestions/comments/1cg211z/how_do_i_detect_filebased_malware_or_viruses_on,broken_link
https://www.reddit.com/r/androidquestions/comments/1jlqwah/phone_has_been_frequently_crashing_the_last_week,broken_link
https://www.reddit.com/r/androidtablets/comments/192tgu5/convert_fire_tablet,broken_link
https://www.reddit.com/r/answers/comments/h9fol/is_there_a_way_to_tell_whether_the_moon_is_waxing,broken_link
https://www.reddit.com/r/anxiety/comments/p7wf9u/burning_mouth_syndrome,broken_link
https://www.reddit.com/r/apple/comments/11ho854/create_new_icloud_email_address_and_update_apple,broken_link
https://www.reddit.com/r/applyingtocollege/comments/o5thir/how_did_the_colleges_get_my_email_address,broken_link
https://www.reddit.com/r/applyingtocollege/comments/owsqyc/how_do_you_get_more_college_mail,broken_link
https://www.reddit.com/r/aquariums/comments/9ds4xb/how_long_would_one_wait_before_inbetween_adding,broken_link
https://www.reddit.com/r/aquariums/comments/miipcg/how_often_do_you_guys_wait_before_adding_new_fish,broken_link
https://www.reddit.com/r/ark/comments/10mcsbe/kibble,broken_link
https://www.reddit.com/r/ark/comments/ondpxe/at_what_level_do_you_unlock_kibble,broken_link
https://www.reddit.com/r/ark/comments/tbawdl/where_to_find_kibble_recipes_in_game,broken_link
https://www.reddit.com/r/ark/comments/tivaiu/how_do_i_make_fucking_kibble,broken_link
https://www.reddit.com/r/ask/comments/1aceb4i/i_need_a_catchy_slogan,broken_link
https://www.reddit.com/r/askacanadian/comments/pepwvl/do_canadians_call_a_couchsofa_a_chesterfield,broken_link
https://www.reddit.com/r/askacanadian/comments/ync4ny/do_canadians_actually_refer_to_all_couches_as,broken_link
https://www.reddit.com/r/askachristian/comments/1k1xpar/what_happens_at_church,broken_link
https://www.reddit.com/r/askculinary/comments/230xja/san_marzano_tomatoes_better_than_other_canned,broken_link
https://www.reddit.com/r/askculinary/comments/acx5d6/peppercorn_sauce_the_bane_of_my_life,broken_link
https://www.reddit.com/r/askculinary/comments/ayvwgq/san_marzano_tomatoes_are_they_worth_it,broken_link
https://www.reddit.com/r/askculinary/comments/cq8zo8/pizza_stone_steel_or_pan,broken_link
https://www.reddit.com/r/askculinary/comments/gwtrnu/pizza_stone_directions_say_not_to_preheat,broken_link
https://www.reddit.com/r/askculinary/comments/h0itar/the_storage_life_of_opened_package_of_miso_paste,broken_link
https://www.reddit.com/r/askeconomics/comments/1ljii9w/are_prices_determined_by_demandsupply_forces_only,broken_link
https://www.reddit.com/r/askeconomics/comments/1lkpw33/is_it_realistic_to_want_to_raise_the_minimum_wage,broken_link
https://www.reddit.com/r/askengineers/comments/12xd432/how_do_you_calculate_ac_power,broken_link
https://www.reddit.com/r/askengineers/comments/w0xvyg/what_the_heck_is_industrial_engineering,broken_link
https://www.reddit.com/r/askfrance/comments/10znhl8/what_is_your_opinion_about_inclusive_lenguage,broken_link
https://www.reddit.com/r/askhistorians/comments/1bkcaub/did_the_black_death_contribute_to_the_innovation,broken_link
https://www.reddit.com/r/askhistorians/comments/1lhsil6/im_trying_to_verify_an_old_family_story_do_you,broken_link
https://www.reddit.com/r/askhistorians/comments/5ct5gg/what_items_were_commonly_traded_through_the_silk,broken_link
https://www.reddit.com/r/askhistorians/comments/786159/so_how_exactly_did_the_silk_road_get_established,broken_link
https://www.reddit.com/r/askhistorians/comments/7dxy6a/what_was_the_hitler_mustache_called_before_hitler,broken_link
https://www.reddit.com/r/askireland/comments/17ua9sr/coffee_after_tooth_extraction,broken_link
https://www.reddit.com/r/askireland/comments/1ilewwf/is_there_any_way_to_make_a_bunch_of_jpg_files,broken_link
https://www.reddit.com/r/askmath/comments/1382rs0/how_do_i_find_the_derivative_formula_for_a,broken_link
https://www.reddit.com/r/askmechanics/comments/12sf9xh/how_to_depressurize_ac_system,broken_link
https://www.reddit.com/r/askmen/comments/18t434u/divorced_men_whats_the_kindest_way_to_tell_my,broken_link
https://www.reddit.com/r/askmen/comments/1b4pzl6/how_long_do_men_continue_to_grow_after_hs,broken_link
https://www.reddit.com/r/askmenadvice/comments/1jbe6o2/what_are_good_things_to_say_during_sex_to_a_man,broken_link
https://www.reddit.com/r/askphilosophy/comments/2ocmhk/is_this_a_fallacy_if_so_what_is_it_called,broken_link
https://www.reddit.com/r/askphilosophy/comments/a1b28u/what_makes_a_logical_fallacy_fallacious,broken_link
https://www.reddit.com/r/askreddit/comments/2701rd/mattress_snobs_of_reddit_does_a_box_spring_matter,broken_link
https://www.reddit.com/r/askreddit/comments/6nlkjo/what_can_you_do_in_one_minute,broken_link
https://www.reddit.com/r/askreddit/comments/rmenyi/what_is_the_difference_between_respect_and_trust,broken_link
https://www.reddit.com/r/askreddit/comments/tqhur/what_is_the_proper_etiquette_for_showering_with,broken_link
https://www.reddit.com/r/askscience/comments/d0v1jf/how_does_anesthesia_with_propofol_work_i_had_a,broken_link
https://www.reddit.com/r/askscience/comments/lppm8/do_we_really_know_what_earths_core_is_made_of,broken_link
https://www.reddit.com/r/askscience/comments/tg9urk/why_does_the_moon_appear_white_while_the_sun,broken_link
https://www.reddit.com/r/asktechnology/comments/141pd7o/is_it_possible_to_access_old_sites_apps_that,broken_link
https://www.reddit.com/r/askvet/comments/1f7dijv/how_soon_is_too_soon_for_another_bordetella_shot,broken_link
https://www.reddit.com/r/asl/comments/16dxvzs/hello_in_asl_for_an_image,broken_link
https://www.reddit.com/r/astrology/comments/1gjm02r/retrograde_planets_in_the_chart,broken_link
https://www.reddit.com/r/astrologymemes/comments/1fkp0nj/birth_stones_by_month_vs_zodiac,broken_link
https://www.reddit.com/r/astrologymemes/comments/1jxwgam/all_planets_are_now_direct_there_are_currently_no,broken_link
https://www.reddit.com/r/astrologymemes/comments/1lkkirp/zodiac_sign_as_a_drink_do_you_agree,broken_link
https://www.reddit.com/r/autism/comments/lopteh/is_barron_trump_autistic,broken_link
https://www.reddit.com/r/autorepair/comments/si1f3c/oil_leak_additives_that_actually_work,broken_link
https://www.reddit.com/r/azure/comments/13zynbc/please_get_certs,broken_link
https://www.reddit.com/r/babybumps/comments/13j6f16/natera_panorama_testing_turnaround_time,broken_link
https://www.reddit.com/r/bandlab/comments/zbgcsr/why_does_my_voice_sound_different_when_i_record_it,broken_link
https://www.reddit.com/r/bariatricsurgery/comments/16fdl0j/how_long_did_you_take_off_for_recovery,broken_link
https://www.reddit.com/r/bariatricsurgery/comments/17zxgov/how_much_time_off_should_i_request_for_my_gastric,broken_link
https://www.reddit.com/r/battery/comments/1fo76ih/only_three_steps_replace_your_dell_laptop_battery,broken_link
https://www.reddit.com/r/bballshoes/comments/14tq3x8/what_ive_learned_about_sizing_and_fit_for_wide,broken_link
https://www.reddit.com/r/bballshoes/comments/1h53yhw/how_to_determine_if_shoes_should_be_standard_d_or,broken_link
https://www.reddit.com/r/beyondthebump/comments/v35fbc/parents_of_a_colic_baby_how_did_you_do_it_honest,broken_link
https://www.reddit.com/r/bible/comments/16llqgg/are_ages_in_the_bible_literal_when_did_terah,broken_link
https://www.reddit.com/r/biglaw/comments/158bege/any_contract_lawyers_on_here_how_is_it_does_it,broken_link
https://www.reddit.com/r/biology/comments/wnf7po/what_is_this_shell_of_an_insect_i_found_on_a_tree,broken_link
https://www.reddit.com/r/bioshock/comments/rhqgvk/so_now_that_flash_is_gone,broken_link
https://www.reddit.com/r/bipolar/comments/10294xf/what_do_you_think_the_reason_why_you_got_bipolar,broken_link
https://www.reddit.com/r/bipolar/comments/11jpvu3/what_do_you_think_caused_triggered_your_bipolar,broken_link
https://www.reddit.com/r/bipolar2/comments/1cs624w/i_was_just_diagnosed_what_is_bipolar_2,broken_link
https://www.reddit.com/r/birthcontrol/comments/16brrqc/nexplanon_3_years_or_5_years,broken_link
https://www.reddit.com/r/bitcheswithtaste/comments/1izfcis/actually_good_bridal_shower_prizes,broken_link
https://www.reddit.com/r/bloodpressure/comments/17ue60s/blood_pressure_is_higher_in_winter_cold_weather,broken_link
https://www.reddit.com/r/bodyweightfitness/comments/11x7yls/how_to_prevent_cramps_for_someone_starting_at_the,broken_link
https://www.reddit.com/r/breadit/comments/1fekbv1/does_flour_go_bad,broken_link
https://www.reddit.com/r/breakups/comments/1crxiys/how_do_women_move_on_so_fast,broken_link
https://www.reddit.com/r/breakups/comments/1dwg1md/do_womengirls_move_on_faster_than_menboys,broken_link
https://www.reddit.com/r/breakups/comments/1iidpbm/do_women_move_on_faster_than_men,broken_link
https://www.reddit.com/r/breakups/comments/1ijw08f/why_are_women_built_like_this,broken_link
https://www.reddit.com/r/breakups/comments/u7ijsc/whyhow_do_women_move_on_so_fast_is_it_really,broken_link
https://www.reddit.com/r/breastfeeding/comments/1exdpnz/how_did_you_and_your_baby_heal_from_thrush,broken_link
https://www.reddit.com/r/buddhism/comments/1j9q9ak/a_question_about_the_buddhas_name,broken_link
https://www.reddit.com/r/buddhism/comments/1lhqa5e/what_would_happen_if_the_ccp_kidnapped_the,broken_link
https://www.reddit.com/r/buddhism/comments/9kb4pu/what_is_the_origin_and_meaning_behind_the_term,broken_link
https://www.reddit.com/r/buildapc/comments/14tu6ey/why_do_people_have_multiple_monitors,broken_link
https://www.reddit.com/r/buildapc/comments/1arrhuj/is_there_a_rule_of_thumb_when_picking_out_a_power,broken_link
https://www.reddit.com/r/buildapc/comments/7928ds/why_does_everyone_here_buy_huge_psus,broken_link
https://www.reddit.com/r/buildapc/comments/o3bjbn/how_do_i_choose_a_psu,broken_link
https://www.reddit.com/r/calculus/comments/t14gjd/antiderivatives,broken_link
https://www.reddit.com/r/california/comments/1lgiudg/dtsc_proposes_adding_microplastics_to_its,broken_link
https://www.reddit.com/r/capitalismvsocialism/comments/zwi0w6/socialists_is_a_socialism_a_political_and,broken_link
https://www.reddit.com/r/capm/comments/1j6mg8y/how_do_i_calculate_schedule_variance_in_this,broken_link
https://www.reddit.com/r/careeradvice/comments/1b9s9y7/how_to_take_ownership_at_work,broken_link
https://www.reddit.com/r/careerguidance/comments/171aqeo/ever_tried_a_career_coach_curious_about_your,broken_link
https://www.reddit.com/r/careerguidance/comments/1ccodg4/what_would_you_bring_to_the_team,broken_link
https://www.reddit.com/r/cartalk/comments/10gdy7w/can_someone_please_explain_this_alignment_report,broken_link
https://www.reddit.com/r/cartalk/comments/q64mgq/means_of_evacuating_cars_ac_system_without_a,broken_link
https://www.reddit.com/r/catadvice/comments/o13562/cat_has_suddenly_become_very_clingy,broken_link
https://www.reddit.com/r/catholicism/comments/1d5z6d7/why_do_some_people_say_holy_ghost_instead_of_holy,broken_link
https://www.reddit.com/r/cbd/comments/c2eh8u/whats_cbds_effect_on_ed_help,broken_link
https://www.reddit.com/r/changemyview/comments/uhmfld/cmv_there_is_no_way_that_a_us_constitutional,broken_link
https://www.reddit.com/r/chemistryhomework/comments/jr9cam/college_organic_chemistry_how_do_i_identify_the,broken_link
https://www.reddit.com/r/cholesterol/comments/14sl2v9/high_ldl_very_low_triglycerides,broken_link
https://www.reddit.com/r/cholesterol/comments/zwpb1u/very_low_triglycerides,broken_link
https://www.reddit.com/r/christianity/comments/1ll2wue/is_anyone_else_put_off_by_the_idea_that_we_only,broken_link
https://www.reddit.com/r/christianity/comments/lko4f7/how_the_trinity_verse_got_added_to_the_bible,broken_link
https://www.reddit.com/r/christianity/comments/unpft1/what_is_the_holy_ghost,broken_link
https://www.reddit.com/r/chronicillness/comments/1j851w3/i_cant_poop_naturally_and_its_ruining_my_life,broken_link
https://www.reddit.com/r/cico/comments/10f5iy9/how_to_accurately_calculate_daily_calories_needed,broken_link
https://www.reddit.com/r/cleaningtips/comments/128zvxq/there_are_a_million_screws_on_my_samsung,broken_link
https://www.reddit.com/r/cleaningtips/comments/1axl9v3/white_vinegar_as_fabric_softener,broken_link
https://www.reddit.com/r/cleaningtips/comments/1ja8dsn/ideas_how_to_clean_oven_glass,broken_link
https://www.reddit.com/r/cleaningtips/comments/1ll4z52/someone_sprinkled_elemental_mercury_in_my_car_is,broken_link
https://www.reddit.com/r/coins/comments/1f3ewem/gold_coins_values,broken_link
https://www.reddit.com/r/commercialrealestate/comments/1h4t6ib/cap_rates_can_you_explain_them_to_me_like_im_12,broken_link
https://www.reddit.com/r/communication/comments/1ansj2h/why_communication_is_important,broken_link
https://www.reddit.com/r/compression/comments/xx2fo1/compress_lots_of_files_into_lots_of_individual,broken_link
https://www.reddit.com/r/computers/comments/1cgjfqs/is_there_a_way_to_connect_two_pcs,broken_link
https://www.reddit.com/r/cooking/comments/1d3uo7v/question_about_menudo,broken_link
https://www.reddit.com/r/cooking/comments/1ejun4u/help_with_peppercorn_sauce_please,broken_link
https://www.reddit.com/r/cooking/comments/auo87o/what_to_do_with_oil_after_frying_and_deep_frying,broken_link
https://www.reddit.com/r/cooking/comments/w24exe/are_san_marzano_tomatoes_sought_after_in_italy,broken_link
https://www.reddit.com/r/cookingforbeginners/comments/zi6qx0/how_to_cook_a_good_lobster_tail_but_easily,broken_link
https://www.reddit.com/r/cookingtonight/comments/1jhar2x/soapy_eggs,broken_link
https://www.reddit.com/r/coolguides/comments/11wewj6/how_to_check_your_blood_pressure_the_right_way,broken_link
https://www.reddit.com/r/coronavirus/comments/10t5430/how_quickly_does_covid_immunity_fade_what,broken_link
https://www.reddit.com/r/coronavirus/comments/19evnfg/how_long_does_immunity_last_after_a_covid,broken_link
https://www.reddit.com/r/costco/comments/16mw6lw/costcos_executive_members_ship_v_gold_star,broken_link
https://www.reddit.com/r/covid19positive/comments/1ewwk96/the_phlegm_just_wont_stop,broken_link
https://www.reddit.com/r/covid19positive/comments/ucmnbi/question_about_phlegm_with_covid_so_im_over_it_or,broken_link
https://www.reddit.com/r/creditcards/comments/125zxyv/best_way_to_use_amazon_prime_credit_cards_reward,broken_link
https://www.reddit.com/r/creditscore/comments/1i99rq4/fastest_way_to_clean_and_clear_credit,broken_link
https://www.reddit.com/r/csharp/comments/nhbxh1/how_to_addcreate_a_digital_signature_field_in_a,broken_link
https://www.reddit.com/r/curatedtumblr/comments/ylzaem/why_we_need_gender_inclusive_language,broken_link
https://www.reddit.com/r/cyberpowerpc/comments/17qbb3x/cpsupport_nohi_02_rgb_keyboard_kb161104_light,broken_link
https://www.reddit.com/r/cyberpowerpc/comments/1dgx7ez/changing_nohi_02_keyboard_and_m1131_gaming_mouse,broken_link
https://www.reddit.com/r/cyberpowerpc/comments/1eus3fx/how_do_i_change_the_lights_on_this_keyboard,broken_link
https://www.reddit.com/r/cyberpowerpc/comments/l2w8si/how_do_i_change_the_color_of_the_keyboard_i_dont,broken_link
https://www.reddit.com/r/cybersecurity/comments/1eyhszk/how_exactly_does_website_tracking_work,broken_link
https://www.reddit.com/r/dataisbeautiful/comments/1dedczz/us_household_debt_composition_20032024_oc,broken_link
https://www.reddit.com/r/dataisbeautiful/comments/xqcut2/oc_the_number_of_times_that_each_prophet_is,broken_link
https://www.reddit.com/r/dbzdokkanbattle/comments/7h50tk/noob_question_what_does_mono_mean,broken_link
https://www.reddit.com/r/deaf/comments/w26pec/how_can_you_communicate_with_deaf_people_if_you,broken_link
https://www.reddit.com/r/debatereligion/comments/n6tnmt/the_concept_of_trinity_originated_years_after,broken_link
https://www.reddit.com/r/dell/comments/ztzce3/worth_it_to_replace_old_laptop_battery,broken_link
https://www.reddit.com/r/dentistry/comments/eazhbj/is_it_possible_to_heal_receding_gums_is_there_a,broken_link
https://www.reddit.com/r/denver/comments/1lk3w4n/early_results_show_dougco_home_rule_vote_failed,broken_link
https://www.reddit.com/r/devops/comments/1608lic/so_is_it_just_impossible_to_change_culture,broken_link
https://www.reddit.com/r/discordapp/comments/145l7yl/search_for_a_discord_user,broken_link
https://www.reddit.com/r/discordapp/comments/1b9f331/is_it_possible_for_a_bot_to_be_hidden_from,broken_link
https://www.reddit.com/r/discordapp/comments/1ifcc7s/how_do_i_search_for_someone_by_using_their,broken_link
https://www.reddit.com/r/discordapp/comments/9005bi/does_anyone_know_a_voice_changer_that_works_with,broken_link
https://www.reddit.com/r/discordapp/comments/g0p1dr/server_boosts_explained,broken_link
https://www.reddit.com/r/discordapp/comments/v88kdo/understanding_server_boosts,broken_link
https://www.reddit.com/r/diy/comments/11etwsu/will_i_be_okay_to_walk_on_my_newly_tiled_floor,broken_link
https://www.reddit.com/r/dnd/comments/86yrjl/how_long_do_tieflings_live_too,broken_link
https://www.reddit.com/r/docsslidessheets/comments/1alqaod/how_to_insert_matrix_in_google_docs,broken_link
https://www.reddit.com/r/dogadvice/comments/1dsygca/fleas_and_dawn_dish_soap,broken_link
https://www.reddit.com/r/dogs/comments/98tgme/help_does_dish_soap_really_work_with_fleas,broken_link
https://www.reddit.com/r/dragrace/comments/175c9rz/plus_size_drag_iconic_look_suggestion,broken_link
https://www.reddit.com/r/dragrace/comments/1bcxelr/what_to_wear_to_a_drag_show,broken_link
https://www.reddit.com/r/dubai/comments/xl1zes/what_do_they_put_in_a_shawarma,broken_link
https://www.reddit.com/r/dyslexia/comments/159bmug/learning_to_read_with_dyslexia,broken_link
https://www.reddit.com/r/eatcheapandhealthy/comments/57sbta/is_eating_rice_or_pasta_the_same_as_eating_pure,broken_link
https://www.reddit.com/r/eatcheapandhealthy/comments/5h503w/dental_pain_easy_mushy_food_ideas_to_get_me,broken_link
https://www.reddit.com/r/economiccollapse/comments/1k6tcjl/what_foods_to_stock_up_on_now,broken_link
https://www.reddit.com/r/eczema/comments/xmmyri/first_time_trying_prednisone_for_eczema_flair_up,broken_link
https://www.reddit.com/r/edanonymous/comments/c1xjry/why_cant_i_poop_why_cant_we_poop,broken_link
https://www.reddit.com/r/edd/comments/1booiau/how_to_talk_to_a_real_person_when_calling_the_edd,broken_link
https://www.reddit.com/r/edd/comments/1ffaajj/tips_and_tricks_getting_through_to_sdi_phonein,broken_link
https://www.reddit.com/r/edd/comments/l9r48e/how_to_call_edd,broken_link
https://www.reddit.com/r/edd/comments/zh3579/i_absolutely_cannot_contact_the_edd_can_anyone,broken_link
https://www.reddit.com/r/edmproduction/comments/4bw7pw/can_someone_explain_the_terminology_of_bouncing,broken_link
https://www.reddit.com/r/emailmarketing/comments/16lu1yp/simple_tool_to_collect_email_addresses_for,broken_link
https://www.reddit.com/r/english/comments/16h4eaf/thank_you_no_problem,broken_link
https://www.reddit.com/r/english/comments/zbmxjd/whats_the_meaning_of_as_such_in_this_sentence,broken_link
https://www.reddit.com/r/englishlearning/comments/99lh2u/can_anyone_give_me_example_sentences_using_as_such,broken_link
https://www.reddit.com/r/excel/comments/10qxl4x/how_to_password_protect_sheets_from_viewing,broken_link
https://www.reddit.com/r/excel/comments/10umhkh/how_to_move_values_up_one_row,broken_link
https://www.reddit.com/r/excel/comments/14sfqo0/combine_two_columns_into_one_longer_column,broken_link
https://www.reddit.com/r/excel/comments/179qpnx/how_would_i_password_protect_an_excel_file_for,broken_link
https://www.reddit.com/r/excel/comments/18sze6n/how_can_i_separate_first_and_last_name_so_that,broken_link
https://www.reddit.com/r/excel/comments/1954nz1/remove_the_div0_error_from_cell,broken_link
https://www.reddit.com/r/excel/comments/1exd37b/how_do_you_move_rows_up_and_down_using_arrow_keys,broken_link
https://www.reddit.com/r/excel/comments/udcolz/how_to_add_a_column_to_a_table_on_the_far_left,broken_link
https://www.reddit.com/r/excel/comments/wg7h7u/faster_way_to_combine_text_from_multiple_cells,broken_link
https://www.reddit.com/r/excel/comments/wgwdb8/how_can_i_eliminate_the_error_message_in_a_formula,broken_link
https://www.reddit.com/r/excel/comments/x7vyed/how_to_transpose_data_to_a_single_column,broken_link
https://www.reddit.com/r/excel/comments/yd2xgc/how_to_load_csv_file_if_the_separator_is_but_the,broken_link
https://www.reddit.com/r/exchristian/comments/1li7aef/my_faith_faded_the_closer_i_got_to_church,broken_link
https://www.reddit.com/r/explainlikeimfive/comments/104vb4k/eli5_why_does_propofol_put_you_to_sleep_so_quickly,broken_link
https://www.reddit.com/r/explainlikeimfive/comments/13uybmo/eli5_why_are_whole_and_natural_numbers_two,broken_link
https://www.reddit.com/r/explainlikeimfive/comments/14o0zen/eli5_how_does_the_dew_point_work,broken_link
https://www.reddit.com/r/explainlikeimfive/comments/14v3krj/eli5_how_does_anesthesia_work,broken_link
https://www.reddit.com/r/explainlikeimfive/comments/1asuq4f/eli5_explain_diarrhea,broken_link
https://www.reddit.com/r/explainlikeimfive/comments/1cj58cl/eli5_what_are_web_crawlers_and_what_are_they_used,broken_link
https://www.reddit.com/r/explainlikeimfive/comments/1erpf9/eli5the_difference_between_a_wet_lease_and_dry,broken_link
https://www.reddit.com/r/explainlikeimfive/comments/1lcehjg/eli5_how_do_blood_pressure_monitors_work_how_does,broken_link
https://www.reddit.com/r/explainlikeimfive/comments/1qu285/eli5_what_happens_inside_the_body_during_diarrhea,broken_link
https://www.reddit.com/r/explainlikeimfive/comments/2ip7he/eli5_what_is_pptp_and_how_does_it_work,broken_link
https://www.reddit.com/r/explainlikeimfive/comments/4ele71/eli5_how_does_general_anesthesia_work_why_is_it,broken_link
https://www.reddit.com/r/explainlikeimfive/comments/efvynh/eli5_when_watchesclocks_were_first_invented_how,broken_link
https://www.reddit.com/r/explainlikeimfive/comments/j2d48/can_you_explain_what_socialism_is_like_im_five,broken_link
https://www.reddit.com/r/explainlikeimfive/comments/k0lrtp/eli5_why_do_regular_batteries_last_for_so_long,broken_link
https://www.reddit.com/r/explainlikeimfive/comments/sl9yrq/eli5_how_do_generators_work,broken_link
https://www.reddit.com/r/explainlikeimfive/comments/y4x02w/eli5_why_do_batteries_lose_charge_when_theyre_not,broken_link
https://www.reddit.com/r/fauxmoi/comments/16igdv2/liev_schreiber_55_and_wife_taylor_neisen_31,broken_link
https://www.reddit.com/r/femalefashionadvice/comments/2wcvfn/what_do_you_wear_to_a_drag_show,broken_link
https://www.reddit.com/r/ffxiv/comments/7qm3sy/legacy_server,broken_link
https://www.reddit.com/r/firsttimehomebuyer/comments/tbimmz/how_do_you_wire_money_for_closing,broken_link
https://www.reddit.com/r/flash/comments/11sb3qd/wellknown_browsers_that_still_support_flash,broken_link
https://www.reddit.com/r/flexibility/comments/6kdme9/after_walking_a_lot_something_on_the_side_of_my,broken_link
https://www.reddit.com/r/florida/comments/182f6ty/what_are_some_nonstereotypical_things_unique_to,broken_link
https://www.reddit.com/r/flying/comments/k1v41w/what_is_the_difference_between_wet_and_dry_when,broken_link
https://www.reddit.com/r/formula1/comments/ycn55f/how_do_most_teamsdriver_fly,broken_link
https://www.reddit.com/r/fortnite/comments/1k8byyd/question_about_codes,broken_link
https://www.reddit.com/r/fortnitebr/comments/1gbfh3o/wondering_how_to_redeem_a_code,broken_link
https://www.reddit.com/r/frugal/comments/1546no4/amazon_prime_free_shipping_without_membership,broken_link
https://www.reddit.com/r/fruitsbasket/comments/etbbic/fruits_basket_complete_first_season_companion,broken_link
https://www.reddit.com/r/fruitsbasket/comments/gpi02t/which_version_of_fruits_basket_should_i_watch,broken_link
https://www.reddit.com/r/fruitsbasket/comments/jbxxng/fruit_basket_order,broken_link
https://www.reddit.com/r/fruitsbasket/comments/yxampi/order_to_watch_fruits_basket_anime,broken_link
https://www.reddit.com/r/galaxytab/comments/1d8fl7t/how_do_you_make_use_of_your_tab,broken_link
https://www.reddit.com/r/gallbladders/comments/19cb90l/so_what_you_guys_eating_to_stop_gallbladder,broken_link
https://www.reddit.com/r/gamedev/comments/6gs3do/steam_how_can_i_give_discount_codes,broken_link
https://www.reddit.com/r/gamedev/comments/yur6io/steam_coupons,broken_link
https://www.reddit.com/r/gardening/comments/11hj4nt/when_should_i_start_harvesting_is_it_too_early_in,broken_link
https://www.reddit.com/r/gardening/comments/139o3md/butterfly_bush_is_only_getting_new_leaves_in_base,broken_link
https://www.reddit.com/r/gardening/comments/13bo8t7/tips_for_keeping_rabbits_out_of_my_garden,broken_link
https://www.reddit.com/r/gardening/comments/1dyfvc5/when_can_i_expect_morning_glory_to_bloom,broken_link
https://www.reddit.com/r/gardening/comments/d4k59k/how_to_stop_whatever_is_eating_my_leaves_in_a_non,broken_link
https://www.reddit.com/r/gardening/comments/f88n4/chipmunks_digging_in_outdoor_pots_how_do_i_get,broken_link
https://www.reddit.com/r/garudalinux/comments/18d0aqv/how_to_dual_boot_without_breaking_windows,broken_link
https://www.reddit.com/r/geforceexperience/comments/g65yeu/how_do_you_record_desktop_with_geforce_experience,broken_link
https://www.reddit.com/r/geforceexperience/comments/n29l53/instant_replay_shortcuts_not_working,broken_link
https://www.reddit.com/r/gemstones/comments/yfff33/are_all_glassfilled_rubies_worthless_or_can_some,broken_link
https://www.reddit.com/r/genealogy/comments/z4t3l9/forensic_genealogy,broken_link
https://www.reddit.com/r/generationology/comments/1d1vklf/the_most_accurate_gen_z_range,broken_link
https://www.reddit.com/r/genetics/comments/1e7n2th/use_of_forensic_genealogy_in_court_cases,broken_link
https://www.reddit.com/r/geology/comments/y7f74n/how_does_the_relative_thickness_of_a_planets,broken_link
https://www.reddit.com/r/getdisciplined/comments/18pt6vd/needadvice_looking_to_be_more_proactive_in_life,broken_link
https://www.reddit.com/r/globaloffensive/comments/8vcwpa/small_tweak_for_windows_10_users_which_might,broken_link
https://www.reddit.com/r/glutenfree/comments/16oc7ns/what_is_that_weird_taste_on_gluten_free_bread,broken_link
https://www.reddit.com/r/google/comments/15reukp/help_i_lost_some_tabs_and_i_cant_find_them_is_it,broken_link
https://www.reddit.com/r/gorillareddit/comments/zngak5/does_anyone_have_recommendations_for_a_reputable,broken_link
https://www.reddit.com/r/grammar/comments/14lwoqi/tips_to_remember_when_to_use_a_hyphen,broken_link
https://www.reddit.com/r/grammar/comments/684gc1/using_something_similar_to_as_such_to_mean,broken_link
https://www.reddit.com/r/h3h3productions/comments/1eta2s2/twitter_user_claims_barron_trump_had_very_serious,broken_link
https://www.reddit.com/r/haircarescience/comments/9valtv/does_biotin_promote_hair_growth,broken_link
https://www.reddit.com/r/hermeticism/comments/178stye/what_does_the_lightsun_represent,broken_link
https://www.reddit.com/r/historyporn/comments/1lke2lv/i_have_a_1968_mlk_magazine_that_doesnt_seem_to,broken_link
https://www.reddit.com/r/homedecorating/comments/1hm5tnd/do_people_like_box_springs_anymore_reason_why,broken_link
https://www.reddit.com/r/homeimprovement/comments/498fxw/tips_for_caulking_a_bathroom,broken_link
https://www.reddit.com/r/homelab/comments/17zpz85/efficiency_alternative_for_corsair_rm550x_in_home,broken_link
https://www.reddit.com/r/homelab/comments/1iik2ld/how_to_restrict_rdp_access_by_networtip_address,broken_link
https://www.reddit.com/r/homemaintenance/comments/1lhjoff/what_is_every_house_maintenance,broken_link
https://www.reddit.com/r/homenetworking/comments/xhrrgp/what_is_the_purpose_of_a_switch_in_a_home_network,broken_link
https://www.reddit.com/r/homesteading/comments/13cxzkj/guidlines_for_picking_asparagus_at_what_point_is,broken_link
https://www.reddit.com/r/homeworkhelp/comments/16uyw2k/college_englishtechmla_format_for_powerpoint,broken_link
https://www.reddit.com/r/hotpeppers/comments/15wpxie/best_way_to_dry_peppers_without_dehydrator,broken_link
https://www.reddit.com/r/hottub/comments/1f9c543/bromine_bad_for_hot_tubs,broken_link
https://www.reddit.com/r/hottub/comments/p3vrjv/bromine_hot_tub_start_up_looking_for_advice_new,broken_link
https://www.reddit.com/r/houseplants/comments/ooh2hz/painting_terracotta_pots,broken_link
https://www.reddit.com/r/howto/comments/189yia5/how_to_reduce_a_photo_to_fit_in_a_locket,broken_link
https://www.reddit.com/r/howto/comments/1i0kgsq/how_to_clean_glass_between_this_oven_door,broken_link
https://www.reddit.com/r/hummingbirds/comments/16g5aws/when_to_take_down_feeders_duluth_mn,broken_link
https://www.reddit.com/r/hummingbirds/comments/16om1tu/how_long_should_i_wait_before_taking_feeders_down,broken_link
https://www.reddit.com/r/hypertension/comments/1985ppq/hypertension_at_night_and_when_cold,broken_link
https://www.reddit.com/r/icloud/comments/15qqjm1/how_to_view_icloud_photos,broken_link
https://www.reddit.com/r/icloud/comments/1dt0k8a/creating_new_icloud_account,broken_link
https://www.reddit.com/r/indianhistory/comments/1dv9k4k/how_did_swami_vivekananda_die_mahasamadhi_or,broken_link
https://www.reddit.com/r/indianstartups/comments/1ca0ot0/can_you_tell_me_how_the_company_valuation_be,broken_link
https://www.reddit.com/r/indoorgarden/comments/t8rnli/painting_terracotta_pots,broken_link
https://www.reddit.com/r/interiordecorating/comments/1dl98x7/measuring_window_width_for_custom_pinch_pleat,broken_link
https://www.reddit.com/r/interiordecorating/comments/j1mdaz/need_help_with_curtains_how_wide_should_they,broken_link
https://www.reddit.com/r/intune/comments/yu6lgn/temporarily_disable_windows_defender_antivirus,broken_link
https://www.reddit.com/r/invincible/comments/puutfk/can_viltrumites_shave_their_mustaches,broken_link
https://www.reddit.com/r/ios/comments/16vhkbo/why_is_it_so_hard_to_place_stickers_in_imessage,broken_link
https://www.reddit.com/r/ios/comments/1ecp5nf/how_to_block_spam_calls,broken_link
https://www.reddit.com/r/iwanttolearn/comments/eta39m/iwtl_how_to_give_a_killer_presentation,broken_link
https://www.reddit.com/r/kamadojoe/comments/ghzniz/pampered_chef_pizza_stone,broken_link
https://www.reddit.com/r/keyboards/comments/s5u1il/how_do_i_customize_my_lighting_in_my_keyboard,broken_link
https://www.reddit.com/r/kindlefire/comments/zkktsk/getting_stock_android_on_fire_7_12th_gen_2022,broken_link
https://www.reddit.com/r/kubernetes/comments/z2inb0/kubenoob_here_i_installed_minikube_on_my_windows,broken_link
https://www.reddit.com/r/labrats/comments/i7il2d/how_should_i_cite_my_poster_presentation_on_my,broken_link
https://www.reddit.com/r/landscaping/comments/vgviq6/cleaning_up_the_yard_edge_in_a_house_we_purchased,broken_link
https://www.reddit.com/r/laptops/comments/178b2j3/when_should_i_charge_my_laptop,broken_link
https://www.reddit.com/r/laptops/comments/1f8qvxi/how_long_do_you_charge_a_new_laptop,broken_link
https://www.reddit.com/r/latterdaysaints/comments/1li9nwf/simple_thought_experiment_concerning_the,broken_link
https://www.reddit.com/r/lawncare/comments/m2dv52/when_to_use_crabgrass_preventer,broken_link
https://www.reddit.com/r/leagueoflegends/comments/17x9twp/what_is_the_meaning_of_main_champ,broken_link
https://www.reddit.com/r/learningasl/comments/1ghm6yr/watch_how_to_sign_hello_in_american_sign_language,broken_link
https://www.reddit.com/r/learnjavascript/comments/3d4hs5/eli5_what_in_the_heck_is_nodejs,broken_link
https://www.reddit.com/r/learnmath/comments/1647pa1/why_do_we_need_c_for_indefinite_integration,broken_link
https://www.reddit.com/r/learnprogramming/comments/3d3hwy/eli5_whats_the_point_of_an_abstract_class,broken_link
https://www.reddit.com/r/learnprogramming/comments/paqcp3/what_is_the_point_of_an_abstract_class,broken_link
https://www.reddit.com/r/learnprogramming/comments/qvl8fm/how_important_is_it_to_be_able_to_read_code,broken_link
https://www.reddit.com/r/learnprogramming/comments/vfiiwi/how_to_read_and_understand_code_faster,broken_link
https://www.reddit.com/r/learnpython/comments/vs1pec/can_someone_explain_how_python_functions_work,broken_link
https://www.reddit.com/r/leavingthenetwork/comments/yrzlso/the_apostle_paul_and_murder,broken_link
https://www.reddit.com/r/legaladvice/comments/o9sq5h/creating_a_will_in_nyc,broken_link
https://www.reddit.com/r/lifehack/comments/ffw1u1/instead_of_paying_for_an_acrylic_fill_when_your,broken_link
https://www.reddit.com/r/lifehacks/comments/15l01dh/how_to_block_out_really_loud_snoring,broken_link
https://www.reddit.com/r/lifehacks/comments/z11wip/how_to_stop_snoring_even_if_only_short_term,broken_link
https://www.reddit.com/r/lifeprotips/comments/16uubo5/lpt_request_how_do_i_open_up_my_first_bank,broken_link
https://www.reddit.com/r/lifeprotips/comments/18rcv5q/lpt_you_can_create_a_pdf_of_just_about_anything,broken_link
https://www.reddit.com/r/logitech/comments/1en2fw8/how_to_take_screenshot_pebble_keys_2_k380s_in,broken_link
https://www.reddit.com/r/logitech/comments/wg032z/how_to_get_a_screenshot_using_k380,broken_link
https://www.reddit.com/r/longhair/comments/171j5nl/does_rosemary_wateroil_actually_help_hair_grow,broken_link
https://www.reddit.com/r/loseit/comments/1daawl4/how_many_calories_do_you_eat_in_a_day_for_weight,broken_link
https://www.reddit.com/r/loseit/comments/31h7gu/i_am_in_so_much_pain_from_a_tooth_abscess_and_i,broken_link
https://www.reddit.com/r/loseit/comments/vyg40q/how_soon_or_at_what_weight_did_you_personally,broken_link
https://www.reddit.com/r/lotr/comments/1boose6/psa_ancalagon_the_black_was_almost_certainly_not,broken_link
https://www.reddit.com/r/love/comments/18e0v5m/seeking_selflove_advice_how_do_you_learn_to_love,broken_link
https://www.reddit.com/r/mac/comments/14op8mt/my_new_mac_air_closes_all_my_tabs_every_night,broken_link
https://www.reddit.com/r/mac/comments/1hznyma/anyone_know_how_to_reset_the_password_there_are,broken_link
https://www.reddit.com/r/machinelearning/comments/bygvut/d_whats_the_difference_between_low_rank,broken_link
https://www.reddit.com/r/macos/comments/1acwjhj/resetting_macbook_pros_password_was_unexpectedly,broken_link
https://www.reddit.com/r/macos/comments/ff3leg/what_is_stored_in_os_x_base_system_can_i_erase_it,broken_link
https://www.reddit.com/r/madmen/comments/11fp1rc/what_are_your_favorite_realworld_slogans_catch,broken_link
https://www.reddit.com/r/maine/comments/1g4jrbj/what_do_you_serve_as_a_side_with_lobster,broken_link
https://www.reddit.com/r/managers/comments/126jfkq/how_do_you_give_feedback_to_managers_about_their,broken_link
https://www.reddit.com/r/marinebiology/comments/xhmacj/what_can_i_do_with_a_marine_biology_degree,broken_link
https://www.reddit.com/r/math/comments/2tobfu/how_to_make_simple_matrix_figures_for,broken_link
https://www.reddit.com/r/mattress/comments/1ad7d9d/how_long_did_your_tempurpedic_last,broken_link
https://www.reddit.com/r/mattress/comments/eal6w2/tempurpedic_degrade_over_time_20_years,broken_link
https://www.reddit.com/r/mawinstallation/comments/ce3sy7/at_what_age_were_padawans_typically_knighted_and,broken_link
https://www.reddit.com/r/medicalschooluk/comments/ms3w28/osmolality_explanation_for_dummies,broken_link
https://www.reddit.com/r/medicare/comments/1fqew37/medicare_number,broken_link
https://www.reddit.com/r/medicare/comments/1jzard9/where_do_i_find_my_medicare_number,broken_link
https://www.reddit.com/r/mensfashionadvice/comments/1ekqxlb/how_can_i_tell_what_size_a_suit_jacket_is,broken_link
https://www.reddit.com/r/metalworking/comments/1p9qdh/looking_for_a_method_to_extract_silver_from_coins,broken_link
https://www.reddit.com/r/mexicanfood/comments/kkk0cz/my_husband_got_down_on_his_menudo_his_first_time,broken_link
https://www.reddit.com/r/mexicanfood/comments/l3t2ld/i_made_a_video_for_red_menudo_recipe_from_the,broken_link
https://www.reddit.com/r/microbiology/comments/1bmozek/leprosy_cases_are_increasing_in_the_us_the_number,broken_link
https://www.reddit.com/r/microbiome/comments/1gw36p3/burning_tongue,broken_link
https://www.reddit.com/r/microsoft/comments/1c2m56d/where_should_i_save_my_personal_files_locally_if,broken_link
https://www.reddit.com/r/microsoft365/comments/1g6rfau/how_do_you_add_a_shared_mailbox_to_new_outlook,broken_link
https://www.reddit.com/r/microsoftword/comments/15yt096/help_with_citations,broken_link
https://www.reddit.com/r/minecraft/comments/17osigc/alternate_ways_to_getting_nether_wart,broken_link
https://www.reddit.com/r/minecraft/comments/1fc5irc/im_really_struggling_to_find_nether_wart_does,broken_link
https://www.reddit.com/r/minecraft/comments/yukyk/the_care_and_feeding_of_cats,text_too_short
https://www.reddit.com/r/modernwarfareii/comments/ykoztl/nvidia_shadowplay_highlights,text_too_short
https://www.reddit.com/r/mold/comments/152f076/longterm_black_mold_exposure_how_screwed_am_i,text_too_short
https://www.reddit.com/r/mommit/comments/1esyzom/how_would_you_explain_why_you_try_to_feed_your,text_too_short
https://www.reddit.com/r/multiplesclerosis/comments/1gokqvu/how_many_different_medications_are_you_guys_on,text_too_short
https://www.reddit.com/r/multiplesclerosis/comments/1gyssjm/what_is_the_best_medication_right_now,text_too_short
https://www.reddit.com/r/nails/comments/1jj15pf/what_can_i_do_to_hide_the_growth_sos,text_too_short
https://www.reddit.com/r/nails/comments/8etzaw/real_nails_grown_as_long_as_my_acrylics,text_too_short
https://www.reddit.com/r/nails/comments/zmmkvi/what_to_do_when_your_real_nail_has_grown_as_long,text_too_short
https://www.reddit.com/r/nandeck/comments/13o8n0z/ways_to_increase_pdf_quality,text_too_short
https://www.reddit.com/r/nativeplantgardening/comments/h9jndn/keeping_chipmunks_out_of_flower_pots,text_too_short
https://www.reddit.com/r/newparents/comments/171dxml/baby_has_thrush_on_her_tongue,text_too_short
https://www.reddit.com/r/nostupidquestions/comments/11lnpwb/why_do_people_say_receded_gums_cant_grow_back,text_too_short
https://www.reddit.com/r/nostupidquestions/comments/17le9lx/i_had_a_tooth_extraction_and_ive_been_told_to_not,text_too_short
https://www.reddit.com/r/nostupidquestions/comments/193c6re/whats_delta8_and_why_is_it_bad,text_too_short
https://www.reddit.com/r/nostupidquestions/comments/197htxb/how_long_dose_it_take_for_a_giraffe_to_swallow,text_too_short
https://www.reddit.com/r/nostupidquestions/comments/1dtwt9n/what_is_the_worth_of_golden_coin_no,text_too_short
https://www.reddit.com/r/nostupidquestions/comments/yjg8gf/is_there_anything_we_use_in_our_daily_lives_made,text_too_short
https://www.reddit.com/r/notary/comments/112g8iq/how_to_get_started_what_next_tx,text_too_short
https://www.reddit.com/r/notary/comments/wh7ojs/how_to_become_a_notary_in_dallas_texas,text_too_short
https://www.reddit.com/r/office365/comments/1d9cc7b/strategy_for_archiving_mails,text_too_short
https://www.reddit.com/r/office365/comments/1fivt81/unable_to_add_a_shared_mailbox_in_outlook,text_too_short
https://www.reddit.com/r/office365/comments/nn21s9/word_online_insert_horizontal_line_or_add_border,text_too_short
https://www.reddit.com/r/onlyoffice/comments/sz4ei2/how_to_edit_pdf_files,text_too_short
https://www.reddit.com/r/openchristian/comments/1bquqt8/what_does_the_bible_actually_say_about_abortion,text_too_short
https://www.reddit.com/r/openchristian/comments/1jcoehn/the_evolution_of_the_trinity_doctrine_a,text_too_short
https://www.reddit.com/r/optimizedgaming/comments/su6cq7/windows_1011_optimization_guide,text_too_short
https://www.reddit.com/r/originalcharacter/comments/1lkyk01/whats_your_ocs_zodiac_sign_when_is_their_birthday,text_too_short
https://www.reddit.com/r/outlook/comments/197kj4i/help_archiving_with_outlook_365,text_too_short
https://www.reddit.com/r/overwatchuniversity/comments/1lix4bx/how_do_i_play_dva_effectively,text_too_short
https://www.reddit.com/r/perimenopause/comments/1eq2jpr/what_do_hot_flashes_feel_like,text_too_short
https://www.reddit.com/r/petpeeves/comments/190ydsr/when_people_ask_do_you_want_to_instead_of_will,text_too_short
https://www.reddit.com/r/pets/comments/16dsu0u/how_unhealthy_are_matts_on_cats,text_too_short
https://www.reddit.com/r/pizza/comments/1li5jc7/household_loves_pepperoni_pizza_this_is_a_quick,text_too_short
https://www.reddit.com/r/pizza/comments/1liyjjc/some_pizzas_i_made_yesterday,text_too_short
https://www.reddit.com/r/plumbing/comments/49e3w5/toilet_runs_for_about_2_seconds_every_510_minutes,text_too_short
https://www.reddit.com/r/plumbing/comments/9w5cp8/what_to_do_with_toto_toilet_takes_about_a_minute,text_too_short
https://www.reddit.com/r/pmdd/comments/1f0nlsx/the_science_behind_what_hormones_are_doing_what,text_too_short
https://www.reddit.com/r/pmdd/comments/tij5ql/you_should_know_estrogen_drops_twice_in_your_cycle,text_too_short
https://www.reddit.com/r/politicaldebate/comments/1absuxo/what_amendments_would_you_add_to_the_us,text_too_short
https://www.reddit.com/r/presidents/comments/15cwgsy/which_president_had_the_best_domestic_policy,text_too_short
https://www.reddit.com/r/presidents/comments/172ly2a/which_president_had_the_best_domestic_policies,text_too_short
https://www.reddit.com/r/prideandprejudice/comments/122m2um/your_hands_are_cold_meaning,text_too_short
https://www.reddit.com/r/professors/comments/1ll3cv3/does_anyone_else_just_feel_extraordinarily,text_too_short
https://www.reddit.com/r/rabbits/comments/qwebo2/how_early_can_you_tell_a_baby_bunnies_gender_not,text_too_short
https://www.reddit.com/r/randomactsofmakeup/comments/1iliwfn/whats_the_perfect_lipstick_for_my_skin_tone,text_too_short
https://www.reddit.com/r/reformed/comments/wdtz3g/why_does_god_love_humanity,text_too_short
https://www.reddit.com/r/renovations/comments/1ghlju4/how_to_attach_cabinets_to_each_other,text_too_short
https://www.reddit.com/r/rlcraft/comments/m5jr34/how_to_install_optifine_on_tlauncher,text_too_short
https://www.reddit.com/r/rslash_yt/comments/w489dr/what_happened_to_fresh,text_too_short
https://www.reddit.com/r/satisfactorygame/comments/1lk0jq2/did_you_know_that_each_notch_is_1_metre_thats_an,text_too_short
https://www.reddit.com/r/sciencebasedparenting/comments/vll5pc/organic_milk_vs_conventional_milk,text_too_short
https://www.reddit.com/r/seafood/comments/1cr7ldt/ive_never_prepared_lobster_tail_before_and_i_want,text_too_short
https://www.reddit.com/r/seo/comments/815so3/can_someone_explain_to_me_like_im_5_how_nofollow,text_too_short
https://www.reddit.com/r/seriousconversation/comments/1gqs9y5/how_would_someone_be_able_to_survive_a_recession,text_too_short
https://www.reddit.com/r/sims4/comments/11rujjo/does_anyone_know_how_topnotch_infant_works,text_too_short
https://www.reddit.com/r/singledads/comments/pj5wa1/how_to_break_up_with_baby_momma,text_too_short
https://www.reddit.com/r/skincareaddicts/comments/1in9nx4/how_can_i_remove_those_scars_and_other_marks_ive,text_too_short
https://www.reddit.com/r/socialism_101/comments/3ppti3/what_is_the_difference_between_libertarian,text_too_short
https://www.reddit.com/r/socialsecurity/comments/16ixych/how_do_i_switch_from_taking_my_exhusbands_social,text_too_short
https://www.reddit.com/r/spanish/comments/1fhnudn/what_doesnt_mono_mean,text_too_short
https://www.reddit.com/r/starlink/comments/m8ml0t/pptp_vpn_and_starlink,text_too_short
https://www.reddit.com/r/starwars/comments/193j35n/at_what_age_does_a_jedi_typically_get_knighted,text_too_short
https://www.reddit.com/r/steam/comments/2cfeg4/how_do_i_redeem_discount_codes,text_too_short
https://www.reddit.com/r/stockmarket/comments/1cy6zrt/what_is_the_meaning_of_this_double_top_and_double,text_too_short
https://www.reddit.com/r/studentnurse/comments/1ec0y6g/is_anatomy_and_physiology_really_that_hard,text_too_short
https://www.reddit.com/r/sublimation/comments/ypfgge/does_anyone_use_their_sublimation_printer_as_a,text_too_short
https://www.reddit.com/r/synesthesia/comments/eqze7w/the_real_question_is_what_colour_is_your_birthday,text_too_short
https://www.reddit.com/r/talktherapy/comments/112nudf/thought_disorders,text_too_short
https://www.reddit.com/r/teenmomogandteenmom2/comments/b93zew/a_theory_of_why_jason_and_leah_broke_up,text_too_short
https://www.reddit.com/r/terrainbuilding/comments/128rhcy/glue_for_hardening_sand_and_so_on,text_too_short
https://www.reddit.com/r/teslalounge/comments/15iyum7/is_there_any_money_in_building_a_super_charger,text_too_short
https://www.reddit.com/r/thatsinsane/comments/1lgvctp/man_who_went_to_get_his_neck_pain_fixed_now_wants,text_too_short
https://www.reddit.com/r/theforest/comments/ri51qm/cheats_on_ps4,text_too_short
https://www.reddit.com/r/thegirlsurvivalguide/comments/10qzwg7/i_always_have_cold_hands,text_too_short
https://www.reddit.com/r/thritis/comments/1i3wa7q/voltaren_not_quick_relief,text_too_short
https://www.reddit.com/r/tile/comments/1bvof62/natural_slate_installed_do_i_need_to_seal_it,text_too_short
https://www.reddit.com/r/tlauncher/comments/1ekmxxw/minecraft_shaders,text_too_short
https://www.reddit.com/r/tlauncher/comments/t12jlv/shaders,text_too_short
https://www.reddit.com/r/tooafraidtoask/comments/13fxkst/i_started_getting_terrible_headaches_after,text_too_short
https://www.reddit.com/r/trueaskreddit/comments/bnq900/does_technology_make_us_lonely,text_too_short
https://www.reddit.com/r/trueaskreddit/comments/vt5ojp/is_heavy_technologysocial_media_making_people,text_too_short
https://www.reddit.com/r/truechristian/comments/1gtf9ze/20_reasons_why_you_need_to_pray,text_too_short
https://www.reddit.com/r/trueoffmychest/comments/19a7tkn/i_was_diagnosed_with_walking_pneumonia_yesterday,text_too_short
https://www.reddit.com/r/twoxpreppers/comments/1iz37ic/how_does_one_deal_with_an_economic_recession,text_too_short
https://www.reddit.com/r/uscis/comments/1lfbvfg/eb3_skilled_aos_through_wife_with_no_gc_or,text_too_short
https://www.reddit.com/r/uscis/comments/1lfkp7m/case_moved_to_texas_service_centre_eb3_unskilled,text_too_short
https://www.reddit.com/r/valorant/comments/15wngv0/optimal_edpi,text_too_short
https://www.reddit.com/r/valorant/comments/1fezq2c/optimal_mouse_sens_for_wirst_aimers,text_too_short
https://www.reddit.com/r/valorant/comments/he9pey/whats_a_good_edpi_to_run_at,text_too_short
https://www.reddit.com/r/valorant/comments/jypr17/normal_dpi,text_too_short
https://www.reddit.com/r/valorant/comments/l1g08w/another_post_about_mouse_dpi_edpi_sensitivity,text_too_short
https://www.reddit.com/r/valoranttechsupport/comments/14b55r8/valorant_update_problem_solved,text_too_short
https://www.reddit.com/r/veterans/comments/14ioid8/how_do_you_respond_when_people_say_thank_you_for,text_too_short
https://www.reddit.com/r/windows10/comments/1auzzzg/how_do_i_turn_off_windows_defender,text_too_short
https://www.reddit.com/r/windows10/comments/1ew00cy/how_can_i_enable_internet_explorer,text_too_short
https://www.reddit.com/r/windows10/comments/ns7avl/ie_is_the_only_browser_that_can_properly_open_mht,text_too_short
https://www.reddit.com/r/windows11/comments/15d2dsx/how_can_i_compress_a_group_of_files_without,text_too_short
https://www.reddit.com/r/windows11/comments/1flke6r/what_is_the_optimized_way_to_setting_up_windows,text_too_short
https://www.reddit.com/r/windows11/comments/pzjqys/how_do_i_remove_ugly_chat_icon_from_taskbar,text_too_short
https://www.reddit.com/r/windowshelp/comments/1825aa5/how_to_change_my_local_account_password,text_too_short
https://www.reddit.com/r/windowshelp/comments/1jna223/my_windows_10_version_suddenly_became_2009,text_too_short
https://www.reddit.com/r/windowsserver/comments/1iik1xb/how_to_restrict_rdp_access_by,text_too_short
https://www.reddit.com/r/winsides/comments/1g1ry06/how_to_change_administrator_name_in_windows_11,text_too_short
https://www.reddit.com/r/winsides/comments/1g4309a/how_to_change_user_account_name_in_windows_11,text_too_short
https://www.reddit.com/r/winsides/comments/1hsfm93/fix_windows_user_folder_name_incorrect_issue_in,text_too_short
https://www.reddit.com/r/wireguard/comments/hzfrvu/setting_up_a_wireguard_bounce_server,text_too_short
https://www.reddit.com/r/workadvice/comments/1dnrl9s/should_i_take_time_off_for_pneumonia,text_too_short
https://www.reddit.com/r/zoom/comments/16g7w9b/how_share_ppt_screen_but_not_in_presenter_view,text_too_short
https://www.reddit.com/r/zoom/comments/jfjely/how_do_i_screen_share_powerpoint_in_presenter,text_too_short
https://www.reddit.com/r/zoom/comments/jxt4jb/when_a_zoom_room_is_being_recorded_what_exactly,text_too_short
https://www.reefcentral.com/forums/showthread.php,broken_link
https://www.referenceforbusiness.com/management/log-mar/maintenance.html,broken_link
https://www.regionaldigestiveconsultants.com/diets/gallstones-dietforgallstones.pdf,pdf
https://www.rei.com/learn/expert-advice/how-to-keep-hands-warm.html,broken_link
https://www.reidsupply.com/en-us/industry-news/iron-vs-steel,broken_link
https://www.rejuvenation.com,broken_link
https://www.remotepc.com,broken_link
https://www.reonline.org.uk/wp-content/uploads/2021/01/2-brief-history-of-the-trinity.pdf,pdf
https://www.repairmsexcel.com/blog/excel-hide-errors,broken_link
https://www.reproductiverights.org/sites/default/files/documents/pub_bp_safeandlegal.pdf,pdf
https://www.rescue.org/uk/fundraising-ideas,broken_link
https://www.researchgate.net/figure/axial-ct-angiography-of-intracranial-and-extracranial-arteries-in-different-levels_fig1_318565152,broken_link
https://www.researchgate.net/figure/cultivated-specimens-with-bluing-of-psilocybe-ovoideocystidiata_fig2_235436020,broken_link
https://www.researchgate.net/figure/esophagus-the-parasites-lodged-in-burrowed-tunnels-in-the-stratum-spinosum-without-any_fig2_250612197,broken_link
https://www.researchgate.net/figure/figure-no-1-break-even-point-graph_fig1_318421144,broken_link
https://www.researchgate.net/figure/relationship-between-age-and-total-small-and-large-intestine-length-in_fig2_277408484,broken_link
https://www.researchgate.net/figure/responses-to-thinking-about-what-you-know-about-dna-use-for-solving-crimes-where-did_tbl1_265851500,broken_link
https://www.researchgate.net/figure/total-sugars-reducing-and-non-reducing-sugars-g-100g-of-traditional-rice-varieties_tbl3_344517779,broken_link
https://www.researchgate.net/post/how-to-calculate-dew-point-temperature-from-humidity-maximum-minimum-and-average-air-temperature,broken_link
https://www.researchgate.net/post/how-to-calculate-the-energy-consumption-by-air-conditioner-ac-load,broken_link
https://www.researchgate.net/post/in-what-ways-can-citizen-participation-contribute-to-good-governance,broken_link
https://www.researchgate.net/post/is-there-any-medication-approved-from-fda-for-the-treatment-of-multiple-sclerosis,broken_link
https://www.researchgate.net/post/is_there_any_formula_to_calculate_dewpoint_temperature_without_knowing_relative_humidity,broken_link
https://www.researchgate.net/post/which_control_variables_should_i_use,broken_link
https://www.researchgate.net/publication/224865226_diagnostic_accuracy_of_bedside_swallow_evaluation_versus_videofluoroscopy_to_assess_dysphagia_in_individuals_with_tetraplegia,broken_link
https://www.researchgate.net/publication/235436020_the_occurrence_cultivation_and_chemistry_of_psilocybe_ovoideocystidiata_a_new_bluing_species_agaricales_from_ohio_pennsylvania_and_west_virginiabyallen_john_w_gartz_jochen_molter_dan_and_prakitsin_sih,broken_link
https://www.researchgate.net/publication/236118184_the_importance_of_global_citizenship_to_higher_education_the_role_of_short-term_study_abroad,broken_link
https://www.researchgate.net/publication/242680074_what_is_an_employee_the_answer_depends_on_the_federal_law,broken_link
https://www.researchgate.net/publication/272353495_technology_to_reduce_social_isolation_and_loneliness,broken_link
https://www.researchgate.net/publication/280630813_variable_annuity_with_gmwb_surrender_or_not_that_is_the_question,broken_link
https://www.researchgate.net/publication/292629288_the_problem_of_kingdom_now_theology_challenge_part_1,broken_link
https://www.researchgate.net/publication/292869655_bibliographic_citation_and_referencing_method,broken_link
https://www.researchgate.net/publication/303817159_the_impact_of_technology_on_older_adults'_social_isolation,broken_link
https://www.researchgate.net/publication/307598681_effective_leadership_is_all_about_communicating_effectively_connecting_leadership_and_communication,broken_link
https://www.researchgate.net/publication/314800267_structuring_and_presenting_annotated_media_repositories,broken_link
https://www.researchgate.net/publication/322069750_review_on_seed_process_and_storage_condition_in_relation_to_seed_moisture_and_ecological_factor,broken_link
https://www.researchgate.net/publication/326487355_clinical_pharmacokinetics_and_pharmacodynamics_of_propofol,broken_link
https://www.researchgate.net/publication/343217056_development_of_an_accurate_bedside_swallowing_evaluation_decision_tree_algorithm_for_detecting_aspiration_in_acute_respiratory_failure_survivors,broken_link
https://www.researchgate.net/publication/376197644_effective_communication_results_in_effective_leadership,broken_link
https://www.researchgate.net/publication/382882334_bank_accounts_for_minors_a_pathway_to_financial_inclusion_or_a_dead-end,broken_link
https://www.researchgate.net/publication/383272073_control_variables_a_review_and_proposed_guidelines,broken_link
https://www.researchgate.net/publication/384530495_early_renaissance_concepts_of_time_and_the_invention_of_mechanical_clocks,broken_link
https://www.researchgate.net/publication/385129789_why_inclusive_language_matters,broken_link
https://www.researchgate.net/publication/6776448_passage_of_mannitol_into_the_brain_around_gliomas_a_potential_cause_of_rebound_phenomenon_a_study_on_21_patients,broken_link
https://www.resonance.ac.in/sc/post/attachment/(968)-chemistry-gyan-sutra-jee-main.pdf,pdf
https://www.restart.run/articles/two-point-museum-fantasy-finds-dlc-revealed,text_too_short
https://www.restart.run/articles/video-cyberpunk-2077-nintendo-switch-2-gameplay,text_too_short
https://www.reuters.com/article/sports/cowher-resigns-as-steelers-coach-idusn05337620,broken_link
https://www.reuters.com/article/world/fact-check-false-claims-about-when-jill-and-joe-biden-started-dating-iduskbn29w2md,broken_link
https://www.reuters.com/article/world/us-politics/covid-19-infection-gives-some-immunity-but-virus-can-still-be-spread-study-fin-iduskbn29j002,broken_link
https://www.reuters.com/business/autos-transportation/musk-disbands-tesla-ev-charging-team-leaving-customers-dark-2024-04-30,broken_link
https://www.reuters.com/business/environment/french-court-bans-sale-two-glyphosate-based-weedkillers-2023-05-12,broken_link
https://www.reuters.com/markets/us,broken_link
https://www.reuters.com/world/us/us-study-finds-no-evidence-havana-syndrome-brain-injury-2024-03-18,broken_link
https://www.rit.edu/ntid/sites/rit.edu.ntid/files/nce/employers/p2128_ntid_tips_for_comm_with_employees.pdf,pdf
https://www.ritzcarltonyachtcollection.com/the-perfected-packing-list-courtesy-of-saks,text_too_short
https://www.ritzcarltonyachtcollection.com/yachts/ilma,text_too_short
https://www.rivalry.com/news/latest-fortnite-codes-free-v-bucks,text_too_short
https://www.robertsdesigns.com.au/wp-content/uploads/2018/10/rd_how-to-guide-how-to-seal-slate.pdf,pdf
https://www.roku.com/mobile-app,text_too_short
https://www.romeartlover.it/pechino3.html,broken_link
https://www.royalberkshire.nhs.uk/media/hziltyz2/dietary-advice-for-patients-with-gallstones_jan23.pdf,pdf
https://www.rrcs.org/downloads/plate%20tectonic%20notes%20pdf2.pdf,pdf
https://www.ruh.nhs.uk/zz_content_include/services/clinical_depts/dietetics/documents/dietary_advice_for_the_management_of_gallbladder_disease.pdf,pdf
https://www.rumcsi.org/news/things-you-can-try-right-now-to-stop-snoring,broken_link
https://www.runnings.com/manna-pror-calf-mannar-performance-supplement-50-lb.html,text_too_short
https://www.rustoleum.com/paints-stains-sealers/spray-paint,broken_link
https://www.rvc.ac.uk/media/default/beaumont%20sainsbury%20animal%20hospital/documents/kennel-cough-fact-sheet%20final%20jan%202019.pdf,pdf
https://www.rwjbh.org/documents/rwjbh-infographic-covid-19-exposure-testing-and-quarantine-english.pdf,pdf
https://www.rytelohcp.com/wp-content/uploads/2024/08/c-us-ryt-im-0042_rytelo_reimbursement-guide_billing-and-coding.pdf,pdf
https://www.sacbee.com/news/california/article251814418.html,broken_link
https://www.safetyandquality.gov.au/standards/nsqhs-standards,broken_link
https://www.safeway.com/shop/product-details.136010483.html,text_too_short
https://www.safeworkaustralia.gov.au/safety-topic/hazards/chemicals/safety-data-sheets,broken_link
https://www.safeworkaustralia.gov.au/system/files/documents/1702/understanding_safety_data_sheets_fact_sheet.docx,broken_link
https://www.saffm.hq.af.mil/fm-resources/budget,broken_link
https://www.sagaftra.org/videos/pilot-season-part-2-another-year-another-opportunity-more-greatness,broken_link
https://www.sampoernauniversity.ac.id/news/the-importance-of-global-citizenship-at-sampoerna-university,broken_link
https://www.samsclub.com/p/cyberpowerpc-gamer-master-desktop-windows-11-home/p03003990,text_too_short
https://www.sanat.io/eng/p/low-triglyceride-levels-implications-and-considerations,text_too_short
https://www.sandiego.edu/engineering/undergraduate/industrial-and-systems-engineering,text_too_short
https://www.sandiegocounty.gov/content/dam/sdc/deh/hmd/presentations/epictraining/5%20-%20hazardous%20waste.pdf,pdf
https://www.sandiegocounty.gov/content/dam/sdc/deh/lwqd/sam/dtsc%20-%20final%20draft%2010-1-14%20sam%20fall%20forum.pptx,broken_link
https://www.sap.com/resources/what-is-preventive-maintenance,broken_link
https://www.saveagorilla.org,broken_link
https://www.savethestudent.org/shopping/fashion/how-to-up-cycle-your-old-clothing.html,broken_link
https://www.scappooselibrary.org/news-events/spring_mushrooms_of_nw_oregon_2022.pdf,pdf
https://www.schools.nyc.gov/school-life/health-and-wellness/sports-and-staying-active/champs,broken_link
https://www.schooltube.com/toe-in-and-toe-out-understanding-car-alignment,broken_link
https://www.science.org/content/article/having-sars-cov-2-once-confers-much-greater-immunity-vaccine-vaccination-remains-vital,broken_link
https://www.science.org/doi/10.1126/sciadv.adt7718,broken_link
https://www.science.org/doi/10.1126/sciadv.adv8231,broken_link
https://www.science.org/doi/10.1126/science.aaz9468,broken_link
https://www.science.org/doi/10.1126/science.adn1570,broken_link
https://www.science.org/doi/10.1126/scitranslmed.adw2256,broken_link
https://www.sciencebuddies.org/science-fair-projects/science-fair/writing-a-bibliography-examples-of-apa-mla-styles,broken_link
https://www.sciencedirect.com/science/article/abs/pii/s0091743514001716,broken_link
https://www.sciencedirect.com/science/article/abs/pii/s0148296320308663,broken_link
https://www.sciencedirect.com/science/article/abs/pii/s0160932715200592,broken_link
https://www.sciencedirect.com/science/article/abs/pii/s0167527319317656,broken_link
https://www.sciencedirect.com/science/article/abs/pii/s0303846717302883,broken_link
https://www.sciencedirect.com/science/article/abs/pii/s0306987721001997,broken_link
https://www.sciencedirect.com/science/article/abs/pii/s0362331916300519,broken_link
https://www.sciencedirect.com/science/article/abs/pii/s0378512225000234,broken_link
https://www.sciencedirect.com/science/article/abs/pii/s0741521487700470,broken_link
https://www.sciencedirect.com/science/article/abs/pii/s1048984323000607,broken_link
https://www.sciencedirect.com/science/article/abs/pii/s1049386711000144,broken_link
https://www.sciencedirect.com/science/article/abs/pii/s1473309911700068,broken_link
https://www.sciencedirect.com/science/article/abs/pii/s1934148212000238,broken_link
https://www.sciencedirect.com/science/article/pii/b9780122386626500057,broken_link
https://www.sciencedirect.com/science/article/pii/b9780128227268000191,broken_link
https://www.sciencedirect.com/science/article/pii/s0006497120667696,broken_link
https://www.sciencedirect.com/science/article/pii/s0018506x24001338,broken_link
https://www.sciencedirect.com/science/article/pii/s0025619618309376,broken_link
https://www.sciencedirect.com/science/article/pii/s0048969723083870,broken_link
https://www.sciencedirect.com/science/article/pii/s0147176724001196,broken_link
https://www.sciencedirect.com/science/article/pii/s0163445324000689,broken_link
https://www.sciencedirect.com/science/article/pii/s0167494302000602,broken_link
https://www.sciencedirect.com/science/article/pii/s0167494324001547,broken_link
https://www.sciencedirect.com/science/article/pii/s0264410x23011593,broken_link
https://www.sciencedirect.com/science/article/pii/s0264410x24000574,broken_link
https://www.sciencedirect.com/science/article/pii/s0885392410004896,broken_link
https://www.sciencedirect.com/science/article/pii/s1048984324000742,broken_link
https://www.sciencedirect.com/science/article/pii/s1049386715001589,broken_link
https://www.sciencedirect.com/science/article/pii/s1081120622018130,broken_link
https://www.sciencedirect.com/science/article/pii/s1388245721003722,broken_link
https://www.sciencedirect.com/science/article/pii/s147444221370067x,broken_link
https://www.sciencedirect.com/science/article/pii/s1673852724001589,broken_link
https://www.sciencedirect.com/science/article/pii/s1808869415309794,broken_link
https://www.sciencedirect.com/science/article/pii/s1933287421000623,broken_link
https://www.sciencedirect.com/science/article/pii/s2090074014000565,broken_link
https://www.sciencedirect.com/science/article/pii/s209580992100237x,broken_link
https://www.sciencedirect.com/science/article/pii/s2352047723000291,broken_link
https://www.sciencedirect.com/science/article/pii/s2352827321002950,broken_link
https://www.sciencedirect.com/science/article/pii/s244542492100025x,broken_link
https://www.sciencedirect.com/science/article/pii/s2666524721002196,broken_link
https://www.sciencedirect.com/topics/biochemistry-genetics-and-molecular-biology/triglyceride,broken_link
https://www.sciencedirect.com/topics/chemistry/lead-acid-battery,broken_link
https://www.sciencedirect.com/topics/computer-science/citizen-participation,broken_link
https://www.sciencedirect.com/topics/computer-science/domestic-politics,broken_link
https://www.sciencedirect.com/topics/computer-science/ethernet-switch,broken_link
https://www.sciencedirect.com/topics/computer-science/facial-expression,broken_link
https://www.sciencedirect.com/topics/computer-science/low-rank-representation,broken_link
https://www.sciencedirect.com/topics/computer-science/point-tunneling-protocol,broken_link
https://www.sciencedirect.com/topics/earth-and-planetary-sciences/dew-point,broken_link
https://www.sciencedirect.com/topics/earth-and-planetary-sciences/earth-core,broken_link
https://www.sciencedirect.com/topics/earth-and-planetary-sciences/gas-generator,broken_link
https://www.sciencedirect.com/topics/economics-econometrics-and-finance/food-policy,broken_link
https://www.sciencedirect.com/topics/engineering/dew-point,broken_link
https://www.sciencedirect.com/topics/engineering/gas-generator,broken_link
https://www.sciencedirect.com/topics/engineering/lead-acid-battery,broken_link
https://www.sciencedirect.com/topics/engineering/pure-iron,broken_link
https://www.sciencedirect.com/topics/mathematics/antiderivatives,broken_link
https://www.sciencedirect.com/topics/medicine-and-dentistry/bipolar-ii-disorder,broken_link
https://www.sciencedirect.com/topics/medicine-and-dentistry/propofol,broken_link
https://www.sciencedirect.com/topics/medicine-and-dentistry/thought-disorder,broken_link
https://www.sciencedirect.com/topics/medicine-and-dentistry/type-ii-of-bipolar-disorder,broken_link
https://www.sciencedirect.com/topics/neuroscience/thought-disorder,broken_link
https://www.sciencedirect.com/topics/nursing-and-health-professions/hyperosmolality,broken_link
https://www.sciencedirect.com/topics/pharmacology-toxicology-and-pharmaceutical-science/delta8-tetrahydrocannabinol,broken_link
https://www.sciencedirect.com/topics/pharmacology-toxicology-and-pharmaceutical-science/hyperosmolality,broken_link
https://www.sciencedirect.com/topics/psychology/facial-expression,broken_link
https://www.sciencedirect.com/topics/social-sciences/citizens-participation,broken_link
https://www.sciencedirect.com/topics/social-sciences/domestic-policy,broken_link
https://www.sciencedirect.com/topics/social-sciences/generation-z,broken_link
https://www.sciencedirect.com/topics/social-sciences/socialism,broken_link
https://www.scienceforums.net/topic/15506-naming-organics,broken_link
https://www.scienceofpeople.com/microexpressions,broken_link
https://www.scientia-education.com/manuals/ai_hl/splitted/ti84_for_ai_hl_5_10_second_derivative.pdf,pdf
https://www.screentogif.com,text_too_short
https://www.seagate.com/products/gaming-drives/pc-gaming/best-pc-gaming-drives,broken_link
https://www.seagate.com/support/kb/how-to-format-your-drive-on-windows,broken_link
https://www.seagate.com/support/kb/how-to-format-your-hard-drive-220151en,broken_link
https://www.sec.gov/archives/edgar/data/1044561/000119312505083907/dex994e.htm,broken_link
https://www.sec.gov/archives/edgar/data/1052766/000119312507211857/dex994b.htm,broken_link
https://www.sec.state.ma.us/divisions/corporations/filing-by-subject/corporations/corporations-domestic.htm,text_too_short
https://www.senat.gov.pl/en/petitions,broken_link
https://www.senate.gov/civics/constitution_item/constitution.htm,text_too_short
https://www.servicesaustralia.gov.au/medicare-card,broken_link
https://www.servicesaustralia.gov.au/medicare-online-account,broken_link
https://www.sevenreflections.com/name/buddha,broken_link
https://www.sexualhealthsheffield.nhs.uk/wp-content/uploads/2015/03/pubic-lice-patient-booklet-2018.pdf,pdf
https://www.sfgate.com/food/article/costco-changes-hours-executive-members-20386560.php,broken_link
https://www.sfgate.com/homeandgarden/article/scotch-tape-has-really-stuck-around-2733208.php,broken_link
https://www.sfgate.com/shopping/article/how-to-clean-glass-oven-doors-17034208.php,broken_link
https://www.shareus.com/windows/how-to-change-administrator-name-and-email-on-windows-11.html,broken_link
https://www.sharlafritz.com/2021/08/10-ways-gods-love-changes-you,broken_link
https://www.sheamoisture.com/us/en/p/rosemary-&-collagen-strengthening-scalp-&-hair-oil.html/00764302025986,broken_link
https://www.shi.com/product/39955060/cyberpowerpc-syber-k1,broken_link
https://www.shillingstone.dorset.sch.uk/wp-content/uploads/2020/05/eh-science-variables.pdf,pdf
https://www.shutterstock.com/video/search/couple-taking-shower,broken_link
https://www.sienaheights.edu/10-reasons-leadership-is-important-in-the-workplace,broken_link
https://www.sikayetvar.com/en/fortnite-us/my-fortnite-redeem-code-show-as-invalid-and-now-im-stuck-wondering-what-went-wrong-what-should-i-do-next-q-7036,broken_link
https://www.sikayetvar.com/en/valorant-us,broken_link
https://www.sikayetvar.com/en/valorant-us/my-valorant-tracker-profile-is-not-updating-with-my-recent-matches-how-can-i-fix-it-q-7180,broken_link
https://www.silkroadtravel.com/xian/attraction,broken_link
https://www.simplehomesimplelife.com/blog/how-to-stay-sane-working-from-home,broken_link
https://www.singlecare.com/conditions/hyperkalemia-symptoms,broken_link
https://www.singlecare.com/conditions/multiple-sclerosis-treatment-and-medications,broken_link
https://www.singlecare.com/prescription/propofol/what-is,broken_link
https://www.siretta.com/2024/10/how-to-connect-a-siretta-industrial-router-to-a-vpn-tunnel-using-pptp-protocol,text_too_short
https://www.siue.edu/~jokling/courses/ece210/ch%2011%20-%20ac%20power%20analysis.pdf,pdf
https://www.sivuh.ie/download.aspx,text_too_short
https://www.sjsu.edu/writingcenter/docs/handouts/results%20section%20for%20research%20papers.pdf,pdf
https://www.skh.com.sg/patient-care/documents/coronary%20angiography.pdf,pdf
https://www.skillshare.com/en/blog/upcycled-clothing-turn-your-trash-into-fashion,broken_link
https://www.skymd.com/conditions/hives-urticaria,broken_link
https://www.skyrizihcp.com/content/dam/skyrizihcpivy/docs/ulcerative-colitis/billing_and_coding_guide.pdf,pdf
https://www.slatecleaning.com.au/slate-resealing,broken_link
https://www.sleepandhealth.com/decreasing-mucous-build-decrease-need-respirators-covid-19-patients-increase-survival-rates,broken_link
https://www.sling.com,text_too_short
https://www.sling.com/channels,text_too_short
https://www.sling.com/programming/entertainment,text_too_short
https://www.sling.com/programming/local-channels,text_too_short
https://www.sling.com/programming/max,text_too_short
https://www.sling.com/programming/paramount-showtime,text_too_short
https://www.sling.com/service/premium-streaming,text_too_short
https://www.sling.com/service/sling-blue,text_too_short
https://www.sling.com/service/sling-orange,text_too_short
https://www.sling.com/service/sling-orange-and-blue,text_too_short
https://www.sling.com/shows,text_too_short
https://www.smchealth.org/sites/main/files/file-attachments/20180830_how_to_avoid_most_common_hw_violations.pdf,pdf
https://www.smoked-meat.com/forum/forum/sauces-rubs/1127029-black-peppercorn-sauce,broken_link
https://www.soa.org/4aa746/globalassets/assets/files/resources/research-report/2021/2016-va-gmwb.pdf,pdf
https://www.soa.org/globalassets/assets/files/static-pages/research/arch/2007/arch07v41n1_xix.pdf,pdf
https://www.socialconnectedness.org/wp-content/uploads/2019/10/social-isolation-and-technology-how-technology-can-be-used-to-reduce-social-isolation-among-older-adults-in-british-columbia.pdf,pdf
https://www.sofi.com/learn/content/age-to-open-bank-account,broken_link
https://www.sofi.com/learn/content/rsi-relative-strength-index,broken_link
https://www.softpedia.com/hubs/play-mkv,broken_link
https://www.somedaysaints.com/nine-reasons-to-pray-with-scripture,broken_link
https://www.sorm.state.tx.us/wp-content/uploads/2017/06/2301-n.pdf,pdf
https://www.southernexposure.com,text_too_short
https://www.southernexposure.com/notes-on-seed-storage,text_too_short
https://www.spaceforce.mil/about-us/fact-sheets/fact-sheet-display/article/3743020/space-delta-8,broken_link
https://www.sparknotes.com/shakespeare/twelfthnight/quotes/character/orsino,broken_link
https://www.sparknotes.com/shakespeare/twelfthnight/section1,broken_link
https://www.speechease.net.au/wp-content/uploads/2022/01/bedside-swallowing-evaluation.pdf,pdf
https://www.spiceworks.com/hr/recruitment-onboarding/articles/what-is-new-employee-onboarding,broken_link
https://www.spiceworks.com/tech/networking/articles/pptp-vs-l2tp,broken_link
https://www.spiceworks.com/tech/networking/articles/what-is-network-switch,broken_link
https://www.spiceworks.com/tech/tech-general/articles/what-is-zip-file,broken_link
https://www.spiritualbee.com/posts/reason-for-death-of-swami-vivekananda,broken_link
https://www.spravatohcp.com/payer-coverage-and-reimbursement,text_too_short
https://www.springly.org/en-us/blog/membership-website-builder,text_too_short
https://www.ssa.gov/apply,broken_link
https://www.ssa.gov/family,broken_link
https://www.ssa.gov/family/eligibility,broken_link
https://www.ssa.gov/history/pdf/notch.pdf,pdf
https://www.ssa.gov/medicare/manage,broken_link
https://www.ssa.gov/prepare/check-eligibility-for-benefits,broken_link
https://www.ssa.gov/pubs/en-05-10042.pdf,pdf
https://www.ssa.gov/pubs/en-05-10077.pdf,pdf
https://www.ssa.gov/pubs/en-05-10153.pdf,pdf
https://www.sssutms.co.in/cms/areas/website/files/link/econtent/anatomy_physiology.pdf,pdf
https://www.stamfordadvocate.com/entertainment/article/how-sorry-baby-writer-producer-star-eva-20395521.php,broken_link
https://www.star-telegram.com/sports/spt-columns-blogs/mac-engel/article309372475.html,broken_link
https://www.starnewsonline.com/story/news/local/2025/06/23/new-hanover-county-declines-to-require-inspections-of-historic-structures/84060559007,text_too_short
https://www.starrybook.app/blog/what-does-it-mean-to-be-born-on-december-3-discover-your-zodiac!-60671044-0c2c-4be3-b484-055c7294433d,broken_link
https://www.startwithyourheart.com/wp-content/uploads/2019/11/bloodpressurestationguide.pdf,pdf
https://www.starwars.com/databank/anakin-skywalker,broken_link
https://www.starwars.com/databank/darth-vader,broken_link
https://www.stash.com/learn/how-to-save-usd10k-in-6-months,text_too_short
https://www.stash.com/party,text_too_short
https://www.stat.berkeley.edu/~mmahoney/f13-stat260-cs294/lectures/lecture14.pdf,pdf
https://www.state.gov,text_too_short
https://www.state.gov/briefings/department-press-briefing-june-24-2025,text_too_short
https://www.state.gov/releases/office-of-the-spokesperson/2025/06/secretary-of-state-marco-rubio-with-dasha-burns-of-politico,text_too_short
"https://www.stjohns-es.org/uploaded/faculty/elementary_teachers/enrichment/science/variables,_5th_web_page_wo_9-28_and_10-5.pdf",pdf
https://www.stjohnsschool.org/uploaded/files/nut_sensitive_faqs_aug2017.pdf,pdf
https://www.stlouiscountymn.gov/portals/0/rpts/slcj_jail_roster.pdf,pdf
https://www.stlouisfed.org/on-the-economy/2024/may/which-us-households-have-credit-card-debt,broken_link
https://www.stlouisfed.org/open-vault/2024/april/social-security-benefits-through-your-spouse-or-ex,broken_link
https://www.stopwaste.org/sites/default/files/ryan%20batty%20dtsc.pdf,pdf
https://www.stowe.com/explore-the-resort/activities-and-events/gondola-skyride.aspx,text_too_short
https://www.studocu.com/en-us/document/west-hills-college-coalinga/human-anatomy/med-surg-ch-8-fluid-and-electrolyte-management-study-guide/131706428,broken_link
https://www.studocu.com/en-us/messages/question/10155184/what-was-the-longoria-affair-and-why-was-it-controversial,broken_link
https://www.studocu.com/en-za/messages/question/7812725/which-one-of-the-following-statements-is-not-applicable-to-the-new-generation-employee-knowledge,broken_link
https://www.stvincenthospital.com/services/orthopedics/back-pain/corporate-content/a-common-cause-of-knee-and-hip-pain-and-how-to-treat-it,broken_link
https://www.stylemanual.gov.au/grammar-punctuation-and-conventions/punctuation/hyphens,broken_link
https://www.stylist.co.uk/astrology/sun-sign-meaning-astrology/927207,text_too_short
https://www.stylist.co.uk/fitness-health/workouts/hip-pain-walking-hiking/665729,text_too_short
https://www.stylist.co.uk/health/mental-health/5-techniques-for-self-love/748744,text_too_short
https://www.superyachttimes.com/yacht-news/steeler-yachts-ceo-hans-webbink,text_too_short
https://www.supremecourt.gov/opinions/19pdf/17-1618_hfci.pdf,pdf
https://www.supremecourt.gov/opinions/24pdf/23-1002_1p24.pdf,pdf
https://www.surgeryencyclopedia.com/a-ce/anesthesia-general.html,broken_link
https://www.swamedia.com/southwest-stories/mcnwep4b4eqze6xosdqc2s5x2c7q,text_too_short
https://www.synchrony.com/marketplace/partner,text_too_short
https://www.t-mobile.com/support/tutorials/device/apple/iphone-11/topic/email-amp-messaging/how-to-send-stickers-in-imessage,broken_link
https://www.t-mobile.com/support/tutorials/device/apple/iphone-7-ios-11/topic/settings/create-an-icloud-account,broken_link
https://www.tabdeck.so/blog/how-to-restore-your-browser-tabs-and-tab-groups,text_too_short
https://www.tablesgenerator.com,broken_link
https://www.tacoma.uw.edu/sites/default/files/2021-05/calculator-tips.pdf,pdf
https://www.tandfonline.com/doi/full/10.1080/01436597.2020.1794805,broken_link
https://www.tandfonline.com/doi/full/10.1080/13569317.2023.2196243,broken_link
https://www.tandfonline.com/doi/pdf/10.1080/13876988.2011.583772,broken_link
https://www.target.com/c/gift-wrap-bags-accessories-party-supplies/bridal/-/n-5xt1yzon4r9,broken_link
https://www.taylortechnologies.com/en/page/123/whats-best-for-a-spa-chlorine-or-bromine,text_too_short
https://www.tdcj.texas.gov/definitions/index.html,broken_link
https://www.tdpri.com/threads/saving-fine-sounding-garage-band-projects-to-disk-results-in-boxy-quiet-blah-how-to-fix-that.1177911,broken_link
https://www.technology.org/2018/07/31/another-ship-was-watching-titanic-go-down-why-no-one-helped,broken_link
https://www.technology.org/how-and-why/do-i-have-to-keep-my-laptop-always-plugged-in-to-keep-battery-charged-100,broken_link
https://www.techradar.com/how-to/how-to-move-your-taskbar-in-windows-11,broken_link
https://www.tecumseh.k12.oh.us/downloads/ti8384%20math%20manual.pdf,pdf
https://www.telegraph.co.uk/food-and-drink/features/hot-sauce-guide,broken_link
https://www.telegraph.co.uk/global-health/science-and-disease/leprosy-us-florida-cases-rising-why,broken_link
https://www.telegraph.co.uk/news/2024/03/18/havana-syndrome-mystery-deepens-major-study-no-brain-damage,broken_link
https://www.telegraph.co.uk/recommended/home/best-steam-irons,broken_link
https://www.temu.com/bridal-shower-gift-bags-5040009108616-s.html,text_too_short
https://www.tepezzahcp.com/-/media/themes/horizon/tepezzahcp-com/tepezzahcp-com/document/tepezza-billing-and-coding-guide.pdf,pdf
https://www.terradaily.com/reports/glyphosate_where_is_it_banned_or_restricted_999.html,broken_link
https://www.tesco.com/groceries/en-gb/products/281928072,broken_link
https://www.tesco.com/groceries/en-gb/products/314308698,broken_link
https://www.tesla.com/commercial-wall-connector,broken_link
https://www.tesla.com/host-a-supercharger,broken_link
https://www.tesla.com/nacs,broken_link
https://www.tesla.com/support/charging/commercial,broken_link
https://www.tesla.com/support/charging/home-charging,broken_link
https://www.tesla.com/support/charging/wall-connector/installing,broken_link
https://www.texasroadhouse.com/sites/default/files/2021-12/txrh%20gluten-friendly%20suggestions%20%28eng-sp%29.pdf,pdf
https://www.tga.gov.au/news/media-releases/astrazeneca-chadox1-s-covid-19-vaccine,broken_link
https://www.thankyou.com/cms.htm,text_too_short
https://www.the3day.org/site/tr/2024/general,broken_link
https://www.thebump.com/a/thrush-baby,broken_link
https://www.thebump.com/b/bud-baby-name,broken_link
https://www.thebump.com/b/buddhist-baby-names,broken_link
https://www.thebump.com/b/saja-baby-name,broken_link
https://www.thecanadianencyclopedia.ca/en/article/socialism,broken_link
https://www.theexpertta.com/book-files/openstaxamericangov2e/ag_ch16.%20domestic%20policy.pdf,pdf
https://www.thehour.com/business/article/ntsb-says-company-failed-to-shut-down-oil-20395997.php,broken_link
https://www.thehulltruth.com/boating-forum/1136029-generator-do-s-dont-s-dummies.html,broken_link
https://www.theintelligencer.com/news/article/new-hampshire-city-in-jumanji-marks-30th-20387192.php,broken_link
https://www.thelancet.com/journals/lanepe/article/piis2666-7762(21)00260-x/fulltext,broken_link
https://www.thelancet.com/journals/laneur/article/piis1474-4422(13)70169-8/fulltext,broken_link
https://www.thelancet.com/journals/laneur/article/piis1474-4422(13)70198-4/fulltext,broken_link
https://www.thelancet.com/journals/lanhl/article/piis2666-7568%2823%2900189-7/fulltext,broken_link
https://www.thelancet.com/journals/laninf/article/piis1473-3099(21)00676-9/fulltext,broken_link
https://www.thelancet.com/journals/lanwpc/article/piis2666-6065(23)00212-2/fulltext,broken_link
https://www.thenaturalsapphirecompany.com/education/precious-metal-mining-refining-techniques/silver-mining-refining,broken_link
https://www.thepermanentejournal.org/doi/10.7812/tpp/19.230,broken_link
https://www.thestreet.com/dictionary/relative-strength-index-rsi,broken_link
https://www.thestreet.com/markets/stocks-plunge-as-hot-inflation-stokes-rate-hike-recession-fears,broken_link
https://www.thestreet.com/personalities/drew-brees-net-worth-14621152,broken_link
https://www.thestreet.com/technology/amd-stock-pops-as-wall-street-raises-the-bar,broken_link
https://www.theuswillregistry.org/estate-articles/how-to-make-a-will-in-new-york,text_too_short
https://www.thieme-connect.de/products/ebooks/pdf/10.1055/b-0034-92197.pdf,pdf
https://www.thijoubert.com/2021-10/prevent-uncontrolled-resharing-onedrive,broken_link
https://www.threads.com/@allthingskenobi/post/dbuctmlotbe,text_too_short
https://www.threads.com/@in.context.animals/post/dluhrggqmyl/video-turtles-facial-expression,text_too_short
https://www.threads.com/@maxinemakesit/post/dltoftcyamf/so-that-cat-my-kid-befriended-a-few-weeks-ago-has-every-day-for-the-past-two-wee,text_too_short
https://www.threads.com/@ortinel_g/post/dlv6cfnsboh/christians-please-remember-god-loves-muslims-atheists-and-lgbtqi-people-just-as-,text_too_short
https://www.threads.com/@reneemichelle13/post/dlxink-rsin/millennials-also-known-as-generation-y-currently-range-in-age-from-29-to-44-year,text_too_short
https://www.threads.com/@thecalmcatwhisperer/post/dlvqlfltaqq/video-i-was-not-expecting-him-to-be-spicy-misao-a-domestic-long-hair-was-dropped-off-b,text_too_short
https://www.tiaa.org/public/institute/publication/2008/5-guaranteed-minimum-withdrawal-benefit,broken_link
https://www.tiaa.org/public/institute/publication/2016/variable-annuities-lifetime-income-guarantees,broken_link
https://www.tiktok.com/@.igorlacerda/video/7164111596808064261,video
https://www.tiktok.com/@.winchristy/video/7499935393073089814,video
https://www.tiktok.com/@12hrs.matchacafe/video/7519560316708080910,video
https://www.tiktok.com/@222withyou/video/7481912063925751083,video
https://www.tiktok.com/@_aminaullah/video/7139714618854870278,video
https://www.tiktok.com/@_law______/video/7397293743147093253,video
https://www.tiktok.com/@aahad.e/video/7517739238494932246,video
https://www.tiktok.com/@aangelina143/video/7519223859271322910,video
https://www.tiktok.com/@adelaideeisabella/video/6898738393262394625,video
https://www.tiktok.com/@adeleselectricrays/video/7366377122023083307,video
https://www.tiktok.com/@advanti/video/7017468341052869890,video
https://www.tiktok.com/@advanti/video/7365220469622050066,video
https://www.tiktok.com/@alaskaalaskaalaska/video/7519965916671560991,video
https://www.tiktok.com/@aleshasawesomekitchen/video/7353072683937991979,video
https://www.tiktok.com/@alexeztechtips/video/7363103088019885355,video
https://www.tiktok.com/@alexia.womack/video/7517367824705146126,video
https://www.tiktok.com/@alexrioscooks/video/7485829475532295454,video
https://www.tiktok.com/@algebratrick/video/7232856450026999083,video
https://www.tiktok.com/@aliyahxelia/video/7520309595135331606,video
https://www.tiktok.com/@all4catsrescue/video/7018243114548628741,video
https://www.tiktok.com/@alwaysinparadise808/video/7520387967886593335,video
https://www.tiktok.com/@amomexplores/video/7520069953148554509,video
https://www.tiktok.com/@anantchoxi/video/7281054922752167210,video
https://www.tiktok.com/@andrewbwatt/video/7319475124644744490,video
https://www.tiktok.com/@andy_cooks/video/7395840731547503873,video
https://www.tiktok.com/@andylegend_/video/7243814586061901102,video
https://www.tiktok.com/@anesthesiadoc/video/7430867294936370475,video
https://www.tiktok.com/@angelic.cleaning/video/7356742305887423752,video
https://www.tiktok.com/@annamcevoy21/video/7444678689368984839,video
https://www.tiktok.com/@aprilsunrisefarm/video/7319273699083914542,video
https://www.tiktok.com/@arslanfromnarnia/video/7110186940439334150,video
https://www.tiktok.com/@astrobellaluna/video/7518147903345413407,video
https://www.tiktok.com/@astrosign.official/video/7312839226146508074,video
https://www.tiktok.com/@avaspanish/video/7189276483871837445,video
https://www.tiktok.com/@badgal.abbey/video/7511038849225723167,video
https://www.tiktok.com/@bartoli/video/7515453428492193070,video
https://www.tiktok.com/@bartoli/video/7519898362976554253,video
https://www.tiktok.com/@bathroomremodelingteachr/video/7322073967236320558,video
https://www.tiktok.com/@becomingmemo/video/7219710796815732010,video
https://www.tiktok.com/@beefingwiththeblacks/video/7495462689234308395,video
https://www.tiktok.com/@beinclassy/video/7333599063679552798,video
https://www.tiktok.com/@bellagerard/video/7518828886335966477,video
https://www.tiktok.com/@better.homes.and.gardens/video/7323561386846539050,video
https://www.tiktok.com/@beyondbespoketailorsnyc/video/7030179167106764038,video
https://www.tiktok.com/@beyondbespoketailorsnyc/video/7081001284693970222,video
https://www.tiktok.com/@beyondfoodmarket/video/7271409654138146090,video
https://www.tiktok.com/@bible_reaveled/video/7291222389256506630,video
https://www.tiktok.com/@bobbyinblue/video/7299247463074975018,video
https://www.tiktok.com/@bookwithmountainmama/video/7517073843698027807,video
https://www.tiktok.com/@bosco_tech/video/7322131978998877446,video
https://www.tiktok.com/@bowronb/video/7512471642065407263,video
https://www.tiktok.com/@boxdropnashville/video/7147354288711552302,video
https://www.tiktok.com/@boywiththelashes/video/7468402957533629742,video
https://www.tiktok.com/@breethecouponqueen/video/7519222193704717582,video
https://www.tiktok.com/@brockmcgoff/video/7304773380404710698,video
https://www.tiktok.com/@brooke_and_rhett/video/7493166609981394219,video
https://www.tiktok.com/@brunchwithbabs/video/7519868840839253303,video
https://www.tiktok.com/@bwag_fit48/video/7354886535705038123,video
https://www.tiktok.com/@by.ayucha/video/7274081906788994310,video
https://www.tiktok.com/@byheart/video/7516678251029253419,video
https://www.tiktok.com/@byhilaryrose/video/7519203817737456951,video
https://www.tiktok.com/@cabagges/video/7343640942722764078,video
https://www.tiktok.com/@caezhel/video/7519813909423967518,video
https://www.tiktok.com/@caledwards/video/7516579792494365975,video
https://www.tiktok.com/@carolina.mccauley/video/7214053642893135105,video
https://www.tiktok.com/@carolineontv/video/7520084226700512542,video
https://www.tiktok.com/@cats.dogs.funny52/video/7520204730056953101,video
https://www.tiktok.com/@cbsmornings/video/7208637031910575403,video
https://www.tiktok.com/@chaadcrb/video/7470565066014739754,video
https://www.tiktok.com/@chadtyson/video/7515219354447793438,video
https://www.tiktok.com/@charlieandersoncooking/video/7199665945676090666,video
https://www.tiktok.com/@cheatsheets/video/7509852012482202911,video
https://www.tiktok.com/@chef.erinmorley/video/7519476304601746701,video
https://www.tiktok.com/@chefinspiredevents/video/7483548675873017130,video
https://www.tiktok.com/@chefjoshyjin/video/7518098220698848534,video
https://www.tiktok.com/@chefsheli/video/7333877401191058718,video
https://www.tiktok.com/@cheftemmie/video/7520286196442893573,video
https://www.tiktok.com/@chefthombateman/video/7308762891602152736,video
https://www.tiktok.com/@chemical_engineering_ph/video/6860056195529460993,video
https://www.tiktok.com/@chlocamara/video/7214522666949086510,video
https://www.tiktok.com/@chrisnajmi/video/7144397362201595182,video
https://www.tiktok.com/@christinazozulya/video/7210435282775117062,video
https://www.tiktok.com/@chyanne_erin/video/7519935126344633656,video
https://www.tiktok.com/@cicicast/video/7519503519498472734,video
https://www.tiktok.com/@cicicast/video/7520239265259818271,video
https://www.tiktok.com/@cinnamon_minecraft/video/7166964658253925659,video
https://www.tiktok.com/@claire_a_dactyll/video/7520325196964842782,video
https://www.tiktok.com/@clarkadilla/video/6923323987472682246,video
https://www.tiktok.com/@cleaningchihuahua/video/7132235560852229419,video
https://www.tiktok.com/@cleaningfairysharie33/video/7250671586150305070,video
https://www.tiktok.com/@clueless_to_capable/video/7496666125137120555,video
https://www.tiktok.com/@cnetdotcom/video/7291776979701894443,video
https://www.tiktok.com/@cocolarkincooks/video/7519222452392594743,video
https://www.tiktok.com/@codingwithdee/video/7147595689399291141,video
https://www.tiktok.com/@coleyastephens/video/7517772869108092173,video
https://www.tiktok.com/@collegeceliackc/video/7331886858286255391,video
https://www.tiktok.com/@collegeceliackc/video/7520020476484242702,video
https://www.tiktok.com/@coma_fix/video/7354024059308494086,video
https://www.tiktok.com/@comfort.anesthesia/video/7438711502909050143,video
https://www.tiktok.com/@comfort.anesthesia/video/7455038836196904222,video
https://www.tiktok.com/@comfort.anesthesia/video/7462828059469565230,video
https://www.tiktok.com/@conservation_kate/video/7322747133893905697,video
https://www.tiktok.com/@cooking_with_daisy_/video/7181982843189464362,video
https://www.tiktok.com/@cookwithtama/video/7368877625533533482,video
https://www.tiktok.com/@corinnecll/video/7512225815363407147,video
https://www.tiktok.com/@correctcaulking/video/7298998708165807366,video
https://www.tiktok.com/@craftykari/video/7194894644440878378,video
https://www.tiktok.com/@creative_explained/video/7240381530495814955,video
https://www.tiktok.com/@cymotri/video/7497883897074781486,video
https://www.tiktok.com/@daddybrownn/video/7512580936337296671,video
https://www.tiktok.com/@dallaz_0/video/7127428064920816942,video
https://www.tiktok.com/@dannyandaly/video/7006032649093434629,video
https://www.tiktok.com/@davidwarrennp/video/7498773859303296298,video
https://www.tiktok.com/@dawncantwin/video/7519524273996778766,video
https://www.tiktok.com/@dayanmasinde/video/7507226183805816070,video
https://www.tiktok.com/@dazy_chains/video/7515810004692471096,video
https://www.tiktok.com/@dessy_ocean/video/7339807364712779014,video
https://www.tiktok.com/@dextermimsjr/video/7498405541086006570,video
https://www.tiktok.com/@dhivya.srii/video/7437136180354960695,video
https://www.tiktok.com/@dietitian.gabrielle/video/7482077493055294762,video
https://www.tiktok.com/@digitalcultist/video/7518363582069869830,video
https://www.tiktok.com/@djparrish88/video/7385746499277180202,video
https://www.tiktok.com/@dnspeakers/video/7361123496509902111,video
https://www.tiktok.com/@docaulking/video/7328276433355296002,video
https://www.tiktok.com/@doctor_yoshi/video/7366047511754132766,video
https://www.tiktok.com/@doctorsooj/video/7315815544005938465,video
https://www.tiktok.com/@doctoryoun/video/6996021370329058566,video
https://www.tiktok.com/@dok_cis/video/6968433249022430465,video
https://www.tiktok.com/@dr.adamchristman52/video/6939167645358984453,video
https://www.tiktok.com/@dr.christinepersaud/video/7516724291967192350,video
https://www.tiktok.com/@dr.lisa.dpt/video/7520347025309764878,video
https://www.tiktok.com/@dr.mikaela.rush/video/7206390711057501482,video
https://www.tiktok.com/@dr.nitubajekal/video/7323483402852764960,video
https://www.tiktok.com/@dragsyndromeofficial/video/7519257888309693718,video
https://www.tiktok.com/@drbhachudoeschemistry/video/7337367587195473184,video
https://www.tiktok.com/@drbhachudoeschemistry/video/7341814275360460065,video
https://www.tiktok.com/@dreamgardensgirls/video/7299813197182176555,video
https://www.tiktok.com/@dreamgardensgirls/video/7346917439021665567,video
https://www.tiktok.com/@drewdurnil/video/7262214834064821547,video
https://www.tiktok.com/@drnighatarif/video/6938139996587134213,video
https://www.tiktok.com/@dudeinthejeep_igy6/video/7519933593100094750,video
https://www.tiktok.com/@dudeinthejeep_igy6/video/7520022562152254750,video
https://www.tiktok.com/@dysfunctional_army_vet/video/7284214576533474602,video
https://www.tiktok.com/@easilyexcel/video/7468733729893125419,video
https://www.tiktok.com/@eastafricansecrets/video/7518068811178757389,video
https://www.tiktok.com/@ebasicsdiction/video/7473425359963229445,video
https://www.tiktok.com/@ecoharvestfarmsin/video/7268645508556639531,video
https://www.tiktok.com/@ecotubrestoration/video/7236146307629403434,video
https://www.tiktok.com/@edgarandivy_catsanctuary/video/7519952445544451383,video
https://www.tiktok.com/@eliza_filby/video/7249792563354389786,video
https://www.tiktok.com/@englishattheready/video/7455847592744750342,video
https://www.tiktok.com/@enjoymaddie/video/7111085035259825451,video
https://www.tiktok.com/@epicgardening/video/7289602096888892714,video
https://www.tiktok.com/@epicurious/video/7137472198142446894,video
https://www.tiktok.com/@estellelebourgeois_/video/7446494954530098478,video
https://www.tiktok.com/@ethanchlebowski/video/7235391365117463850,video
https://www.tiktok.com/@ethanchlebowski/video/7255412126993435946,video
https://www.tiktok.com/@excelnewteam/video/7167845380032351493,video
https://www.tiktok.com/@excelupnorth/video/7452120009595260166,video
https://www.tiktok.com/@fantasytravelers/video/7519687388659010846,video
https://www.tiktok.com/@fastenglish404/video/7257244634584337669,video
https://www.tiktok.com/@fastfoodwars/video/6816778458362858757,video
https://www.tiktok.com/@fatheringautism/video/7462215180726947115,video
https://www.tiktok.com/@femalefoodie/video/7200431972223798574,video
https://www.tiktok.com/@findyoursmiletattoos/video/7520379323564526878,video
https://www.tiktok.com/@fitxfearless/video/7203808187940687110,video
https://www.tiktok.com/@fitxfearless/video/7253574043171933446,video
https://www.tiktok.com/@fitxfearless/video/7330290704545025285,video
https://www.tiktok.com/@florida_snafu/video/7519524705628409119,video
https://www.tiktok.com/@foragerkyle/video/7388228718579207466,video
https://www.tiktok.com/@forging.a.farmhouse/video/7351918998142864682,video
https://www.tiktok.com/@formula_dev/video/7520366250543877407,video
https://www.tiktok.com/@fruefitness/video/7496107728796929311,video
https://www.tiktok.com/@gardeningwithian/video/7344007918410353953,video
https://www.tiktok.com/@gardeningwithmel/video/7339164351460363566,video
https://www.tiktok.com/@gardenof_eve/video/7458002176468831534,video
https://www.tiktok.com/@gettoit_/video/7480726013538782470,video
https://www.tiktok.com/@giadacarboniart/video/7518540787001380118,video
https://www.tiktok.com/@glutenhatesmyguts/video/7456552452028976416,video
https://www.tiktok.com/@god.loves.you295/video/7518585627722534175,video
https://www.tiktok.com/@goldieguilt/video/7493461040533900566,video
https://www.tiktok.com/@gotitchypet/video/6984132315324714245,video
https://www.tiktok.com/@gpadlearnmaths/video/7495836439003892997,video
https://www.tiktok.com/@gracebeverley/video/7520357836015160598,video
https://www.tiktok.com/@growingin.thegarden/video/7224156527773355307,video
https://www.tiktok.com/@guardianaustralia/video/7519364128549457153,video
https://www.tiktok.com/@gurridyula/video/7519825735318654216,video
https://www.tiktok.com/@halli.smith/video/7489934695270993182,video
https://www.tiktok.com/@hamasamakun/video/7519536228522315021,video
https://www.tiktok.com/@hamasamakun/video/7519536428372512055,video
https://www.tiktok.com/@hannahwarling/video/6850339636741475589,video
https://www.tiktok.com/@harrisonsiddonsphoto/video/7335252404876643627,video
https://www.tiktok.com/@hashem.alghaili/video/7317224690366385441,video
https://www.tiktok.com/@hauz.and.co/video/7520064377714658573,video
https://www.tiktok.com/@healthyholistichomes/video/7185223408320417070,video
https://www.tiktok.com/@heatherhirschmd/video/7129611724038163758,video
https://www.tiktok.com/@helloarielchristine/video/6990171671625878790,video
https://www.tiktok.com/@helloitsvinh/video/7314052897094765867,video
https://www.tiktok.com/@helloitsvinh/video/7361197958190091563,video
https://www.tiktok.com/@helloitsvinh/video/7401275513358126379,video
https://www.tiktok.com/@hellokae/video/7480325905680764190,video
https://www.tiktok.com/@hey.im.rach/video/7457661317005069599,video
https://www.tiktok.com/@heyhoneysuckle/video/7223485904625667371,video
https://www.tiktok.com/@highonthemountain/video/7520205041194503455,video
https://www.tiktok.com/@hiskissshot/video/7129496475570146566,video
https://www.tiktok.com/@hivegarage/video/7199724195016740138,video
https://www.tiktok.com/@holly_h76/video/6967086610907188486,video
https://www.tiktok.com/@home_reimagined/video/7520017913714183438,video
https://www.tiktok.com/@homedepot/video/7322529970914446623,video
https://www.tiktok.com/@homerepairtutor/video/7191077891441102126,video
https://www.tiktok.com/@hoodieallen/video/7519678031426899230,video
https://www.tiktok.com/@howfinity/video/6999291658248457477,video
https://www.tiktok.com/@howtoexcelblog/video/7079861755530202374,video
https://www.tiktok.com/@hrnaeatz/video/7455028698601770270,video
https://www.tiktok.com/@human.1011/video/7267929469648669994,video
https://www.tiktok.com/@husbandtiktok/video/7361960519223463214,video
https://www.tiktok.com/@hybridsolutiondiagnostic/video/7520067918625901830,video
https://www.tiktok.com/@iamspencetaylor/video/7520418380302667038,video
https://www.tiktok.com/@ian.and.ana/video/7303638586216287534,video
https://www.tiktok.com/@ian.and.ana/video/7333248399048936750,video
https://www.tiktok.com/@iankyo/video/7381118318402342174,video
https://www.tiktok.com/@imeleformat/video/7500998451765726507,video
https://www.tiktok.com/@instructor__alison/video/7475062978908376375,video
https://www.tiktok.com/@interesting.deals/video/7340450727334153518,video
https://www.tiktok.com/@inthegardensue/video/7256100069445815595,video
https://www.tiktok.com/@inthegardensue/video/7328886364097875246,video
https://www.tiktok.com/@irishbudgeting/video/7366352814915751201,video
https://www.tiktok.com/@itzwendysmith/video/7519946087269141762,video
https://www.tiktok.com/@ivan_napa/video/7073857609257962758,video
https://www.tiktok.com/@jackthetileruk/video/7518464082211556630,video
https://www.tiktok.com/@jadevani/video/7519153557757562118,video
https://www.tiktok.com/@jadevani/video/7519930314064481592,video
https://www.tiktok.com/@janellerohner/video/7356295390230007083,video
https://www.tiktok.com/@janewapassion4/video/7519496525949488390,video
https://www.tiktok.com/@jasmnekim/video/7317033303247392046,video
https://www.tiktok.com/@jaswebstar/video/7519674696107937054,video
https://www.tiktok.com/@jespertech/video/6966992884620856582,video
https://www.tiktok.com/@jo.emmmscreationz/video/7094064265727921454,video
https://www.tiktok.com/@jobdoctortessa/video/7485178065400745259,video
https://www.tiktok.com/@joycegituro/video/7519976943597571333,video
https://www.tiktok.com/@julies.garden/video/7353708956260355361,video
https://www.tiktok.com/@julythelion/video/7236104784455929134,video
https://www.tiktok.com/@jybossbabe/video/7390780909202492677,video
https://www.tiktok.com/@jyethetechguy/video/7464534354291592456,video
https://www.tiktok.com/@k9marekandfreya/video/7520306564796910903,video
https://www.tiktok.com/@kay.gorg/video/7519939801672404279,video
https://www.tiktok.com/@kayroytv/video/7486708268660739358,video
https://www.tiktok.com/@kelleyandfletch2/video/7447955765379337502,video
https://www.tiktok.com/@kellyscleankitchen/video/7257284330932800811,video
https://www.tiktok.com/@kelseyoppenheim/video/6815378540586863878,video
https://www.tiktok.com/@ken/video/7088807669510704427,video
https://www.tiktok.com/@ken/video/7519627829168917790,video
https://www.tiktok.com/@kenbray.official/video/6920737238355643654,video
https://www.tiktok.com/@kendallybrown/video/7518597183747214647,video
https://www.tiktok.com/@kennedymotivate/video/7458793261491211566,video
https://www.tiktok.com/@kennjanae_/video/7520337702248582414,video
https://www.tiktok.com/@kensuzuki01/video/7519926153826667798,video
https://www.tiktok.com/@kfiji_mixer/video/7519073756262731016,video
https://www.tiktok.com/@kikifoodieskitchen/video/7518515656627686711,video
https://www.tiktok.com/@kirkiimad/video/7407910575264697606,video
https://www.tiktok.com/@kirkiimad/video/7466613715425709317,video
https://www.tiktok.com/@klarixoff/video/7460020042655190279,video
https://www.tiktok.com/@kmpamperedchef/video/7069472203095493930,video
https://www.tiktok.com/@knewkeed/video/7055691726148685061,video
https://www.tiktok.com/@koonshomestead/video/7230146461252472106,video
https://www.tiktok.com/@kymillmanf1/video/7518618505684487441,video
https://www.tiktok.com/@kymillmanf1/video/7518979518070017281,video
https://www.tiktok.com/@lachlan/video/7306319421042134273,video
https://www.tiktok.com/@laundrycare/video/7130245678743457070,video
https://www.tiktok.com/@laundrycare/video/7253120021084556590,video
https://www.tiktok.com/@legendofkrista/video/7505927590222531886,video
https://www.tiktok.com/@lesartis/video/7519598208612322591,video
https://www.tiktok.com/@lesegosigns/video/6852938444834999557,video
https://www.tiktok.com/@lesegosigns/video/7396222053449403653,video
https://www.tiktok.com/@letsexcelinexcel/video/7201866686029450522,video
https://www.tiktok.com/@lewvvk/video/7519668678011456798,video
https://www.tiktok.com/@lifewitheigrev/video/7519982120719191327,video
https://www.tiktok.com/@liveeatlearn/video/7200895286967897349,video
https://www.tiktok.com/@loewhaley/video/7512869523305860358,video
https://www.tiktok.com/@londonsuperclinic/video/7363771469119212832,video
https://www.tiktok.com/@louieandtodd/video/7393472819415223594,video
https://www.tiktok.com/@louieandtodd/video/7431337859165998378,video
https://www.tiktok.com/@louieandtodd/video/7465922444444896555,video
https://www.tiktok.com/@loveovercomes1/video/7013550581419609349,video
https://www.tiktok.com/@lucasandrachael/video/7494421745982508330,video
https://www.tiktok.com/@lucasthelorax/video/7285887013977640238,video
https://www.tiktok.com/@lwahm/video/7489750085144775958,video
https://www.tiktok.com/@lykapetfood/video/7517909932860116232,video
https://www.tiktok.com/@lyriqluchiano/video/7478833411642232095,video
https://www.tiktok.com/@m3rc_115/video/7368870260662930720,video
https://www.tiktok.com/@macandcrafting/video/7259453169103555886,video
https://www.tiktok.com/@macandcrafting/video/7424545512092634398,video
https://www.tiktok.com/@madebystitched/video/7138051901769239814,video
https://www.tiktok.com/@madelinegrace__/video/7519546437449846046,video
https://www.tiktok.com/@mageamazed/video/7257932308886342955,video
https://www.tiktok.com/@majski227/video/7433567718990826757,video
https://www.tiktok.com/@makeupbydea/video/7322331926948367622,video
https://www.tiktok.com/@malloryosses/video/7343495814469258514,video
https://www.tiktok.com/@malloryosses/video/7367161083364232466,video
https://www.tiktok.com/@malloryosses/video/7371808880516418834,video
https://www.tiktok.com/@malloryosses/video/7374242410995469575,video
https://www.tiktok.com/@malloryosses/video/7397943277057527058,video
https://www.tiktok.com/@malloryosses/video/7441059790333299975,video
https://www.tiktok.com/@mama_nous/video/7519988080372239647,video
https://www.tiktok.com/@maprend328/video/7276832398669565189,video
https://www.tiktok.com/@marciax3nyc/video/7076070851065580846,video
https://www.tiktok.com/@marcusteohlive/video/7085638884469607681,video
https://www.tiktok.com/@mariascondo/video/7295782966859402502,video
https://www.tiktok.com/@marissaglesinger7/video/7520252783249870111,video
https://www.tiktok.com/@markneelyhome/video/7208587850789489962,video
https://www.tiktok.com/@mastersonscarcare/video/7520003901957983501,video
https://www.tiktok.com/@mathandcobb/video/7198158310930107694,video
https://www.tiktok.com/@matthewharbmd/video/7046457689756470534,video
https://www.tiktok.com/@maxdaltontutorials/video/7189243030699019566,video
https://www.tiktok.com/@mcmullanappliance/video/7338786550064368902,video
https://www.tiktok.com/@mcmullanappliance/video/7388960792885923077,video
https://www.tiktok.com/@medicineexplained/video/7056025800318995758,video
https://www.tiktok.com/@menappu/video/7007506064199404806,video
https://www.tiktok.com/@menappu/video/7017955309121490182,video
https://www.tiktok.com/@michellebellexo/video/7356768185858837806,video
https://www.tiktok.com/@midgettman/video/7518969935326874894,video
https://www.tiktok.com/@mightycarmods/video/7350900631198125319,video
https://www.tiktok.com/@milaajmobiles/video/7299089735354518792,video
https://www.tiktok.com/@milan.stone.restoration/video/7330284787720146207,video
https://www.tiktok.com/@millicentmusuwo/video/7297617144450174213,video
https://www.tiktok.com/@mindfoodsteph/video/7117116836713401602,video
https://www.tiktok.com/@minibirrieria/video/7387881210242010410,video
https://www.tiktok.com/@miss.b_year1/video/7456882578146987296,video
https://www.tiktok.com/@modernhomestead/video/7502947096824253702,video
https://www.tiktok.com/@modernschoolbus/video/7196310122564570414,video
https://www.tiktok.com/@modernschoolbus/video/7233743089624485166,video
https://www.tiktok.com/@mommapeaches5/video/7382820096487525674,video
https://www.tiktok.com/@more1980sgamer/video/7300930669406850346,video
https://www.tiktok.com/@moviecomicjunkie/video/7378233825698008353,video
https://www.tiktok.com/@mrlopezclasses/video/7257647009262259499,video
https://www.tiktok.com/@myco_kulture/video/7231577212791639338,video
https://www.tiktok.com/@nabeelnawabtech/video/7253057953618529541,video
https://www.tiktok.com/@nailcareer.education/video/7520291720572030264,video
https://www.tiktok.com/@nat.13324/video/7516008454918589726,video
https://www.tiktok.com/@natein12/video/6948598469036756230,video
https://www.tiktok.com/@nfloncbs/video/7517716864240307470,video
https://www.tiktok.com/@nicholas_gkk/video/7283057224497384750,video
https://www.tiktok.com/@nickviall/video/7520292953768643870,video
https://www.tiktok.com/@nickviall/video/7520343831032712479,video
https://www.tiktok.com/@nickviall/video/7520377452355521823,video
https://www.tiktok.com/@nottheworstcleaner/video/7324506228959268101,video
https://www.tiktok.com/@nowitsclean/video/6967782510721862918,video
https://www.tiktok.com/@noyseworkz/video/7520307028976291102,video
https://www.tiktok.com/@nuclearnickels/video/7502494164634848558,video
https://www.tiktok.com/@nurse.johnn/video/7520031985532685624,video
https://www.tiktok.com/@nursetrendy/video/7475475614108028165,video
https://www.tiktok.com/@nytcooking/video/7519242339638873375,video
https://www.tiktok.com/@nytcooking/video/7519490365280292126,video
https://www.tiktok.com/@nytcooking/video/7520040572300709150,video
https://www.tiktok.com/@oceanlinerdesigns/video/7231713084887338241,video
https://www.tiktok.com/@officialmtclips/video/7317606538300902688,video
https://www.tiktok.com/@officialmtclips/video/7317970447562231072,video
https://www.tiktok.com/@officialtwotimez0/video/7284410822116330795,video
https://www.tiktok.com/@oligiaboosh/video/7510434775669230890,video
https://www.tiktok.com/@ollie_eats/video/7318078066159258912,video
https://www.tiktok.com/@paizeng/video/7079776942576241947,video
https://www.tiktok.com/@pamperedchefwithbritt/video/7213541191588105515,video
https://www.tiktok.com/@pawschicago/video/7520030629115727117,video
https://www.tiktok.com/@perkyplantparent/video/7103687486781558062,video
https://www.tiktok.com/@perkyplantparent/video/7195690201593679147,video
https://www.tiktok.com/@petslover7714/video/7520216084775996727,video
https://www.tiktok.com/@phee_phee22/video/7233369301007207686,video
https://www.tiktok.com/@philhatesgluten/video/7207591016977714474,video
https://www.tiktok.com/@philhatesgluten/video/7281016079340588330,video
https://www.tiktok.com/@phoebe.thescottishfold/video/7184600052214582533,video
https://www.tiktok.com/@poolhacker_official/video/7360511966185590059,video
https://www.tiktok.com/@poolhacker_official/video/7365512029894872362,video
https://www.tiktok.com/@poormanauto/video/7181532719623572782,video
https://www.tiktok.com/@porkiesrabbitry/video/7020597922521779462,video
https://www.tiktok.com/@povinme/video/7519973041556819255,video
https://www.tiktok.com/@prayers_daily_/video/7519497926851202359,video
https://www.tiktok.com/@prettyboychristiann/video/7395283281283009835,video
https://www.tiktok.com/@prettyboychristiann/video/7519990357115817247,video
https://www.tiktok.com/@princessdiana1023/video/7124384791923002670,video
https://www.tiktok.com/@professor.cubs/video/7231251976590216491,video
https://www.tiktok.com/@professorjoeygreco/video/6955847995036421382,video
https://www.tiktok.com/@quirked.histories/video/7449410569368653061,video
https://www.tiktok.com/@qveenherby/video/7211168836903636266,video
https://www.tiktok.com/@raf_avila/video/6850576665635015942,video
https://www.tiktok.com/@randydignan/video/7363388961076661546,video
https://www.tiktok.com/@raviwadan/video/7259837042970922282,video
https://www.tiktok.com/@rebeccarogersofficial/video/7288062077032336683,video
https://www.tiktok.com/@relatablespodcast/video/7304383005764685064,video
https://www.tiktok.com/@repcasar/video/7520327620475637022,video
https://www.tiktok.com/@rhumahazzet/video/7400444686487325970,video
https://www.tiktok.com/@rihem.battilani/video/7519698207601904909,video
https://www.tiktok.com/@robertblackmonhome/video/7149224416960941358,video
https://www.tiktok.com/@rominagafur/video/7430234112062983470,video
https://www.tiktok.com/@rourke.heath/video/7359185077114342689,video
https://www.tiktok.com/@roxyrawhide/video/7263039766797487378,video
https://www.tiktok.com/@royalkmpa/video/6982903804870069509,video
https://www.tiktok.com/@rpfeurope/video/7520373801218051350,video
https://www.tiktok.com/@rupaulofficial/video/7408605450498854187,video
https://www.tiktok.com/@ryankristopik/video/7332469924335570222,video
https://www.tiktok.com/@saltycocina/video/7203847915071147307,video
https://www.tiktok.com/@sammykeane18/video/6949140702660005125,video
https://www.tiktok.com/@samthibault04/video/7456881424218754350,video
https://www.tiktok.com/@saraannbrockmiller/video/7273988923821477163,video
https://www.tiktok.com/@sarahalkazaz/video/6983773070418857221,video
https://www.tiktok.com/@savannahglembin/video/7519644724831997214,video
https://www.tiktok.com/@scalacubehosting/video/7238592470093810970,video
https://www.tiktok.com/@sciencechannel.tiktok/video/7484823474456808747,video
https://www.tiktok.com/@sciencechannel.tiktok/video/7484827094875131178,video
https://www.tiktok.com/@seal_corp/video/7202540632127147266,video
https://www.tiktok.com/@secondstage/video/7276187681883753730,video
https://www.tiktok.com/@secretservicesam/video/7520372105045708063,video
https://www.tiktok.com/@seewhatiseeee/video/7407160404763249921,video
https://www.tiktok.com/@sephra_/video/7520266023803702550,video
https://www.tiktok.com/@sexedfiles/video/7250177543033064746,video
https://www.tiktok.com/@shakenbabymom/video/7518565250292108599,video
https://www.tiktok.com/@shameless_podcast/video/7520138389283163400,video
https://www.tiktok.com/@shelbyscanada/video/6939281062078057734,video
https://www.tiktok.com/@sheriffdarlington/video/7520199068421836088,video
https://www.tiktok.com/@shiftingroots/video/7238791401415265541,video
https://www.tiktok.com/@sililili_/video/7519682016112102686,video
https://www.tiktok.com/@sissiespinks/video/7516262525499903278,video
https://www.tiktok.com/@skillsxceed01/video/7479409331599953183,video
https://www.tiktok.com/@sloanestonez/video/7084302861986909486,video
https://www.tiktok.com/@smithsgardentown/video/7239506048954944811,video
https://www.tiktok.com/@snpurdiri_0/video/7239970262156938538,video
https://www.tiktok.com/@somersetenglish/video/7289385041933716769,video
https://www.tiktok.com/@sophieelkus/video/7259519532044127531,video
https://www.tiktok.com/@sourdough.etc/video/7517725582034029846,video
https://www.tiktok.com/@southcoastsealantsltd/video/7520202430135700738,video
https://www.tiktok.com/@specsavers/video/7496454500975217942,video
https://www.tiktok.com/@speedqueen_home/video/7509872143044283679,video
https://www.tiktok.com/@speedytutorials/video/7499805886790094113,video
https://www.tiktok.com/@spongecake_cats/video/7240133424478948651,video
https://www.tiktok.com/@spreadsheetnation/video/7300968929328074030,video
https://www.tiktok.com/@spreadsheetnation/video/7359579823179582763,video
https://www.tiktok.com/@spreadsheetstudio/video/7307344184913022240,video
https://www.tiktok.com/@stardust_rabbits/video/7398504839606471966,video
https://www.tiktok.com/@stephandden/video/7209001129164688646,video
https://www.tiktok.com/@stephanieboothhome/video/7501842856559267118,video
https://www.tiktok.com/@strausfamilycreamery/video/7517377816153869582,video
https://www.tiktok.com/@stray.pets.house/video/7519987647931075847,video
https://www.tiktok.com/@straycattalkz/video/7520276104960052494,video
https://www.tiktok.com/@streetcents/video/7376747948136287494,video
https://www.tiktok.com/@suekentathome/video/7517155268409494806,video
https://www.tiktok.com/@sugarandrocks/video/7418723060934806830,video
https://www.tiktok.com/@summersthreadss/video/7454206183461752095,video
https://www.tiktok.com/@sunnycovefarm/video/7094032975410548014,video
https://www.tiktok.com/@sweetspamcharm/video/7352151317776764192,video
https://www.tiktok.com/@swimuniversity/video/7489543160788487455,video
https://www.tiktok.com/@tac0kat/video/7230991983303544107,video
https://www.tiktok.com/@tafarixafrik1/video/7378814208579767585,video
https://www.tiktok.com/@tailormadetech/video/7212698169212292398,video
https://www.tiktok.com/@taipeiqueen/video/7321113083147980062,video
https://www.tiktok.com/@takumi.shyegun/video/7202195362835123458,video
https://www.tiktok.com/@tarriemartin/video/7499599498121891078,video
https://www.tiktok.com/@tasty/video/7519226572386094350,video
https://www.tiktok.com/@teawithmd/video/7203188629181680939,video
https://www.tiktok.com/@tech.us.out/video/7432020414743825696,video
https://www.tiktok.com/@teenmom/video/7374087874263747883,video
https://www.tiktok.com/@testkitchen/video/7357135982505856302,video
https://www.tiktok.com/@thatchriscarley/video/7187817503995759915,video
https://www.tiktok.com/@thatchriscarley/video/7240497542583094570,video
https://www.tiktok.com/@thatchriscarley/video/7347407941055647007,video
https://www.tiktok.com/@thatdeafredhead/video/7189370726443404590,video
https://www.tiktok.com/@thatyachtiegirl/video/7250205444042394885,video
https://www.tiktok.com/@the.carden.group/video/7426351308371758378,video
https://www.tiktok.com/@the.eye.am/video/7234392967685983494,video
https://www.tiktok.com/@the_ineffable_jason/video/7464670672464153898,video
https://www.tiktok.com/@the_sportsdietitian/video/7392338587167116545,video
https://www.tiktok.com/@theamos_t/video/7118506085216029995,video
https://www.tiktok.com/@theboss_7799/video/7520322647230516510,video
https://www.tiktok.com/@thebullyspittinpodcast/video/7497405934638042399,video
https://www.tiktok.com/@thecalmcatwhisperer/video/7520005025150635272,video
https://www.tiktok.com/@thecaulkanator/video/7518295555571780872,video
https://www.tiktok.com/@thedrjoe/video/7449509735021382958,video
https://www.tiktok.com/@theegyptiancook/video/7518018820452175159,video
https://www.tiktok.com/@theejohnnychang/video/7519954071051144479,video
https://www.tiktok.com/@theenglishzone/video/7379031575779937578,video
https://www.tiktok.com/@thefrenchiegardener/video/7243112158911810842,video
https://www.tiktok.com/@thegreenthumbmum/video/7292878862759808257,video
https://www.tiktok.com/@thehannistons/video/7501665334907145494,video
https://www.tiktok.com/@thehottublady/video/7231611389071084846,video
https://www.tiktok.com/@thekeepsakeclub/video/7518556885088275720,video
https://www.tiktok.com/@thelawntools/video/7519590118995315981,video
https://www.tiktok.com/@thelonelystreamr/video/7268444948096126213,video
https://www.tiktok.com/@thelunamoonfarm/video/7119253624164814126,video
https://www.tiktok.com/@themaitrix/video/7520060935285853470,video
https://www.tiktok.com/@themedicarefamily/video/7498858409123417374,video
https://www.tiktok.com/@thepennyvahka/video/7460187325411101983,video
https://www.tiktok.com/@thepennyvahka/video/7463534146598505758,video
https://www.tiktok.com/@therealveronika_/video/7520355913698463031,video
https://www.tiktok.com/@theretromom/video/7355649879777053994,video
https://www.tiktok.com/@thesierrasimone/video/7520280135426182413,video
https://www.tiktok.com/@theverysimong/video/7519629256196918551,video
https://www.tiktok.com/@theweltheguy/video/7112962253418335534,video
https://www.tiktok.com/@thisgirlcanorganise/video/7079352497684385030,video
https://www.tiktok.com/@thisisplanetfood/video/7054955234870725894,video
https://www.tiktok.com/@thundersaints/video/7519867750089493790,video
https://www.tiktok.com/@tinqa3/video/7465334347072097541,video
https://www.tiktok.com/@tinytowninc/video/7520054698917793054,video
https://www.tiktok.com/@tobythetinycat/video/7043210354712644870,video
https://www.tiktok.com/@tomtrottercoaching/video/7518345408507104534,video
https://www.tiktok.com/@translating_falasteen/video/7519079260003274006,video
https://www.tiktok.com/@travelsbytash/video/7520338695237569794,video
https://www.tiktok.com/@trebusheayt/video/7202653868721851654,video
https://www.tiktok.com/@trinicookingwithnatasha_/video/7207204675240676654,video
https://www.tiktok.com/@tutoriumofficial/video/7444394788691905822,video
https://www.tiktok.com/@tyfrxncis/video/7519917888635997495,video
https://www.tiktok.com/@uk_wildcrafts/video/7224167391167663387,video
https://www.tiktok.com/@universe.guy/video/7520145896328187149,video
https://www.tiktok.com/@urhobofinest/video/7469173748948651319,video
https://www.tiktok.com/@valorant/video/7519499852233936141,video
https://www.tiktok.com/@vanessaferraiolo/video/7384962883614002474,video
https://www.tiktok.com/@velcheva.vibe/video/7518767249545579798,video
https://www.tiktok.com/@venatosofficial/video/7202638928816426246,video
https://www.tiktok.com/@veritasium/video/7494291092699893038,video
https://www.tiktok.com/@vh1/video/6735813349407313158,video
https://www.tiktok.com/@violin_phonix/video/7519959186185194774,video
https://www.tiktok.com/@vognard/video/6857777778171841798,video
https://www.tiktok.com/@walkingwithconnor/video/7518498283107405086,video
https://www.tiktok.com/@walkingwithconnor/video/7519999116143856926,video
https://www.tiktok.com/@walkingwithconnor/video/7520363520865668382,video
https://www.tiktok.com/@wayward.bookworm/video/7338558397022817578,video
https://www.tiktok.com/@well_author/video/7443044859050478903,video
https://www.tiktok.com/@whitneybullockcfmg/video/7127374864658205995,video
https://www.tiktok.com/@whitneybullockcfmg/video/7337808440762305834,video
https://www.tiktok.com/@whoisthisdeva_pt2/video/7518625619014405406,video
https://www.tiktok.com/@willkeepitreal2/video/7519722816929877262,video
https://www.tiktok.com/@wipeawayclean/video/7358860596600737057,video
https://www.tiktok.com/@wirecutter/video/7252418348145790251,video
https://www.tiktok.com/@withtechvision/video/7327533062642748690,video
https://www.tiktok.com/@woodsmillrabbitry/video/7206078544303099179,video
https://www.tiktok.com/@workshopthings/video/7493114436090137886,video
https://www.tiktok.com/@xlninjadan/video/7189686301090729262,video
https://www.tiktok.com/@yassssyyy/video/7159800764028718337,video
https://www.tiktok.com/@yeahjustkate/video/7134461472247188778,video
https://www.tiktok.com/@youcandoitgardening/video/7520234272410651935,video
https://www.tiktok.com/@young_rari/video/6929215834820726021,video
https://www.tiktok.com/@yumaknaez/video/7519938390796537110,video
https://www.tiktok.com/@zachstechturf/video/7285008596348374318,video
https://www.tiktok.com/@zethdafer/video/6723270234456739078,video
https://www.tiktok.com/@zodiacprophet/video/7464256255243062571,video
https://www.tiktok.com/@zodiacprophet/video/7472009691288063275,video
https://www.tiktok.com/@zoltancomedy/video/7519280352922193183,video
https://www.tiktok.com/@zurq.vfx/video/7520313280234081566,video
https://www.tiktok.com/discover/%d8%b3%d8%a8%d8%a8-%d8%aa%d8%ad%d9%88%d9%84-%d8%b7%d9%81%d9%84-%d8%aa%d9%88%d8%ad%d8%af-%d8%a7%d9%84%d9%8a-%d9%86%d9%85%d8%b7%d9%8a,video
https://www.tiktok.com/discover/adding-salt-to-dawn-dish-soap-for-fleas,video
https://www.tiktok.com/discover/agnes-ad-dalia,video
https://www.tiktok.com/discover/all-white-outfits-for-boat-cruise,video
https://www.tiktok.com/discover/antoinette%e2%80%99s-meatball-recipe,video
https://www.tiktok.com/discover/arm-in-sling-john-okeefe,video
https://www.tiktok.com/discover/baron-death-by-fame,video
https://www.tiktok.com/discover/barron-anchor-baby-melania,video
https://www.tiktok.com/discover/bat-rustoleum-paint-colors-white,video
https://www.tiktok.com/discover/best-response-to-thank-you-for-your-service,video
https://www.tiktok.com/discover/birth-stone-by-month-color,video
https://www.tiktok.com/discover/blue-butterfly-bush-plant-grow-a-garden,video
https://www.tiktok.com/discover/boring-notch-error,video
https://www.tiktok.com/discover/buddha-buddha-buddha-buddha-buddha-buddha-buddha,video
https://www.tiktok.com/discover/butterfly-plants-for-garden,video
https://www.tiktok.com/discover/can-i-use-a-flash-drive-for-sims-4,video
https://www.tiktok.com/discover/can-i-use-dawn-dish-soap-on-my-puppy-for-fleas,video
https://www.tiktok.com/discover/cara-membuat-matriks-di-power-point,video
https://www.tiktok.com/discover/cats-being-clingy-all-of-a-sudden-spiritual-meaning,video
https://www.tiktok.com/discover/comment-activer-son-shader-mincratf-sur-tlaucheur,video
https://www.tiktok.com/discover/comment-connecter-une-ilprimente-a-un-iphone,video
https://www.tiktok.com/discover/cornerstone-church-allen-nolan,video
https://www.tiktok.com/discover/crave-cookie-biscoff-strawberry,video
https://www.tiktok.com/discover/delicious-ways-to-cook-lobster-on-grill,video
https://www.tiktok.com/discover/desperate-housewives-mentality,video
https://www.tiktok.com/discover/diclofenac-arrow,video
https://www.tiktok.com/discover/discord-voice-mod-update,video
https://www.tiktok.com/discover/does-gooni-actually-affect-height,video
https://www.tiktok.com/discover/does-rabbit-have-rabies,video
https://www.tiktok.com/discover/does-the-sand-harden-in-miniverse,video
https://www.tiktok.com/discover/dors-cinimun-bun-cookie-at-crumble-have-nuts,video
https://www.tiktok.com/discover/drag-outfit-ideas,video
https://www.tiktok.com/discover/easy-off-fume-free-oven-cleaner,video
https://www.tiktok.com/discover/edd-struggling-again,video
https://www.tiktok.com/discover/every-time-my-husband-gets-out-of-shower,video
https://www.tiktok.com/discover/everythin-you-allow-is-a-reflection-of-how-much-you-love-yourself,video
https://www.tiktok.com/discover/explaining-the-holy-trinity-spirit-body-soul,video
https://www.tiktok.com/discover/find-the-little-guys-roblox-codes,video
https://www.tiktok.com/discover/flour-diy-for-fathers-day,video
https://www.tiktok.com/discover/glacier-bay-duke-flushing-valve-replacement,video
https://www.tiktok.com/discover/gluten-free-sourdough-bread-is-dense,video
https://www.tiktok.com/discover/god-save-my-life-jesus,video
https://www.tiktok.com/discover/hidden-sign-chest-hangyodon-hello-kitty-island-adventure,video
https://www.tiktok.com/discover/hiw-to-make-my-pc-fatser-for-uodates,video
https://www.tiktok.com/discover/how-do-you-add-amazon-prime-on-your-account-if-you-have-ebt-and-get-the-discount,video
https://www.tiktok.com/discover/how-do-you-get-the-nether-amulet-in-better-on-bedrock,video
https://www.tiktok.com/discover/how-do-you-redeem-a-code-in-fortnite,video
https://www.tiktok.com/discover/how-do-you-tame-cats-in-minecraft-creative-mode,video
https://www.tiktok.com/discover/how-does-propofol-work,video
https://www.tiktok.com/discover/how-effective-is-the-implant,video
https://www.tiktok.com/discover/how-long-does-it-take-a-5-pound-menudo-to-cook,video
https://www.tiktok.com/discover/how-long-does-it-take-to-make-menudo-in-a-roaster,video
https://www.tiktok.com/discover/how-long-does-natera-panorama-results-take,video
https://www.tiktok.com/discover/how-long-does-natera-test-results-take,video
https://www.tiktok.com/discover/how-to-activate-cheats-the-forest-ps4,video
https://www.tiktok.com/discover/how-to-bring-down-bromine-and-cyanuroc-acid-down-in-pool,video
https://www.tiktok.com/discover/how-to-change-color-on-cyberpower-pc-keyboard-2024,video
https://www.tiktok.com/discover/how-to-change-the-color-on-a-cyber-power-pc-keyboard,video
https://www.tiktok.com/discover/how-to-change-your-facial-expression-in-schedule-one,video
https://www.tiktok.com/discover/how-to-charge-car-ac-system-96-chevy,video
https://www.tiktok.com/discover/how-to-clean-fabric-softener-in-agitator-on-a-ge-washing-machine,video
https://www.tiktok.com/discover/how-to-clean-wood-plank-ceramic-tile,video
https://www.tiktok.com/discover/how-to-do-screen-record-with-the-sound,video
https://www.tiktok.com/discover/how-to-find-a-nether-fortress-on-the-donut-smp,video
https://www.tiktok.com/discover/how-to-find-roblox-outfits-by-codes,video
https://www.tiktok.com/discover/how-to-find-sever-people-that-want-to-do-a-raid-in-king-legacy,video
https://www.tiktok.com/discover/how-to-fix-enable-bot-on-valorant,video
https://www.tiktok.com/discover/how-to-fix-geforce-experience-instant-replay-wont-turn-on,video
https://www.tiktok.com/discover/how-to-fix-grown-out-acrylic-nails,video
https://www.tiktok.com/discover/how-to-fix-leaking-transmission-fluid,video
https://www.tiktok.com/discover/how-to-fix-strong-currant-fish-tank,video
https://www.tiktok.com/discover/how-to-fix-voice-mod-not-working-2025,video
https://www.tiktok.com/discover/how-to-get-baby-momma-back-who-moved-on,video
https://www.tiktok.com/discover/how-to-get-cheats-on-the-forest-ps4-2024,video
https://www.tiktok.com/discover/how-to-get-photos-onto-a-new-phone,video
https://www.tiktok.com/discover/how-to-get-spam-calls-to-stop-calling-you-att,video
https://www.tiktok.com/discover/how-to-have-less-input-delay-pc,video
https://www.tiktok.com/discover/how-to-hide-notes-when-presenting-on-zoom,video
https://www.tiktok.com/discover/how-to-join-legacy-servers-in-da-hood,video
https://www.tiktok.com/discover/how-to-keep-animals-or-bugs-from-eating-my-pepper-plant,video
https://www.tiktok.com/discover/how-to-keep-chipmunks-out-of-flower-pots,video
https://www.tiktok.com/discover/how-to-know-your-gumbo-is-spoiled-when-you-eat-it,video
https://www.tiktok.com/discover/how-to-make-a-spreadsheet-woth-names-and-phone,video
https://www.tiktok.com/discover/how-to-make-discord-invite-never-end,video
https://www.tiktok.com/discover/how-to-make-jerky-in-ark,video
https://www.tiktok.com/discover/how-to-make-plaster-plant-pot-paint-your-own,video
https://www.tiktok.com/discover/how-to-make-sauce-for-steak-bites-with-beef-broth,video
https://www.tiktok.com/discover/how-to-move-task-bar-to-left-windows-11,video
https://www.tiktok.com/discover/how-to-print-screen-logitech-keyboard,video
https://www.tiktok.com/discover/how-to-purchase-from-amazon-from-world-app,video
https://www.tiktok.com/discover/how-to-raise-new-born-baby-bunnies-after-the-mom-dies,video
https://www.tiktok.com/discover/how-to-recharge-ac-in-tesla-model-y,video
https://www.tiktok.com/discover/how-to-recharge-the-ac-on-a-2017-dodge-durango,video
https://www.tiktok.com/discover/how-to-remove-fabric-softener-stains-on-clothes-with-vinegar-and-baking-soda,video
https://www.tiktok.com/discover/how-to-remove-the-white-thing-on-your-mouth,video
https://www.tiktok.com/discover/how-to-replace-microsoft-surface-laptop-battery,video
https://www.tiktok.com/discover/how-to-replace-moldy-3-sided-shower-stall,video
https://www.tiktok.com/discover/how-to-respond-when-they-say-thank-you-for-your-service,video
https://www.tiktok.com/discover/how-to-restart-entire-macbook-air,video
https://www.tiktok.com/discover/how-to-scrape-and-reseal-a-shower,video
https://www.tiktok.com/discover/how-to-season-a-pizza-stone-from-pampered-chef,video
https://www.tiktok.com/discover/how-to-solve-matrices-on-calculator-ti84,video
https://www.tiktok.com/discover/how-to-solve-second-derivative-on-ti84,video
https://www.tiktok.com/discover/how-to-start-generator-for-minnie-whinnie-rv,video
https://www.tiktok.com/discover/how-to-stop-wuwa-from-crashing-ios,video
https://www.tiktok.com/discover/how-to-take-a-ace-hit-with-no-oil,video
https://www.tiktok.com/discover/how-to-to-restock-seeds,video
https://www.tiktok.com/discover/how-to-transfer-icloud-data-to-new-apple-id,video
https://www.tiktok.com/discover/how-to-turn-off-firmware-password-on-mac-air,video
https://www.tiktok.com/discover/how-to-turn-off-limited-range-on-ark,video
https://www.tiktok.com/discover/how-to-use-amazon-gift-care-on-temu,video
https://www.tiktok.com/discover/how-to-use-arthritis-pain-relief-cream,video
https://www.tiktok.com/discover/how-to-use-double-sided-scot-roll-tape-from-dollarama-canada,video
https://www.tiktok.com/discover/how-to-zoom-out-your-screen-on-tiktok,video
https://www.tiktok.com/discover/how-zodiac-signs-act-ai,video
https://www.tiktok.com/discover/i-understand-why-no-one-else-wants-to-hot-tub-with-me,video
https://www.tiktok.com/discover/immortal-cataclysm-x-zephyr-of-life,video
https://www.tiktok.com/discover/iron-cuef-house-too-good-to-go,video
https://www.tiktok.com/discover/is-a2-milk-at-costco-grassfee,video
https://www.tiktok.com/discover/is-glyphosate-harmful,video
https://www.tiktok.com/discover/jailbreak-fastest-4-seater-cars,video
https://www.tiktok.com/discover/keep-chipmunks-out-of-flower-pot,video
https://www.tiktok.com/discover/kennel-cat-minecraft,video
https://www.tiktok.com/discover/key-of-buddha-mean,video
https://www.tiktok.com/discover/knotted-ragdoll-cat-fur,video
https://www.tiktok.com/discover/leah-breaks-up-with-jason,video
https://www.tiktok.com/discover/lobster-tail-cut-in-half-in-oven,video
https://www.tiktok.com/discover/low-triglyceride-levels-with-high-cholesterol,video
https://www.tiktok.com/discover/lss-mutation-creatures-of-sonaria,video
https://www.tiktok.com/discover/mawhoo-and-lwah-ndlunkulu-together,video
https://www.tiktok.com/discover/maxine-facial-expression,video
https://www.tiktok.com/discover/medespoir-scotch-tape,video
https://www.tiktok.com/discover/millennials-vs-gen-z-age-range,video
https://www.tiktok.com/discover/missing-your-airbnb-host,video
https://www.tiktok.com/discover/morning-glory-36inch-firework,video
https://www.tiktok.com/discover/moving-on-from-baby-momma,video
https://www.tiktok.com/discover/my-husbands-been-working-mandatory-overtime,video
https://www.tiktok.com/discover/my-laptop-delays-to-open-when-my-battery-is-not-present,video
https://www.tiktok.com/discover/naomi-winter-twitter,video
https://www.tiktok.com/discover/new-discord-boost-level-3,video
https://www.tiktok.com/discover/obi-wan-watching-his-master-die,video
https://www.tiktok.com/discover/oven-door-cover-diy-heat-resistancetext=i-wrapped-it-with-matteyou-can-do-this-diy,video
https://www.tiktok.com/discover/ovoids-mushroom,video
https://www.tiktok.com/discover/pampered-chef-large-round-stone-how-to-use,video
https://www.tiktok.com/discover/pasta-sauce-with-san-marzano-recipe,video
https://www.tiktok.com/discover/people-born-on-december-3-zodiac-sign-is,video
https://www.tiktok.com/discover/pepe-stickers-for-imessage,video
https://www.tiktok.com/discover/predict-hight,video
https://www.tiktok.com/discover/que-es-security-boot-fail,video
https://www.tiktok.com/discover/quienes-son-los-decendientes-de-esau,video
https://www.tiktok.com/discover/rear-main-seal-leak-on-2015-total-tundra,video
https://www.tiktok.com/discover/reset-macbook-air-to-factory,video
https://www.tiktok.com/discover/reset-macbook-password-2025,video
https://www.tiktok.com/discover/rosemary-oil-hair-growth-south-africa,video
https://www.tiktok.com/discover/saturn-retrograde-biblical-meaning-2025,video
https://www.tiktok.com/discover/school-makeup-tutorial-british,video
https://www.tiktok.com/discover/shackle-clock,video
https://www.tiktok.com/discover/side-dishes-to-serve-with-lobster,video
https://www.tiktok.com/discover/soft-foods-to-eat-with-tooth-abscess,video
https://www.tiktok.com/discover/sp1-sublimation-printer-how-to-use,video
https://www.tiktok.com/discover/spam-call-update,video
https://www.tiktok.com/discover/spencer-recession,video
https://www.tiktok.com/discover/squid-game-age-rating-netflix,video
https://www.tiktok.com/discover/steaks-baggot-sauce-recipe,video
https://www.tiktok.com/discover/steve-madden-harden-sand-suede,video
https://www.tiktok.com/discover/sticker-for-imessage,video
https://www.tiktok.com/discover/straw-man-fallacy-kirk,video
https://www.tiktok.com/discover/swimming-pool-heating,video
https://www.tiktok.com/discover/t-launcher-shader,video
https://www.tiktok.com/discover/take-apart-kitchenaid-blender,video
https://www.tiktok.com/discover/tiny-grasshoppers-eating-my-plants,video
https://www.tiktok.com/discover/titanic-carpathia,video
https://www.tiktok.com/discover/top-5-fastest-car-in-jailbreak,video
https://www.tiktok.com/discover/trader-joes-shawarma-chicken-loaf,video
https://www.tiktok.com/discover/treating-my-sleep-apnea-i-snore-loud,video
https://www.tiktok.com/discover/tutorial-how-to-turn-your-fire-tablet-into-an-android-tablet,video
https://www.tiktok.com/discover/typing-test-screenshot,video
https://www.tiktok.com/discover/under-bed-notch-vs-monster-notch-ram,video
https://www.tiktok.com/discover/unemployment-hearing-on-phone-appeal,video
https://www.tiktok.com/discover/upcycled-clothing-for-beginners,video
https://www.tiktok.com/discover/valorant-wont-update,video
https://www.tiktok.com/discover/wedding-slogan-ideas-fo-allen,video
https://www.tiktok.com/discover/what-color-brings-out-grey-blue-eyes,video
https://www.tiktok.com/discover/what-color-shirt-brings-out-blue-eyes,video
https://www.tiktok.com/discover/what-does-growing-oil-do-on-your-hairline,video
https://www.tiktok.com/discover/what-does-the-sun-symbol-mean,video
https://www.tiktok.com/discover/what-does-the-sun-symbolize,video
https://www.tiktok.com/discover/what-is-the-age-rating-for-squid-game,video
https://www.tiktok.com/discover/what-oil-to-use-on-a-blackstone-grill,video
https://www.tiktok.com/discover/what-the-difference-between-gen-z-and-millennial,video
https://www.tiktok.com/discover/what-to-do-if-a-video-is-unavailable-keep-popping-up-amazon-fire-tablet,video
https://www.tiktok.com/discover/what-to-do-if-you-get-lots-of-spots,video
https://www.tiktok.com/discover/what-to-wear-on-a-yacht-party-during-winter,video
https://www.tiktok.com/discover/what-to-wear-to-a-drag-show-as-a-guest,video
https://www.tiktok.com/discover/whats-the-multiplier-for-melted,video
https://www.tiktok.com/discover/where-is-the-redeem-code-section-in-fortnite,video
https://www.tiktok.com/discover/where-to-buy-ezekiel-bread-singapore,video
https://www.tiktok.com/discover/where-to-get-long-straws-like-the-f1-drivers-have,video
https://www.tiktok.com/discover/where-to-watch-ninjago-pilot-episodes,video
https://www.tiktok.com/discover/why-cant-i-eat-with-abscess-tooth,video
https://www.tiktok.com/discover/why-did-obi-wan-and-anakin-still-work-togeter-after-he-became-a-knight,video
https://www.tiktok.com/discover/why-do-girls-move-on-so-fast-after-a-breakup,video
https://www.tiktok.com/discover/why-does-my-phone-crash-on-roblox-games,video
https://www.tiktok.com/discover/why-girls-move-on-quickly-after-breakup,video
https://www.tiktok.com/discover/why-is-almost-all-of-the-shows-on-netflix-called-pilot,video
https://www.tiktok.com/discover/why-is-my-cat-being-so-clingy-all-of-a-sudden,video
https://www.tiktok.com/discover/why-is-my-mosquito-bite-bruising,video
https://www.tiktok.com/discover/why-is-my-valorant-so-laggy-after-the-update,video
https://www.tiktok.com/discover/why-leah-and-jaylen-broke-up,video
https://www.tiktok.com/discover/will-plants-grow-after-eaten-by-bunny,video
https://www.tiktok.com/discover/yasmine-%7c-pgy-0-resident,video
https://www.tiktok.com/discover/your-color-based-on-your-birth-month,video
https://www.tiktok.com/discover/ziyu-series,video
https://www.tiktok.com/discover/zodiac-sign-that-walks-aay-without-looking-back,video
https://www.tiktok.com/en/trending/detail/bloom-to-celebrate-at-bezos-sanchez-wedding,video
https://www.tiktok.com/product/how-to-heat-my-above-ground-pool,video
https://www.tiktok.com/product/what-can-i-do-with-sublimation,video
https://www.tiktok.com/shop/k/how-to-seal-slate-tile,video
"https://www.tilecleaners.com.au/faqs/tile-sealing/after_sealing,_how_long_until_the_tiles_can_be_walked_on_and_furniture_returned",broken_link
https://www.tilecleaners.com.au/sealing-slate-tiles,broken_link
https://www.timesunion.com/opinion/article/editorial-take-action-prison-reform-20392309.php,broken_link
https://www.titanicinquiry.org/botinq/botreport/botreprescue.php,broken_link
https://www.tntech.edu/citl/pdf/onedrive/onedrive-saving-files-mac.pdf,pdf
https://www.tntech.edu/citl/pdf/onedrive/onedrive-savingfiles-windows.pdf,pdf
https://www.tntech.edu/citl/pdf/onedrive/onedrive-unshare-content.pdf,pdf
https://www.todaysparent.com/baby/baby-health/colic-for-crying-out-loud,broken_link
https://www.towson.edu/honors/programs/documents/how-to-list-conference-presentations-resume.pdf,pdf
https://www.tractorsupply.com/tsc/catalog/kennel-cough-bordetella-vaccines,broken_link
https://www.tractorsupply.com/tsc/product/manna-pro-calf-manna-50-lb,broken_link
https://www.transunion.com/credit-disputes/dispute-your-credit,broken_link
https://www.trcc.commnet.edu/wp-content/uploads/2017/06/ccp-student-guide.pdf,pdf
https://www.tripadvisor.com/attractions-g28930-activities-florida.html,broken_link
https://www.tripadvisor.com/showtopic-g1-i26969-k11976151-taking_cat_on_airplane-traveling_with_pets.html,broken_link
https://www.tripadvisor.com/showtopic-g293828-i9987-k14308920-seeing_gorillas_january_2024_where_to_start-rwanda.html,broken_link
https://www.tripadvisor.com/showtopic-g293977-i1733-k9445635-jesus_trail_nazareth_to_cana_trip_report-israel.html,broken_link
https://www.tripadvisor.com/showtopic-g297765-i8115-k10225026-hike_from_nazareth_to_cana-tiberias_galilee_region_northern_district.html,broken_link
https://www.tripadvisor.in/showtopic-g60763-i5-k859501-world_yacht_dinner_cruises_what_to_wear-new_york_city_new_york.html,broken_link
https://www.truereligion.com/crystal-western-notch-baby-tee/209070c.html,broken_link
https://www.ttlawcourts.org,broken_link
https://www.ttuhsc.edu/global-health/documents/film-series/longoria_090811.pdf,pdf
https://www.twinkl.com/resource/t-n-5428-what-can-you-do-in-a-minute-activity-sheet,text_too_short
https://www.twinkl.com/resource/t-n-896-what-can-you-do-in-one-minute-challenge-cards,text_too_short
https://www.twinkl.com/teaching-wiki/facial-expressions,text_too_short
https://www.twinkl.com/teaching-wiki/whole-numbers,text_too_short
https://www.twinkl.com/teaching-wiki/zodiac-signs,text_too_short
https://www.twitch.tv/redeem,text_too_short
https://www.tyndall.af.mil/portals/107/specat%20guide%2024%20aug%202022.pdf,pdf
https://www.tzieldhcp.com/pdf/tzield-coding-and-billing-guide.pdf,pdf
https://www.uab.edu/humanresources/home/images/m_images/organizational_learning__development/pdfs/additional-assignment.pdf,pdf
https://www.uaex.uada.edu/publications/pdf/fsa-6002.pdf,pdf
https://www.ucalgary.ca/finance/files/finance/fr-general-ledger-accounts.pdf,pdf
https://www.ucl.ac.uk/seismin/explore/earth.html,broken_link
https://www.udemy.com/course/anatomy-for-beginners-musculoskeletal-system,broken_link
https://www.udemy.com/course/ap1complete,broken_link
https://www.uefa.com/uefachampionsleague,broken_link
https://www.uhcprovider.com/content/dam/provider/docs/public/policies/comm-reimbursement/comm-supply-policy.pdf,pdf
https://www.uhd.nhs.uk/uploads/about/docs/equality/communicating_with_people_who_are_hard_of_hearing.pdf,pdf
https://www.umaryland.edu/media/umb/cits/o365/stopsyncing_documentlibrary.pdf,pdf
https://www.umass.edu/agriculture-food-environment/home-lawn-garden/fact-sheets/whats-eating-my-vegetables,broken_link
https://www.umsl.edu/~chewl/ppt1/ba%20315%20cvp%20curl.ppt,broken_link
https://www.un.org/sites/un2.un.org/files/2021/08/coronavirus_vipitguidance.pdf,pdf
https://www.unchealthsoutheastern.org/care-treatment/rehabilitation-services/services/dry-needling,broken_link
https://www.unco.edu/instructional-design-development/pdf/id-on-demand/online-course-video-zoom-for-faculty.pdf,pdf
https://www.uncp.edu/sites/default/files/2020-04/accessing-a-shared-mailbox-via-outlook-app.pdf,pdf
https://www.unesco.org/en/global-citizenship-peace-education,broken_link
https://www.unesco.org/en/global-citizenship-peace-education/need-know,broken_link
https://www.unicef.org.uk/rights-respecting-schools/wp-content/uploads/sites/4/2022/01/rrsa-global-citizenship-guide.pdf,pdf
https://www.unicef.org/nutrition/early-childhood-nutrition,broken_link
https://www.unicef.org/parenting/food-nutrition/how-to-raise-healthy-eater,broken_link
https://www.unicef.org/stories/how-to-stop-cyberbullying,broken_link
https://www.unionbankofindia.co.in/en/listing/online-account-opening,broken_link
https://www.unioncountywater.org/customer-service/i-need-to/pay-my-bill,broken_link
https://www.united.com/en/us/fly/travel/accessibility-and-assistance/service-animals.html,broken_link
https://www.united.com/en/us/fly/travel/traveling-with-pets.html,broken_link
https://www.unitedwellnesscenter.com/wp-content/uploads/2012/10/tdn_what_to_expect_after_no_logo.pdf,pdf
https://www.universalorlando.com/web/en/us/places-to-stay/hotels/special-offers/fl-resident-rates,text_too_short
https://www.unziper.com/compress,text_too_short
https://www.uphp.com/wp-content/uploads/2018/07/jcodepriorauths.pdf,pdf
https://www.upmcmyhealthmatters.com/what-makes-the-affordable-care-act-so-affordable-2,broken_link
https://www.uptodate.com/contents/causes-of-hyponatremia-without-hypotonicity-including-pseudohyponatremia/print,text_too_short
https://www.uptodate.com/contents/colic-excessive-crying-in-infants-beyond-the-basics/print,text_too_short
https://www.uptodate.com/contents/extracranial-carotid-artery-aneurysm,text_too_short
https://www.uptodate.com/contents/hives-urticaria-beyond-the-basics,text_too_short
https://www.uptodate.com/contents/hives-urticaria-beyond-the-basics/print,text_too_short
https://www.uptodate.com/contents/infectious-mononucleosis-mono-in-adults-and-adolescents-beyond-the-basics/print,text_too_short
https://www.uptodate.com/contents/intracytoplasmic-sperm-injection,text_too_short
https://www.uptodate.com/contents/serum-osmolal-gap,text_too_short
https://www.uscis.gov/sites/default/files/document/forms/i-131instr.pdf,pdf
https://www.uscis.gov/sites/default/files/document/forms/i-864instr.pdf,pdf
https://www.uscis.gov/sites/default/files/document/guides/a1en.pdf,pdf
https://www.uscis.gov/sites/default/files/document/lesson-plans/billofrights_handouts.pdf,pdf
https://www.uscis.gov/sites/default/files/document/lesson-plans/government_and_you_handouts.pdf,pdf
https://www.uscis.gov/sites/default/files/document/lesson-plans/intermediate_rightsandresponsibilities_handouts.pdf,pdf
https://www.usf.edu/student-affairs/student-accessibility/documents/com-deaf-individuals.pdf,pdf
https://www.usmint.gov,broken_link
https://www.usmint.gov/coins/precious-metal-coins/gold,broken_link
https://www.usmle.org/sites/default/files/2021-10/step2_ck_sample_questions.pdf,pdf
https://www.usmle.org/sites/default/files/2021-10/step_1_sample_items.pdf,pdf
https://www.usnews.com/360-reviews/sleep/mattress/do-you-need-box-spring,broken_link
https://www.usnews.com/education/best-graduate-schools/top-law-schools/articles/what-contract-law-is-and-how-to-become-a-contract-lawyer,broken_link
https://www.usnews.com/news/business/articles/2025-06-26/asian-shares-are-mixed-as-markets-take-a-breather-after-recent-volatility,broken_link
https://www.utep.edu/information-resources/iso/_files/docs/security-awareness/how%20to%20password%20protect%20microsoft%20office%202013%20documents.pdf,pdf
https://www.utep.edu/information-resources/iso/_files/docs/security-awareness/how%20to%20password%20protect%20word%20and%20excel%20files.pdf,pdf
https://www.utrgv.edu/_files/documents/admissions/undergraduate/degree-plans/2018/2018-marine-biology-bs.pdf,pdf
https://www.utrgv.edu/graduate/_files/documents/how-to-create-an-e-signature-in-adobe-acrobat.pdf,pdf
https://www.utsa.edu/twc/documents/mla-powerpoint.pdf,pdf
https://www.valleycentral.com/news/politics/ap-politics/ap-former-top-aide-to-jill-biden-is-subpoenaed-by-house-oversight-panel,broken_link
https://www.valleyvet.com/ct_detail.html,broken_link
https://www.valvolineglobal.com/en-ksa/engine-oil-leak-causes-and-how-to-fix-them,text_too_short
https://www.vatican.va/archive/eng0015/_index.htm,broken_link
https://www.vcalc.com/wiki/michaelbartmess/schedule-variance,broken_link
https://www.veritas.com/support/de_de/article.100016524,broken_link
https://www.very.co.uk/amazon-amazon-echo-show-5-3rd-generation-smart-speaker/1601014300.prd,broken_link
https://www.vetcoclinics.com,broken_link
https://www.victronenergy.com/media/pg/the_wiring_unlimited_book/en/ac-wiring.html,broken_link
https://www.vintagestory.at/faq.html,broken_link
https://www.vioc.com/services,text_too_short
https://www.visaplace.com/usa-immigration/permanent-residence-green-card/employment-based-petitions/eb-3-visa,broken_link
https://www.vitacost.com/blog/how-to-prevent-muscle-cramps,broken_link
https://www.vivekananda.net/biographical/vivekanandasdeath.html,broken_link
https://www.vkernel.ro/blog/restrict-users-from-login-to-remote-desktop-web-access,broken_link
https://www.volvocars.com/us/l/north-american-charging-standard,broken_link
https://www.vos.noaa.gov/mwl/aug_06/ice_patrol.shtml,broken_link
https://www.vumc.org/oto-comms-intranet/sites/default/files/public_files/clinical%20swallow%20evaluation%20protocol.pdf,pdf
https://www.vyloysupportsolutions.com/content/docs/coding-and-billing-guide.pdf,pdf
https://www.walmart.com/browse/health/blood-pressure-monitors/976760_1005860_1077045,text_too_short
https://www.walmart.com/browse/home-improvement/bathroom-caulk/1072864_1067617_1067621_1067825_3312979,text_too_short
https://www.walmart.com/browse/patio-garden/heat-above-ground-pool/5428_132873_3700536_2451665_8998681,text_too_short
https://www.walmart.com/c/kp/oil-stop-leak-products,text_too_short
https://www.walmart.com/ip/2-1-2-gallon-pressure-feed-paint-tank-pot-for-spray-gun-sprayer-regulator-gauge/39103903,text_too_short
https://www.walmart.com/ip/adventure-awaits-bridal-shower-favor-bags-set-10-unique-gift-weddings-bachelorette-parties-engagements-graduations-perfect-celebrating-new-beginnings/10440810553,text_too_short
https://www.walmart.com/ip/biscoff-cookie-butter-lotus-creamy-nut-free-spread-14-1-oz-jar-pack-of-4/10876961907,text_too_short
https://www.walmart.com/ip/cyberpowerpc-skorpion-k2-cpsk302-rgb-mechanical-gaming-keyboard-with-kontact-blue-clicky-mechanical-switches/515880215,text_too_short
https://www.walmart.com/ip/cyberpowerpc-skorpion-k2-cpsk303-rgb-mechanical-gaming-keyboard-with-kontact-red-linear-mechanical-switches/267981663,text_too_short
https://www.walmart.com/ip/great-value-distilled-white-vinegar-128-fl-oz/10450998,text_too_short
https://www.walmart.com/ip/lotus-biscoff-crunchy-cookie-butter-13-4-oz-nut-free-spread-one-jar-per-pack/19888737,text_too_short
https://www.walmart.com/ip/manna-pro-calf-manna-10-lb/26957802,text_too_short
https://www.walmart.com/plus,text_too_short
https://www.walmart.com/reviews/product/224979534,text_too_short
https://www.walmart.com/reviews/product/26957801,text_too_short
https://www.wane.com/sports/nfl/former-steelers-coach-cowher-elected-to-pro-football-hof,broken_link
https://www.washingtonpost.com/business/2022/06/15/7-tips-on-how-to-survive-a-recession,broken_link
https://www.washingtonpost.com/climate-environment/2023/02/24/new-earth-inner-core-layer-metallic-ball,broken_link
https://www.washingtonpost.com/entertainment/horoscopes,broken_link
https://www.washingtonpost.com/food/2022/01/25/how-to-dispose-reuse-cooking-oil,broken_link
https://www.washingtonpost.com/home/2025/06/25/household-cleaning-essentials,broken_link
https://www.washingtonpost.com/lifestyle/advice/miss-manners-responding-to-thank-you-for-your-service/2021/09/12/ac4656ca-06c0-11ec-a266-7c7fe02fa374_story.html,broken_link
https://www.washingtonpost.com/lifestyle/food/9-ways-to-use-up-that-tub-of-white-miso-in-your-fridge/2017/03/14/6009f90c-05c5-11e7-b1e9-a05d3c21f7cf_story.html,broken_link
https://www.washingtonpost.com/national-security/2023/03/01/havana-syndrome-intelligence-report-weapon,broken_link
https://www.washingtonpost.com/national/health-science/how-did-giraffes-get-their-long-necks/2015/11/30/60c94a44-93b3-11e5-b5e4-279b4501e8a6_story.html,broken_link
https://www.washingtonpost.com/technology/2019/04/04/die-robocalls-die-how-to-guide-stop-spammers-exact-revenge,broken_link
https://www.washingtonpost.com/technology/2023/04/11/technology-loneliness-role,broken_link
https://www.washingtonpost.com/travel/interactive/2025/best-airports-us-ranking,broken_link
https://www.washingtonpost.com/wellness/2023/09/12/why-your-recorded-voice-sounds-different,broken_link
https://www.washingtonpost.com/wellness/2024/10/22/mold-symptoms-test-risks-treatment,broken_link
https://www.washingtonpost.com/world/2021/09/21/what-is-havana-syndrome-us-cuba-cia-burns,broken_link
https://www.washtenaw.org/1817/health-risks-of-mold,video
https://www.waterfront-woods.com/articles/electricity/electricity.htm,broken_link
https://www.wavy.com/news/local-news/newport-news/off-duty-nurse-performs-cpr-on-5-year-old-in-multi-vehicle-i-64-crash-in-newport-news,broken_link
https://www.wavy.com/news/politics/virginia-politics/va-lawmakers-react-to-ice-arrests-at-the-chesterfield-county-courthouse,broken_link
https://www.wcu.edu/webfiles/pdfs/hunter-library/circulating-hardware/generalrefguide_84plusce_manual.pdf,pdf
https://www.wcu.edu/webfiles/pdfs/hunter-library/circulating-hardware/ti84plus_guidebook.pdf,pdf
https://www.wdhn.com/news/ariton-man-killed-in-semi-truck-crash,broken_link
https://www.wdhn.com/news/business/ap-oil-prices-drop-2-with-most-asian-markets-closed-for-holidays,broken_link
https://www.wearegreenbay.com/news/local-news/teen-from-waupun-dies-at,broken_link
https://www.wearegreenbay.com/news/local-news/wisconsin-man-found-dead-in-parking-lot-after-crashing-into-traffic-light,broken_link
https://www.weather.gov/source/zhu/zhu_training_page/definitions/dry_wet_bulb_definition/dry_wet_bulb.html,broken_link
https://www.weddingwire.com/wedding-forums/any-ideas-of-what-to-fill-favor-boxes-with-other-than-the-traditional-candy/1bcb60d8686d9803.html,broken_link
https://www.weddingwire.com/wedding-forums/who-receives-a-bridal-shower-favor/f82e9b5a33a24c4d.html,broken_link
https://www.weekand.com/home-garden/article/apply-sealant-slate-tile-18030506.php,broken_link
https://www.weekand.com/home-garden/article/how-to-use-vinegar-as-a-fabric-softener-18002714.php,broken_link
https://www.weekand.com/home-garden/article/identify-beech-tree-leaves-18004250.php,broken_link
https://www.weekand.com/home-garden/article/keep-chipmunks-out-potted-plants-18014784.php,broken_link
https://www.weekand.com/home-garden/article/long-should-grout-set-up-before-walking-tile-18027834.php,broken_link
https://www.weekand.com/home-garden/article/natural-insect-repellents-leafeating-insects-18042937.php,broken_link
https://www.weekand.com/home-garden/article/reseal-slate-tile-backsplash-18018633.php,broken_link
https://www.weekand.com/home-garden/article/walk-new-ceramic-tile-floor-18062928.php,broken_link
https://www.wellingtonfl.gov/878/dr-martin-luther-king-jr-day,broken_link
https://www.wernerelectric.com/catalog/rockwell-automation/networks-and-communication/ethernet-ip-ethernet-switches,broken_link
https://www.wesleyanargus.com/uploaded-files/u103wl/2341924/anatomy-and_physiology_2nd_edition__martini-nath.pdf,pdf
https://www.westernu.edu/mediafiles/cdihp/five-technologies-deaf-communication.pdf,pdf
https://www.westgreenfamilydental.com/causes-of-a-white-tongue-and-how-to-get-rid-of-it,broken_link
https://www.westgreenfamilydental.com/white-tongue-symptoms-causes-and-treatment,broken_link
https://www.westpoint.edu/sites/default/files/inline-images/cfd/cadet%2520required%2520knowledge.pdf,pdf
https://www.wfla.com/news/local-news/hernando-county/cars-crash-in-front-of-spring-hill-restaurants-outdoor-dining-section,broken_link
https://www.wftv.com/news/experian-study-average-us-consumer-debt-statistics/ifjv46spvziabdzyxjcqixshxm,broken_link
https://www.wftv.com/news/us-stocks-drift-near/3hkkqswqcbf5joiifjd2nruqr4,broken_link
https://www.wftv.com/news/us-stocks-rise-brink/3hkkqswqcbf5joiifjd2nruqr4,broken_link
https://www.wfxrtv.com/roanoke-county/car-crash-into-power-pole-shuts-down-roanoke-county-road,broken_link
https://www.whec.com/national-world/stock-market-today-dow-drops-700-as-us-businesses-and-consumers-worry-about-tariffs-and-washington,broken_link
https://www.whijournal.com/article/s1049-3867(11)00014-4/pdf,broken_link
https://www.whitehouse.gov/wp-content/uploads/2025/05/fiscal-year-2026-discretionary-budget-request.pdf,pdf
https://www.whitman.edu/mathematics/java_tutorial/java/javaoo/abstract.html,broken_link
https://www.whizlabs.com/microsoft-azure-certification-training-courses,text_too_short
https://www.widgit.com/support-docs/uk/widgit-online/helpsheets/content/speech-to-text.pdf,pdf
https://www.wikidoc.org/index.php/psilocybe_ovoideocystidiata,broken_link
https://www.wikihow.com/forum/discussion-how-do-i-stop-annoying-spam-calls-on-an-iphone,broken_link
https://www.wikihow.com/forum/discussion-ideas-for-thoughtful-bridal-shower-gifts-she'll-love,broken_link
https://www.wincofoods.com,broken_link
https://www.winlab.rutgers.edu/~crose/221_html/chapter-10-power%20copy.pdf,pdf
https://www.wisconsinpoison.org/poison-center1/pdf/8-15-23-5-things-to-know-delta-8-thc-final.pdf,pdf
https://www.wisdomportal.com/spiritualsun/sunsymbolism.html,broken_link
https://www.wizeprep.com/online-courses/19890/chapter/2/core/5/7,text_too_short
https://www.wjbf.com/news/authorities-ask-for-help-in-finding-missing-north-augusta-woman,broken_link
https://www.wjbf.com/political-news/ap-politics/ap-former-top-aide-to-jill-biden-is-subpoenaed-by-house-oversight-panel,broken_link
https://www.wjbf.com/sports/local-sports/georgia-southern-football-players-put-back-to-back-champs-edmund-burke-to-work,broken_link
https://www.wjhl.com/business/ap-business/ap-duncan-hines-parent-conagra-brands-says-it-will-phase-out-artificial-colors,broken_link
https://www.wjhl.com/news/local/19-year-old-charged-with-aggravated-assault-evading-after-weekend-crash,broken_link
https://www.wjtv.com/news/local-news/vicksburg-officer-injured-crash-after-being-forced-off-road-police,broken_link
https://www.wjtv.com/washington/washington-dc/ap-former-top-aide-to-jill-biden-is-subpoenaed-by-house-oversight-panel,broken_link
https://www.wkrg.com/baldwin-county/florida-man-killed-in-baldwin-county-car-crash-alea,broken_link
https://www.wkrg.com/news/politics/ap-former-top-aide-to-jill-biden-is-subpoenaed-by-house-oversight-panel,broken_link
https://www.wkrn.com/news/national/why-are-my-hands-and-feet-always-cold-and-when-should-i-be-worried,broken_link
https://www.wkrn.com/sports/ap-sports/ap-pacers-star-tyrese-haliburton-suffers-lower-right-leg-injury-in-game-7-of-nba-finals,broken_link
https://www.woboe.org/cms/lib8/nj01912995/centricity/domain/905/9-11%20identifying%20controls%20and%20variables%20notes.pdf,pdf
https://www.worldscientific.com/doi/10.1142/9781786345707_0008,broken_link
https://www.worldvision.org.uk/about/blogs/bible-verses-on-prayer,broken_link
https://www.worldwildlife.org/magazine/articles/how-helping-gorillas-helps-forests,broken_link
https://www.worldwildlife.org/species/mountain-gorilla,broken_link
https://www.wowhead.com/forums/topic/roblox-game-codes-for-free-items-374547,broken_link
https://www.wowhead.com/forums/topic/wow-f-o-r-t-n-i-t-e-gift-card-to-vbucks-code-redeem-f-o-r-t-n-i-t-e-skins-374163,broken_link
https://www.wowhead.com/ptr-2/forums/topic/how-do-i-claim-1000-robux-codes-roblox-redeem-373918,broken_link
https://www.wowktv.com/news/u-s-world/ap-amazon-is-raising-free-shipping-minimums-for-some-customers-who-dont-have-prime-memberships,broken_link
https://www.wowktv.com/sports/former-steelers-coach-cowher-elected-to-pro-football-hof,broken_link
https://www.wric.com/news/local-news/chesterfield-county/crash-shuts-down-west-hundred-road,broken_link
https://www.wric.com/news/money-tips-how-does-amazon-pay-for-free-shipping,broken_link
https://www.wsbtv.com/news/local/cobb-county/man-tries-break-into-cobb-county-home-while-woman-was-bed-police-say/tooj6gdpy5eh5lnuvtkwxrscs4,broken_link
https://www.wsbtv.com/news/local/potential-federal-ban-delta-8-thc-products-gets-mixed-reaction/lfjj5dtpxncebb6loqb4uftwsu,broken_link
https://www.wsbtv.com/news/trending/former-steelers-coach-bill-cowher-elected-pro-football-hall-fame/5kofw5nr3rbc5n47p4qurviwh4,broken_link
https://www.wsh.nhs.uk/cms-documents/patient-leaflets/nutritionanddieteticservice/dietary-advice-for-people-with-gallstones.pdf,pdf
https://www.wsh.nhs.uk/cms-documents/patient-leaflets/paediatricdepartment/6296-1-healthy-eating-for-6-12-year-olds.pdf,pdf
https://www.wsj.com/articles/havana-syndrome-symptoms-11626882951,broken_link
https://www.wsj.com/health/biological-age-test-ccc59a6,broken_link
https://www.wsj.com/health/wellness/marijuana-to-treat-autism-some-parents-say-yes-1d9a3ad1,broken_link
https://www.wsj.com/livecoverage/stock-market-today-dow-nasdaq-sp500-03-26-2025,broken_link
https://www.wsj.com/livecoverage/stock-market-today-trump-tariffs-trade-war-06-20-2025,broken_link
https://www.wsj.com/style/design/does-your-mattress-need-a-box-spring-anymore-11620762292,broken_link
https://www.wti.org/media/filer_public/73/18/73186b3c-4cf8-45be-b12f-a519f552f6dd/wp2012_9_fischer_how_globalization_and_the_choice_of_domestic__policies_7_nccr.pdf,pdf
https://www.wtrf.com/top-stories/2-dead-from-head-on-collision-in-west-virginia,broken_link
https://www.wufi-forum.com/viewtopic.php,broken_link
https://www.wwlp.com/news/political-news/ap-politics/ap-former-top-aide-to-jill-biden-is-subpoenaed-by-house-oversight-panel,broken_link
https://www.wytv.com/politics/ap-politics/ap-former-top-aide-to-jill-biden-is-subpoenaed-by-house-oversight-panel,broken_link
https://www.xfinity.com/support/articles/change-spam-blocker-settings,broken_link
https://www.yahoo.com/lifestyle/17-ways-rid-skin-tags-000051965.html,broken_link
https://www.yellowpages.com.au/find/sand-soil-gravel-wholesalers/harden-nsw-2587,broken_link
https://www.yorkccd.org/wp-content/uploads/2021/11/tree-species.pdf,pdf
https://www.youbrewmytea.com/15-reasons-take-shower-spouse,broken_link
https://www.youtube.com/@dbrees9,video
https://www.youtube.com/@gibiasmr/posts,video
https://www.youtube.com/@intothecryptoverse,video
https://www.youtube.com/@lifewellcruised,video
https://www.youtube.com/@notorious_foodie/shorts,video
https://www.youtube.com/@unsolicitedadvice9198,video
https://www.youtube.com/channel/ucqsbym4ohrzsp0nq1ezomia,video
https://www.youtube.com/feed/storefront,video
https://www.youtube.com/live/agdlacpzaye?t=944s,video
https://www.youtube.com/live/ampftmcewmm,video
https://www.youtube.com/live/sc1--yd8_ti,video
https://www.youtube.com/playlist?list=pl8dpuualjxtoaked_mxxwbnapno5h3zs8,video
https://www.youtube.com/playlist?list=plfjbixyppvso33hjtbcujgvop1exqb2nu,video
https://www.youtube.com/playlist?list=plhfguquwbhkbrjvo5gxeozntrg9kjikwn,video
https://www.youtube.com/playlist?list=pllhjmc_7rmel03fqett3skmtuv2f5z-5a,video
https://www.youtube.com/playlist?list=plngbskxmey58fnrztyao7bec5w2ha4cqb,video
https://www.youtube.com/playlist?list=plvyuicjy4dakxtthtrzql09yf_868cp1x,video
https://www.youtube.com/shorts/-9-uxneydpg,video
https://www.youtube.com/shorts/-xz1vmq-3lu,video
https://www.youtube.com/shorts/0mnbup5alow,video
https://www.youtube.com/shorts/1gtuknanype,video
https://www.youtube.com/shorts/1pwu-ewg-7w,video
https://www.youtube.com/shorts/2incza2jygo,video
https://www.youtube.com/shorts/2kinisjbn10,video
https://www.youtube.com/shorts/2qo8vopa3pq,video
https://www.youtube.com/shorts/2sljjb5jgbs,video
https://www.youtube.com/shorts/3xn1pl0zns0,video
https://www.youtube.com/shorts/43huq4nrioq,video
https://www.youtube.com/shorts/47kdmbkpbse,video
https://www.youtube.com/shorts/4clm5xb2xam,video
https://www.youtube.com/shorts/4fk7i2xpdrw,video
https://www.youtube.com/shorts/4ihhybcqawm,video
https://www.youtube.com/shorts/4iostp_sdf8,video
https://www.youtube.com/shorts/4iostp_sdf8?t=0,video
https://www.youtube.com/shorts/4k7vfgidx_s,video
https://www.youtube.com/shorts/4potl7teo9y,video
https://www.youtube.com/shorts/4yntzarwib8,video
https://www.youtube.com/shorts/5adn7itrpto,video
https://www.youtube.com/shorts/5md9r4smtwk,video
https://www.youtube.com/shorts/5snu7cnh68q,video
https://www.youtube.com/shorts/5tuwuztjrvm,video
https://www.youtube.com/shorts/6orioopesos,video
https://www.youtube.com/shorts/6pp5lh6htmy,video
https://www.youtube.com/shorts/6vir2bajb1e,video
https://www.youtube.com/shorts/733i6n6x6es,video
https://www.youtube.com/shorts/7ivlbkuudoy,video
https://www.youtube.com/shorts/7nbbyoylp6e,video
https://www.youtube.com/shorts/7oyyybvjv0a,video
https://www.youtube.com/shorts/7paj8evji9o,video
https://www.youtube.com/shorts/7vesbdbw6kg,video
https://www.youtube.com/shorts/7wfcebp1sj0,video
https://www.youtube.com/shorts/8hgtf5imcgs,video
https://www.youtube.com/shorts/8zgz1a5sbwi,video
https://www.youtube.com/shorts/9omsuusrsdc,video
https://www.youtube.com/shorts/9pwiti3ak04,video
https://www.youtube.com/shorts/_0c0eeoyizs,video
https://www.youtube.com/shorts/_crub0ai3xe,video
https://www.youtube.com/shorts/abszsvwuejc,video
https://www.youtube.com/shorts/ado0bhwek0u,video
https://www.youtube.com/shorts/ado0bhwek0u?t=6,video
https://www.youtube.com/shorts/aj5ppumv-o4,video
https://www.youtube.com/shorts/ajnu5mznrhw,video
https://www.youtube.com/shorts/aor348rolvo,video
https://www.youtube.com/shorts/apvzxl_kbqk,video
https://www.youtube.com/shorts/aqtcmz6k0pk,video
https://www.youtube.com/shorts/bcbxgs8m3xg,video
https://www.youtube.com/shorts/bk75z-1k-gy,video
https://www.youtube.com/shorts/blev4dpusn0,video
https://www.youtube.com/shorts/byc3pqkxwn4,video
https://www.youtube.com/shorts/caxlbwxr4lo,video
https://www.youtube.com/shorts/cepdteg0h4k?t=0,video
https://www.youtube.com/shorts/cwhmzzzwwqk,video
https://www.youtube.com/shorts/d141jn6_kbk,video
https://www.youtube.com/shorts/dbozxwbovd0,video
https://www.youtube.com/shorts/djjmseekquc,video
https://www.youtube.com/shorts/dn-1nyjsk_w,video
https://www.youtube.com/shorts/dtg0gjvdjj0,video
https://www.youtube.com/shorts/dx7-nk4kzfe,video
https://www.youtube.com/shorts/dx_cdhkuaew,video
https://www.youtube.com/shorts/dyo8nniqxhu,video
https://www.youtube.com/shorts/e-l562ntvco,video
https://www.youtube.com/shorts/ebzcrzuajfo,video
https://www.youtube.com/shorts/enpxioiq7le,video
https://www.youtube.com/shorts/etr18eyzg9e,video
https://www.youtube.com/shorts/exrmofo6bpu,video
https://www.youtube.com/shorts/f8yphrgwgpk,video
https://www.youtube.com/shorts/fj8mm32naim,video
https://www.youtube.com/shorts/flz2gygfu28,video
https://www.youtube.com/shorts/fxqxk43aavy,video
https://www.youtube.com/shorts/g6iimf-8kks,video
https://www.youtube.com/shorts/gdn-pyfl7s0,video
https://www.youtube.com/shorts/ggzh1wm_g1q,video
https://www.youtube.com/shorts/gm2flyfchmu,video
https://www.youtube.com/shorts/gn9il-t3eg4,video
https://www.youtube.com/shorts/guivfpraqus,video
https://www.youtube.com/shorts/hn1ge7snpnw,video
https://www.youtube.com/shorts/hqnawjev9ko,video
https://www.youtube.com/shorts/hrqbc2ktpxq,video
https://www.youtube.com/shorts/hwmrooxxdza,video
https://www.youtube.com/shorts/hxdtmddnarw,video
https://www.youtube.com/shorts/i3zkn7kk3ri,video
https://www.youtube.com/shorts/iiaoull3flq,video
https://www.youtube.com/shorts/iibfbeiwmek,video
https://www.youtube.com/shorts/iq4nkvkwhme,video
https://www.youtube.com/shorts/ivh27oxcgiq,video
https://www.youtube.com/shorts/jbp_ek6gkhy,video
https://www.youtube.com/shorts/jcj_ou5enj4,video
https://www.youtube.com/shorts/jk03gp-rdss,video
https://www.youtube.com/shorts/jk4psbw7hna,video
https://www.youtube.com/shorts/jkroyivjhdi,video
https://www.youtube.com/shorts/jlpkxzrjany,video
https://www.youtube.com/shorts/jmdkfb3l1y0,video
https://www.youtube.com/shorts/jous3apylby,video
https://www.youtube.com/shorts/jsovjeltuxi,video
https://www.youtube.com/shorts/jxqijphrxfe,video
https://www.youtube.com/shorts/jxvcsydm6-a,video
https://www.youtube.com/shorts/kbddjdh9wjs,video
https://www.youtube.com/shorts/khxm36k3w_g,video
https://www.youtube.com/shorts/kjs2osqzcao?t=2,video
https://www.youtube.com/shorts/kr2rkere7tg,video
https://www.youtube.com/shorts/kv5retgfqhq,video
https://www.youtube.com/shorts/kv5retgfqhq?t=0,video
https://www.youtube.com/shorts/kvajzjgs6jq,video
https://www.youtube.com/shorts/kzgarzpt7sy,video
https://www.youtube.com/shorts/l41fr4_fjxq,video
https://www.youtube.com/shorts/lgeghbbvfbu,video
https://www.youtube.com/shorts/luhrtqfyuzu,video
https://www.youtube.com/shorts/mb-vqb3tyuy,video
https://www.youtube.com/shorts/mb9p0ioj0jy,video
https://www.youtube.com/shorts/mcuocczmmzi,video
https://www.youtube.com/shorts/mhk5jvndx24,video
https://www.youtube.com/shorts/nj64tzfvk3c,video
https://www.youtube.com/shorts/nlnnixrkjey,video
https://www.youtube.com/shorts/nth_7mphafs,video
https://www.youtube.com/shorts/nu3kcpcqntw,video
https://www.youtube.com/shorts/o2cq5sbl0xu,video
https://www.youtube.com/shorts/obhezoxsetg,video
https://www.youtube.com/shorts/oroigdedpts,video
https://www.youtube.com/shorts/outtxkdap9m,video
https://www.youtube.com/shorts/oy-nvq5tykm,video
https://www.youtube.com/shorts/ozmkdl7fvsm,video
https://www.youtube.com/shorts/p2ahiugamhq,video
https://www.youtube.com/shorts/p8sirubnpf0,video
https://www.youtube.com/shorts/pesq-qy4lsi,video
https://www.youtube.com/shorts/pmcr35iqoe0,video
https://www.youtube.com/shorts/q-my5ha674g,video
https://www.youtube.com/shorts/q-my5ha674g?t=10,video
https://www.youtube.com/shorts/qhgzadmybdw,video
https://www.youtube.com/shorts/ql6brjraqhm,video
https://www.youtube.com/shorts/qmi78r1sw4c,video
https://www.youtube.com/shorts/qnl719fwtvi,video
https://www.youtube.com/shorts/qo2bsqmo8dk,video
https://www.youtube.com/shorts/qrt3efyyco0,video
https://www.youtube.com/shorts/qs4xhi1omg4,video
https://www.youtube.com/shorts/qsbzgxr4az4,video
https://www.youtube.com/shorts/qvhzmcnzyx4,video
https://www.youtube.com/shorts/rb56d6ajme8,video
https://www.youtube.com/shorts/rbpxdrdfume,video
https://www.youtube.com/shorts/rggxxsooscu,video
https://www.youtube.com/shorts/rjthj6qwq7y,video
https://www.youtube.com/shorts/rkpdhhcylxo,video
https://www.youtube.com/shorts/rlrd8qbirkq,video
https://www.youtube.com/shorts/rlvpndzlvye,video
https://www.youtube.com/shorts/s-ifsrrg7k4,video
https://www.youtube.com/shorts/s9fvlg2y8ve,video
https://www.youtube.com/shorts/sadw5msbftg,video
https://www.youtube.com/shorts/sd25gth-onq,video
https://www.youtube.com/shorts/slj9xwlimpk,video
https://www.youtube.com/shorts/smppcfpes1m,video
https://www.youtube.com/shorts/sqrtatbyxkm,video
https://www.youtube.com/shorts/svnmkoo-b1i,video
https://www.youtube.com/shorts/sw-skbri2pg,video
https://www.youtube.com/shorts/sxvqtftfcv8,video
https://www.youtube.com/shorts/szdjy4zjpm4,video
https://www.youtube.com/shorts/szh9a9f7zak,video
https://www.youtube.com/shorts/t69oc2m07jw,video
https://www.youtube.com/shorts/tcfr6zdaluc,video
https://www.youtube.com/shorts/tj625bozfjy,video
https://www.youtube.com/shorts/ton-ffau1bk,video
https://www.youtube.com/shorts/tr6njphzyry,video
https://www.youtube.com/shorts/tu6qoexh3a0,video
https://www.youtube.com/shorts/ty_gmdqa1l0,video
https://www.youtube.com/shorts/u7jtal-qdsy,video
https://www.youtube.com/shorts/u7jtal-qdsy?t=0,video
https://www.youtube.com/shorts/uapanr_rggk,video
https://www.youtube.com/shorts/uhczyv9_91m,video
https://www.youtube.com/shorts/ul3thwblqq8,video
https://www.youtube.com/shorts/upj2vpo7y2s,video
https://www.youtube.com/shorts/uschztzve6w,video
https://www.youtube.com/shorts/v1aoocmfbke,video
https://www.youtube.com/shorts/v35c7kp-3b8,video
https://www.youtube.com/shorts/v_gghxr8mqe,video
https://www.youtube.com/shorts/v_zwj21yugq,video
https://www.youtube.com/shorts/vci6fvjxqnq,video
https://www.youtube.com/shorts/velx38fo98w,video
https://www.youtube.com/shorts/vjcny68cd3g,video
https://www.youtube.com/shorts/vlntd_ivdyq,video
https://www.youtube.com/shorts/vmgq3pdaqla,video
https://www.youtube.com/shorts/vueiwfbuvg8,video
https://www.youtube.com/shorts/vxmmac37bww,video
https://www.youtube.com/shorts/w-7c1alvopu,video
https://www.youtube.com/shorts/w1edjby8o6k,video
https://www.youtube.com/shorts/wbr5lksekoe,video
https://www.youtube.com/shorts/wemkalwwi7w,video
https://www.youtube.com/shorts/wg4gedfigde,video
https://www.youtube.com/shorts/wksbdvxpo5o,video
https://www.youtube.com/shorts/wlitgtv_p7s,video
https://www.youtube.com/shorts/wljahnwi4cq,video
https://www.youtube.com/shorts/wlyykk9sc9g,video
https://www.youtube.com/shorts/wsnryt6wgno,video
https://www.youtube.com/shorts/wu-q6u_qkdy,video
https://www.youtube.com/shorts/wx38nnep74y,video
https://www.youtube.com/shorts/wx41fc-7dca,video
https://www.youtube.com/shorts/wzme_qrjwbm,video
https://www.youtube.com/shorts/wzz6tpjelto,video
https://www.youtube.com/shorts/x3zhf1jtii4,video
https://www.youtube.com/shorts/xbjbnckdnug?t=0,video
https://www.youtube.com/shorts/xbuifq9wc_k,video
https://www.youtube.com/shorts/xf4su_b90we,video
https://www.youtube.com/shorts/xhiraa4zmgk,video
https://www.youtube.com/shorts/xvjbd2d6n0m,video
https://www.youtube.com/shorts/yarby6lwooy,video
https://www.youtube.com/shorts/ybzgjcvlcwo,video
https://www.youtube.com/shorts/yeg6gyk2eja,video
https://www.youtube.com/shorts/ymr6x5dov0i,video
https://www.youtube.com/shorts/yo8-yigrjkc,video
https://www.youtube.com/shorts/z4dlngd4nq4,video
https://www.youtube.com/shorts/zdfcwsgeg8g,video
https://www.youtube.com/shorts/zft3yunnf6g,video
https://www.youtube.com/shorts/zuq3qdlpmsu,video
https://www.youtube.com/user/dtscgreen,video
https://www.youtube.com/watch?pp=0gcjcc0aak0xxgki&v=dnsevxqqar0,video
https://www.youtube.com/watch?pp=0gcjcckaak0xxgki&v=tzaqnizs3as,video
https://www.youtube.com/watch?pp=0gcjcckjaycqiyzv&v=se9_s9bzbes,video
https://www.youtube.com/watch?pp=0gcjcdgao7vqn5td&t=1&v=d9exgq8hku4,video
https://www.youtube.com/watch?pp=0gcjcdgao7vqn5td&t=1&v=vkn89a6iap8,video
https://www.youtube.com/watch?pp=0gcjcdgao7vqn5td&t=168&v=h7v5qfw4ltg,video
https://www.youtube.com/watch?pp=0gcjcdgao7vqn5td&t=207&v=yzurf6-e2rq,video
https://www.youtube.com/watch?pp=0gcjcdgao7vqn5td&t=257&v=od1-15ngboy,video
https://www.youtube.com/watch?pp=0gcjcdgao7vqn5td&t=279&v=njtiem8f57c,video
https://www.youtube.com/watch?pp=0gcjcdgao7vqn5td&t=337&v=vobvmxkfvy4,video
https://www.youtube.com/watch?pp=0gcjcdgao7vqn5td&t=4&v=ej6l9akl2yy,video
https://www.youtube.com/watch?pp=0gcjcdgao7vqn5td&t=53&v=hcgssoavip4,video
https://www.youtube.com/watch?pp=0gcjcdgao7vqn5td&t=601&v=8wupdgnov5y,video
https://www.youtube.com/watch?pp=0gcjcdgao7vqn5td&v=-7pjhqo8gr0,video
https://www.youtube.com/watch?pp=0gcjcdgao7vqn5td&v=-gfvnzhcb9k,video
https://www.youtube.com/watch?pp=0gcjcdgao7vqn5td&v=-njmj0diwu8,video
https://www.youtube.com/watch?pp=0gcjcdgao7vqn5td&v=1bpcvxeznww,video
https://www.youtube.com/watch?pp=0gcjcdgao7vqn5td&v=2esnanmyn3y,video
https://www.youtube.com/watch?pp=0gcjcdgao7vqn5td&v=3korhm6cknu,video
https://www.youtube.com/watch?pp=0gcjcdgao7vqn5td&v=3sc864qixx8,video
https://www.youtube.com/watch?pp=0gcjcdgao7vqn5td&v=3xt7fpm_u9q,video
https://www.youtube.com/watch?pp=0gcjcdgao7vqn5td&v=4o1xfaa1jng,video
https://www.youtube.com/watch?pp=0gcjcdgao7vqn5td&v=4slwbrkum2o,video
https://www.youtube.com/watch?pp=0gcjcdgao7vqn5td&v=5jb3vrgs59a,video
https://www.youtube.com/watch?pp=0gcjcdgao7vqn5td&v=5qz5je0dgyy,video
https://www.youtube.com/watch?pp=0gcjcdgao7vqn5td&v=5xc6fons-ce,video
https://www.youtube.com/watch?pp=0gcjcdgao7vqn5td&v=7cbegjy1pno,video
https://www.youtube.com/watch?pp=0gcjcdgao7vqn5td&v=7qir8-ncvba,video
https://www.youtube.com/watch?pp=0gcjcdgao7vqn5td&v=8uddosq62uc,video
https://www.youtube.com/watch?pp=0gcjcdgao7vqn5td&v=8wupdgnov5y,video
https://www.youtube.com/watch?pp=0gcjcdgao7vqn5td&v=99vnc07y0ek,video
https://www.youtube.com/watch?pp=0gcjcdgao7vqn5td&v=9os0o3wzs_i,video
https://www.youtube.com/watch?pp=0gcjcdgao7vqn5td&v=_orhvt_ag9i,video
https://www.youtube.com/watch?pp=0gcjcdgao7vqn5td&v=_toyeiau8se,video
https://www.youtube.com/watch?pp=0gcjcdgao7vqn5td&v=_uzcqzqm_ea,video
https://www.youtube.com/watch?pp=0gcjcdgao7vqn5td&v=akiczozkvpq,video
https://www.youtube.com/watch?pp=0gcjcdgao7vqn5td&v=b-zyp7c5hwi,video
https://www.youtube.com/watch?pp=0gcjcdgao7vqn5td&v=bfpvfbvr-3u,video
https://www.youtube.com/watch?pp=0gcjcdgao7vqn5td&v=bhfg6zesmcw,video
https://www.youtube.com/watch?pp=0gcjcdgao7vqn5td&v=bqhjznao9_m,video
https://www.youtube.com/watch?pp=0gcjcdgao7vqn5td&v=btg7rofzuoy,video
https://www.youtube.com/watch?pp=0gcjcdgao7vqn5td&v=bvtid7ihbja,video
https://www.youtube.com/watch?pp=0gcjcdgao7vqn5td&v=cae1r6dtzq8,video
https://www.youtube.com/watch?pp=0gcjcdgao7vqn5td&v=cepuo8rj_9q,video
https://www.youtube.com/watch?pp=0gcjcdgao7vqn5td&v=cqpi-va3yra,video
https://www.youtube.com/watch?pp=0gcjcdgao7vqn5td&v=crt9nppbzlu,video
https://www.youtube.com/watch?pp=0gcjcdgao7vqn5td&v=ctdcztcfj0q,video
https://www.youtube.com/watch?pp=0gcjcdgao7vqn5td&v=cx1ovffm0vq,video
https://www.youtube.com/watch?pp=0gcjcdgao7vqn5td&v=czsyirujwbq,video
https://www.youtube.com/watch?pp=0gcjcdgao7vqn5td&v=d1syidryoeo,video
https://www.youtube.com/watch?pp=0gcjcdgao7vqn5td&v=d7wbpdropz4,video
https://www.youtube.com/watch?pp=0gcjcdgao7vqn5td&v=dls0gqh0lji,video
https://www.youtube.com/watch?pp=0gcjcdgao7vqn5td&v=drvpei3ysyu,video
https://www.youtube.com/watch?pp=0gcjcdgao7vqn5td&v=duf_uvugcx8,video
https://www.youtube.com/watch?pp=0gcjcdgao7vqn5td&v=e-7nrvz0qhw,video
https://www.youtube.com/watch?pp=0gcjcdgao7vqn5td&v=e9-y9c5zgck,video
https://www.youtube.com/watch?pp=0gcjcdgao7vqn5td&v=eidjebeiepw,video
https://www.youtube.com/watch?pp=0gcjcdgao7vqn5td&v=eixq85souqc,video
https://www.youtube.com/watch?pp=0gcjcdgao7vqn5td&v=fprvzwx5ris,video
https://www.youtube.com/watch?pp=0gcjcdgao7vqn5td&v=fu0nhmxxue4,video
https://www.youtube.com/watch?pp=0gcjcdgao7vqn5td&v=fwufabycwui,video
https://www.youtube.com/watch?pp=0gcjcdgao7vqn5td&v=fxbqjgv7jae,video
https://www.youtube.com/watch?pp=0gcjcdgao7vqn5td&v=gangllj_sd0,video
https://www.youtube.com/watch?pp=0gcjcdgao7vqn5td&v=geoxerhcqs0,video
https://www.youtube.com/watch?pp=0gcjcdgao7vqn5td&v=gg7fklwmh24,video
https://www.youtube.com/watch?pp=0gcjcdgao7vqn5td&v=h7v5qfw4ltg,video
https://www.youtube.com/watch?pp=0gcjcdgao7vqn5td&v=hijhbvsjtcw,video
https://www.youtube.com/watch?pp=0gcjcdgao7vqn5td&v=hil3e2eokxa,video
https://www.youtube.com/watch?pp=0gcjcdgao7vqn5td&v=hp2xkk6efbq,video
https://www.youtube.com/watch?pp=0gcjcdgao7vqn5td&v=hqvjbtxc0f4,video
https://www.youtube.com/watch?pp=0gcjcdgao7vqn5td&v=hsgnqlirftw,video
https://www.youtube.com/watch?pp=0gcjcdgao7vqn5td&v=icg0wpoo99s,video
https://www.youtube.com/watch?pp=0gcjcdgao7vqn5td&v=ictcroue-8o,video
https://www.youtube.com/watch?pp=0gcjcdgao7vqn5td&v=ieydoguwd1g,video
https://www.youtube.com/watch?pp=0gcjcdgao7vqn5td&v=iipi2h4k088,video
https://www.youtube.com/watch?pp=0gcjcdgao7vqn5td&v=ik-gybluyii,video
https://www.youtube.com/watch?pp=0gcjcdgao7vqn5td&v=il2ggaa1quy,video
https://www.youtube.com/watch?pp=0gcjcdgao7vqn5td&v=imlhg87d_io,video
https://www.youtube.com/watch?pp=0gcjcdgao7vqn5td&v=ishbd3i8kje,video
https://www.youtube.com/watch?pp=0gcjcdgao7vqn5td&v=itapvwbwrz8,video
https://www.youtube.com/watch?pp=0gcjcdgao7vqn5td&v=iwjs74ujitm,video
https://www.youtube.com/watch?pp=0gcjcdgao7vqn5td&v=j1-2gdkoe3a,video
https://www.youtube.com/watch?pp=0gcjcdgao7vqn5td&v=j9murwabjdw,video
https://www.youtube.com/watch?pp=0gcjcdgao7vqn5td&v=jemsfxz1fwy,video
https://www.youtube.com/watch?pp=0gcjcdgao7vqn5td&v=jggs-wg5s8m,video
https://www.youtube.com/watch?pp=0gcjcdgao7vqn5td&v=juk7nnfyeuc,video
https://www.youtube.com/watch?pp=0gcjcdgao7vqn5td&v=jwck3wqtvi4,video
https://www.youtube.com/watch?pp=0gcjcdgao7vqn5td&v=jwfwel2b2ri,video
https://www.youtube.com/watch?pp=0gcjcdgao7vqn5td&v=jy2kg9zjge0,video
https://www.youtube.com/watch?pp=0gcjcdgao7vqn5td&v=k1xx-jo7jow,video
https://www.youtube.com/watch?pp=0gcjcdgao7vqn5td&v=ka10aqipy7q,video
https://www.youtube.com/watch?pp=0gcjcdgao7vqn5td&v=ke9fcnmy7sm,video
https://www.youtube.com/watch?pp=0gcjcdgao7vqn5td&v=koyqrgo8icw,video
https://www.youtube.com/watch?pp=0gcjcdgao7vqn5td&v=kva2dvgbid4,video
https://www.youtube.com/watch?pp=0gcjcdgao7vqn5td&v=kvfmnxqg8oe,video
https://www.youtube.com/watch?pp=0gcjcdgao7vqn5td&v=kzznrm-i-zu,video
https://www.youtube.com/watch?pp=0gcjcdgao7vqn5td&v=ldmskvooa3a,video
https://www.youtube.com/watch?pp=0gcjcdgao7vqn5td&v=lgn_mhyxkvm,video
https://www.youtube.com/watch?pp=0gcjcdgao7vqn5td&v=lisfh-ip-qa,video
https://www.youtube.com/watch?pp=0gcjcdgao7vqn5td&v=lsplxtihzcm,video
https://www.youtube.com/watch?pp=0gcjcdgao7vqn5td&v=lszhuebrhyq,video
https://www.youtube.com/watch?pp=0gcjcdgao7vqn5td&v=lz5zapgxgd4,video
https://www.youtube.com/watch?pp=0gcjcdgao7vqn5td&v=m-ehwxv4nf0,video
https://www.youtube.com/watch?pp=0gcjcdgao7vqn5td&v=m14pumzxn4u,video
https://www.youtube.com/watch?pp=0gcjcdgao7vqn5td&v=m1qpgb1fsgm,video
https://www.youtube.com/watch?pp=0gcjcdgao7vqn5td&v=mgisdyr2igm,video
https://www.youtube.com/watch?pp=0gcjcdgao7vqn5td&v=ndge98is5h8,video
https://www.youtube.com/watch?pp=0gcjcdgao7vqn5td&v=nkg-z9pvjtg,video
https://www.youtube.com/watch?pp=0gcjcdgao7vqn5td&v=npbvfr0w0va,video
https://www.youtube.com/watch?pp=0gcjcdgao7vqn5td&v=obstu5u3jj4,video
https://www.youtube.com/watch?pp=0gcjcdgao7vqn5td&v=od1-15ngboy,video
https://www.youtube.com/watch?pp=0gcjcdgao7vqn5td&v=ogpcqunup6u,video
https://www.youtube.com/watch?pp=0gcjcdgao7vqn5td&v=ohcmku6nrjw,video
https://www.youtube.com/watch?pp=0gcjcdgao7vqn5td&v=ojhns6nz8ee,video
https://www.youtube.com/watch?pp=0gcjcdgao7vqn5td&v=orpr_ond2si,video
https://www.youtube.com/watch?pp=0gcjcdgao7vqn5td&v=pkrs3gcj3f0,video
https://www.youtube.com/watch?pp=0gcjcdgao7vqn5td&v=prte8znb9zo,video
https://www.youtube.com/watch?pp=0gcjcdgao7vqn5td&v=q-xs25lsn3i,video
https://www.youtube.com/watch?pp=0gcjcdgao7vqn5td&v=q_jmtt_4l3c,video
https://www.youtube.com/watch?pp=0gcjcdgao7vqn5td&v=qgadlzcldae,video
https://www.youtube.com/watch?pp=0gcjcdgao7vqn5td&v=qpi8xa6ilhg,video
https://www.youtube.com/watch?pp=0gcjcdgao7vqn5td&v=qu2vxqc5yym,video
https://www.youtube.com/watch?pp=0gcjcdgao7vqn5td&v=rdxzehbleew,video
https://www.youtube.com/watch?pp=0gcjcdgao7vqn5td&v=rwckb4cjoky,video
https://www.youtube.com/watch?pp=0gcjcdgao7vqn5td&v=sfn0ge_y1u4,video
https://www.youtube.com/watch?pp=0gcjcdgao7vqn5td&v=srfyr6b-h5o,video
https://www.youtube.com/watch?pp=0gcjcdgao7vqn5td&v=ss7p63fle_8,video
https://www.youtube.com/watch?pp=0gcjcdgao7vqn5td&v=suxtob5mm9y,video
https://www.youtube.com/watch?pp=0gcjcdgao7vqn5td&v=tbx0euci0be,video
https://www.youtube.com/watch?pp=0gcjcdgao7vqn5td&v=tcnovcm-x8i,video
https://www.youtube.com/watch?pp=0gcjcdgao7vqn5td&v=tjxaginqkdm,video
https://www.youtube.com/watch?pp=0gcjcdgao7vqn5td&v=tomoozglt98,video
https://www.youtube.com/watch?pp=0gcjcdgao7vqn5td&v=tskzwdlme9g,video
https://www.youtube.com/watch?pp=0gcjcdgao7vqn5td&v=u59hkbdken4,video
https://www.youtube.com/watch?pp=0gcjcdgao7vqn5td&v=u7kex1tn87m,video
https://www.youtube.com/watch?pp=0gcjcdgao7vqn5td&v=u9qgjdcuzoo,video
https://www.youtube.com/watch?pp=0gcjcdgao7vqn5td&v=ue_01eqtu3w,video
https://www.youtube.com/watch?pp=0gcjcdgao7vqn5td&v=ug4zutdui1w,video
https://www.youtube.com/watch?pp=0gcjcdgao7vqn5td&v=uonvwxbw7fc,video
https://www.youtube.com/watch?pp=0gcjcdgao7vqn5td&v=uyp0ycxzkno,video
https://www.youtube.com/watch?pp=0gcjcdgao7vqn5td&v=v_cq2neodye,video
https://www.youtube.com/watch?pp=0gcjcdgao7vqn5td&v=vgtsxnvhpru,video
https://www.youtube.com/watch?pp=0gcjcdgao7vqn5td&v=vh5fbpheumq,video
https://www.youtube.com/watch?pp=0gcjcdgao7vqn5td&v=vmzlpl16p5c,video
https://www.youtube.com/watch?pp=0gcjcdgao7vqn5td&v=vta0wx7gkx0,video
https://www.youtube.com/watch?pp=0gcjcdgao7vqn5td&v=w86ow0yv5o0,video
https://www.youtube.com/watch?pp=0gcjcdgao7vqn5td&v=wciotuknopi,video
https://www.youtube.com/watch?pp=0gcjcdgao7vqn5td&v=wfahgkjfpg4,video
https://www.youtube.com/watch?pp=0gcjcdgao7vqn5td&v=wg-uslii1j4,video
https://www.youtube.com/watch?pp=0gcjcdgao7vqn5td&v=wif_mjppmuw,video
https://www.youtube.com/watch?pp=0gcjcdgao7vqn5td&v=wkkk81wy8lq,video
https://www.youtube.com/watch?pp=0gcjcdgao7vqn5td&v=wvhglatubl8,video
https://www.youtube.com/watch?pp=0gcjcdgao7vqn5td&v=xdxweabfjky,video
https://www.youtube.com/watch?pp=0gcjcdgao7vqn5td&v=xijzkrrldhk,video
https://www.youtube.com/watch?pp=0gcjcdgao7vqn5td&v=xk-zmjpwwhk,video
https://www.youtube.com/watch?pp=0gcjcdgao7vqn5td&v=xokfuxvd1d8,video
https://www.youtube.com/watch?pp=0gcjcdgao7vqn5td&v=xp6rv5cuqg8,video
https://www.youtube.com/watch?pp=0gcjcdgao7vqn5td&v=xr4yyqslk34,video
https://www.youtube.com/watch?pp=0gcjcdgao7vqn5td&v=xvg9lcrswyq,video
https://www.youtube.com/watch?pp=0gcjcdgao7vqn5td&v=y5xzx3loxsi,video
https://www.youtube.com/watch?pp=0gcjcdgao7vqn5td&v=yn4n3am7w8u,video
https://www.youtube.com/watch?pp=0gcjcdgao7vqn5td&v=ywupkulsnfm,video
https://www.youtube.com/watch?pp=0gcjcdgao7vqn5td&v=yyexgrilddo,video
https://www.youtube.com/watch?pp=0gcjcdgao7vqn5td&v=yzurf6-e2rq,video
https://www.youtube.com/watch?pp=0gcjcdgao7vqn5td&v=z2qnnyrt-ao,video
https://www.youtube.com/watch?pp=0gcjcdgao7vqn5td&v=zlt8oyjb3c4,video
https://www.youtube.com/watch?pp=0gcjcdgao7vqn5td&v=zwdust0ka90,video
https://www.youtube.com/watch?pp=0gcjcdgao7vqn5td&v=zz711bmuubw,video
https://www.youtube.com/watch?pp=0gcjcf0ao7vqn5td&v=-f4oh2x-nu0,video
https://www.youtube.com/watch?pp=0gcjcf0ao7vqn5td&v=0a6_deobuu4,video
https://www.youtube.com/watch?pp=0gcjcf0ao7vqn5td&v=0b3k_mnqah0,video
https://www.youtube.com/watch?pp=0gcjcf0ao7vqn5td&v=29xcq1m_xtw,video
https://www.youtube.com/watch?pp=0gcjcf0ao7vqn5td&v=2clntrbp8xy,video
https://www.youtube.com/watch?pp=0gcjcf0ao7vqn5td&v=3k48pztbcba,video
https://www.youtube.com/watch?pp=0gcjcf0ao7vqn5td&v=5c8rnajn2qg,video
https://www.youtube.com/watch?pp=0gcjcf0ao7vqn5td&v=67okio945li,video
https://www.youtube.com/watch?pp=0gcjcf0ao7vqn5td&v=6pvxb6z_nj4,video
https://www.youtube.com/watch?pp=0gcjcf0ao7vqn5td&v=6syairji8mw,video
https://www.youtube.com/watch?pp=0gcjcf0ao7vqn5td&v=8dbmkgpggny,video
https://www.youtube.com/watch?pp=0gcjcf0ao7vqn5td&v=8lq0tnm5uzk,video
https://www.youtube.com/watch?pp=0gcjcf0ao7vqn5td&v=9hvixaabao0,video
https://www.youtube.com/watch?pp=0gcjcf0ao7vqn5td&v=eygf9amu-p0,video
https://www.youtube.com/watch?pp=0gcjcf0ao7vqn5td&v=f5v7i-ijqju,video
https://www.youtube.com/watch?pp=0gcjcf0ao7vqn5td&v=fq9a1tx1fyu,video
https://www.youtube.com/watch?pp=0gcjcf0ao7vqn5td&v=fqj4yds52u0,video
https://www.youtube.com/watch?pp=0gcjcf0ao7vqn5td&v=ftecbbaxms8,video
https://www.youtube.com/watch?pp=0gcjcf0ao7vqn5td&v=gxsfvhkz-bq,video
https://www.youtube.com/watch?pp=0gcjcf0ao7vqn5td&v=h7lukmnosm0,video
https://www.youtube.com/watch?pp=0gcjcf0ao7vqn5td&v=hechpgxdtqm,video
https://www.youtube.com/watch?pp=0gcjcf0ao7vqn5td&v=hu0b4nqor6u,video
https://www.youtube.com/watch?pp=0gcjcf0ao7vqn5td&v=ih7wtg2kneo,video
https://www.youtube.com/watch?pp=0gcjcf0ao7vqn5td&v=j9trveszj1m,video
https://www.youtube.com/watch?pp=0gcjcf0ao7vqn5td&v=jcvqwr_twpy,video
https://www.youtube.com/watch?pp=0gcjcf0ao7vqn5td&v=katijgff_0g,video
https://www.youtube.com/watch?pp=0gcjcf0ao7vqn5td&v=kd1u7aehsao,video
https://www.youtube.com/watch?pp=0gcjcf0ao7vqn5td&v=mhz7czi4tme,video
https://www.youtube.com/watch?pp=0gcjcf0ao7vqn5td&v=mn3mz1bel4i,video
https://www.youtube.com/watch?pp=0gcjcf0ao7vqn5td&v=mp69fhs_teg,video
https://www.youtube.com/watch?pp=0gcjcf0ao7vqn5td&v=mpelaebmyj4,video
https://www.youtube.com/watch?pp=0gcjcf0ao7vqn5td&v=msx7runc2t0,video
https://www.youtube.com/watch?pp=0gcjcf0ao7vqn5td&v=n0pu22chvmi,video
https://www.youtube.com/watch?pp=0gcjcf0ao7vqn5td&v=n1din_xwvdo,video
https://www.youtube.com/watch?pp=0gcjcf0ao7vqn5td&v=nbtiptzh74m,video
https://www.youtube.com/watch?pp=0gcjcf0ao7vqn5td&v=nhk7qkqma_u,video
https://www.youtube.com/watch?pp=0gcjcf0ao7vqn5td&v=ntcwlbrms-q,video
https://www.youtube.com/watch?pp=0gcjcf0ao7vqn5td&v=nvt4jbtcgdg,video
https://www.youtube.com/watch?pp=0gcjcf0ao7vqn5td&v=nz5vgm5eeqq,video
https://www.youtube.com/watch?pp=0gcjcf0ao7vqn5td&v=o6byfpxuh5i,video
https://www.youtube.com/watch?pp=0gcjcf0ao7vqn5td&v=o_91x5twgmi,video
https://www.youtube.com/watch?pp=0gcjcf0ao7vqn5td&v=okdgtpaku3e,video
https://www.youtube.com/watch?pp=0gcjcf0ao7vqn5td&v=painpxyaxvs,video
https://www.youtube.com/watch?pp=0gcjcf0ao7vqn5td&v=prjahq1s2zs,video
https://www.youtube.com/watch?pp=0gcjcf0ao7vqn5td&v=qkq1cwecimq,video
https://www.youtube.com/watch?pp=0gcjcf0ao7vqn5td&v=qpi8xa6ilhg,video
https://www.youtube.com/watch?pp=0gcjcf0ao7vqn5td&v=qztj5awgrdm,video
https://www.youtube.com/watch?pp=0gcjcf0ao7vqn5td&v=reziksgv04c,video
https://www.youtube.com/watch?pp=0gcjcf0ao7vqn5td&v=ronvldmnx7g,video
https://www.youtube.com/watch?pp=0gcjcf0ao7vqn5td&v=rst_wkct56m,video
https://www.youtube.com/watch?pp=0gcjcf0ao7vqn5td&v=rv1-ilrycr0,video
https://www.youtube.com/watch?pp=0gcjcf0ao7vqn5td&v=sl1bxz0vn4s,video
https://www.youtube.com/watch?pp=0gcjcf0ao7vqn5td&v=srn4u5e4w2s,video
https://www.youtube.com/watch?pp=0gcjcf0ao7vqn5td&v=sthze-bvdcw,video
https://www.youtube.com/watch?pp=0gcjcf0ao7vqn5td&v=tejqewhcaqm,video
https://www.youtube.com/watch?pp=0gcjcf0ao7vqn5td&v=thfzgojtqxq,video
https://www.youtube.com/watch?pp=0gcjcf0ao7vqn5td&v=tjgfgqvypfq,video
https://www.youtube.com/watch?pp=0gcjcf0ao7vqn5td&v=tquablc3hhs,video
https://www.youtube.com/watch?pp=0gcjcf0ao7vqn5td&v=u8dnatn-lxc,video
https://www.youtube.com/watch?pp=0gcjcf0ao7vqn5td&v=udbienhx6ve,video
https://www.youtube.com/watch?pp=0gcjcf0ao7vqn5td&v=ut3feeceokw,video
https://www.youtube.com/watch?pp=0gcjcf0ao7vqn5td&v=vab9culgrro,video
https://www.youtube.com/watch?pp=0gcjcf0ao7vqn5td&v=vfshhuttxc0,video
https://www.youtube.com/watch?pp=0gcjcf0ao7vqn5td&v=vjayaft_1pc,video
https://www.youtube.com/watch?pp=0gcjcf0ao7vqn5td&v=vuo7hssm9yi,video
https://www.youtube.com/watch?pp=0gcjcf0ao7vqn5td&v=vxhyaq5nkwi,video
https://www.youtube.com/watch?pp=0gcjcf0ao7vqn5td&v=vxxpuccjld8,video
https://www.youtube.com/watch?pp=0gcjcf0ao7vqn5td&v=w2i1rhpgtma,video
https://www.youtube.com/watch?pp=0gcjcf0ao7vqn5td&v=wyse-qrykes,video
https://www.youtube.com/watch?pp=0gcjcf0ao7vqn5td&v=x6dubhzzeks,video
https://www.youtube.com/watch?pp=0gcjcf0ao7vqn5td&v=xieqyb5kg2s,video
https://www.youtube.com/watch?pp=0gcjcf0ao7vqn5td&v=yhpx6tsxv9w,video
https://www.youtube.com/watch?pp=0gcjcf0ao7vqn5td&v=yq-hr7ihox4,video
https://www.youtube.com/watch?pp=0gcjcf0ao7vqn5td&v=yug9kfsp764,video
https://www.youtube.com/watch?pp=0gcjcf0ao7vqn5td&v=ywcmu73onnq,video
https://www.youtube.com/watch?pp=0gcjcf0ao7vqn5td&v=z0xcqkh1njs,video
https://www.youtube.com/watch?pp=0gcjcf0ao7vqn5td&v=z8tdp0llfcw,video
https://www.youtube.com/watch?pp=0gcjcf0ao7vqn5td&v=zbuq92rc5g4,video
https://www.youtube.com/watch?pp=0gcjcf0ao7vqn5td&v=zm36d7yxw2w,video
https://www.youtube.com/watch?pp=0gcjcf0ao7vqn5td&v=zo-_dq3tjoq,video
https://www.youtube.com/watch?pp=0gcjcf0ao7vqn5td&v=ztizzcqurqq,video
https://www.youtube.com/watch?pp=0gcjcf0ao7vqn5td&v=zvzjaqmbeso,video
https://www.youtube.com/watch?pp=0gcjcfcahr29_xxo&v=0a92jz0djgu,video
https://www.youtube.com/watch?pp=0gcjcfcahr29_xxo&v=46tvaj1e-vi,video
https://www.youtube.com/watch?pp=0gcjcfcahr29_xxo&v=5ffc_ngzmya,video
https://www.youtube.com/watch?pp=0gcjcfcahr29_xxo&v=cy7lnt9dwwg,video
https://www.youtube.com/watch?pp=0gcjcfcahr29_xxo&v=tv-x5ayhiza,video
https://www.youtube.com/watch?pp=0gcjcfcahr29_xxo&v=wk_ngsbj6hq,video
https://www.youtube.com/watch?pp=0gcjcfwao7vqn5td&v=-ieke406wes,video
https://www.youtube.com/watch?pp=0gcjcfwao7vqn5td&v=-nibjokwufu,video
https://www.youtube.com/watch?pp=0gcjcfwao7vqn5td&v=0re-z_wnezo,video
https://www.youtube.com/watch?pp=0gcjcfwao7vqn5td&v=1-sjgq2hlp8,video
https://www.youtube.com/watch?pp=0gcjcfwao7vqn5td&v=1bpcvxeznww,video
https://www.youtube.com/watch?pp=0gcjcfwao7vqn5td&v=1d27f70zgji,video
https://www.youtube.com/watch?pp=0gcjcfwao7vqn5td&v=3wblxa63ps0,video
https://www.youtube.com/watch?pp=0gcjcfwao7vqn5td&v=4vtnmwsv6t0,video
https://www.youtube.com/watch?pp=0gcjcfwao7vqn5td&v=4xpintcfviy,video
https://www.youtube.com/watch?pp=0gcjcfwao7vqn5td&v=69_um6rgnk8,video
https://www.youtube.com/watch?pp=0gcjcfwao7vqn5td&v=6egmboyivu4,video
https://www.youtube.com/watch?pp=0gcjcfwao7vqn5td&v=7ezcps9z9oa,video
https://www.youtube.com/watch?pp=0gcjcfwao7vqn5td&v=7fmsysb-iw0,video
https://www.youtube.com/watch?pp=0gcjcfwao7vqn5td&v=899syqkuohs,video
https://www.youtube.com/watch?pp=0gcjcfwao7vqn5td&v=_pnuqdm6lra,video
https://www.youtube.com/watch?pp=0gcjcfwao7vqn5td&v=_xxeagqlbva,video
https://www.youtube.com/watch?pp=0gcjcfwao7vqn5td&v=ag3umla1djo,video
https://www.youtube.com/watch?pp=0gcjcfwao7vqn5td&v=anwoss8obri,video
https://www.youtube.com/watch?pp=0gcjcfwao7vqn5td&v=aolashaahfe,video
https://www.youtube.com/watch?pp=0gcjcfwao7vqn5td&v=asgroagipcu,video
https://www.youtube.com/watch?pp=0gcjcfwao7vqn5td&v=atsci1gmogc,video
https://www.youtube.com/watch?pp=0gcjcfwao7vqn5td&v=aufaebxgoli,video
https://www.youtube.com/watch?pp=0gcjcfwao7vqn5td&v=aw8pxzu8q-m,video
https://www.youtube.com/watch?pp=0gcjcfwao7vqn5td&v=awtsrzxkvqe,video
https://www.youtube.com/watch?pp=0gcjcfwao7vqn5td&v=benjqyduspw,video
https://www.youtube.com/watch?pp=0gcjcfwao7vqn5td&v=bgfg7wt-hge,video
https://www.youtube.com/watch?pp=0gcjcfwao7vqn5td&v=bvk0okahkp4,video
https://www.youtube.com/watch?pp=0gcjcfwao7vqn5td&v=bvm2clduux0,video
https://www.youtube.com/watch?pp=0gcjcfwao7vqn5td&v=byzumd9dq3w,video
https://www.youtube.com/watch?pp=0gcjcfwao7vqn5td&v=c_tzx2vzqq4,video
https://www.youtube.com/watch?pp=0gcjcfwao7vqn5td&v=d9ykcvb9rkg,video
https://www.youtube.com/watch?pp=0gcjcfwao7vqn5td&v=efnz11pypla,video
https://www.youtube.com/watch?pp=0gcjcfwao7vqn5td&v=efxxmgwxjii,video
https://www.youtube.com/watch?pp=0gcjcfwao7vqn5td&v=emzk79fpcey,video
https://www.youtube.com/watch?pp=0gcjcfwao7vqn5td&v=hc1fncwdouy,video
https://www.youtube.com/watch?pp=0gcjcfwao7vqn5td&v=hg-lozipivu,video
https://www.youtube.com/watch?pp=0gcjcfwao7vqn5td&v=hhq8qcubjlc,video
https://www.youtube.com/watch?pp=0gcjcfwao7vqn5td&v=hjd0a2emxsw,video
https://www.youtube.com/watch?pp=0gcjcfwao7vqn5td&v=hk959rh7a6y,video
https://www.youtube.com/watch?pp=0gcjcfwao7vqn5td&v=hmk1s_az3ra,video
https://www.youtube.com/watch?pp=0gcjcfwao7vqn5td&v=hq3n0o0w58u,video
https://www.youtube.com/watch?pp=0gcjcfwao7vqn5td&v=htt0sejhooq,video
https://www.youtube.com/watch?pp=0gcjcfwao7vqn5td&v=hxjjg37x7te,video
https://www.youtube.com/watch?pp=0gcjcfwao7vqn5td&v=ikffikqsmms,video
https://www.youtube.com/watch?pp=0gcjcfwao7vqn5td&v=ilcwhiljko0,video
https://www.youtube.com/watch?pp=0gcjcfwao7vqn5td&v=jczj2kjwou8,video
https://www.youtube.com/watch?pp=0gcjcfwao7vqn5td&v=jkpshw8ncac,video
https://www.youtube.com/watch?pp=0gcjcfwao7vqn5td&v=jqggssbbr4s,video
https://www.youtube.com/watch?pp=0gcjcfwao7vqn5td&v=kcg3nr3dfu4,video
https://www.youtube.com/watch?pp=0gcjcfwao7vqn5td&v=l0tfz9lzhsg,video
https://www.youtube.com/watch?pp=0gcjcfwao7vqn5td&v=lglpjubxvee,video
https://www.youtube.com/watch?pp=0gcjcfwao7vqn5td&v=lhf-eey06cm,video
https://www.youtube.com/watch?pp=0gcjcfwao7vqn5td&v=ltbs0nmwspy,video
https://www.youtube.com/watch?pp=0gcjcfwao7vqn5td&v=m1qpgb1fsgm,video
https://www.youtube.com/watch?pp=0gcjcfwao7vqn5td&v=m5168xxud1a,video
https://www.youtube.com/watch?pp=0gcjcfwao7vqn5td&v=mhkpot2bt3u,video
https://www.youtube.com/watch?pp=0gcjcfwao7vqn5td&v=movndndflou,video
https://www.youtube.com/watch?pp=0gcjcfwao7vqn5td&v=mqtrwqa0vz4,video
https://www.youtube.com/watch?pp=0gcjcfwao7vqn5td&v=mzojwp9aliy,video
https://www.youtube.com/watch?pp=0gcjcfwao7vqn5td&v=n5sp4j2ht8e,video
https://www.youtube.com/watch?pp=0gcjcfwao7vqn5td&v=nfpkg2mvwy8,video
https://www.youtube.com/watch?pp=0gcjcfwao7vqn5td&v=nj2j3uyw9k0,video
https://www.youtube.com/watch?pp=0gcjcfwao7vqn5td&v=nzmbvktp3la,video
https://www.youtube.com/watch?pp=0gcjcfwao7vqn5td&v=o7pcwwgoomk,video
https://www.youtube.com/watch?pp=0gcjcfwao7vqn5td&v=o8hbdnr7i6w,video
https://www.youtube.com/watch?pp=0gcjcfwao7vqn5td&v=oaw_1atqzeg,video
https://www.youtube.com/watch?pp=0gcjcfwao7vqn5td&v=ocmtcm6wiiu,video
https://www.youtube.com/watch?pp=0gcjcfwao7vqn5td&v=oj-fclhljh8,video
https://www.youtube.com/watch?pp=0gcjcfwao7vqn5td&v=oww-g-oeyxw,video
https://www.youtube.com/watch?pp=0gcjcfwao7vqn5td&v=pe_84qgdmay,video
https://www.youtube.com/watch?pp=0gcjcfwao7vqn5td&v=phmwgnhgfdk,video
https://www.youtube.com/watch?pp=0gcjcfwao7vqn5td&v=pqwfgis1et4,video
https://www.youtube.com/watch?pp=0gcjcfwao7vqn5td&v=pryrgvmmsas,video
https://www.youtube.com/watch?pp=0gcjcfwao7vqn5td&v=pt8t4jiqjni,video
https://www.youtube.com/watch?pp=0gcjcfwao7vqn5td&v=qjd_vay3izu,video
https://www.youtube.com/watch?pp=0gcjcfwao7vqn5td&v=qwzcmx6k_ly,video
https://www.youtube.com/watch?pp=0gcjcfwao7vqn5td&v=qyxryz_o3kq,video
https://www.youtube.com/watch?pp=0gcjcfwao7vqn5td&v=r6qxeo_wwyy,video
https://www.youtube.com/watch?pp=0gcjcfwao7vqn5td&v=rcsulml9dts,video
https://www.youtube.com/watch?pp=0gcjcfwao7vqn5td&v=rdcoilhmvga,video
https://www.youtube.com/watch?pp=0gcjcfwao7vqn5td&v=rvl-0kpoqp4,video
https://www.youtube.com/watch?pp=0gcjcfwao7vqn5td&v=sawgieiz3ss,video
https://www.youtube.com/watch?pp=0gcjcfwao7vqn5td&v=sg7tgjxedj8,video
https://www.youtube.com/watch?pp=0gcjcfwao7vqn5td&v=sjdrjabvtsg,video
https://www.youtube.com/watch?pp=0gcjcfwao7vqn5td&v=sm-_a-22zzg,video
https://www.youtube.com/watch?pp=0gcjcfwao7vqn5td&v=spcdk23uz0q,video
https://www.youtube.com/watch?pp=0gcjcfwao7vqn5td&v=srfyr6b-h5o,video
https://www.youtube.com/watch?pp=0gcjcfwao7vqn5td&v=sywg0mwh3ea,video
https://www.youtube.com/watch?pp=0gcjcfwao7vqn5td&v=tfknkrkmf5c,video
https://www.youtube.com/watch?pp=0gcjcfwao7vqn5td&v=tflghxeoopa,video
https://www.youtube.com/watch?pp=0gcjcfwao7vqn5td&v=tlte04kns8u,video
https://www.youtube.com/watch?pp=0gcjcfwao7vqn5td&v=tmxdvrfqega,video
https://www.youtube.com/watch?pp=0gcjcfwao7vqn5td&v=trozvphqp1g,video
https://www.youtube.com/watch?pp=0gcjcfwao7vqn5td&v=txd-b_zxsvk,video
https://www.youtube.com/watch?pp=0gcjcfwao7vqn5td&v=ucelf899iz0,video
https://www.youtube.com/watch?pp=0gcjcfwao7vqn5td&v=ufrjdtzsffc,video
https://www.youtube.com/watch?pp=0gcjcfwao7vqn5td&v=ugooeqso_ws,video
https://www.youtube.com/watch?pp=0gcjcfwao7vqn5td&v=uxf2scp45i4,video
https://www.youtube.com/watch?pp=0gcjcfwao7vqn5td&v=vh_kfp4xazo,video
https://www.youtube.com/watch?pp=0gcjcfwao7vqn5td&v=vi-ld9ls-fs,video
https://www.youtube.com/watch?pp=0gcjcfwao7vqn5td&v=vojwqujvzqg,video
https://www.youtube.com/watch?pp=0gcjcfwao7vqn5td&v=vskwzbna7qo,video
https://www.youtube.com/watch?pp=0gcjcfwao7vqn5td&v=w58jemcohqi,video
https://www.youtube.com/watch?pp=0gcjcfwao7vqn5td&v=w9kurcfrrve,video
https://www.youtube.com/watch?pp=0gcjcfwao7vqn5td&v=weqyqcaiczo,video
https://www.youtube.com/watch?pp=0gcjcfwao7vqn5td&v=wrhol3elrf0,video
https://www.youtube.com/watch?pp=0gcjcfwao7vqn5td&v=wrkmjgqs9rs,video
https://www.youtube.com/watch?pp=0gcjcfwao7vqn5td&v=wxn7gc5ldwe,video
https://www.youtube.com/watch?pp=0gcjcfwao7vqn5td&v=wyrmnln6gyq,video
https://www.youtube.com/watch?pp=0gcjcfwao7vqn5td&v=xbipdim9_vw,video
https://www.youtube.com/watch?pp=0gcjcfwao7vqn5td&v=xci-5ucsaiq,video
https://www.youtube.com/watch?pp=0gcjcfwao7vqn5td&v=xwvikqlz4qu,video
https://www.youtube.com/watch?pp=0gcjcfwao7vqn5td&v=xzsjw4tbijk,video
https://www.youtube.com/watch?pp=0gcjcfwao7vqn5td&v=y1keokh-hxm,video
https://www.youtube.com/watch?pp=0gcjcfwao7vqn5td&v=z9vwfkofclo,video
https://www.youtube.com/watch?pp=0gcjcfwao7vqn5td&v=z_skyqoauco,video
https://www.youtube.com/watch?pp=0gcjcfwao7vqn5td&v=zdsbtuvnsqm,video
https://www.youtube.com/watch?pp=0gcjcfwao7vqn5td&v=zsltd2mqo0e,video
https://www.youtube.com/watch?pp=0gcjcfwao7vqn5td&v=zstz_2ecpse,video
https://www.youtube.com/watch?pp=0gcjcx4jaycqiyzv&v=lr823nlrzik,video
https://www.youtube.com/watch?pp=0gcjcy0jaycqiyzv&v=0fufgjvvzpe,video
https://www.youtube.com/watch?pp=0gcjcyqjaycqiyzv&v=yjghbpikhyo,video
https://www.youtube.com/watch?pp=2aeakaib&v=rmjlq_es1p8,video
https://www.youtube.com/watch?pp=saqa&v=6e946qslz0y,video
https://www.youtube.com/watch?pp=yguci2hvd190cmfuc2zlcl9tb25lev90b19uywdhza%3d%3d&v=4ikbjoxykgo,video
https://www.youtube.com/watch?pp=ygugi19qyxzh&v=hvplej3lhge,video
https://www.youtube.com/watch?pp=ygugi21jb3m4&v=ykugyjb4bpi,video
https://www.youtube.com/watch?pp=ygugi2hndmyx&v=uvy2y_kgx0q,video
https://www.youtube.com/watch?pp=ygugi2juyjm1&v=h9vqyijnc0o,video
https://www.youtube.com/watch?pp=ygugi2pwdnnn&v=ibyg7_btv58,video
https://www.youtube.com/watch?pp=ygugi3e2mdbw&v=vuyrq066tw0,video
https://www.youtube.com/watch?pp=ygugi3n2b2xn&v=fqd4ha766w8,video
https://www.youtube.com/watch?pp=ygugi3r3zwtz&v=5rpdomi4wbu,video
https://www.youtube.com/watch?pp=ygugi3rpbg5n&v=qs03sgg8wu0,video
https://www.youtube.com/watch?pp=ygugi3rpbgvq&v=ywprn7swdrs,video
https://www.youtube.com/watch?pp=ygugizmxa2xh&v=yt954i6dkcu,video
https://www.youtube.com/watch?pp=yguhi25oyxzpda%3d%3d&v=0r4oorrr6ou,video
https://www.youtube.com/watch?pp=yguhi2zhz3vzyq%3d%3d&v=eohtqbolnj8,video
https://www.youtube.com/watch?pp=yguhi3bob290cw%3d%3d&v=7snvh_kp18k,video
https://www.youtube.com/watch?pp=yguhi3jhymj0aq%3d%3d&v=4zzcui6dnqq,video
https://www.youtube.com/watch?pp=yguhi3rpbgvwba%3d%3d&v=nda3cg_jb4c,video
https://www.youtube.com/watch?pp=yguii2dsb2jlzje%3d&v=8_sa_0xgon4,video
https://www.youtube.com/watch?pp=yguii2sxmza1mdq%3d&v=nmgj2u7ij0o,video
https://www.youtube.com/watch?pp=yguii2thdhvyywg%3d&v=nkkv_rl7sa4,video
https://www.youtube.com/watch?pp=yguji29pbhjldxnl&v=wxbq_nvx9om,video
https://www.youtube.com/watch?pp=yguji2fjy291bnrh&v=1tjeiiflkmu,video
https://www.youtube.com/watch?pp=yguji2j1dglnzw5p&v=aqbquj4dk7i,video
https://www.youtube.com/watch?pp=yguji2jpz3jvcghp&v=czbav6bmya0,video
https://www.youtube.com/watch?pp=yguji2luzgljbg9m&v=ctbdkkytt_w,video
https://www.youtube.com/watch?pp=yguji2rhd25fzg9n&v=dtlzdwbapr4,video
https://www.youtube.com/watch?pp=yguji2rvzgfzaxr2&v=l1ej5yoxv-a,video
https://www.youtube.com/watch?pp=yguji2vhdgh3yxjt&v=xhuwtyfkyyw,video
https://www.youtube.com/watch?pp=yguji3nucgfzzwrk&v=ig7mnahotnu,video
https://www.youtube.com/watch?pp=yguji3pvb21sywlu&v=jvtxnddmnj4,video
https://www.youtube.com/watch?pp=yguji3r0c2hpcnrz&v=_teyqh7hzz8,video
https://www.youtube.com/watch?pp=ygujizqwbwjzaxpl&v=rgryerdas0a,video
https://www.youtube.com/watch?pp=yguki21lawrpy2fyzq%3d%3d&v=berqdfa1kbq,video
https://www.youtube.com/watch?pp=yguki2rlbhrhnnroyw%3d%3d&v=a8tzraszraw,video
https://www.youtube.com/watch?pp=yguki2rlcml2yxrpzq%3d%3d&v=6wujbjeejwm,video
https://www.youtube.com/watch?pp=yguki3rozv9jb2rlcw%3d%3d&v=0ohpc0v_nt8,video
https://www.youtube.com/watch?pp=yguli2jhynltyw1hynm%3d&v=j5cote7smgk,video
https://www.youtube.com/watch?pp=yguli3bhchblcmnvcm4%3d&v=ias4pmxs_zu,video
https://www.youtube.com/watch?pp=yguli3nvzmfjbgfzawm%3d&v=rkq0dpkhy-a,video
https://www.youtube.com/watch?pp=yguli3rvbwf0b3njyw0%3d&v=u_0ap7rpx90,video
https://www.youtube.com/watch?pp=ygumi211zgfzaxjhc2lm&v=s5tyaxevxvy,video
https://www.youtube.com/watch?pp=ygumi251bwjlcmjhc2lj&v=xk2zvdp5m0a,video
https://www.youtube.com/watch?pp=ygumi2dkchjzaxrvd2vi&v=wb3gqwch0c8,video
https://www.youtube.com/watch?pp=ygumi2fpcnbvcnrjyxrz&v=cfttqpbroqk,video
https://www.youtube.com/watch?pp=ygumi2hvbgvudw1izxjy&v=svnh2onhe-w,video
https://www.youtube.com/watch?pp=ygumi2j1z3jhz3vsc291&v=jmpwdmsmakk,video
https://www.youtube.com/watch?pp=ygumi2n1dgvmyxzvdxjz&v=uebg3q8xai8,video
https://www.youtube.com/watch?pp=ygumi2phy2tldhnpemvz&v=woo4r_mikds,video
https://www.youtube.com/watch?pp=ygumi3b5znvuy3rpb25z&v=jt4od8ngcei,video
https://www.youtube.com/watch?pp=ygumi3bob3rvc3zpyxjs&v=7snvh_kp18k,video
https://www.youtube.com/watch?pp=ygumi3nlcnzlcndvcmxk&v=uxrkgrfe54u,video
https://www.youtube.com/watch?pp=ygumi3nlywzvb2rzawrl&v=e8cftdv7bte,video
https://www.youtube.com/watch?pp=ygumi3roaw9wzw50b25l&v=mmyxcvanh6s,video
https://www.youtube.com/watch?pp=ygumi3rvawxldgzpegvk&v=nq2axvqgfpm,video
https://www.youtube.com/watch?pp=yguni2ntbnryc2xvz2fucw%3d%3d&v=wxrdhi1jres,video
https://www.youtube.com/watch?pp=yguni2nvbwjpbmvzd29yza%3d%3d&v=uxdp5z2i0mg,video
https://www.youtube.com/watch?pp=yguni2zpbmrpbmdqyw5lda%3d%3d&v=putgpktph-4,video
https://www.youtube.com/watch?pp=yguni3nwb3rzy2xvdghlcw%3d%3d&v=e-7nrvz0qhw,video
https://www.youtube.com/watch?pp=yguoi2h5cgvyb3ntb2xpdhk%3d&v=yxf580wudeu,video
https://www.youtube.com/watch?pp=yguoi2nhbgxzcmvzdhjpy3q%3d&v=ciygc7mff7y,video
https://www.youtube.com/watch?pp=yguoi3bkzmzpbgviyw5hyw4%3d&v=uw4fuzrtfui,video
https://www.youtube.com/watch?pp=yguoi3nlcnzlcmjvb3n0zxi%3d&v=xegfbw6epjo,video
https://www.youtube.com/watch?pp=yguoi3rhc3r5zgfscmfubme%3d&v=9k3ky2nn6my,video
https://www.youtube.com/watch?pp=yguoi3rvbmljahr1cgrhdgu%3d&v=11cqwas4l-e,video
https://www.youtube.com/watch?pp=ygupi2fub3rozxjmywxsywn5&v=cw-d7lqgqrm,video
https://www.youtube.com/watch?pp=ygupi2jpcg9syxjoyxv0bmfo&v=muys9otj9wc,video
https://www.youtube.com/watch?pp=ygupi2zpegv4y2vszxjyb3jz&v=rmdmlafbsq8,video
https://www.youtube.com/watch?pp=ygupi3jicmlzagf2c3rhdhvz&v=tjqzyg_01do,video
https://www.youtube.com/watch?pp=ygupi3lvdxjsb3zpbmdzzwxm&v=gbmcpag9z3c,video
https://www.youtube.com/watch?pp=ygupi3n1ymxpbwf0aw9ubmv3&v=dncodrhqfk4,video
https://www.youtube.com/watch?pp=ygupi3n1z2fyznjlzwxvdhvz&v=awtpk0kx2cu,video
https://www.youtube.com/watch?pp=ygupi3nldgfjy291bnruyw1l&v=ogx-ac-nhbg,video
https://www.youtube.com/watch?pp=ygupi3nsb2dhbmv4yw1wbgvz&v=2bgbfwivheg,video
https://www.youtube.com/watch?pp=ygupi3vuywjszxrvzm9ybwf0&v=pi53ovdvtvm,video
https://www.youtube.com/watch?pp=yguqi21pbmlrdwjly2x1c3rlcg%3d%3d&v=ahxgsayyr4a,video
https://www.youtube.com/watch?pp=yguqi25vdmfwbgf0x3rhymxlda%3d%3d&v=xjbvml54eti,video
https://www.youtube.com/watch?pp=yguqi2fic3ryywn0aw9uamf2yq%3d%3d&v=5qp-lcg53h0,video
https://www.youtube.com/watch?pp=yguqi2j1awxkaw5nbwfpbnrlbg%3d%3d&v=s3rf9aa6ca0,video
https://www.youtube.com/watch?pp=yguqi2jly2mxmzfjagfwdgvymq%3d%3d&v=tuklu6aqnjg,video
https://www.youtube.com/watch?pp=yguqi2l1cgfjz3vpzgvsaw5lcw%3d%3d&v=4epsnui9s6m,video
https://www.youtube.com/watch?pp=yguqi2tub3dpbmdjyxbyyxrlcw%3d%3d&v=nkbiknll2pk,video
https://www.youtube.com/watch?pp=yguqi2zpz2h0agvhdgnyyw1wcw%3d%3d&v=vzad7o-1uyy,video
https://www.youtube.com/watch?pp=yguqi3jhymjpddj3zwvrc29sza%3d%3d&v=o4sjcch1ocq,video
https://www.youtube.com/watch?pp=yguqi3noaw5nbgvzc3vwcg9yda%3d%3d&v=ljl4zqya1ng,video
https://www.youtube.com/watch?pp=yguqi3zpdmvryw5hbmrhzgllza%3d%3d&v=e-cenjrab-4,video
https://www.youtube.com/watch?pp=yguri25ld2jhdhrlcnlsyxb0b3a%3d&v=zxarhsiyel0,video
https://www.youtube.com/watch?pp=yguri2nyyxnoz2ftzxbyb2jszw0%3d&v=0keizwiza_y,video
https://www.youtube.com/watch?pp=yguri3bldhnhbmrnyxjkzw5pbmc%3d&v=_e1rag56cos,video
https://www.youtube.com/watch?pp=yguri3nldmvuy3jhznr5awrlyxm%3d&v=8pmql-zkivy,video
https://www.youtube.com/watch?pp=ygusi2jhbmtfywnjb3vudf91c2vy&v=dldnoyrpm9e,video
https://www.youtube.com/watch?pp=ygusi2rlzmv0zwriewh1bwlkaxr5&v=5shfffedoiu,video
https://www.youtube.com/watch?pp=yguti2hvcm9zy29wztnkzwnlbwjlcg%3d%3d&v=amvr8w6wcg0,video
https://www.youtube.com/watch?pp=yguvi25ld2fxdwfyaxvtzmlzahn0b2nr&v=wywj7minxpg,video
https://www.youtube.com/watch?pp=yguvi2fkzgluz2zpc2h0b2fxdwfyaxvt&v=dx833dastg8,video
https://www.youtube.com/watch?pp=yguvi2nhdwxraw5ndhvid2fsbhrpbgvz&v=vs5kppqoits,video
https://www.youtube.com/watch?pp=yguwi2h5cg9uyxryzw1pyw5pbmphbmvyza%3d%3d&v=8y64xmyizcs,video
https://www.youtube.com/watch?pp=yguxi2rpzxrha2v0b25pzwjlenbpzwn6bme%3d&v=t0xesasxzgq,video
https://www.youtube.com/watch?pp=yguyi2noaxnvdhjpz2x5y2vyawrlcxvhy2fv&v=-54qid8014o,video
https://www.youtube.com/watch?pp=yguyi2nvbnn0cnvjdgl2zwfkanvzdg1lbnrz&v=gdtl042jfki,video
https://www.youtube.com/watch?pp=yguzi2fszxhhzwnob3nob3dibgfja3njcmvlbg%3d%3d&v=toqdh-sa-re,video
https://www.youtube.com/watch?t=0&v=0gbigaoilq0,video
https://www.youtube.com/watch?t=0&v=ax0p6u55fzi,video
https://www.youtube.com/watch?t=0&v=bkkaklqfpt8,video
https://www.youtube.com/watch?t=0&v=fe-ch2pl5zu,video
https://www.youtube.com/watch?t=0&v=gmeefi5iao8,video
https://www.youtube.com/watch?t=0&v=hnv_nj67vji,video
https://www.youtube.com/watch?t=0&v=hocpqxn_ote,video
https://www.youtube.com/watch?t=0&v=ixp-7pn_ijs,video
https://www.youtube.com/watch?t=0&v=n9jfbo2ubhq,video
https://www.youtube.com/watch?t=0&v=nj64tzfvk3c,video
https://www.youtube.com/watch?t=0&v=qwfh_gfyr8q,video
https://www.youtube.com/watch?t=0&v=rwv0m5cqrzi,video
https://www.youtube.com/watch?t=0&v=ujqa-epoofe,video
https://www.youtube.com/watch?t=0&v=xhglv-e7ebw,video
https://www.youtube.com/watch?t=0&v=zisu0qf4tai,video
https://www.youtube.com/watch?t=107&v=ibwz1f3lwvw,video
https://www.youtube.com/watch?t=109&v=qztj5awgrdm,video
https://www.youtube.com/watch?t=11&v=rbtxqj3yhs8,video
https://www.youtube.com/watch?t=11&v=voecinxpaki,video
https://www.youtube.com/watch?t=139&v=hnzsyjvzrxa,video
https://www.youtube.com/watch?t=14&v=lckkecmfy7c,video
https://www.youtube.com/watch?t=141&v=t2hdatas-gy,video
https://www.youtube.com/watch?t=1483&v=ikffikqsmms,video
https://www.youtube.com/watch?t=16&v=jllxbuwufjo,video
https://www.youtube.com/watch?t=184&v=wihdwamonne,video
https://www.youtube.com/watch?t=195&v=gs3nrdgttxu,video
https://www.youtube.com/watch?t=20&v=-bjhhnr2jew,video
https://www.youtube.com/watch?t=202&v=n_msh6tx2w4,video
https://www.youtube.com/watch?t=209&v=mxt-xdpeq3w,video
https://www.youtube.com/watch?t=211&v=ue7bp_o5bgo,video
https://www.youtube.com/watch?t=215&v=-u5ainiuph8,video
https://www.youtube.com/watch?t=22&v=0melx_vb0qy,video
https://www.youtube.com/watch?t=22&v=fw8rew-rbiw,video
https://www.youtube.com/watch?t=228&v=jojqaeuurg4,video
https://www.youtube.com/watch?t=228&v=zxga-cncsxi,video
https://www.youtube.com/watch?t=23&v=axvtfsitajy,video
https://www.youtube.com/watch?t=23&v=hevelplkjk4,video
https://www.youtube.com/watch?t=234&v=hgco7v9ms3y,video
https://www.youtube.com/watch?t=25&v=odpni3jd3q0,video
https://www.youtube.com/watch?t=263&v=byjfid3c96k,video
https://www.youtube.com/watch?t=280&v=yvqweauhbpq,video
https://www.youtube.com/watch?t=31&v=ukq_ul_92f0,video
https://www.youtube.com/watch?t=32&v=_alk5wbjusg,video
https://www.youtube.com/watch?t=32&v=liaoqfs0g_k,video
https://www.youtube.com/watch?t=32&v=vk-qrqssgjw,video
https://www.youtube.com/watch?t=333&v=z9vwfkofclo,video
https://www.youtube.com/watch?t=338&v=c2ua0zf6xve,video
https://www.youtube.com/watch?t=365&v=ii8sy24duvg,video
https://www.youtube.com/watch?t=38&v=ylqyue5qdnu,video
https://www.youtube.com/watch?t=438&v=-cvlbjbeml8,video
https://www.youtube.com/watch?t=44&v=yyoxqsx4sog,video
https://www.youtube.com/watch?t=56&v=x-t55a5txo8,video
https://www.youtube.com/watch?t=58&v=mo7wtejo33q,video
https://www.youtube.com/watch?t=59&v=iagyukys0cg,video
https://www.youtube.com/watch?t=63&v=dzbhu51q_40,video
https://www.youtube.com/watch?t=7&v=7czkyqehrkg,video
https://www.youtube.com/watch?t=7&v=qsm4vegoqj0,video
https://www.youtube.com/watch?t=7&v=wlhcgbdwmui,video
https://www.youtube.com/watch?t=790&v=wxuzlo3jsaq,video
https://www.youtube.com/watch?t=7s&v=vn3e37vwc0k,video
https://www.youtube.com/watch?t=81&v=x3xrbytjs_u,video
https://www.youtube.com/watch?t=9&v=vnwzdywirdo,video
https://www.youtube.com/watch?v=-533bvi9zgy,video
https://www.youtube.com/watch?v=-8-dktrtqy0,video
https://www.youtube.com/watch?v=-8l6i6kfmrq,video
https://www.youtube.com/watch?v=-auk92jq4yq,video
https://www.youtube.com/watch?v=-b8ybq-l264,video
https://www.youtube.com/watch?v=-bhsh-x9bto,video
https://www.youtube.com/watch?v=-bjhhnr2jew,video
https://www.youtube.com/watch?v=-bkupx9gx0o,video
https://www.youtube.com/watch?v=-buazahs7ua,video
https://www.youtube.com/watch?v=-by31stjdbi,video
https://www.youtube.com/watch?v=-chkkdqtghg,video
https://www.youtube.com/watch?v=-cntigdx4u0,video
https://www.youtube.com/watch?v=-cp0ymyge44,video
https://www.youtube.com/watch?v=-ctpimt8dnu,video
https://www.youtube.com/watch?v=-dahruvzknu,video
https://www.youtube.com/watch?v=-duxtcpqyh4,video
https://www.youtube.com/watch?v=-ee_gmasmoa,video
https://www.youtube.com/watch?v=-eiuqamti4i,video
https://www.youtube.com/watch?v=-f7mowmgzaa,video
https://www.youtube.com/watch?v=-fk_dpstnmy,video
https://www.youtube.com/watch?v=-gozqudbon8,video
https://www.youtube.com/watch?v=-hbfykhth7i,video
https://www.youtube.com/watch?v=-ibpxpxder4,video
https://www.youtube.com/watch?v=-j-1l3kb43w,video
https://www.youtube.com/watch?v=-jmhqscrlha,video
https://www.youtube.com/watch?v=-jv9cldcgas,video
https://www.youtube.com/watch?v=-k3taed2ams,video
https://www.youtube.com/watch?v=-l1ewdfykac,video
https://www.youtube.com/watch?v=-lfpzruus_4,video
https://www.youtube.com/watch?v=-mqo5hrc6ws,video
https://www.youtube.com/watch?v=-mr-diwk0nw,video
https://www.youtube.com/watch?v=-p9vjb2jy0c,video
https://www.youtube.com/watch?v=-peovajai8e,video
https://www.youtube.com/watch?v=-qrgkp09t68,video
https://www.youtube.com/watch?v=-qsd0optb2s,video
https://www.youtube.com/watch?v=-r4sqp7_jua,video
https://www.youtube.com/watch?v=-r_9qzxwt2c,video
https://www.youtube.com/watch?v=-sfi6d7x-ps,video
https://www.youtube.com/watch?v=-soqrx0zpmi,video
https://www.youtube.com/watch?v=-t7mgcnz7hq,video
https://www.youtube.com/watch?v=-u5ainiuph8,video
https://www.youtube.com/watch?v=-vwucevznjc,video
https://www.youtube.com/watch?v=-wz6ifhneys,video
https://www.youtube.com/watch?v=012qjvd7_7o,video
https://www.youtube.com/watch?v=01dmusiy4xm,video
https://www.youtube.com/watch?v=03wf-onbcnc,video
https://www.youtube.com/watch?v=05radfupziu,video
https://www.youtube.com/watch?v=07rcn8oxxyy,video
https://www.youtube.com/watch?v=08kcfkxhy_8,video
https://www.youtube.com/watch?v=09-g4udxvz4,video
https://www.youtube.com/watch?v=096lmumfdjg,video
https://www.youtube.com/watch?v=0_oyojjqfqk,video
https://www.youtube.com/watch?v=0ebfobxnz2q,video
https://www.youtube.com/watch?v=0fd45obj4ug,video
https://www.youtube.com/watch?v=0gbigaoilq0,video
https://www.youtube.com/watch?v=0h69_yw9ifw,video
https://www.youtube.com/watch?v=0hdoiaiygeq,video
https://www.youtube.com/watch?v=0hjbztqbk-y,video
https://www.youtube.com/watch?v=0htgadpzb4w,video
https://www.youtube.com/watch?v=0i4-5wyew5q,video
https://www.youtube.com/watch?v=0ibsvpqcq4i,video
https://www.youtube.com/watch?v=0jq16joaow0,video
https://www.youtube.com/watch?v=0k_ris7f710,video
https://www.youtube.com/watch?v=0kdhbnrhvoo,video
https://www.youtube.com/watch?v=0key-elwvuq,video
https://www.youtube.com/watch?v=0kucwa2aigm,video
https://www.youtube.com/watch?v=0kuxiful2wm,video
https://www.youtube.com/watch?v=0kx5wuo9ves,video
https://www.youtube.com/watch?v=0lakecyzabu,video
https://www.youtube.com/watch?v=0mcwwitutki,video
https://www.youtube.com/watch?v=0myyt8h3yro,video
https://www.youtube.com/watch?v=0ntmpfmy-bo,video
https://www.youtube.com/watch?v=0ozontdqllq,video
https://www.youtube.com/watch?v=0p9-b06hz7g,video
https://www.youtube.com/watch?v=0ptpaaprowu,video
https://www.youtube.com/watch?v=0ri3jpz3vea,video
https://www.youtube.com/watch?v=0smweuwrods,video
https://www.youtube.com/watch?v=0sos-_ifl8o,video
https://www.youtube.com/watch?v=0sz22nuqcf4,video
https://www.youtube.com/watch?v=0tcqdsl65ng,video
https://www.youtube.com/watch?v=0tkr0hhgdq4,video
https://www.youtube.com/watch?v=0u0gzharhgs,video
https://www.youtube.com/watch?v=0uxmgnazwmw,video
https://www.youtube.com/watch?v=0ww3rz6ulu0,video
https://www.youtube.com/watch?v=0wwq0erx98i,video
https://www.youtube.com/watch?v=0xsbk-sx7ow,video
https://www.youtube.com/watch?v=0yinscefx5i,video
https://www.youtube.com/watch?v=1-7bruetgss,video
https://www.youtube.com/watch?v=1-qnahxsswk,video
https://www.youtube.com/watch?v=1-u4raj9qec,video
https://www.youtube.com/watch?v=11h_bdebc-o,video
https://www.youtube.com/watch?v=11kr78ypysw,video
https://www.youtube.com/watch?v=12k5aydb9cq,video
https://www.youtube.com/watch?v=12y0yp0ntpu,video
https://www.youtube.com/watch?v=14edsua4tvs,video
https://www.youtube.com/watch?v=14t_tem82-q,video
https://www.youtube.com/watch?v=15g2zopq208,video
https://www.youtube.com/watch?v=15psxfjc0vu,video
https://www.youtube.com/watch?v=16c1lxsx1fg,video
https://www.youtube.com/watch?v=19gcaxwtjvm,video
https://www.youtube.com/watch?v=19ob11npgeo,video
https://www.youtube.com/watch?v=1_zmuy6tkkm,video
https://www.youtube.com/watch?v=1a3ked-avq8,video
https://www.youtube.com/watch?v=1bg7dac-cyy,video
https://www.youtube.com/watch?v=1bpunwqvkyw,video
https://www.youtube.com/watch?v=1c6jnxe49zo,video
https://www.youtube.com/watch?v=1c_clsvdwky,video
https://www.youtube.com/watch?v=1dwbr4wzi0u,video
https://www.youtube.com/watch?v=1ekroozn_vo,video
https://www.youtube.com/watch?v=1en-atwdblu,video
https://www.youtube.com/watch?v=1erh0ersjye,video
https://www.youtube.com/watch?v=1fjvetyuhx4,video
https://www.youtube.com/watch?v=1fughkjzdao,video
https://www.youtube.com/watch?v=1g4p9jdux-e,video
https://www.youtube.com/watch?v=1gnedrs1dtw,video
https://www.youtube.com/watch?v=1irx16xgaug,video
https://www.youtube.com/watch?v=1ivwssiaxgw,video
https://www.youtube.com/watch?v=1jc4-ieyk7a,video
https://www.youtube.com/watch?v=1jidrrhp5se,video
https://www.youtube.com/watch?v=1knufmxmuz4,video
https://www.youtube.com/watch?v=1lsnr1c2g6y,video
https://www.youtube.com/watch?v=1miblgmvble,video
https://www.youtube.com/watch?v=1oi9qnn8mqq,video
https://www.youtube.com/watch?v=1px2crfsgwk,video
https://www.youtube.com/watch?v=1q9oa0r_8sw,video
https://www.youtube.com/watch?v=1qf9wxkmiai,video
https://www.youtube.com/watch?v=1qvdcymoto8,video
https://www.youtube.com/watch?v=1sj2otijzfm,video
https://www.youtube.com/watch?v=1stjzyplk60,video
https://www.youtube.com/watch?v=1uorerx7qnc,video
https://www.youtube.com/watch?v=1uypzmpy2_4,video
https://www.youtube.com/watch?v=1vxlpuex9gy,video
https://www.youtube.com/watch?v=1ziz95jut-i,video
https://www.youtube.com/watch?v=1zw6ri5cbji,video
https://www.youtube.com/watch?v=2-29w6agxcc,video
https://www.youtube.com/watch?v=23kkupl-auc,video
https://www.youtube.com/watch?v=28o92naq6u8,video
https://www.youtube.com/watch?v=28omkt2tdjc,video
https://www.youtube.com/watch?v=28xeygdq3em,video
https://www.youtube.com/watch?v=2a4dsz0qlcs,video
https://www.youtube.com/watch?v=2aq9y7bumts,video
https://www.youtube.com/watch?v=2b3ot4oehza,video
https://www.youtube.com/watch?v=2c7i4wg71rc,video
https://www.youtube.com/watch?v=2dwing4m6ny,video
https://www.youtube.com/watch?v=2e5eb7hf4po,video
https://www.youtube.com/watch?v=2eareb5ib3y,video
https://www.youtube.com/watch?v=2elvyeg_i4q,video
https://www.youtube.com/watch?v=2etfantwc3y,video
https://www.youtube.com/watch?v=2fbxrhv3nk0,video
https://www.youtube.com/watch?v=2fhhgdb7pls,video
https://www.youtube.com/watch?v=2fjz3dliqdy,video
https://www.youtube.com/watch?v=2fnoiksmasy,video
https://www.youtube.com/watch?v=2ga04k2xvxk,video
https://www.youtube.com/watch?v=2gekcl9o6by,video
https://www.youtube.com/watch?v=2ic0k76rbjg,video
https://www.youtube.com/watch?v=2jaotjxyqh8&vl=en,video
https://www.youtube.com/watch?v=2jtwpbcue_u,video
https://www.youtube.com/watch?v=2jwslqxskek,video
https://www.youtube.com/watch?v=2l829v9kzwi,video
https://www.youtube.com/watch?v=2lzufonfvdc,video
https://www.youtube.com/watch?v=2m2gwbczvlo,video
https://www.youtube.com/watch?v=2m6raxq9pu0,video
https://www.youtube.com/watch?v=2miazax8nf4,video
https://www.youtube.com/watch?v=2nwa_fsfhkq,video
https://www.youtube.com/watch?v=2pu_kd3jvsg,video
https://www.youtube.com/watch?v=2qed0dctkem,video
https://www.youtube.com/watch?v=2qicsvuqkha,video
https://www.youtube.com/watch?v=2qyckka0jt8,video
https://www.youtube.com/watch?v=2rfiz35i2-4,video
https://www.youtube.com/watch?v=2rrsw7ycv0c,video
https://www.youtube.com/watch?v=2rwttc53lme,video
https://www.youtube.com/watch?v=2sgatoidi6q,video
https://www.youtube.com/watch?v=2snoyopej6e,video
https://www.youtube.com/watch?v=2st9vmemxwy,video
https://www.youtube.com/watch?v=2sxgl9btp_0,video
https://www.youtube.com/watch?v=2urr1zyzo3c,video
https://www.youtube.com/watch?v=2vxlsa2sa_c,video
https://www.youtube.com/watch?v=2x2svcfh4qg,video
https://www.youtube.com/watch?v=2xyyq1yxcz0,video
https://www.youtube.com/watch?v=2ydmdrybsd4,video
https://www.youtube.com/watch?v=2ylqe95biee,video
https://www.youtube.com/watch?v=2zll2qloyp0,video
https://www.youtube.com/watch?v=2zxrhrjsnhq,video
https://www.youtube.com/watch?v=3-pu9xxufug,video
https://www.youtube.com/watch?v=31vxojlwekw,video
https://www.youtube.com/watch?v=35b9l3blqwm,video
https://www.youtube.com/watch?v=35zfeic1gbc,video
https://www.youtube.com/watch?v=36n87osaloa,video
https://www.youtube.com/watch?v=3855zk__bae,video
https://www.youtube.com/watch?v=3_mocbn67a8,video
https://www.youtube.com/watch?v=3axvix06fiq,video
https://www.youtube.com/watch?v=3bgugwjrefe,video
https://www.youtube.com/watch?v=3birxou5l6e,video
https://www.youtube.com/watch?v=3ctqu11mb-y,video
https://www.youtube.com/watch?v=3fptdiaxj_0,video
https://www.youtube.com/watch?v=3gmlcixhxco,video
https://www.youtube.com/watch?v=3hs-_j5gckw,video
https://www.youtube.com/watch?v=3hve7ywkhsw,video
https://www.youtube.com/watch?v=3igejm8zscy,video
https://www.youtube.com/watch?v=3k0fdymnib8,video
https://www.youtube.com/watch?v=3kjfh3pjrci,video
https://www.youtube.com/watch?v=3kztrv8ntsy,video
https://www.youtube.com/watch?v=3l2u7wgxkle,video
https://www.youtube.com/watch?v=3lnscgucfry,video
https://www.youtube.com/watch?v=3m1atuviydm,video
https://www.youtube.com/watch?v=3nxrvsm9cne,video
https://www.youtube.com/watch?v=3o5j2xyeddq,video
https://www.youtube.com/watch?v=3p8gg90zwnw,video
https://www.youtube.com/watch?v=3ptqv6j7eq0,video
https://www.youtube.com/watch?v=3pwvwx28dee,video
https://www.youtube.com/watch?v=3qaquxje62i,video
https://www.youtube.com/watch?v=3qc68x859fa,video
https://www.youtube.com/watch?v=3qmmhuuri6q,video
https://www.youtube.com/watch?v=3raxvs4hhv0,video
https://www.youtube.com/watch?v=3rhtzf6xumq,video
https://www.youtube.com/watch?v=3tbxmzav2ra,video
https://www.youtube.com/watch?v=3uetytm2vya,video
https://www.youtube.com/watch?v=3v2b1iwpexs,video
https://www.youtube.com/watch?v=3wblxa63ps0,video
https://www.youtube.com/watch?v=3ybt9mj2rac,video
https://www.youtube.com/watch?v=3ypckgrhvsu,video
https://www.youtube.com/watch?v=3yqrlaadur4,video
https://www.youtube.com/watch?v=3zkp0k8cldy,video
https://www.youtube.com/watch?v=3zrdumtidoa,video
https://www.youtube.com/watch?v=414iscnuvui,video
https://www.youtube.com/watch?v=41cyt81mgb0,video
https://www.youtube.com/watch?v=41diehixzgs,video
https://www.youtube.com/watch?v=41gdofgikls,video
https://www.youtube.com/watch?v=41vestp23hu,video
https://www.youtube.com/watch?v=46pc9p3of0m,video
https://www.youtube.com/watch?v=49jauxcggws,video
https://www.youtube.com/watch?v=4agfes6a4qw,video
https://www.youtube.com/watch?v=4bfmqmergtc,video
https://www.youtube.com/watch?v=4bkitaljims,video
https://www.youtube.com/watch?v=4bma9ieavig,video
https://www.youtube.com/watch?v=4bu1k3gllbi,video
https://www.youtube.com/watch?v=4codz7ztz-w,video
https://www.youtube.com/watch?v=4croxyzddqe,video
https://www.youtube.com/watch?v=4d2wu6numug,video
https://www.youtube.com/watch?v=4ebqjrf3kho,video
https://www.youtube.com/watch?v=4eqdrbvb0sy,video
https://www.youtube.com/watch?v=4f8oegjwehe,video
https://www.youtube.com/watch?v=4ffllsufo2y,video
https://www.youtube.com/watch?v=4fhijhlhg-u,video
https://www.youtube.com/watch?v=4fs9ruapop4,video
https://www.youtube.com/watch?v=4h1e6kafmqs,video
https://www.youtube.com/watch?v=4i5qozkrnyi,video
https://www.youtube.com/watch?v=4iusjui-bxm,video
https://www.youtube.com/watch?v=4j70qc2ywzg,video
https://www.youtube.com/watch?v=4jjh-8jpyam,video
https://www.youtube.com/watch?v=4jqpfsswdd4,video
https://www.youtube.com/watch?v=4k9twhyov1c,video
https://www.youtube.com/watch?v=4lwjkmxdbgq,video
https://www.youtube.com/watch?v=4pfjfhxnihs,video
https://www.youtube.com/watch?v=4qkmevkmhkc,video
https://www.youtube.com/watch?v=4qqwkx-hgs0,video
https://www.youtube.com/watch?v=4rgcko7i5jy,video
https://www.youtube.com/watch?v=4rjhyoktxgu,video
https://www.youtube.com/watch?v=4rp1p2xsdsy,video
https://www.youtube.com/watch?v=4rpbm5wy-zm,video
https://www.youtube.com/watch?v=4suu9qoxnve,video
https://www.youtube.com/watch?v=4tsn1n0kjbw,video
https://www.youtube.com/watch?v=4v17lw9bwzq,video
https://www.youtube.com/watch?v=4wdhnk-i9tg,video
https://www.youtube.com/watch?v=4xl74eiirkm,video
https://www.youtube.com/watch?v=5-zp-_tst8k,video
https://www.youtube.com/watch?v=50uufuvcj_k,video
https://www.youtube.com/watch?v=52frln8webg,video
https://www.youtube.com/watch?v=52vemy3p9fa,video
https://www.youtube.com/watch?v=52vm3ytdq0s,video
https://www.youtube.com/watch?v=53il1dqykva,video
https://www.youtube.com/watch?v=53mmbmpj8xq,video
https://www.youtube.com/watch?v=54icvxmgnve,video
https://www.youtube.com/watch?v=54zwu_gnbzm,video
https://www.youtube.com/watch?v=56vvcblgpgm,video
https://www.youtube.com/watch?v=595qhkdrnxg,video
https://www.youtube.com/watch?v=5abffc-k40c,video
https://www.youtube.com/watch?v=5bapdyl2q_k,video
https://www.youtube.com/watch?v=5bx73fbm4m0,video
https://www.youtube.com/watch?v=5e6sz-_xmsm,video
https://www.youtube.com/watch?v=5e8-mjkp9zw,video
https://www.youtube.com/watch?v=5gbqltwydlq,video
https://www.youtube.com/watch?v=5gk8ftaqvwy,video
https://www.youtube.com/watch?v=5gzmk5ycacg,video
https://www.youtube.com/watch?v=5i-tuqstxya,video
https://www.youtube.com/watch?v=5iaov8xqiis,video
https://www.youtube.com/watch?v=5j3jei06qsg,video
https://www.youtube.com/watch?v=5jwu-myswug,video
https://www.youtube.com/watch?v=5kbow-pgavs,video
https://www.youtube.com/watch?v=5lpblk5uxr4,video
https://www.youtube.com/watch?v=5mqsfp_q-sc,video
https://www.youtube.com/watch?v=5mx-ql-andi,video
https://www.youtube.com/watch?v=5oq5rurs6ag,video
https://www.youtube.com/watch?v=5p5uj_eaumc,video
https://www.youtube.com/watch?v=5po26ru5rte,video
https://www.youtube.com/watch?v=5posas-uo8y,video
https://www.youtube.com/watch?v=5riqjoiwido,video
https://www.youtube.com/watch?v=5rs39fxbdcs,video
https://www.youtube.com/watch?v=5vdloxxmhl0,video
https://www.youtube.com/watch?v=5ve0j9aiq_i,video
https://www.youtube.com/watch?v=5vkta3cuyqa,video
https://www.youtube.com/watch?v=5vxdu7dgtbm,video
https://www.youtube.com/watch?v=5w5it7yz_w4,video
https://www.youtube.com/watch?v=5wbxyqdn96s,video
https://www.youtube.com/watch?v=5x3uy7y-xpy,video
https://www.youtube.com/watch?v=5y35omvantg,video
https://www.youtube.com/watch?v=610g3r0jiea,video
https://www.youtube.com/watch?v=62f87sddyaq,video
https://www.youtube.com/watch?v=62i6rby5dlm,video
https://www.youtube.com/watch?v=63tkfj621ca,video
https://www.youtube.com/watch?v=64dsxejsybo,video
https://www.youtube.com/watch?v=64p3mz3qcg0,video
https://www.youtube.com/watch?v=64uyx87edqs,video
https://www.youtube.com/watch?v=65h8n4j9mic,video
https://www.youtube.com/watch?v=65jz7phkuzo,video
https://www.youtube.com/watch?v=67gcxfol-kw,video
https://www.youtube.com/watch?v=68_uoxy6psi,video
https://www.youtube.com/watch?v=68ayk6iemhw,video
https://www.youtube.com/watch?v=69jaghvf4ka,video
https://www.youtube.com/watch?v=6_bkeofxodo,video
https://www.youtube.com/watch?v=6_y-__shju0,video
https://www.youtube.com/watch?v=6b3izsjzrv8,video
https://www.youtube.com/watch?v=6bsrpga_fiq,video
https://www.youtube.com/watch?v=6d34e-tctzo,video
https://www.youtube.com/watch?v=6dow1slsrd0,video
https://www.youtube.com/watch?v=6dvst0vtqkg,video
https://www.youtube.com/watch?v=6e5r_ndsamg,video
https://www.youtube.com/watch?v=6enxcywatmg,video
https://www.youtube.com/watch?v=6focgepov4e,video
https://www.youtube.com/watch?v=6iddqrehszo,video
https://www.youtube.com/watch?v=6k05hfujyb8,video
https://www.youtube.com/watch?v=6k3zyu2pcoc,video
https://www.youtube.com/watch?v=6kg6-0mvzbu,video
https://www.youtube.com/watch?v=6ltl-ningx8,video
https://www.youtube.com/watch?v=6mjimegcgha,video
https://www.youtube.com/watch?v=6ngehyopf_k,video
https://www.youtube.com/watch?v=6nshj-67lp4,video
https://www.youtube.com/watch?v=6p89g9nldmi,video
https://www.youtube.com/watch?v=6pb8dws6eqg,video
https://www.youtube.com/watch?v=6pvxb6z_nj4,video
https://www.youtube.com/watch?v=6qdq1isqls8,video
https://www.youtube.com/watch?v=6qsx32cxp0y,video
https://www.youtube.com/watch?v=6qy2reijj2c,video
https://www.youtube.com/watch?v=6ri-toach2s,video
https://www.youtube.com/watch?v=6rvek6nt_eo,video
https://www.youtube.com/watch?v=6swxgr7zncq,video
https://www.youtube.com/watch?v=6thp7xtlkpw,video
https://www.youtube.com/watch?v=6tmxjs4rzpk,video
https://www.youtube.com/watch?v=6to3gruuwhm,video
https://www.youtube.com/watch?v=6tpxyam3zbm,video
https://www.youtube.com/watch?v=6vjkqtwkhi4,video
https://www.youtube.com/watch?v=6vl1_jndixk,video
https://www.youtube.com/watch?v=6voxpzetiry,video
https://www.youtube.com/watch?v=6wasceesak8,video
https://www.youtube.com/watch?v=6wesqa3p5fc,video
https://www.youtube.com/watch?v=6wyme61jxcq,video
https://www.youtube.com/watch?v=6xzmin1mwsm,video
https://www.youtube.com/watch?v=6ytooqrvufk,video
https://www.youtube.com/watch?v=7-mrc2ww-1m,video
https://www.youtube.com/watch?v=7-tq7tslgy0,video
https://www.youtube.com/watch?v=73fostewoqm,video
https://www.youtube.com/watch?v=73ryz4yplou,video
https://www.youtube.com/watch?v=73tvphn-ely,video
https://www.youtube.com/watch?v=7739wav71s0,video
https://www.youtube.com/watch?v=77nawzwi0ci,video
https://www.youtube.com/watch?v=78dc2qx7gpq,video
https://www.youtube.com/watch?v=78iitevzyja,video
https://www.youtube.com/watch?v=7_-b-j-n4rw,video
https://www.youtube.com/watch?v=7aqixbzha9u,video
https://www.youtube.com/watch?v=7bjldkhuu9i,video
https://www.youtube.com/watch?v=7bzja2lols8,video
https://www.youtube.com/watch?v=7cbegjy1pno,video
https://www.youtube.com/watch?v=7ch1y9ipsas,video
https://www.youtube.com/watch?v=7cmv2dqazkc,video
https://www.youtube.com/watch?v=7czkyqehrkg,video
https://www.youtube.com/watch?v=7ddaeh2ofka,video
https://www.youtube.com/watch?v=7e-z1r62fti,video
https://www.youtube.com/watch?v=7f_p0vheom4,video
https://www.youtube.com/watch?v=7fmsysb-iw0,video
https://www.youtube.com/watch?v=7fshtqm8ghs,video
https://www.youtube.com/watch?v=7g4rlo2ha34,video
https://www.youtube.com/watch?v=7g7mmp99eng,video
https://www.youtube.com/watch?v=7gcwg3o4xc0,video
https://www.youtube.com/watch?v=7gxruefuezm,video
https://www.youtube.com/watch?v=7h-rv6l65ku,video
https://www.youtube.com/watch?v=7ho-dskhwgy,video
https://www.youtube.com/watch?v=7iga7m_zdnk,video
https://www.youtube.com/watch?v=7ilpjzi2jdy,video
https://www.youtube.com/watch?v=7jv7crpdscq,video
https://www.youtube.com/watch?v=7kdqa8iwgxw,video
https://www.youtube.com/watch?v=7kmdfgrsiym,video
https://www.youtube.com/watch?v=7loh93-9mnq,video
https://www.youtube.com/watch?v=7nkylg-nkey,video
https://www.youtube.com/watch?v=7oajchbbypy,video
https://www.youtube.com/watch?v=7qwphcob5dm,video
https://www.youtube.com/watch?v=7r7bbz5kjma,video
https://www.youtube.com/watch?v=7rouv2map0w,video
https://www.youtube.com/watch?v=7sgr6najyly,video
https://www.youtube.com/watch?v=7swqgfdqnl4,video
https://www.youtube.com/watch?v=7tdmhxigswi,video
https://www.youtube.com/watch?v=7tf-08vugqy,video
https://www.youtube.com/watch?v=7tpikcb5eio,video
https://www.youtube.com/watch?v=7tpy65vo6ns,video
https://www.youtube.com/watch?v=7u24gmejnqu,video
https://www.youtube.com/watch?v=7vinb8qcmck,video
https://www.youtube.com/watch?v=7vm4axplpqi,video
https://www.youtube.com/watch?v=7vmzd4f0gok,video
https://www.youtube.com/watch?v=7vopzzx7duw,video
https://www.youtube.com/watch?v=7vqfshr4tac,video
https://www.youtube.com/watch?v=7vxxyzhmgum,video
https://www.youtube.com/watch?v=7wtmzzuggve,video
https://www.youtube.com/watch?v=7xq4gslnkyg,video
https://www.youtube.com/watch?v=7xwxnevq3t0,video
https://www.youtube.com/watch?v=7yntrnehgiy,video
https://www.youtube.com/watch?v=7z7cyisgvpo,video
https://www.youtube.com/watch?v=817waznootm,video
https://www.youtube.com/watch?v=81ik8toxmni,video
https://www.youtube.com/watch?v=81snifrmnna,video
https://www.youtube.com/watch?v=83_gtzeuf6m,video
https://www.youtube.com/watch?v=83qn-k7rcci,video
https://www.youtube.com/watch?v=83wil7w_yja,video
https://www.youtube.com/watch?v=8419ttwlbcg,video
https://www.youtube.com/watch?v=87rzvre4qzw,video
https://www.youtube.com/watch?v=88ogt0ldt3i,video
https://www.youtube.com/watch?v=89cgqjb5r4m,video
https://www.youtube.com/watch?v=89l4wwqea3s,video
https://www.youtube.com/watch?v=8apur1zjh60,video
https://www.youtube.com/watch?v=8b2lutvr7sw,video
https://www.youtube.com/watch?v=8ckbr9gc5lq,video
https://www.youtube.com/watch?v=8cyebu74te8,video
https://www.youtube.com/watch?v=8gdijyucyzo,video
https://www.youtube.com/watch?v=8gneje1fgke,video
https://www.youtube.com/watch?v=8hj2qsff1da,video
https://www.youtube.com/watch?v=8ie5_5aeifm,video
https://www.youtube.com/watch?v=8ivyxhmln_8,video
https://www.youtube.com/watch?v=8jd21ew4fxk,video
https://www.youtube.com/watch?v=8jgukj9oo6o,video
https://www.youtube.com/watch?v=8kgufxdqtt4,video
https://www.youtube.com/watch?v=8ki9dgg3p5m,video
https://www.youtube.com/watch?v=8kqqtbbyvds,video
https://www.youtube.com/watch?v=8lbke2x6qbu,video
https://www.youtube.com/watch?v=8lfcthxaczi,video
https://www.youtube.com/watch?v=8m9chp6_qr8,video
https://www.youtube.com/watch?v=8mbu7xxth9m,video
https://www.youtube.com/watch?v=8o3x63nwec4,video
https://www.youtube.com/watch?v=8pp7bixsebe,video
https://www.youtube.com/watch?v=8pqyx6_e6vq,video
https://www.youtube.com/watch?v=8pw6p7usnee,video
https://www.youtube.com/watch?v=8pwg5afru4m,video
https://www.youtube.com/watch?v=8qd6etstz0w,video
https://www.youtube.com/watch?v=8qqslneul8s,video
https://www.youtube.com/watch?v=8r41cbnyscc,video
https://www.youtube.com/watch?v=8revrh7-82q,video
https://www.youtube.com/watch?v=8rjhyozrbf0,video
https://www.youtube.com/watch?v=8umhvrteyko,video
https://www.youtube.com/watch?v=8v4lia-6xlk,video
https://www.youtube.com/watch?v=8vbo5mohkm0,video
https://www.youtube.com/watch?v=8wq4e5vmihu,video
https://www.youtube.com/watch?v=8wrinahwske,video
https://www.youtube.com/watch?v=8y8pj7zglg0,video
https://www.youtube.com/watch?v=8yjcw8ocjfw,video
https://www.youtube.com/watch?v=8yk469xmvye,video
https://www.youtube.com/watch?v=8ykzxpt9n8i,video
https://www.youtube.com/watch?v=8zj_v-awqv4,video
https://www.youtube.com/watch?v=8ztsraq-rxy,video
https://www.youtube.com/watch?v=8zx9i_ut1gk,video
https://www.youtube.com/watch?v=9-auq267pws,video
https://www.youtube.com/watch?v=9-cuzlppccu,video
https://www.youtube.com/watch?v=905xnfwyy5k,video
https://www.youtube.com/watch?v=90gm6t8gcsu,video
https://www.youtube.com/watch?v=92s7oen1wfi,video
https://www.youtube.com/watch?v=95vhmqqa998,video
https://www.youtube.com/watch?v=96x0mbevzmg,video
https://www.youtube.com/watch?v=974pc5qj7ya,video
https://www.youtube.com/watch?v=97nrcuf6trm,video
https://www.youtube.com/watch?v=98jw9u6chz8,video
https://www.youtube.com/watch?v=994jsw28qoy,video
https://www.youtube.com/watch?v=99hf2ohy1pq,video
https://www.youtube.com/watch?v=9_uqyfmle2s,video
https://www.youtube.com/watch?v=9aiow_rtoni,video
https://www.youtube.com/watch?v=9bch6f0errq,video
https://www.youtube.com/watch?v=9cqfquuyns4,video
https://www.youtube.com/watch?v=9dlqi-gx5y0,video
https://www.youtube.com/watch?v=9ejxkqolmag,video
https://www.youtube.com/watch?v=9gd2qqi77xi,video
https://www.youtube.com/watch?v=9h0dzjruico,video
https://www.youtube.com/watch?v=9hg-_9rfhic,video
https://www.youtube.com/watch?v=9hlbev0iiou,video
https://www.youtube.com/watch?v=9j271qcp0cu,video
https://www.youtube.com/watch?v=9j3wz0xlgp8,video
https://www.youtube.com/watch?v=9jo3gcdbbfk,video
https://www.youtube.com/watch?v=9kerzdd-asg,video
https://www.youtube.com/watch?v=9koyrmlmunu,video
https://www.youtube.com/watch?v=9kvndq7sygu,video
https://www.youtube.com/watch?v=9lafsd7e0oa,video
https://www.youtube.com/watch?v=9p2xc4lvptg,video
https://www.youtube.com/watch?v=9phroihswta,video
https://www.youtube.com/watch?v=9pt_cia9wbo,video
https://www.youtube.com/watch?v=9qkkceqq38g,video
https://www.youtube.com/watch?v=9qs3nchue3g,video
https://www.youtube.com/watch?v=9qt0osm1lni,video
https://www.youtube.com/watch?v=9rdbvs-ygbk,video
https://www.youtube.com/watch?v=9rhrbn61r6i,video
https://www.youtube.com/watch?v=9rpdmrvwiti,video
https://www.youtube.com/watch?v=9sjue-rvbns,video
https://www.youtube.com/watch?v=9tnf0dkcf1g,video
https://www.youtube.com/watch?v=9uugbx39ckc,video
https://www.youtube.com/watch?v=9vecgyg_ubo,video
https://www.youtube.com/watch?v=9vkztxrf9zg,video
https://www.youtube.com/watch?v=9vmnv_w_pmm,video
https://www.youtube.com/watch?v=9wbnj7zfk_y,video
https://www.youtube.com/watch?v=9wokjnt4mco,video
https://www.youtube.com/watch?v=9wp5qw8ukuo,video
https://www.youtube.com/watch?v=9wukjeoe9fq,video
https://www.youtube.com/watch?v=9ytc_kf__2a,video
https://www.youtube.com/watch?v=9zmrzmdlcji,video
https://www.youtube.com/watch?v=_00k0gv016g,video
https://www.youtube.com/watch?v=_0vcd-mccro,video
https://www.youtube.com/watch?v=_35tqh5hhd0,video
https://www.youtube.com/watch?v=_3kygvcxxng,video
https://www.youtube.com/watch?v=_3mr8nccbia,video
https://www.youtube.com/watch?v=_3twxg6hmxs,video
https://www.youtube.com/watch?v=_6-yicdgvp0,video
https://www.youtube.com/watch?v=_90av4n8nii,video
https://www.youtube.com/watch?v=__gzcovcvzo,video
https://www.youtube.com/watch?v=_afiwpeej24,video
https://www.youtube.com/watch?v=_anudjco5sk,video
https://www.youtube.com/watch?v=_b4lv62kqhc,video
https://www.youtube.com/watch?v=_eusxq7oknm,video
https://www.youtube.com/watch?v=_fmolbcuo9m,video
https://www.youtube.com/watch?v=_haubjkmf4a,video
https://www.youtube.com/watch?v=_hc36onl-6c,video
https://www.youtube.com/watch?v=_hec1j315bm,video
https://www.youtube.com/watch?v=_hpidjn8cq8,video
https://www.youtube.com/watch?v=_idnet_us5e,video
https://www.youtube.com/watch?v=_if5-2w25ek,video
https://www.youtube.com/watch?v=_ikrgkwtxck,video
https://www.youtube.com/watch?v=_ipa3yw8d3g,video
https://www.youtube.com/watch?v=_ivglaxa0wy,video
https://www.youtube.com/watch?v=_kxhyby_tea,video
https://www.youtube.com/watch?v=_l3q3uzlnlc,video
https://www.youtube.com/watch?v=_l75l9tpzca,video
https://www.youtube.com/watch?v=_mu9qglp2ju,video
https://www.youtube.com/watch?v=_n4y8koa9p0,video
https://www.youtube.com/watch?v=_nzg0s6aabi,video
https://www.youtube.com/watch?v=_otiy-0vbn8,video
https://www.youtube.com/watch?v=_pqxb4w1_wk,video
https://www.youtube.com/watch?v=_rnyga9vpq8,video
https://www.youtube.com/watch?v=_s6mflujevy,video
https://www.youtube.com/watch?v=_shyqourida,video
https://www.youtube.com/watch?v=_teif7admm4,video
https://www.youtube.com/watch?v=_tknhs6mohm,video
https://www.youtube.com/watch?v=_tqlour4izs,video
https://www.youtube.com/watch?v=_tr9mifyfcy,video
https://www.youtube.com/watch?v=_tz2bc4tyjm,video
https://www.youtube.com/watch?v=_ueiu4pki4w,video
https://www.youtube.com/watch?v=_wn9c49fxck,video
https://www.youtube.com/watch?v=_wofjbefv0m,video
https://www.youtube.com/watch?v=_yqtunqeucu,video
https://www.youtube.com/watch?v=_zm0avoj3ey,video
https://www.youtube.com/watch?v=a-084pqi05u,video
https://www.youtube.com/watch?v=a-uwr44gwvk,video
https://www.youtube.com/watch?v=a0yhhdfwyy0,video
https://www.youtube.com/watch?v=a28vkutkks4,video
https://www.youtube.com/watch?v=a4wuycesaxg,video
https://www.youtube.com/watch?v=a5ik65yyd78,video
https://www.youtube.com/watch?v=a5mgnaa-aqc,video
https://www.youtube.com/watch?v=a743gmrzk0e,video
https://www.youtube.com/watch?v=a8jrfupumqk,video
https://www.youtube.com/watch?v=a9ef6coiahq,video
https://www.youtube.com/watch?v=a9zm-ajau9u,video
https://www.youtube.com/watch?v=a_3todsw_ds,video
https://www.youtube.com/watch?v=a_mvlmtzmpg,video
https://www.youtube.com/watch?v=a_r9p3xcn2o,video
https://www.youtube.com/watch?v=a_wcly6hums,video
https://www.youtube.com/watch?v=aa0aws0qp10,video
https://www.youtube.com/watch?v=aadtq_cmuv8,video
https://www.youtube.com/watch?v=abwyl4rexrg,video
https://www.youtube.com/watch?v=acgerpz_d0c,video
https://www.youtube.com/watch?v=acjcomxebs0,video
https://www.youtube.com/watch?v=acslykkfnvm,video
https://www.youtube.com/watch?v=acysyztzqhs,video
https://www.youtube.com/watch?v=ad7hsiu324y,video
https://www.youtube.com/watch?v=adljkn8txfg,video
https://www.youtube.com/watch?v=adxzup4h7he,video
https://www.youtube.com/watch?v=ae47zhrdcgg,video
https://www.youtube.com/watch?v=af-hdlgo4bu,video
https://www.youtube.com/watch?v=afgwt2tbu6c,video
https://www.youtube.com/watch?v=afmhtts24fa,video
https://www.youtube.com/watch?v=aftw0wx4occ,video
https://www.youtube.com/watch?v=ag2pnihcbty,video
https://www.youtube.com/watch?v=ag2wz8bsnz8,video
https://www.youtube.com/watch?v=ag9iaimgii0,video
https://www.youtube.com/watch?v=agdlacpzaye,video
https://www.youtube.com/watch?v=agl1dx8-r3y,video
https://www.youtube.com/watch?v=ahgea0h6h3w,video
https://www.youtube.com/watch?v=ahimkkluzoc,video
https://www.youtube.com/watch?v=ai5k2htjaxm,video
https://www.youtube.com/watch?v=ai9dyqsj_ck,video
https://www.youtube.com/watch?v=aigpotb8bvy,video
https://www.youtube.com/watch?v=aimf3vvrdky,video
https://www.youtube.com/watch?v=aiti2lniqo4,video
https://www.youtube.com/watch?v=aj2unwdveyc,video
https://www.youtube.com/watch?v=aj4_pdqhcss,video
https://www.youtube.com/watch?v=ajavirexjq8,video
https://www.youtube.com/watch?v=ajie-glr6ca,video
https://www.youtube.com/watch?v=ajiims3bzvw,video
https://www.youtube.com/watch?v=ajzwos8bgge,video
https://www.youtube.com/watch?v=akg-ksyqkgi,video
https://www.youtube.com/watch?v=akogc3ulbjc,video
https://www.youtube.com/watch?v=akzjzc4jom4,video
https://www.youtube.com/watch?v=al6-rfkbk7c,video
https://www.youtube.com/watch?v=al9lvqk7xnc,video
https://www.youtube.com/watch?v=algw979ayh0,video
https://www.youtube.com/watch?v=am3c4lhwjqs,video
https://www.youtube.com/watch?v=anptn0c0kco,video
https://www.youtube.com/watch?v=anydjfgrsl8,video
https://www.youtube.com/watch?v=aob3-mesnug,video
https://www.youtube.com/watch?v=aolrpsm6pqg,video
https://www.youtube.com/watch?v=aonz0iwglns,video
https://www.youtube.com/watch?v=aoy-12ymhsk,video
https://www.youtube.com/watch?v=apuopmevpdq,video
https://www.youtube.com/watch?v=aq10m474pzc,video
https://www.youtube.com/watch?v=aqvhzbmf660,video
https://www.youtube.com/watch?v=ar2wqotgve8,video
https://www.youtube.com/watch?v=aragme6bgbe,video
https://www.youtube.com/watch?v=arbrjgqviko,video
https://www.youtube.com/watch?v=asifxtgan_y,video
https://www.youtube.com/watch?v=aswwx5n_yiq,video
https://www.youtube.com/watch?v=asyhd4_p4o8,video
https://www.youtube.com/watch?v=at0f0oi3czk,video
https://www.youtube.com/watch?v=atcs2by-aca,video
https://www.youtube.com/watch?v=atvuj2-vp08,video
https://www.youtube.com/watch?v=auk0rrmsvuq,video
https://www.youtube.com/watch?v=auretceybds,video
https://www.youtube.com/watch?v=auro3r6og6a,video
https://www.youtube.com/watch?v=autq1xa37qk,video
https://www.youtube.com/watch?v=avixvxfr9ve,video
https://www.youtube.com/watch?v=aweohaobrwa,video
https://www.youtube.com/watch?v=awkeb6vnacm,video
https://www.youtube.com/watch?v=awowzl3su80,video
https://www.youtube.com/watch?v=awqrcznfs9k,video
https://www.youtube.com/watch?v=ax0p6u55fzi,video
https://www.youtube.com/watch?v=axvtfsitajy,video
https://www.youtube.com/watch?v=axzpjwzpemi,video
https://www.youtube.com/watch?v=aya_ezlykrk,video
https://www.youtube.com/watch?v=ayakfaw77t4,video
https://www.youtube.com/watch?v=ayir1e2blfe,video
https://www.youtube.com/watch?v=ayy_hxscxvo,video
https://www.youtube.com/watch?v=aztur1d3rdu,video
https://www.youtube.com/watch?v=b-2-vg5popq,video
https://www.youtube.com/watch?v=b0ouanmso1y,video
https://www.youtube.com/watch?v=b0qsbruiprc,video
https://www.youtube.com/watch?v=b0vlicohql0,video
https://www.youtube.com/watch?v=b0xhi4z08ko,video
https://www.youtube.com/watch?v=b1fknr4cb08,video
https://www.youtube.com/watch?v=b1kitwdn1vm,video
https://www.youtube.com/watch?v=b2_owd4f0ve,video
https://www.youtube.com/watch?v=b2hcasz6y4k,video
https://www.youtube.com/watch?v=b2rxwnaveps,video
https://www.youtube.com/watch?v=b4vlci_ol-0,video
https://www.youtube.com/watch?v=b6cbpwc1fi0,video
https://www.youtube.com/watch?v=b6tuwf3q2ms,video
https://www.youtube.com/watch?v=b7hhyfmrnci,video
https://www.youtube.com/watch?v=b88mfyawujq,video
https://www.youtube.com/watch?v=b8oa7dfrs_m,video
https://www.youtube.com/watch?v=b8vjhl-vtgk,video
https://www.youtube.com/watch?v=b950tovk0vs,video
https://www.youtube.com/watch?v=b_ttymvdwxk,video
https://www.youtube.com/watch?v=ba2_ta_u_38,video
https://www.youtube.com/watch?v=ba2nhn4co88,video
https://www.youtube.com/watch?v=ba7dmzqv-vg,video
https://www.youtube.com/watch?v=banflribozq,video
https://www.youtube.com/watch?v=basvlvrjqjy,video
https://www.youtube.com/watch?v=bbg_mdymi2c,video
https://www.youtube.com/watch?v=bbgktt1lrfa,video
https://www.youtube.com/watch?v=bbim0ohtpsg,video
https://www.youtube.com/watch?v=bcae5rvsuvy,video
https://www.youtube.com/watch?v=bcfj69npl3g,video
https://www.youtube.com/watch?v=bcmz-2opm5e,video
https://www.youtube.com/watch?v=bcrzx6c8rmg,video
https://www.youtube.com/watch?v=bctnpycqg1w,video
https://www.youtube.com/watch?v=bd83m510io0,video
https://www.youtube.com/watch?v=bde0khjrqzo,video
https://www.youtube.com/watch?v=bdr89vjil3u,video
https://www.youtube.com/watch?v=bebbpobfuck,video
https://www.youtube.com/watch?v=becxst4uzui,video
https://www.youtube.com/watch?v=bflzx_pgk8q,video
https://www.youtube.com/watch?v=bfnjlax-tfe,video
https://www.youtube.com/watch?v=bfr-wz38kmm,video
https://www.youtube.com/watch?v=bfual-ugpk8,video
https://www.youtube.com/watch?v=bfzip2erxca,video
https://www.youtube.com/watch?v=bfzkxiwdwi4,video
https://www.youtube.com/watch?v=bg1pfz4d0t4,video
https://www.youtube.com/watch?v=bgilxck7-6s,video
https://www.youtube.com/watch?v=bgu6is9ijum,video
https://www.youtube.com/watch?v=bicof4ieabk,video
https://www.youtube.com/watch?v=bivwgczxick,video
https://www.youtube.com/watch?v=bjgeo2fydfm,video
https://www.youtube.com/watch?v=bjq8oofr9gm,video
https://www.youtube.com/watch?v=bkkaklqfpt8,video
https://www.youtube.com/watch?v=bkne-c3yree,video
https://www.youtube.com/watch?v=bkr7ws8i9d8,video
https://www.youtube.com/watch?v=bks4wyjlsce,video
https://www.youtube.com/watch?v=bkypgkhfmv8,video
https://www.youtube.com/watch?v=bl8kahkpjgw,video
https://www.youtube.com/watch?v=bljh3dss6qe,video
https://www.youtube.com/watch?v=blzi_jam578,video
https://www.youtube.com/watch?v=bmmgvfnmwqo,video
https://www.youtube.com/watch?v=bmx95eosx-o,video
https://www.youtube.com/watch?v=bn9kzgqbiwq,video
https://www.youtube.com/watch?v=bneu4hyujjy,video
https://www.youtube.com/watch?v=boanv7uuthu,video
https://www.youtube.com/watch?v=bolrleyhsdw,video
https://www.youtube.com/watch?v=bp4aylwna6q,video
https://www.youtube.com/watch?v=bpblqpgfjco,video
https://www.youtube.com/watch?v=bpiawuhuyqg,video
https://www.youtube.com/watch?v=bq96ztt9eiq,video
https://www.youtube.com/watch?v=bqpnx33s8vu,video
https://www.youtube.com/watch?v=bqqqnn2uzv4,video
https://www.youtube.com/watch?v=br-3mhvozda,video
https://www.youtube.com/watch?v=br-4sogslrg,video
https://www.youtube.com/watch?v=brxhg_kyl8c,video
https://www.youtube.com/watch?v=bsn56gnx7ac,video
https://www.youtube.com/watch?v=bssrbvg3tb0,video
https://www.youtube.com/watch?v=btecp52ejim,video
https://www.youtube.com/watch?v=bttjzlmiv-k,video
https://www.youtube.com/watch?v=bttp0bq9qaa,video
https://www.youtube.com/watch?v=bu7b2cqmvbe,video
https://www.youtube.com/watch?v=buh2ezzjzru,video
https://www.youtube.com/watch?v=bulw2otk854,video
https://www.youtube.com/watch?v=buqnz6y-dgi,video
https://www.youtube.com/watch?v=bv826pwqf58,video
https://www.youtube.com/watch?v=bvbcoq2f3gg,video
https://www.youtube.com/watch?v=bvgzhvbzlqs,video
https://www.youtube.com/watch?v=bvxetaf7xb0,video
https://www.youtube.com/watch?v=bw_-xzbbub8,video
https://www.youtube.com/watch?v=bwaai3ugmzg,video
https://www.youtube.com/watch?v=bx3wwu0zy-a,video
https://www.youtube.com/watch?v=bzqxagfuuhg,video
https://www.youtube.com/watch?v=c-dulucijme,video
https://www.youtube.com/watch?v=c0mbvoeyhyk,video
https://www.youtube.com/watch?v=c0z9bkuvfde,video
https://www.youtube.com/watch?v=c2q4mqgepsg,video
https://www.youtube.com/watch?v=c2ua0zf6xve,video
https://www.youtube.com/watch?v=c3drnfwoy0s,video
https://www.youtube.com/watch?v=c3pwffwwofy,video
https://www.youtube.com/watch?v=c4bgnvtwik0,video
https://www.youtube.com/watch?v=c4wxw2jocrg,video
https://www.youtube.com/watch?v=c5j3rdnlzn4,video
https://www.youtube.com/watch?v=c6jbh4qjxte,video
https://www.youtube.com/watch?v=c6ofz3sdlv0,video
https://www.youtube.com/watch?v=c9w5whkcz3m,video
https://www.youtube.com/watch?v=c9wavhvi8gy,video
https://www.youtube.com/watch?v=c_8h9ydcnpe,video
https://www.youtube.com/watch?v=c_qz9vqoegs,video
https://www.youtube.com/watch?v=c_r2y2p1sji,video
https://www.youtube.com/watch?v=c_y-mc6q0c8,video
https://www.youtube.com/watch?v=caklknn3epa,video
https://www.youtube.com/watch?v=carjr8102zc,video
https://www.youtube.com/watch?v=cax13gxtkow,video
https://www.youtube.com/watch?v=cb6plvr1hje,video
https://www.youtube.com/watch?v=cbhq-9nmbjq,video
https://www.youtube.com/watch?v=cd1hsrytkn0,video
https://www.youtube.com/watch?v=cdbuqjxudqw,video
https://www.youtube.com/watch?v=ce8gfz35k2g,video
https://www.youtube.com/watch?v=ceguybdglv0,video
https://www.youtube.com/watch?v=cewb3xq_nhw,video
https://www.youtube.com/watch?v=cezkidw0rqm,video
https://www.youtube.com/watch?v=cg14ltxqe-o,video
https://www.youtube.com/watch?v=cg7gzgp_1te,video
https://www.youtube.com/watch?v=cghgl29yegi,video
https://www.youtube.com/watch?v=cgm06p_6lr0,video
https://www.youtube.com/watch?v=chhizn5vp3o,video
https://www.youtube.com/watch?v=chxoe4ck_zk,video
https://www.youtube.com/watch?v=ci4-db1egci,video
https://www.youtube.com/watch?v=ci9g0xgwxa4,video
https://www.youtube.com/watch?v=cihsdssmx_s,video
https://www.youtube.com/watch?v=cila47prctw,video
https://www.youtube.com/watch?v=cj9uakadu0g,video
https://www.youtube.com/watch?v=cjhc7kkpdtc,video
https://www.youtube.com/watch?v=cjjjetljkwu,video
https://www.youtube.com/watch?v=cjpru_0jt74,video
https://www.youtube.com/watch?v=cjss_li4pfc,video
https://www.youtube.com/watch?v=ckgblgaelke,video
https://www.youtube.com/watch?v=ckm-hb6mkpe,video
https://www.youtube.com/watch?v=clj3tfgyanm,video
https://www.youtube.com/watch?v=clqkydyfqre,video
https://www.youtube.com/watch?v=clt6aitrtwi,video
https://www.youtube.com/watch?v=cmmqe4vyi_o,video
https://www.youtube.com/watch?v=cmpjnn708hm,video
https://www.youtube.com/watch?v=cmtucurgh7q,video
https://www.youtube.com/watch?v=cnvmr_v7fhs,video
https://www.youtube.com/watch?v=co4gtg3dt-y,video
https://www.youtube.com/watch?v=codblefs2qc,video
https://www.youtube.com/watch?v=cowtbel1rrc,video
https://www.youtube.com/watch?v=cp1bz0vjbzq,video
https://www.youtube.com/watch?v=cq6gx47llok,video
https://www.youtube.com/watch?v=cqu6bolq2ka,video
https://www.youtube.com/watch?v=cr6dmupbxhm,video
https://www.youtube.com/watch?v=crbkyq_hfog,video
https://www.youtube.com/watch?v=crtvrtsley4,video
https://www.youtube.com/watch?v=csabhvfbqpk,video
https://www.youtube.com/watch?v=cstb9m6mg3q,video
https://www.youtube.com/watch?v=ctb-gnb2njg,video
https://www.youtube.com/watch?v=cu5hhn-qe6s,video
https://www.youtube.com/watch?v=cua9zcx27io,video
https://www.youtube.com/watch?v=cutk7ahrkkq,video
https://www.youtube.com/watch?v=cuxtpcrlbfg,video
https://www.youtube.com/watch?v=cvafpj0qpve,video
https://www.youtube.com/watch?v=cvi7zqf_as8,video
https://www.youtube.com/watch?v=cvkiyjlmh8k,video
https://www.youtube.com/watch?v=cvw4ih2dbf4,video
https://www.youtube.com/watch?v=cwlb22mqamc,video
https://www.youtube.com/watch?v=cwmxl3ibvqw,video
https://www.youtube.com/watch?v=cwzgcvcejui,video
https://www.youtube.com/watch?v=cxltvmpreie,video
https://www.youtube.com/watch?v=cxpnexiktzw,video
https://www.youtube.com/watch?v=cxuy2yunzxq,video
https://www.youtube.com/watch?v=cxwoijziigk,video
https://www.youtube.com/watch?v=cy3y8bcazla,video
https://www.youtube.com/watch?v=cyr5-1pkbyu,video
https://www.youtube.com/watch?v=cza9vkvzzwg,video
https://www.youtube.com/watch?v=czhwha84vhe,video
https://www.youtube.com/watch?v=czjhitaumb4,video
https://www.youtube.com/watch?v=d-j4b2eeb5k,video
https://www.youtube.com/watch?v=d-u96g8l4he,video
https://www.youtube.com/watch?v=d0y9k1-nfvq,video
https://www.youtube.com/watch?v=d1ao6gm5o6a,video
https://www.youtube.com/watch?v=d2cpxf1ctde,video
https://www.youtube.com/watch?v=d2e9vljg_co,video
https://www.youtube.com/watch?v=d2kkftfjohk,video
https://www.youtube.com/watch?v=d3cbpyhc8hk,video
https://www.youtube.com/watch?v=d4esvdc5_gk,video
https://www.youtube.com/watch?v=d4tbi01j12s,video
https://www.youtube.com/watch?v=d59nawmdolk,video
https://www.youtube.com/watch?v=d5bqh8gsgfq,video
https://www.youtube.com/watch?v=d5lk-pqiasw,video
https://www.youtube.com/watch?v=d5msvhggipi,video
https://www.youtube.com/watch?v=d68atrykkcq,video
https://www.youtube.com/watch?v=d97nobced2s,video
https://www.youtube.com/watch?v=d9kpptl6_d8,video
https://www.youtube.com/watch?v=d_ephzzxci0,video
https://www.youtube.com/watch?v=d_mtgbewijm,video
https://www.youtube.com/watch?v=da-nhctrrve,video
https://www.youtube.com/watch?v=dbkndzubhvs,video
https://www.youtube.com/watch?v=dbkoonhwvhm,video
https://www.youtube.com/watch?v=dbni_ll1xpc,video
https://www.youtube.com/watch?v=dbsgpc7tazm,video
https://www.youtube.com/watch?v=dbwowoderag,video
https://www.youtube.com/watch?v=dcernrqojuq,video
https://www.youtube.com/watch?v=dckp98-21eo,video
https://www.youtube.com/watch?v=dclt2vtnglm,video
https://www.youtube.com/watch?v=dczfvxis-fy,video
https://www.youtube.com/watch?v=det8gvzr-f8,video
https://www.youtube.com/watch?v=df1ueq3i81a,video
https://www.youtube.com/watch?v=df9uhpbb5z8,video
https://www.youtube.com/watch?v=dfe5r5u3-vc,video
https://www.youtube.com/watch?v=dfitzhjk9l4,video
https://www.youtube.com/watch?v=dftawqst0hw,video
https://www.youtube.com/watch?v=dg-imzibr1c,video
https://www.youtube.com/watch?v=dgq_sph85sk,video
https://www.youtube.com/watch?v=dgxuligkudk,video
https://www.youtube.com/watch?v=dh43clqqu6k,video
https://www.youtube.com/watch?v=di1cftkjqbe,video
https://www.youtube.com/watch?v=dinyds5orpm,video
https://www.youtube.com/watch?v=dip5r25efrq,video
https://www.youtube.com/watch?v=diucwli-woi,video
https://www.youtube.com/watch?v=djo_usshano,video
https://www.youtube.com/watch?v=djpvbjw4atw,video
https://www.youtube.com/watch?v=djuevlpppgk,video
https://www.youtube.com/watch?v=dk4qhnqarus,video
https://www.youtube.com/watch?v=dk_phyizmhy,video
https://www.youtube.com/watch?v=dkcymztgfrq,video
https://www.youtube.com/watch?v=dkfjnyc8k1y,video
https://www.youtube.com/watch?v=dkle9ugnvmq,video
https://www.youtube.com/watch?v=dl95_pntqo8,video
https://www.youtube.com/watch?v=dlcvrtpovle,video
https://www.youtube.com/watch?v=dlfztsgobea,video
https://www.youtube.com/watch?v=dmh5bncjh7a,video
https://www.youtube.com/watch?v=dn-1nyjsk_w,video
https://www.youtube.com/watch?v=dnfkrzsy-tw,video
https://www.youtube.com/watch?v=dolsevnri-4,video
https://www.youtube.com/watch?v=doqzgyc92gq,video
https://www.youtube.com/watch?v=dp5imewmdvg,video
https://www.youtube.com/watch?v=dpp24vofqzc,video
https://www.youtube.com/watch?v=dpua8ls13kg,video
https://www.youtube.com/watch?v=dqsm4pwxgzy,video
https://www.youtube.com/watch?v=dr-nolletpq,video
https://www.youtube.com/watch?v=dr6cqlgtvbe,video
https://www.youtube.com/watch?v=drrfzdu9m2w,video
https://www.youtube.com/watch?v=drtf1h2caxw,video
https://www.youtube.com/watch?v=drvyl_tatki,video
https://www.youtube.com/watch?v=ds1nt2fzekw,video
https://www.youtube.com/watch?v=ds6nw3sjwfe,video
https://www.youtube.com/watch?v=dsjokf0dylq,video
https://www.youtube.com/watch?v=dsndnsbbsca,video
https://www.youtube.com/watch?v=dso4_qjyx8c,video
https://www.youtube.com/watch?v=dsoupug4heo,video
https://www.youtube.com/watch?v=dt2swctfeow,video
https://www.youtube.com/watch?v=dteti_vsbmc,video
https://www.youtube.com/watch?v=dtogenigjbg,video
https://www.youtube.com/watch?v=dtytvjou4lu,video
https://www.youtube.com/watch?v=du03frihzne,video
https://www.youtube.com/watch?v=dua6qelm4aw,video
https://www.youtube.com/watch?v=ducr0_lol_m,video
https://www.youtube.com/watch?v=duqwtnuakf0,video
https://www.youtube.com/watch?v=dw1vn6cbtre,video
https://www.youtube.com/watch?v=dw4gzrbx_uc,video
https://www.youtube.com/watch?v=dwgo3lxklpo,video
https://www.youtube.com/watch?v=dwukauhi4oc,video
https://www.youtube.com/watch?v=dx3tiwyczeg,video
https://www.youtube.com/watch?v=dxkyp-ef988,video
https://www.youtube.com/watch?v=dxu_km2wowo,video
https://www.youtube.com/watch?v=dxxq45h4f3c,video
https://www.youtube.com/watch?v=dxycycke56m,video
https://www.youtube.com/watch?v=dy1tpw8nqko,video
https://www.youtube.com/watch?v=dy5kqy1fqra,video
https://www.youtube.com/watch?v=dyeqndkxid8,video
https://www.youtube.com/watch?v=dyo8nniqxhu,video
https://www.youtube.com/watch?v=dyr4f4t66ho,video
https://www.youtube.com/watch?v=dyrwfy23txg,video
https://www.youtube.com/watch?v=dz3tsnaqzee,video
https://www.youtube.com/watch?v=dzbhu51q_40,video
https://www.youtube.com/watch?v=dzlfuw_g93a,video
https://www.youtube.com/watch?v=dzw1mivtlkq,video
https://www.youtube.com/watch?v=dzxwcg4jriu,video
https://www.youtube.com/watch?v=e-kekjueciw,video
https://www.youtube.com/watch?v=e0etw6yxkb8,video
https://www.youtube.com/watch?v=e0mugfxlcx0,video
https://www.youtube.com/watch?v=e0wx66keqfy,video
https://www.youtube.com/watch?v=e15jvkb_yee,video
https://www.youtube.com/watch?v=e2nmtn6rysy,video
https://www.youtube.com/watch?v=e2pp1mofo3g,video
https://www.youtube.com/watch?v=e2tyw6pew6i,video
https://www.youtube.com/watch?v=e2wmfhrg2hc,video
https://www.youtube.com/watch?v=e3aomqu6yhc,video
https://www.youtube.com/watch?v=e3rysukydf4,video
https://www.youtube.com/watch?v=e53msyhr7fq,video
https://www.youtube.com/watch?v=e5xzg9oant4,video
https://www.youtube.com/watch?v=e6-9ct7zj9a,video
https://www.youtube.com/watch?v=e6x2nbk-ciy,video
https://www.youtube.com/watch?v=e7vkghm3wye,video
https://www.youtube.com/watch?v=e7znq0vhx9m,video
https://www.youtube.com/watch?v=e89sm7xcioe,video
https://www.youtube.com/watch?v=e8ymbhjj2qs,video
https://www.youtube.com/watch?v=e_ggqvsjsmg,video
https://www.youtube.com/watch?v=ea0crud3z-m,video
https://www.youtube.com/watch?v=ead0pzpjmjq,video
https://www.youtube.com/watch?v=eayuvrlvvr0,video
https://www.youtube.com/watch?v=eb8wsjr1lei,video
https://www.youtube.com/watch?v=ebbrkfyfz-s,video
https://www.youtube.com/watch?v=ebe4joglrm8,video
https://www.youtube.com/watch?v=ebvc67di514,video
https://www.youtube.com/watch?v=ec9nqdwijqi,video
https://www.youtube.com/watch?v=edeez0hfbao,video
https://www.youtube.com/watch?v=eeh9dx2bt_i,video
https://www.youtube.com/watch?v=eelecjejz0a,video
https://www.youtube.com/watch?v=eeufxz6ed94,video
https://www.youtube.com/watch?v=efcq6hq2z84,video
https://www.youtube.com/watch?v=efocxshhsco&vl=en,video
https://www.youtube.com/watch?v=egbvvekxd2o,video
https://www.youtube.com/watch?v=egjs1xk3z9o,video
https://www.youtube.com/watch?v=egtihfahd_c,video
https://www.youtube.com/watch?v=ehl03fdf0kw,video
https://www.youtube.com/watch?v=ehlmgjtvzh8,video
https://www.youtube.com/watch?v=ehsb8i1ssta,video
https://www.youtube.com/watch?v=ehtzrib0owy,video
https://www.youtube.com/watch?v=ei-tmv4dlek,video
https://www.youtube.com/watch?v=ei6nq0boqba,video
https://www.youtube.com/watch?v=einzse2udko,video
https://www.youtube.com/watch?v=eivbvufzrbi,video
https://www.youtube.com/watch?v=ej6l9akl2yy,video
https://www.youtube.com/watch?v=ejhegytqe6o,video
https://www.youtube.com/watch?v=ejp4bzhhyfw,video
https://www.youtube.com/watch?v=ekdnilgmyxs,video
https://www.youtube.com/watch?v=elbmsk5gydc,video
https://www.youtube.com/watch?v=elcdqmvt8g4,video
https://www.youtube.com/watch?v=elknyiu24jw,video
https://www.youtube.com/watch?v=elzl7byv004,video
https://www.youtube.com/watch?v=em6ej7-mfcw,video
https://www.youtube.com/watch?v=emnlocbnd58,video
https://www.youtube.com/watch?v=enfcekzhvxs,video
https://www.youtube.com/watch?v=enrzd9hazk4,video
https://www.youtube.com/watch?v=ensy1uwrsj0,video
https://www.youtube.com/watch?v=eocto-pqpqo,video
https://www.youtube.com/watch?v=eoiun4fn6_a,video
https://www.youtube.com/watch?v=eolavjksjks,video
https://www.youtube.com/watch?v=eoxef-oy1hy,video
https://www.youtube.com/watch?v=epujl4kgqlk,video
https://www.youtube.com/watch?v=eq7grycgk8m,video
https://www.youtube.com/watch?v=eritoctyucq,video
https://www.youtube.com/watch?v=es_qe-r7zbe,video
https://www.youtube.com/watch?v=escv8ore8vu,video
https://www.youtube.com/watch?v=esebseeejom,video
https://www.youtube.com/watch?v=et4xtx7yods,video
https://www.youtube.com/watch?v=etcntjnxgzy,video
https://www.youtube.com/watch?v=eth_p9sh2t8,video
https://www.youtube.com/watch?v=ett0cr2jrni,video
https://www.youtube.com/watch?v=evg5bnirhya,video
https://www.youtube.com/watch?v=evrqv-hnri0,video
https://www.youtube.com/watch?v=ew6ibdtij1c,video
https://www.youtube.com/watch?v=ewpbnfc23a0,video
https://www.youtube.com/watch?v=exenj8_4v7q,video
https://www.youtube.com/watch?v=eya9ld4lzyy,video
https://www.youtube.com/watch?v=eye42fzkens,video
https://www.youtube.com/watch?v=eyobid1hrvq,video
https://www.youtube.com/watch?v=eysw07cd1ls,video
https://www.youtube.com/watch?v=ez9k_c9xybc,video
https://www.youtube.com/watch?v=f01wqqxhzys,video
https://www.youtube.com/watch?v=f04jvmmk_6y,video
https://www.youtube.com/watch?v=f25ln0bofl0,video
https://www.youtube.com/watch?v=f2alrv4tpfw,video
https://www.youtube.com/watch?v=f2bjfdvdvxg,video
https://www.youtube.com/watch?v=f3idjrfzjvs,video
https://www.youtube.com/watch?v=f3qbmbfzm-o,video
https://www.youtube.com/watch?v=f5cngm3wizm,video
https://www.youtube.com/watch?v=f6gu5fe_cqe,video
https://www.youtube.com/watch?v=f6vclz0-f8o,video
https://www.youtube.com/watch?v=f7y13nfza8e,video
https://www.youtube.com/watch?v=f8rxdrpyxxm,video
https://www.youtube.com/watch?v=f9twuyfagg8,video
https://www.youtube.com/watch?v=f_-ywi2ykl4,video
https://www.youtube.com/watch?v=f_a6o9fufzc,video
https://www.youtube.com/watch?v=fa0p8fr676i,video
https://www.youtube.com/watch?v=fat4n8obves,video
https://www.youtube.com/watch?v=faugdtocors,video
https://www.youtube.com/watch?v=fbeb6-dtsei,video
https://www.youtube.com/watch?v=fbidjd0x7cu,video
https://www.youtube.com/watch?v=fc-7tjwymza,video
https://www.youtube.com/watch?v=fc2bpcwuh3s,video
https://www.youtube.com/watch?v=fcekbdtt3so,video
https://www.youtube.com/watch?v=fcpa3b_nz2i,video
https://www.youtube.com/watch?v=fcqq5kevrvi,video
https://www.youtube.com/watch?v=fcrawefve-i,video
https://www.youtube.com/watch?v=fctpnahzwmy,video
https://www.youtube.com/watch?v=fcv3byc9i-0,video
https://www.youtube.com/watch?v=fcxrzfdnqka,video
https://www.youtube.com/watch?v=fdjr6afecao,video
https://www.youtube.com/watch?v=fdkyryscusy,video
https://www.youtube.com/watch?v=fdoiywklxyo,video
https://www.youtube.com/watch?v=fe85vi5ifde,video
https://www.youtube.com/watch?v=feai76znghc,video
https://www.youtube.com/watch?v=fezmycscmuu,video
https://www.youtube.com/watch?v=ffbtw_x_xc4,video
https://www.youtube.com/watch?v=fgfn03tcxja,video
https://www.youtube.com/watch?v=fh36aqss5ea,video
https://www.youtube.com/watch?v=fhaabh7cpx0,video
https://www.youtube.com/watch?v=fhff2gfve8s,video
https://www.youtube.com/watch?v=fhvzkoakdos,video
https://www.youtube.com/watch?v=fi01jxxizpw,video
https://www.youtube.com/watch?v=fiaqkhwmhr0,video
https://www.youtube.com/watch?v=filfqocwlvy,video
https://www.youtube.com/watch?v=fjtdrwjpcec,video
https://www.youtube.com/watch?v=fk-ifv5_rdo,video
https://www.youtube.com/watch?v=fk-wonjc3bk,video
https://www.youtube.com/watch?v=fkgcmhrnmt4,video
https://www.youtube.com/watch?v=fkvzfgegalq,video
https://www.youtube.com/watch?v=fkyft6w1rqa,video
https://www.youtube.com/watch?v=fle5kj4kkqw,video
https://www.youtube.com/watch?v=floamyxqwdy,video
https://www.youtube.com/watch?v=flokmybmmrg,video
https://www.youtube.com/watch?v=flta3icthyo,video
https://www.youtube.com/watch?v=flwac_pg8ls,video
https://www.youtube.com/watch?v=fn-qnci80mc,video
https://www.youtube.com/watch?v=fnon3tkb7gm,video
https://www.youtube.com/watch?v=fpksygbnlt4,video
https://www.youtube.com/watch?v=fpwfzrgeo3o,video
https://www.youtube.com/watch?v=fq35kcqchj0,video
https://www.youtube.com/watch?v=fq9a1tx1fyu,video
https://www.youtube.com/watch?v=fqfni6ru-ga,video
https://www.youtube.com/watch?v=fqpnudbvplc,video
https://www.youtube.com/watch?v=fr5t_h-wkis,video
https://www.youtube.com/watch?v=frauiteuue0,video
https://www.youtube.com/watch?v=fspnzr9jfe4,video
https://www.youtube.com/watch?v=ftoaysozh1o,video
https://www.youtube.com/watch?v=ftrxvxbkjus,video
https://www.youtube.com/watch?v=fujtl1dlb9m,video
https://www.youtube.com/watch?v=fvckikvbmju,video
https://www.youtube.com/watch?v=fvm8g18jhqo,video
https://www.youtube.com/watch?v=fvognd8yz24,video
https://www.youtube.com/watch?v=fvsbxwl5258,video
https://www.youtube.com/watch?v=fvtpoeosm3a,video
https://www.youtube.com/watch?v=fvvdaxja1tm,video
https://www.youtube.com/watch?v=fvzxb2kmwa0,video
https://www.youtube.com/watch?v=fw-r_tyukmo,video
https://www.youtube.com/watch?v=fwevgk7sqpw,video
https://www.youtube.com/watch?v=fwkw6xdehwq,video
https://www.youtube.com/watch?v=fwqr2_eos2q,video
https://www.youtube.com/watch?v=fwr5tzxjvou,video
https://www.youtube.com/watch?v=fwta3sb9tii,video
https://www.youtube.com/watch?v=fxbfenae5p4,video
https://www.youtube.com/watch?v=fypvph-goz4,video
https://www.youtube.com/watch?v=fyv8wuwnyg0,video
https://www.youtube.com/watch?v=fzalmjo-9lo,video
https://www.youtube.com/watch?v=g01iepxugga,video
https://www.youtube.com/watch?v=g0vsxxmczc4,video
https://www.youtube.com/watch?v=g1__kto0oym,video
https://www.youtube.com/watch?v=g1szppv2fra,video
https://www.youtube.com/watch?v=g2gbdydn-rk,video
https://www.youtube.com/watch?v=g3lru2aupqc,video
https://www.youtube.com/watch?v=g3yhotwsgy4,video
https://www.youtube.com/watch?v=g4azyjaufli,video
https://www.youtube.com/watch?v=g4xxg83a_ee,video
https://www.youtube.com/watch?v=g5blyvza6pw,video
https://www.youtube.com/watch?v=g5eiile4ypg,video
https://www.youtube.com/watch?v=g5tyr2jhe9q,video
https://www.youtube.com/watch?v=g7ocorr4tje,video
https://www.youtube.com/watch?v=g7qf5s18yu8,video
https://www.youtube.com/watch?v=g8665leg2tw,video
https://www.youtube.com/watch?v=g9c3zkwlzg4,video
https://www.youtube.com/watch?v=gadjzd1ljew,video
https://www.youtube.com/watch?v=gasigvseicc,video
https://www.youtube.com/watch?v=gaz4kocibmo,video
https://www.youtube.com/watch?v=gbhdai5uq7q,video
https://www.youtube.com/watch?v=gcwastrv-o4,video
https://www.youtube.com/watch?v=gd--n0xxo6q,video
https://www.youtube.com/watch?v=gd7ae5cop50,video
https://www.youtube.com/watch?v=gdimv4nd3sq,video
https://www.youtube.com/watch?v=gdjvkpv6_0i,video
https://www.youtube.com/watch?v=gdno0n5dhv4,video
https://www.youtube.com/watch?v=gefb-bqnlwy,video
https://www.youtube.com/watch?v=geoe7pfcoig,video
https://www.youtube.com/watch?v=geqjp6gwjdw,video
https://www.youtube.com/watch?v=gf43d9wxbus,video
https://www.youtube.com/watch?v=gf826ymguv4,video
https://www.youtube.com/watch?v=gfku1h6pxh0,video
https://www.youtube.com/watch?v=gfuradep5ki,video
https://www.youtube.com/watch?v=ggffpvu7b7w,video
https://www.youtube.com/watch?v=ggkb4xpwlhy,video
https://www.youtube.com/watch?v=gguj6ulzrl8,video
https://www.youtube.com/watch?v=gh7wecls4cm,video
https://www.youtube.com/watch?v=ghqvjstdjza,video
https://www.youtube.com/watch?v=gic46qydwbg,video
https://www.youtube.com/watch?v=gielzdhbpza,video
https://www.youtube.com/watch?v=gipoa_-iwwk,video
https://www.youtube.com/watch?v=gjylrgsi2pg,video
https://www.youtube.com/watch?v=gkbwkdv6aw0,video
https://www.youtube.com/watch?v=glimliimkqk,video
https://www.youtube.com/watch?v=glkbbxcysii,video
https://www.youtube.com/watch?v=gm1rotarjhi,video
https://www.youtube.com/watch?v=gm5jabdbvtk,video
https://www.youtube.com/watch?v=gmeefi5iao8,video
https://www.youtube.com/watch?v=gmll3xeppqw,video
https://www.youtube.com/watch?v=gmuw_l-xnri,video
https://www.youtube.com/watch?v=gmvpxn2meks,video
https://www.youtube.com/watch?v=gmxxmwfosji,video
https://www.youtube.com/watch?v=gn7-yna46cu,video
https://www.youtube.com/watch?v=gnclb_1hydc,video
https://www.youtube.com/watch?v=gnjzapyren0,video
https://www.youtube.com/watch?v=go1jmosilxm,video
https://www.youtube.com/watch?v=gobm-obnaj4,video
https://www.youtube.com/watch?v=gpe4vh9ypni,video
https://www.youtube.com/watch?v=gq44wbav97a,video
https://www.youtube.com/watch?v=gqbpviieuqs,video
https://www.youtube.com/watch?v=gqjh7tnzk5c,video
https://www.youtube.com/watch?v=gqr3dlxo9eg,video
https://www.youtube.com/watch?v=gr3vdj3y7vm,video
https://www.youtube.com/watch?v=grdhi97hgum,video
https://www.youtube.com/watch?v=grdohl8on-k,video
https://www.youtube.com/watch?v=grdzospvcpy,video
https://www.youtube.com/watch?v=gs3b3_gisvo,video
https://www.youtube.com/watch?v=gs9i3rb2p7i,video
https://www.youtube.com/watch?v=gskf_heln0i,video
https://www.youtube.com/watch?v=gsmbdqe6qlu,video
https://www.youtube.com/watch?v=gsnzvaw1wg4,video
https://www.youtube.com/watch?v=gsobnh5u22o,video
https://www.youtube.com/watch?v=gt-c6wz2ddy,video
https://www.youtube.com/watch?v=gtcdsluur3q,video
https://www.youtube.com/watch?v=gtdopplgoco,video
https://www.youtube.com/watch?v=gubpnfsvkwg,video
https://www.youtube.com/watch?v=gv4mptlqrpc,video
https://www.youtube.com/watch?v=gvcgc8ykfb0,video
https://www.youtube.com/watch?v=gvcpaxwdca0,video
https://www.youtube.com/watch?v=gvntxkewyli,video
https://www.youtube.com/watch?v=gvpymbdl9ug,video
https://www.youtube.com/watch?v=gvvt1ahegxk,video
https://www.youtube.com/watch?v=gw5xwb5-6kc,video
https://www.youtube.com/watch?v=gwf7rbsehho,video
https://www.youtube.com/watch?v=gwg11pdzm-a,video
https://www.youtube.com/watch?v=gwmk6lizt6o,video
https://www.youtube.com/watch?v=gwqezqzf7wq,video
https://www.youtube.com/watch?v=gx0svzlkezi,video
https://www.youtube.com/watch?v=gxau8inm5oc,video
https://www.youtube.com/watch?v=gzfh6b50acq,video
https://www.youtube.com/watch?v=h178lcdndbi,video
https://www.youtube.com/watch?v=h20ohn7shyg,video
https://www.youtube.com/watch?v=h4rr_frtnqc,video
https://www.youtube.com/watch?v=h6twragcc-0,video
https://www.youtube.com/watch?v=h85y8z-si7a,video
https://www.youtube.com/watch?v=h9qhoaizw3e,video
https://www.youtube.com/watch?v=h_1evvkt_9w,video
https://www.youtube.com/watch?v=h_mh3t2p73y,video
https://www.youtube.com/watch?v=h_ug2lgnl1c,video
https://www.youtube.com/watch?v=hag4pg2o1jw,video
https://www.youtube.com/watch?v=hakbsaml84o,video
https://www.youtube.com/watch?v=hanw168huqa,video
https://www.youtube.com/watch?v=haujqxdirgg,video
https://www.youtube.com/watch?v=haxpgcdorb4,video
https://www.youtube.com/watch?v=hbbtsfjxwlw,video
https://www.youtube.com/watch?v=hbccykbx14u,video
https://www.youtube.com/watch?v=hbeocsk1wsq,video
https://www.youtube.com/watch?v=hcgssoavip4,video
https://www.youtube.com/watch?v=hcl_quyouik,video
https://www.youtube.com/watch?v=hd7fgpjdwms,video
https://www.youtube.com/watch?v=hecobj4hboc,video
https://www.youtube.com/watch?v=hejc0ude8ca,video
https://www.youtube.com/watch?v=hetyxagowmm,video
https://www.youtube.com/watch?v=heuharkl2by,video
https://www.youtube.com/watch?v=hevelplkjk4,video
https://www.youtube.com/watch?v=hfzhnayg8vq,video
https://www.youtube.com/watch?v=hfzkustxmqq,video
https://www.youtube.com/watch?v=hga0xafejv0,video
https://www.youtube.com/watch?v=hgco7v9ms3y,video
https://www.youtube.com/watch?v=hhjmr_yoqnu,video
https://www.youtube.com/watch?v=hht2e7wuagg,video
https://www.youtube.com/watch?v=hi147lp2lfg,video
https://www.youtube.com/watch?v=hinq4ilwew4,video
https://www.youtube.com/watch?v=hjctczrfxsy,video
https://www.youtube.com/watch?v=hjd0a2emxsw,video
https://www.youtube.com/watch?v=hjdaltg3tsu,video
https://www.youtube.com/watch?v=hjjyghsekyq,video
https://www.youtube.com/watch?v=hjp-ljukdos,video
https://www.youtube.com/watch?v=hjxafua43qm,video
https://www.youtube.com/watch?v=hkdez1925qy,video
https://www.youtube.com/watch?v=hkkocnkvdm0,video
https://www.youtube.com/watch?v=hktp8zqdzfy,video
https://www.youtube.com/watch?v=hkzm1z5ao4o,video
https://www.youtube.com/watch?v=hlbj1y1il1g,video
https://www.youtube.com/watch?v=hlipihvvixe,video
https://www.youtube.com/watch?v=hltiguuvzvq,video
https://www.youtube.com/watch?v=hnub4e3q0tc,video
https://www.youtube.com/watch?v=hnv_nj67vji,video
https://www.youtube.com/watch?v=hnzsyjvzrxa,video
https://www.youtube.com/watch?v=hoblxlxjppm,video
https://www.youtube.com/watch?v=hocpqxn_ote,video
https://www.youtube.com/watch?v=hojtcoxp8ls,video
https://www.youtube.com/watch?v=hoo_xyttyvo,video
https://www.youtube.com/watch?v=howktzq9ib4,video
https://www.youtube.com/watch?v=hp0lknwrjti,video
https://www.youtube.com/watch?v=hpijakc3ex0,video
https://www.youtube.com/watch?v=hpyjngk-tk8,video
https://www.youtube.com/watch?v=hqmjucxvtg8,video
https://www.youtube.com/watch?v=hqvxg0s2ni0,video
https://www.youtube.com/watch?v=hral5wcezie,video
https://www.youtube.com/watch?v=hrbxxkpeeuu,video
https://www.youtube.com/watch?v=hrcwnxpsfkq,video
https://www.youtube.com/watch?v=hrsfxnn2kok,video
https://www.youtube.com/watch?v=hru3shyho8w,video
https://www.youtube.com/watch?v=hsdjt00tp5m,video
https://www.youtube.com/watch?v=hseilzvxgj4,video
https://www.youtube.com/watch?v=hstgwu3m1fk,video
https://www.youtube.com/watch?v=hswknc_fynm,video
https://www.youtube.com/watch?v=ht5uowlbfuu,video
https://www.youtube.com/watch?v=hto2ftzy2wc,video
https://www.youtube.com/watch?v=htt1bj7s2-i,video
https://www.youtube.com/watch?v=httoa3wcfl4,video
https://www.youtube.com/watch?v=htvvapyucl8,video
https://www.youtube.com/watch?v=hue2se1eqte,video
https://www.youtube.com/watch?v=huerhbqudzs,video
https://www.youtube.com/watch?v=huw6karo8y4,video
https://www.youtube.com/watch?v=huy_vz3bani,video
https://www.youtube.com/watch?v=huyxmdy8vso,video
https://www.youtube.com/watch?v=hv3nyd8cim4,video
https://www.youtube.com/watch?v=hv4x6mfq1ea,video
https://www.youtube.com/watch?v=hv9k4tc9pyk,video
https://www.youtube.com/watch?v=hvplej3lhge,video
https://www.youtube.com/watch?v=hw2weubgvhw,video
https://www.youtube.com/watch?v=hwdcyb-e-im,video
https://www.youtube.com/watch?v=hwg8zgsijoi,video
https://www.youtube.com/watch?v=hwkwmwkjdzq,video
https://www.youtube.com/watch?v=hwm_vasawqs,video
https://www.youtube.com/watch?v=hwppunnlhju,video
https://www.youtube.com/watch?v=hxcmvyujlng,video
https://www.youtube.com/watch?v=hxga_5rbb2w,video
https://www.youtube.com/watch?v=hxjjg37x7te,video
https://www.youtube.com/watch?v=hxpquf1_bik,video
https://www.youtube.com/watch?v=hy4wcwbuxeq,video
https://www.youtube.com/watch?v=hybhyjnw-qq,video
https://www.youtube.com/watch?v=hyf7g7nr-ma,video
https://www.youtube.com/watch?v=hz84q76z3v4,video
https://www.youtube.com/watch?v=hzsmwya0pkq,video
https://www.youtube.com/watch?v=i2msxcccrlk,video
https://www.youtube.com/watch?v=i2wln_hbxqo,video
https://www.youtube.com/watch?v=i2y_nbsdte4,video
https://www.youtube.com/watch?v=i56cfrjwko0,video
https://www.youtube.com/watch?v=i5uqrtd48ta,video
https://www.youtube.com/watch?v=i65j7u6mmdw,video
https://www.youtube.com/watch?v=i6e10tzd_oo,video
https://www.youtube.com/watch?v=i742eul_o9o,video
https://www.youtube.com/watch?v=i7lubbnn0bi,video
https://www.youtube.com/watch?v=i7msqboel_q,video
https://www.youtube.com/watch?v=i7zj6srqiys,video
https://www.youtube.com/watch?v=i8ixujowxoq,video
https://www.youtube.com/watch?v=i8y3t6y5rta,video
https://www.youtube.com/watch?v=i9tf71fe0py,video
https://www.youtube.com/watch?v=i9uuwx-b_5a,video
https://www.youtube.com/watch?v=i_csjhipy7q,video
https://www.youtube.com/watch?v=i_gksi7tcgu,video
https://www.youtube.com/watch?v=i_qhri3yxxs,video
https://www.youtube.com/watch?v=ia0tcwrkf-e,video
https://www.youtube.com/watch?v=iagyukys0cg,video
https://www.youtube.com/watch?v=iaom8dxjg6q,video
https://www.youtube.com/watch?v=iavazblsuts,video
https://www.youtube.com/watch?v=iawd-fn7ac8,video
https://www.youtube.com/watch?v=ibbqjqu6gpg,video
https://www.youtube.com/watch?v=ibinfa32ane,video
https://www.youtube.com/watch?v=ibs7lciithg,video
https://www.youtube.com/watch?v=ibwz1f3lwvw,video
https://www.youtube.com/watch?v=icbnjyc4pa8,video
https://www.youtube.com/watch?v=idzfjmyztzu,video
https://www.youtube.com/watch?v=ie2wrraxdps,video
https://www.youtube.com/watch?v=iegeeplf4ou,video
https://www.youtube.com/watch?v=ies6roekyho,video
https://www.youtube.com/watch?v=iewqy3lzk0c,video
https://www.youtube.com/watch?v=iflcepmb3ie,video
https://www.youtube.com/watch?v=iftvwjnnx7o,video
https://www.youtube.com/watch?v=ifw2npzd128,video
https://www.youtube.com/watch?v=ig-aji9yyy8,video
https://www.youtube.com/watch?v=igtbnij9n10,video
https://www.youtube.com/watch?v=ihettasof7k,video
https://www.youtube.com/watch?v=ihjknvgmjsg,video
https://www.youtube.com/watch?v=ihjzdzcjdbs,video
https://www.youtube.com/watch?v=ii8sy24duvg,video
https://www.youtube.com/watch?v=iia1s6nvco4,video
https://www.youtube.com/watch?v=iirgga1f46c,video
https://www.youtube.com/watch?v=iitijrfotj8,video
https://www.youtube.com/watch?v=iiwwg-vsy-w,video
https://www.youtube.com/watch?v=iiyk1ih2wde,video
https://www.youtube.com/watch?v=ij8znsm8b2u,video
https://www.youtube.com/watch?v=ikiha2ggyda,video
https://www.youtube.com/watch?v=ikllf2a8ucu,video
https://www.youtube.com/watch?v=il2ggaa1quy,video
https://www.youtube.com/watch?v=imn3o7pn418,video
https://www.youtube.com/watch?v=imnyikkbluy,video
https://www.youtube.com/watch?v=impwnj44xio,video
https://www.youtube.com/watch?v=inaxajuupow,video
https://www.youtube.com/watch?v=inuekksmcgi,video
https://www.youtube.com/watch?v=io32jgm_fhg,video
https://www.youtube.com/watch?v=io7uwjosjew,video
https://www.youtube.com/watch?v=iobbcu7ofzc,video
https://www.youtube.com/watch?v=ioe0hysmpdi,video
https://www.youtube.com/watch?v=ioxdhnich0w,video
https://www.youtube.com/watch?v=ip8pbm5evyg,video
https://www.youtube.com/watch?v=ip9tz45xxj8,video
https://www.youtube.com/watch?v=ipyls7ykvam,video
https://www.youtube.com/watch?v=iqgduecnsyw,video
https://www.youtube.com/watch?v=irbk123a1r0,video
https://www.youtube.com/watch?v=irj8irofr40,video
https://www.youtube.com/watch?v=irqwd0rdrtw,video
https://www.youtube.com/watch?v=is7jwbztbcw,video
https://www.youtube.com/watch?v=is_spqvv5iy,video
https://www.youtube.com/watch?v=it2lrcv3-dq,video
https://www.youtube.com/watch?v=it91hikcfzk,video
https://www.youtube.com/watch?v=itbgex_n6me,video
https://www.youtube.com/watch?v=itffr4xukz8,video
https://www.youtube.com/watch?v=itjocarifxy,video
https://www.youtube.com/watch?v=itxcpfixtfg,video
https://www.youtube.com/watch?v=itzm-xg4c70,video
https://www.youtube.com/watch?v=iu7i1xmm7o8,video
https://www.youtube.com/watch?v=iupiqwqpodu,video
https://www.youtube.com/watch?v=ivezv5zfp2k,video
https://www.youtube.com/watch?v=ivnor6h_fn8,video
https://www.youtube.com/watch?v=iwe800sdsba,video
https://www.youtube.com/watch?v=iweu2dxhrdg&vl=en,video
https://www.youtube.com/watch?v=ixktaibzpro,video
https://www.youtube.com/watch?v=ixlgl3h8exc,video
https://www.youtube.com/watch?v=ixp-7pn_ijs,video
https://www.youtube.com/watch?v=ixqk2pkkzuo,video
https://www.youtube.com/watch?v=ixrhu5otsti,video
https://www.youtube.com/watch?v=iybils9zobc,video
https://www.youtube.com/watch?v=iykuyvscpmi,video
https://www.youtube.com/watch?v=ize0ekn4hdi,video
https://www.youtube.com/watch?v=izevdfkynio,video
https://www.youtube.com/watch?v=izzttysg7vk,video
https://www.youtube.com/watch?v=j-f_xq9nb0w,video
https://www.youtube.com/watch?v=j2z29d56478,video
https://www.youtube.com/watch?v=j3sw4yzqnlm,video
https://www.youtube.com/watch?v=j4y9i9tqps0,video
https://www.youtube.com/watch?v=j5t1yke1tgm,video
https://www.youtube.com/watch?v=j70us3jrbds,video
https://www.youtube.com/watch?v=j7ixt9fli2u,video
https://www.youtube.com/watch?v=j81ffhe2dly,video
https://www.youtube.com/watch?v=j9kcgwaub0y,video
https://www.youtube.com/watch?v=j9vtsf_ath8,video
https://www.youtube.com/watch?v=j_9pc-u_dum,video
https://www.youtube.com/watch?v=j_a8p5tkn6q,video
https://www.youtube.com/watch?v=jb8iedixogo,video
https://www.youtube.com/watch?v=jbdiez-hlnc,video
https://www.youtube.com/watch?v=jbjl6xzyj98,video
https://www.youtube.com/watch?v=jcave0ja1zu,video
https://www.youtube.com/watch?v=jdbg2ypb2kq,video
https://www.youtube.com/watch?v=jdlfvmwknk4,video
https://www.youtube.com/watch?v=jdpsd1suycy,video
https://www.youtube.com/watch?v=jeazp5fhsqs,video
https://www.youtube.com/watch?v=jebm3uthzz0,video
https://www.youtube.com/watch?v=jedeqhw-8ds,video
https://www.youtube.com/watch?v=jefwiv7key4,video
https://www.youtube.com/watch?v=jeoqy_tezjq,video
https://www.youtube.com/watch?v=jfjzvklo-5y,video
https://www.youtube.com/watch?v=jfnek3vuxcq,video
https://www.youtube.com/watch?v=jfuvddjjyuq,video
https://www.youtube.com/watch?v=jg7seop34xq,video
https://www.youtube.com/watch?v=jg8tkhlakl0,video
https://www.youtube.com/watch?v=jg8uywk_vqm,video
https://www.youtube.com/watch?v=jgrzmlgdkqq,video
https://www.youtube.com/watch?v=jgtsp2fnf54,video
https://www.youtube.com/watch?v=jgwj-_hizfg,video
https://www.youtube.com/watch?v=jh29rpojvhi,video
https://www.youtube.com/watch?v=jhh5m67dn3c,video
https://www.youtube.com/watch?v=jhilypcbkai,video
https://www.youtube.com/watch?v=jhk_y1fjgcq,video
https://www.youtube.com/watch?v=jhlyp3uvp2o,video
https://www.youtube.com/watch?v=jhozdw0enkc,video
https://www.youtube.com/watch?v=jhrciqoi3y4,video
https://www.youtube.com/watch?v=jhrvtlxhtpc,video
https://www.youtube.com/watch?v=jigdebigpgw,video
https://www.youtube.com/watch?v=jincqrx2de0,video
https://www.youtube.com/watch?v=jiquviv_gkm,video
https://www.youtube.com/watch?v=jjxbixbalfk,video
https://www.youtube.com/watch?v=jjycnse6aps,video
https://www.youtube.com/watch?v=jk139xjw4_k,video
https://www.youtube.com/watch?v=jkbkvldvm3g,video
https://www.youtube.com/watch?v=jkurwch1-kk,video
https://www.youtube.com/watch?v=jkwqpmr0xok,video
https://www.youtube.com/watch?v=jkx5q6nkrew,video
https://www.youtube.com/watch?v=jkydib2thzo,video
https://www.youtube.com/watch?v=jl24tw7gafi,video
https://www.youtube.com/watch?v=jlfhyhfeonw,video
https://www.youtube.com/watch?v=jlga1dqgxxk,video
https://www.youtube.com/watch?v=jllxbuwufjo,video
https://www.youtube.com/watch?v=jlpeuzp0bqe,video
https://www.youtube.com/watch?v=jltfoc0rmjg,video
https://www.youtube.com/watch?v=jn3shdroqvq,video
https://www.youtube.com/watch?v=jn8mn5qsfh0,video
https://www.youtube.com/watch?v=jntm_xheg2u,video
https://www.youtube.com/watch?v=jnussn6em-a,video
https://www.youtube.com/watch?v=jo3fddphpda,video
https://www.youtube.com/watch?v=jojqaeuurg4,video
https://www.youtube.com/watch?v=jouci379sqy,video
https://www.youtube.com/watch?v=jqggssbbr4s,video
https://www.youtube.com/watch?v=jqnzotarpps,video
https://www.youtube.com/watch?v=jr5avrknxvs,video
https://www.youtube.com/watch?v=jropkyscofa,video
https://www.youtube.com/watch?v=jtgn1v7sujk,video
https://www.youtube.com/watch?v=jtldv1uxybg,video
https://www.youtube.com/watch?v=jtlnjjr70gu,video
https://www.youtube.com/watch?v=jtqfabgj0eq,video
https://www.youtube.com/watch?v=jtsfnkbi1wc,video
https://www.youtube.com/watch?v=ju6fyy4f-58,video
https://www.youtube.com/watch?v=jumejmknwhw,video
https://www.youtube.com/watch?v=jvxa6ixg1hy,video
https://www.youtube.com/watch?v=jwdj5cv4pd0,video
https://www.youtube.com/watch?v=jwljxe3lpgi,video
https://www.youtube.com/watch?v=jxow7r0nwa8,video
https://www.youtube.com/watch?v=jxrxgmhkgwk,video
https://www.youtube.com/watch?v=jy5i-mb0veq,video
https://www.youtube.com/watch?v=jyakwttokrq,video
https://www.youtube.com/watch?v=jynnvbq9cas,video
https://www.youtube.com/watch?v=jyrs9_s4nl8,video
https://www.youtube.com/watch?v=jyvjpumd3fo,video
https://www.youtube.com/watch?v=jz6dzf9krno,video
https://www.youtube.com/watch?v=jz_art82kpc,video
https://www.youtube.com/watch?v=jzf_sun6g64,video
https://www.youtube.com/watch?v=jzgv78in6bk,video
https://www.youtube.com/watch?v=jzknzosaqpi,video
https://www.youtube.com/watch?v=jzrxcfmucca,video
https://www.youtube.com/watch?v=jzuy68b3wuy,video
https://www.youtube.com/watch?v=k-tr2zen6ca,video
https://www.youtube.com/watch?v=k0ufx4kbsos,video
https://www.youtube.com/watch?v=k25f9rprp9q,video
https://www.youtube.com/watch?v=k3_cxiudh0q,video
https://www.youtube.com/watch?v=k3uwgixo3dw,video
https://www.youtube.com/watch?v=k3whnnekbos,video
https://www.youtube.com/watch?v=k5ctcgnnmhs,video
https://www.youtube.com/watch?v=k7re48nzt-4,video
https://www.youtube.com/watch?v=k8f3ebhdozq,video
https://www.youtube.com/watch?v=k8kxoplt5hc,video
https://www.youtube.com/watch?v=k8nogkhouak,video
https://www.youtube.com/watch?v=k8vzlllrz_c,video
https://www.youtube.com/watch?v=k_j-d4fpv7s,video
https://www.youtube.com/watch?v=k_rlpr7o_ki,video
https://www.youtube.com/watch?v=ka5adelt43o,video
https://www.youtube.com/watch?v=kasbfbhwb_q,video
https://www.youtube.com/watch?v=kc80ve3rqhu,video
https://www.youtube.com/watch?v=kcejeawh0yw,video
https://www.youtube.com/watch?v=kd9pycs1ol4,video
https://www.youtube.com/watch?v=kdfmrhsvxfw,video
https://www.youtube.com/watch?v=kdlagttqx4s,video
https://www.youtube.com/watch?v=kdn2cppbve0,video
https://www.youtube.com/watch?v=kdxewqmqj0e,video
https://www.youtube.com/watch?v=keoaxsxct4w,video
https://www.youtube.com/watch?v=kf6bp7up0hg,video
https://www.youtube.com/watch?v=kfliql0aipe,video
https://www.youtube.com/watch?v=kfxjmzybbdw,video
https://www.youtube.com/watch?v=kgjw07qp-_i,video
https://www.youtube.com/watch?v=kgns9rl7w6a,video
https://www.youtube.com/watch?v=kh06qskb2we,video
https://www.youtube.com/watch?v=khbqj-vnxli,video
https://www.youtube.com/watch?v=khgiogzuhhg,video
https://www.youtube.com/watch?v=khkygqdklv4,video
https://www.youtube.com/watch?v=khpdj_e-e1u,video
https://www.youtube.com/watch?v=khxm36k3w_g,video
https://www.youtube.com/watch?v=ki53myc5b4q,video
https://www.youtube.com/watch?v=ki5ryicgts8,video
https://www.youtube.com/watch?v=kir1igxnqbw,video
https://www.youtube.com/watch?v=kjb7gfkk8g4,video
https://www.youtube.com/watch?v=kjcjgmoimhs,video
https://www.youtube.com/watch?v=kjly2sqoc00,video
https://www.youtube.com/watch?v=kjm3wpllbju,video
https://www.youtube.com/watch?v=kjoooli8rtu,video
https://www.youtube.com/watch?v=kk061vs7ryg,video
https://www.youtube.com/watch?v=kkmsssyeua8,video
https://www.youtube.com/watch?v=kku3fqsfvey,video
https://www.youtube.com/watch?v=kkwh0rl2uyq,video
https://www.youtube.com/watch?v=klbz1cjdgbi,video
https://www.youtube.com/watch?v=klci5auzfg0,video
https://www.youtube.com/watch?v=klh72r8kdda,video
https://www.youtube.com/watch?v=kls70fdy6tm,video
https://www.youtube.com/watch?v=klzuilc5yzu,video
https://www.youtube.com/watch?v=kmwec_hdcti,video
https://www.youtube.com/watch?v=kni85lrnm-s,video
https://www.youtube.com/watch?v=koocvq2_pfm,video
https://www.youtube.com/watch?v=kot_qrylqiq,video
https://www.youtube.com/watch?v=kp8uckkbmyy,video
https://www.youtube.com/watch?v=kp9enhmmksu,video
https://www.youtube.com/watch?v=kpi0argmlsw,video
https://www.youtube.com/watch?v=kqpae7ljklq,video
https://www.youtube.com/watch?v=kr2rkere7tg,video
https://www.youtube.com/watch?v=krrjwlg4knu,video
https://www.youtube.com/watch?v=krsointc_10,video
https://www.youtube.com/watch?v=ksvk8llbo2g,video
https://www.youtube.com/watch?v=ksyc4joqauw,video
https://www.youtube.com/watch?v=kszyd7kydec,video
https://www.youtube.com/watch?v=kt8o-u7-m18,video
https://www.youtube.com/watch?v=kthrjrqfdcy,video
https://www.youtube.com/watch?v=kuglnca3evc,video
https://www.youtube.com/watch?v=kukzq9edt-0,video
https://www.youtube.com/watch?v=kuzjyuk1oaw,video
https://www.youtube.com/watch?v=kv0sh96jjhw,video
https://www.youtube.com/watch?v=kvgpz4rffbg,video
https://www.youtube.com/watch?v=kvhzunxmafo,video
https://www.youtube.com/watch?v=kvqbi6opbre,video
https://www.youtube.com/watch?v=kwiwqj0ni40,video
https://www.youtube.com/watch?v=kwzhjl22fp8,video
https://www.youtube.com/watch?v=kwzxjeuovs0&vl=en,video
https://www.youtube.com/watch?v=kxmvvg6xb1w,video
https://www.youtube.com/watch?v=kxyig5oqtca,video
https://www.youtube.com/watch?v=ky5gkdfwt3k,video
https://www.youtube.com/watch?v=kyllftuta_a,video
https://www.youtube.com/watch?v=kynlmimmizy,video
https://www.youtube.com/watch?v=kz6ytv42j3c,video
https://www.youtube.com/watch?v=kzwebpr8aoi,video
https://www.youtube.com/watch?v=l09qap2qn4e,video
https://www.youtube.com/watch?v=l0sly9cyjgc,video
https://www.youtube.com/watch?v=l1badtj-7c4,video
https://www.youtube.com/watch?v=l2kzjkjbrj4,video
https://www.youtube.com/watch?v=l5ynqoema_a,video
https://www.youtube.com/watch?v=l6-ucw1nky4,video
https://www.youtube.com/watch?v=l6j8wtjoktk,video
https://www.youtube.com/watch?v=l7b_5e36nts,video
https://www.youtube.com/watch?v=l7bqemulxsk,video
https://www.youtube.com/watch?v=l7l_dbmdwdu,video
https://www.youtube.com/watch?v=l872bkj6tby,video
https://www.youtube.com/watch?v=l8wdrgrqwog,video
https://www.youtube.com/watch?v=l8ysng588ba,video
https://www.youtube.com/watch?v=l9hzdmmetp4,video
https://www.youtube.com/watch?v=l9kqaawqmny,video
https://www.youtube.com/watch?v=l_ycopmazto,video
https://www.youtube.com/watch?v=l_z4wwwwdnc,video
https://www.youtube.com/watch?v=lanqluhbuda,video
https://www.youtube.com/watch?v=lb5fp-3czdc,video
https://www.youtube.com/watch?v=lbe8kvjogls,video
https://www.youtube.com/watch?v=lbmfbzr43oi,video
https://www.youtube.com/watch?v=lbwbpifadbu,video
https://www.youtube.com/watch?v=lcltiqu-eq0,video
https://www.youtube.com/watch?v=ld085gf9kl4,video
https://www.youtube.com/watch?v=ld4lku8bqe0,video
https://www.youtube.com/watch?v=ldf1npwtmha,video
https://www.youtube.com/watch?v=ldrh3dqmpac,video
https://www.youtube.com/watch?v=lecn31o4hes,video
https://www.youtube.com/watch?v=leemewykizc,video
https://www.youtube.com/watch?v=lefg0d9wdzs,video
https://www.youtube.com/watch?v=lekbg-o9cp0,video
https://www.youtube.com/watch?v=lelschdjyea,video
https://www.youtube.com/watch?v=lf2ennraxp4,video
https://www.youtube.com/watch?v=lgbmqj_onmc,video
https://www.youtube.com/watch?v=lh2swqzfqiw,video
https://www.youtube.com/watch?v=lhoehwr_hec,video
https://www.youtube.com/watch?v=liaoqfs0g_k,video
https://www.youtube.com/watch?v=lidpqyavryk,video
https://www.youtube.com/watch?v=lilmhhhqffc,video
https://www.youtube.com/watch?v=lj-to9zjrcg,video
https://www.youtube.com/watch?v=ljntpec0rl8,video
https://www.youtube.com/watch?v=ljqhucwrdkk,video
https://www.youtube.com/watch?v=ljywuzzba2y,video
https://www.youtube.com/watch?v=llqbx9dtwms,video
https://www.youtube.com/watch?v=llw2mmxa19o,video
https://www.youtube.com/watch?v=lm-ppbsodu0,video
https://www.youtube.com/watch?v=lmamo8me0nk,video
https://www.youtube.com/watch?v=lmcqcknscxy,video
https://www.youtube.com/watch?v=lmcqjynp404,video
https://www.youtube.com/watch?v=lmnatg-7i8g,video
https://www.youtube.com/watch?v=ln6cmgujpto,video
https://www.youtube.com/watch?v=lo_lnsweksw,video
https://www.youtube.com/watch?v=loclourpk7y,video
https://www.youtube.com/watch?v=louazjw_0c0,video
https://www.youtube.com/watch?v=lox3xfky6ts,video
https://www.youtube.com/watch?v=loyk7mv4nxc,video
https://www.youtube.com/watch?v=lp0hynyggwk,video
https://www.youtube.com/watch?v=lpd_legl0tk,video
https://www.youtube.com/watch?v=lpn7vavqrg0,video
https://www.youtube.com/watch?v=lpxfmje-mja,video
https://www.youtube.com/watch?v=lrbrv3wk2x4,video
https://www.youtube.com/watch?v=lrlspqqf6o8,video
https://www.youtube.com/watch?v=lrmpls9bug0,video
https://www.youtube.com/watch?v=lrvsjcfaptk,video
https://www.youtube.com/watch?v=ls8tlnsqabk,video
https://www.youtube.com/watch?v=lsfea5m20j4,video
https://www.youtube.com/watch?v=lsikxgylc84,video
https://www.youtube.com/watch?v=lspkw7zfbu0,video
https://www.youtube.com/watch?v=lsuwcbcie_e,video
https://www.youtube.com/watch?v=ltibz9gsvom,video
https://www.youtube.com/watch?v=ltndtfk2nms,video
https://www.youtube.com/watch?v=ltrqfghec8w,video
https://www.youtube.com/watch?v=ltzjf1mwvqq,video
https://www.youtube.com/watch?v=lubrzkufbzu,video
https://www.youtube.com/watch?v=lur95s8bvlg,video
https://www.youtube.com/watch?v=lv4rksxkb7e,video
https://www.youtube.com/watch?v=lwf8crlozvi,video
https://www.youtube.com/watch?v=lwms0aus6ya,video
https://www.youtube.com/watch?v=lx2kqp-jnsq,video
https://www.youtube.com/watch?v=lxj9zwjpzra,video
https://www.youtube.com/watch?v=ly0kpscqebo,video
https://www.youtube.com/watch?v=ly5xwftjb9q,video
https://www.youtube.com/watch?v=lyj8wh2ityg,video
https://www.youtube.com/watch?v=lz5zapgxgd4,video
https://www.youtube.com/watch?v=lzak5waimfq,video
https://www.youtube.com/watch?v=lzrwzpw5zhs,video
https://www.youtube.com/watch?v=lzsyycjpngm,video
https://www.youtube.com/watch?v=lzwfkxfwcfi,video
https://www.youtube.com/watch?v=m0popnmdoqa,video
https://www.youtube.com/watch?v=m2tx9oiwsik,video
https://www.youtube.com/watch?v=m3_ogrf4zim,video
https://www.youtube.com/watch?v=m3ixkz95vjk,video
https://www.youtube.com/watch?v=m3sjafac7iw,video
https://www.youtube.com/watch?v=m4cj7dsz-y0,video
https://www.youtube.com/watch?v=m50upg7_yjg,video
https://www.youtube.com/watch?v=m5k8b2q1fxc,video
https://www.youtube.com/watch?v=m5rwoikvnsy,video
https://www.youtube.com/watch?v=m6nexkoknz0,video
https://www.youtube.com/watch?v=m6ul68aeddw,video
https://www.youtube.com/watch?v=m7un4viktvg,video
https://www.youtube.com/watch?v=m9ayjyyfw-g,video
https://www.youtube.com/watch?v=m9hvfwsbswy,video
https://www.youtube.com/watch?v=m_jnjxdefla,video
https://www.youtube.com/watch?v=ma8spakwg6c,video
https://www.youtube.com/watch?v=mafroo9da5m,video
https://www.youtube.com/watch?v=mb_gpqnbfpq,video
https://www.youtube.com/watch?v=mbmiqsy1rma,video
https://www.youtube.com/watch?v=mcae8eloudw,video
https://www.youtube.com/watch?v=mcvyc1fspe0,video
https://www.youtube.com/watch?v=md7oiq_wg0w,video
https://www.youtube.com/watch?v=mdx8fylsisu,video
https://www.youtube.com/watch?v=me69ul4-6bo,video
https://www.youtube.com/watch?v=mfim1c3ng1g,video
https://www.youtube.com/watch?v=mfno_p9inhi,video
https://www.youtube.com/watch?v=mfq6oeccfs4,video
https://www.youtube.com/watch?v=mfwbpbxuyhs,video
https://www.youtube.com/watch?v=mfwiwxrtyiy,video
https://www.youtube.com/watch?v=mglkmbwky-u,video
https://www.youtube.com/watch?v=mgql_rwafbq,video
https://www.youtube.com/watch?v=mgxxhpxb3tc,video
https://www.youtube.com/watch?v=mhycuffbhz4,video
https://www.youtube.com/watch?v=mjc4tfjj4d8,video
https://www.youtube.com/watch?v=mkezvfkfeig,video
https://www.youtube.com/watch?v=mlkoyvpv1xo,video
https://www.youtube.com/watch?v=mmhvefwnlmc,video
https://www.youtube.com/watch?v=mmkslngno74,video
https://www.youtube.com/watch?v=mmmfukibw-c,video
https://www.youtube.com/watch?v=mo2eefacigw,video
https://www.youtube.com/watch?v=mo7wtejo33q,video
https://www.youtube.com/watch?v=moosoyeicta,video
https://www.youtube.com/watch?v=mor_ffgi9wm,video
https://www.youtube.com/watch?v=mpanjddx6p4,video
https://www.youtube.com/watch?v=mq1ec6eajt0,video
https://www.youtube.com/watch?v=mq_fvum8gvy,video
https://www.youtube.com/watch?v=mqigj4xfy1c,video
https://www.youtube.com/watch?v=mrgq5mjge4m,video
https://www.youtube.com/watch?v=mrvi9vequx0,video
https://www.youtube.com/watch?v=mrx_odaj-xq,video
https://www.youtube.com/watch?v=ms08b6jvmec,video
https://www.youtube.com/watch?v=msfb6fcjjac,video
https://www.youtube.com/watch?v=msgvqbz_e1k,video
https://www.youtube.com/watch?v=msjc6lipou8,video
https://www.youtube.com/watch?v=msoejbpjuj0,video
https://www.youtube.com/watch?v=msq009xfja8,video
https://www.youtube.com/watch?v=msvlghxmize,video
https://www.youtube.com/watch?v=msykg10xqyc,video
https://www.youtube.com/watch?v=mt1ouvingwg,video
https://www.youtube.com/watch?v=mukrdxjtg18,video
https://www.youtube.com/watch?v=muzuss6bej0,video
https://www.youtube.com/watch?v=mvm7eatthwu,video
https://www.youtube.com/watch?v=mvmnwwvbfk0,video
https://www.youtube.com/watch?v=mwyclnliwoo,video
https://www.youtube.com/watch?v=mxt-xdpeq3w,video
https://www.youtube.com/watch?v=mxupmnk6au0,video
https://www.youtube.com/watch?v=mxyanhodjji,video
https://www.youtube.com/watch?v=my1wjb0cc_u,video
https://www.youtube.com/watch?v=mytkisn0yms,video
https://www.youtube.com/watch?v=mzkgh1y4loy,video
https://www.youtube.com/watch?v=n-jip2ztf8w,video
https://www.youtube.com/watch?v=n08r5bc9hew,video
https://www.youtube.com/watch?v=n0empwz6urw,video
https://www.youtube.com/watch?v=n0jrew9lqry,video
https://www.youtube.com/watch?v=n0ymwj770-y,video
https://www.youtube.com/watch?v=n0zbjd5ekmw,video
https://www.youtube.com/watch?v=n1ugl-e0dws,video
https://www.youtube.com/watch?v=n2szidqkh-w,video
https://www.youtube.com/watch?v=n3gn2n0g_-4,video
https://www.youtube.com/watch?v=n3hclboevro,video
https://www.youtube.com/watch?v=n3n5gmt5ivk,video
https://www.youtube.com/watch?v=n3zubb_n6ys,video
https://www.youtube.com/watch?v=n4hvbau7iik,video
https://www.youtube.com/watch?v=n4u5t3yywe4,video
https://www.youtube.com/watch?v=n52zcspvq90,video
https://www.youtube.com/watch?v=n5b9snbpule,video
https://www.youtube.com/watch?v=n6uwul4_pdi,video
https://www.youtube.com/watch?v=n6v6ytpszrk,video
https://www.youtube.com/watch?v=n7elinzscsm,video
https://www.youtube.com/watch?v=n8bghzc4ruq,video
https://www.youtube.com/watch?v=n91d561czv4,video
https://www.youtube.com/watch?v=n94ocu8btqi,video
https://www.youtube.com/watch?v=n9p34j_4rfe,video
https://www.youtube.com/watch?v=n_92ezsiafy,video
https://www.youtube.com/watch?v=n_msh6tx2w4,video
https://www.youtube.com/watch?v=n_yzqw6jgbm,video
https://www.youtube.com/watch?v=n_zrx_ywvjs,video
https://www.youtube.com/watch?v=na9t_ftsagq,video
https://www.youtube.com/watch?v=naa9yr8uhv4,video
https://www.youtube.com/watch?v=nabwrf8agqs,video
https://www.youtube.com/watch?v=naqwgibyzh0,video
https://www.youtube.com/watch?v=nbfjuu7bovc,video
https://www.youtube.com/watch?v=nc-okovg_wy,video
https://www.youtube.com/watch?v=ncng6ucpbt8,video
https://www.youtube.com/watch?v=nebn5jyw5te,video
https://www.youtube.com/watch?v=necczhnrrhs,video
https://www.youtube.com/watch?v=negvzric3vw,video
https://www.youtube.com/watch?v=negwopefnwo,video
https://www.youtube.com/watch?v=neluh5bhte4,video
https://www.youtube.com/watch?v=neo5hjmoaya,video
https://www.youtube.com/watch?v=ng5vxk-b3-g,video
https://www.youtube.com/watch?v=ngnachd-hbm,video
https://www.youtube.com/watch?v=nh4z4qojvfi,video
https://www.youtube.com/watch?v=nic84ezym-w,video
https://www.youtube.com/watch?v=nitgiyhgiwg,video
https://www.youtube.com/watch?v=njf-5btfadk,video
https://www.youtube.com/watch?v=njn9j3jb65k,video
https://www.youtube.com/watch?v=njq9_hqdjvq,video
https://www.youtube.com/watch?v=njqg62xhbj4,video
https://www.youtube.com/watch?v=njtiem8f57c,video
https://www.youtube.com/watch?v=njwbjfycbgu,video
https://www.youtube.com/watch?v=nk-_-jephmm,video
https://www.youtube.com/watch?v=nk8j3-keqvw,video
https://www.youtube.com/watch?v=nlheoetmygs,video
https://www.youtube.com/watch?v=nlpzdrc0il8,video
https://www.youtube.com/watch?v=nlvpryrenz4,video
https://www.youtube.com/watch?v=nmeoa-7uses,video
https://www.youtube.com/watch?v=nmyvhaumrss,video
https://www.youtube.com/watch?v=nn4yh-ccsdk,video
https://www.youtube.com/watch?v=nn_xjwnimlm,video
https://www.youtube.com/watch?v=nnlfqbqdvwc,video
https://www.youtube.com/watch?v=no6fu5zsxko,video
https://www.youtube.com/watch?v=non40tddliw,video
https://www.youtube.com/watch?v=np6vxic1grk,video
https://www.youtube.com/watch?v=npbka2rwsb4,video
https://www.youtube.com/watch?v=npff5sjka4g,video
https://www.youtube.com/watch?v=npz8ibamxpk,video
https://www.youtube.com/watch?v=nq2axvqgfpm,video
https://www.youtube.com/watch?v=nq8uz3ycjnc,video
https://www.youtube.com/watch?v=nqapwo4pwzc,video
https://www.youtube.com/watch?v=nqbbixu3dqm,video
https://www.youtube.com/watch?v=nqhf7pugbjo,video
https://www.youtube.com/watch?v=nqs4yyltake,video
https://www.youtube.com/watch?v=nqva_0ctlsm,video
https://www.youtube.com/watch?v=nr7y8pzkws8,video
https://www.youtube.com/watch?v=nr8uv8thcwe,video
https://www.youtube.com/watch?v=nraiqc-l2wg,video
https://www.youtube.com/watch?v=ns2g4ady0d8,video
https://www.youtube.com/watch?v=ns8u1w3fju4,video
https://www.youtube.com/watch?v=nsbotyziqi0,video
https://www.youtube.com/watch?v=nscuu7hzkee,video
https://www.youtube.com/watch?v=nse2vsloome,video
https://www.youtube.com/watch?v=nsivypo-kp0,video
https://www.youtube.com/watch?v=nsrqt7woqhu,video
https://www.youtube.com/watch?v=nt2snighuqi,video
https://www.youtube.com/watch?v=ntg37rvs_ms,video
https://www.youtube.com/watch?v=nthsfga1vue,video
https://www.youtube.com/watch?v=nu-11cosdpi,video
https://www.youtube.com/watch?v=nuj6wxltfoe,video
https://www.youtube.com/watch?v=nuo2asxv-j0,video
https://www.youtube.com/watch?v=nux2vxdqioc,video
https://www.youtube.com/watch?v=nuyihc1ik_8,video
https://www.youtube.com/watch?v=nvagon9r1i0,video
https://www.youtube.com/watch?v=nvvmi1sxc2q,video
https://www.youtube.com/watch?v=nw9vskopn7k,video
https://www.youtube.com/watch?v=nx1cxu64lvw,video
https://www.youtube.com/watch?v=nxi8vkvbtio,video
https://www.youtube.com/watch?v=ny-xf5l3nb4,video
https://www.youtube.com/watch?v=nysdigyjite,video
https://www.youtube.com/watch?v=nzwgfd4bwty,video
https://www.youtube.com/watch?v=o-8mq_1ukr0,video
https://www.youtube.com/watch?v=o0jmqauosic,video
https://www.youtube.com/watch?v=o10xwcjd93a,video
https://www.youtube.com/watch?v=o2opm40d4ek,video
https://www.youtube.com/watch?v=o4d8xisou0y,video
https://www.youtube.com/watch?v=o6l6zozbmx8,video
https://www.youtube.com/watch?v=o7gmzxfri7m,video
https://www.youtube.com/watch?v=o7lz0zozrwi,video
https://www.youtube.com/watch?v=o8icilzgrls,video
https://www.youtube.com/watch?v=o8mayc75iu8,video
https://www.youtube.com/watch?v=o8no9rezbnk,video
https://www.youtube.com/watch?v=o9_n58mvqny,video
https://www.youtube.com/watch?v=o9becgrehwk,video
https://www.youtube.com/watch?v=o9vxy0o-xug,video
https://www.youtube.com/watch?v=o_pjoxlmttk,video
https://www.youtube.com/watch?v=oancylq0ree,video
https://www.youtube.com/watch?v=oanl-x2nglq,video
https://www.youtube.com/watch?v=obpd_v-cupw,video
https://www.youtube.com/watch?v=ocj32it_lye,video
https://www.youtube.com/watch?v=ockefcuxyxi,video
https://www.youtube.com/watch?v=ockiiyooqfe,video
https://www.youtube.com/watch?v=oddi-5pbpsk&vl=en-us,video
https://www.youtube.com/watch?v=odoia8qnwzs,video
https://www.youtube.com/watch?v=odqgujmt1dk,video
https://www.youtube.com/watch?v=odwouuwq8kk,video
https://www.youtube.com/watch?v=odxh00mz6dw,video
https://www.youtube.com/watch?v=oeartdz4xlm,video
https://www.youtube.com/watch?v=oedtbai88hm,video
https://www.youtube.com/watch?v=off1flrvztg,video
https://www.youtube.com/watch?v=og-ogcfnrm4,video
https://www.youtube.com/watch?v=ogcadzzjxzc,video
https://www.youtube.com/watch?v=oh0hplvdy4i,video
https://www.youtube.com/watch?v=ohxbyo3oadw,video
https://www.youtube.com/watch?v=ohzoexrplgc,video
https://www.youtube.com/watch?v=oi5vqqtotxi,video
https://www.youtube.com/watch?v=oidsqj9fcp0,video
https://www.youtube.com/watch?v=oil0r6r4jiy,video
https://www.youtube.com/watch?v=oj7xmoqwuoo,video
https://www.youtube.com/watch?v=ojjs4bsyiai,video
https://www.youtube.com/watch?v=ojtr8kbkqui,video
https://www.youtube.com/watch?v=ojzhfaq8mjw,video
https://www.youtube.com/watch?v=ok3_uribrrm,video
https://www.youtube.com/watch?v=ok4lxn1quhi,video
https://www.youtube.com/watch?v=okgz5jkyj_i,video
https://www.youtube.com/watch?v=okmpuygf020,video
https://www.youtube.com/watch?v=oko5kffog2k,video
https://www.youtube.com/watch?v=olfokbxhkds,video
https://www.youtube.com/watch?v=om3zznkyze8,video
https://www.youtube.com/watch?v=omratiddouy,video
https://www.youtube.com/watch?v=oosu42vriek,video
https://www.youtube.com/watch?v=oovuj_mqd1i,video
https://www.youtube.com/watch?v=op4e8qlhjcm,video
https://www.youtube.com/watch?v=oq-etbcmyea,video
https://www.youtube.com/watch?v=oq6g8otu2by,video
https://www.youtube.com/watch?v=orpmthc_evu,video
https://www.youtube.com/watch?v=oskhfm9hwrw,video
https://www.youtube.com/watch?v=otio3cco5hs,video
https://www.youtube.com/watch?v=otkubru7i2g,video
https://www.youtube.com/watch?v=otn6sullqti,video
https://www.youtube.com/watch?v=otqfgzwl1he,video
https://www.youtube.com/watch?v=oukeunsg88o,video
https://www.youtube.com/watch?v=ouklyssb2ek,video
https://www.youtube.com/watch?v=ovf1niz3pto,video
https://www.youtube.com/watch?v=ovj39zw0kjg,video
https://www.youtube.com/watch?v=owixntjjuf0,video
https://www.youtube.com/watch?v=owrxsaoy3iy,video
https://www.youtube.com/watch?v=oxvma7a-i1i,video
https://www.youtube.com/watch?v=oycy0ntaqny,video
https://www.youtube.com/watch?v=oyja4m1-qlk,video
https://www.youtube.com/watch?v=oyrewhi0skw,video
https://www.youtube.com/watch?v=oysles04tqc,video
https://www.youtube.com/watch?v=ozh9ksay9kc,video
https://www.youtube.com/watch?v=ozjd1r68oie,video
https://www.youtube.com/watch?v=ozw-sho_shs,video
https://www.youtube.com/watch?v=p0inqgats40,video
https://www.youtube.com/watch?v=p1pqcr8d1p8,video
https://www.youtube.com/watch?v=p2rxxpxhj88,video
https://www.youtube.com/watch?v=p3rz5i_t3ky,video
https://www.youtube.com/watch?v=p5tv8y_lar0,video
https://www.youtube.com/watch?v=p69apvro-xe,video
https://www.youtube.com/watch?v=p7lemwdppbi,video
https://www.youtube.com/watch?v=p7tp1df5tvo,video
https://www.youtube.com/watch?v=p9n6p7tdzzm,video
https://www.youtube.com/watch?v=p9xc0lzx6p0,video
https://www.youtube.com/watch?v=p_3a4-xpsyg,video
https://www.youtube.com/watch?v=paalq5uf6sm,video
https://www.youtube.com/watch?v=paeehadygq4,video
https://www.youtube.com/watch?v=pap-jytt-ie,video
https://www.youtube.com/watch?v=paxoef1ozns,video
https://www.youtube.com/watch?v=pbtar_gky9q,video
https://www.youtube.com/watch?v=pc7wrkich68,video
https://www.youtube.com/watch?v=pcjbuopgap4,video
https://www.youtube.com/watch?v=pczg0trmhv0,video
https://www.youtube.com/watch?v=pd5dccwg2da,video
https://www.youtube.com/watch?v=pdq8jalct6s,video
https://www.youtube.com/watch?v=pdt9klblqfa,video
https://www.youtube.com/watch?v=pdwm9exk9jg,video
https://www.youtube.com/watch?v=peg-t9sd2ac,video
https://www.youtube.com/watch?v=pegm_brcjwa,video
https://www.youtube.com/watch?v=pemkfgrifdw,video
https://www.youtube.com/watch?v=pemssjfyngc,video
https://www.youtube.com/watch?v=pf2zxdlzcse,video
https://www.youtube.com/watch?v=pfbzmh-amyk,video
https://www.youtube.com/watch?v=pfuynljdnmy,video
https://www.youtube.com/watch?v=pgacnxquxyw,video
https://www.youtube.com/watch?v=pgipjoi0bku,video
https://www.youtube.com/watch?v=pglm66i5qu8,video
https://www.youtube.com/watch?v=pgn0icogklg,video
https://www.youtube.com/watch?v=ph66-7jks5o,video
https://www.youtube.com/watch?v=ph9wf-heo3w,video
https://www.youtube.com/watch?v=pi4e9w02kaq,video
https://www.youtube.com/watch?v=pjftqwens1a,video
https://www.youtube.com/watch?v=pjnqm6l2bz4,video
https://www.youtube.com/watch?v=pjnwaxbpguc,video
https://www.youtube.com/watch?v=pjrp9rv8nma,video
https://www.youtube.com/watch?v=pjsdtlxxjkg,video
https://www.youtube.com/watch?v=pkq91qhilcw,video
https://www.youtube.com/watch?v=pkyuw-akimq,video
https://www.youtube.com/watch?v=pl2euhsv7tw,video
https://www.youtube.com/watch?v=plnims8hqqs,video
https://www.youtube.com/watch?v=pm38mrv1b7u,video
https://www.youtube.com/watch?v=pm_dwmgn3e0,video
https://www.youtube.com/watch?v=pmcnrwwmzia,video
https://www.youtube.com/watch?v=pn427_ughru,video
https://www.youtube.com/watch?v=pnfki0l34s8,video
https://www.youtube.com/watch?v=pnl45pwxsmo,video
https://www.youtube.com/watch?v=po925ozbjec,video
https://www.youtube.com/watch?v=polv93ohqcu,video
https://www.youtube.com/watch?v=poqwgjonwm0,video
https://www.youtube.com/watch?v=poxkb0d27ck,video
https://www.youtube.com/watch?v=ppo0et7utyy,video
https://www.youtube.com/watch?v=pqmeza5r6cg,video
https://www.youtube.com/watch?v=pqoqrhx9yr8,video
https://www.youtube.com/watch?v=pr19o0n5nem,video
https://www.youtube.com/watch?v=ps099acs-9y,video
https://www.youtube.com/watch?v=psppv1rwyti,video
https://www.youtube.com/watch?v=psxp9_hktwg,video
https://www.youtube.com/watch?v=psyexei-ouq,video
https://www.youtube.com/watch?v=ptdanwemhyu,video
https://www.youtube.com/watch?v=pu9q6oiqnd0,video
https://www.youtube.com/watch?v=puodo19da38,video
https://www.youtube.com/watch?v=pupsi5hvhw4,video
https://www.youtube.com/watch?v=putuptnjfhs,video
https://www.youtube.com/watch?v=pvkucrgqccc,video
https://www.youtube.com/watch?v=pw1ubtolh7q,video
https://www.youtube.com/watch?v=pwdy-b7dg9g,video
https://www.youtube.com/watch?v=pwwkevxosoo,video
https://www.youtube.com/watch?v=pxqioxjbfwc,video
https://www.youtube.com/watch?v=py4guh-rdq8,video
https://www.youtube.com/watch?v=pyzjxwbmqbe,video
https://www.youtube.com/watch?v=pz3yf9cklew,video
https://www.youtube.com/watch?v=pzmnb5hxbz8,video
https://www.youtube.com/watch?v=pzwhzdycabo,video
https://www.youtube.com/watch?v=q-jaaccdp7w,video
https://www.youtube.com/watch?v=q17qe63u6as,video
https://www.youtube.com/watch?v=q2lqkrygdle,video
https://www.youtube.com/watch?v=q2op1b_ouu8,video
https://www.youtube.com/watch?v=q2qopvc9_ag,video
https://www.youtube.com/watch?v=q51cc-q4luq,video
https://www.youtube.com/watch?v=q5x3jwjngry,video
https://www.youtube.com/watch?v=q5ytptsprk4,video
https://www.youtube.com/watch?v=q6mfhcnjohg,video
https://www.youtube.com/watch?v=q6vpfa9kcfo,video
https://www.youtube.com/watch?v=q7_x6whjas0,video
https://www.youtube.com/watch?v=q7jecwgg7mg,video
https://www.youtube.com/watch?v=q7xmbcfisnw,video
https://www.youtube.com/watch?v=q91xzmk-sh8,video
https://www.youtube.com/watch?v=q93bwyzoxk0,video
https://www.youtube.com/watch?v=q9kf04cyily,video
https://www.youtube.com/watch?v=q_jntg3aop8,video
https://www.youtube.com/watch?v=qaokftidnfi,video
https://www.youtube.com/watch?v=qb26xj4flvo,video
https://www.youtube.com/watch?v=qb9qqfgxqhq,video
https://www.youtube.com/watch?v=qbgklpimzzy,video
https://www.youtube.com/watch?v=qeqfrrl5y-o,video
https://www.youtube.com/watch?v=qf7eg5gt1kc,video
https://www.youtube.com/watch?v=qfci1ctrztu,video
https://www.youtube.com/watch?v=qfnmajofje4,video
https://www.youtube.com/watch?v=qfuelfcfvao&vl=en,video
https://www.youtube.com/watch?v=qg3pmorq3bg,video
https://www.youtube.com/watch?v=qhad3vdzyea,video
https://www.youtube.com/watch?v=qhdm_bz3aic,video
https://www.youtube.com/watch?v=qhe_cjtyqai,video
https://www.youtube.com/watch?v=qhoyehqxbjs,video
https://www.youtube.com/watch?v=qhqleqdwnhe,video
https://www.youtube.com/watch?v=qhtgbgwfrfw,video
https://www.youtube.com/watch?v=qi4gv0_08lo,video
https://www.youtube.com/watch?v=qif70dsjxik,video
https://www.youtube.com/watch?v=qj8uq85ia30,video
https://www.youtube.com/watch?v=qkzltx6dt48,video
https://www.youtube.com/watch?v=qlbzkweathi,video
https://www.youtube.com/watch?v=qlmxwjomtz8,video
https://www.youtube.com/watch?v=qlxkuhzd-to,video
https://www.youtube.com/watch?v=qn_ifi8ahyq,video
https://www.youtube.com/watch?v=qnexnbp9hz0,video
https://www.youtube.com/watch?v=qogdfweyw9q,video
https://www.youtube.com/watch?v=qogfiljcaag,video
https://www.youtube.com/watch?v=qpj0oetdgak,video
https://www.youtube.com/watch?v=qpm5t3xva7m,video
https://www.youtube.com/watch?v=qqbzlvtmjwa,video
https://www.youtube.com/watch?v=qqhx7iucn60,video
https://www.youtube.com/watch?v=qqw3jqp31vw,video
https://www.youtube.com/watch?v=qrastjgrti4,video
https://www.youtube.com/watch?v=qrmy0xikxme,video
https://www.youtube.com/watch?v=qryr9vnqghg,video
https://www.youtube.com/watch?v=qs3j0tqtiqg,video
https://www.youtube.com/watch?v=qscj1by1yui,video
https://www.youtube.com/watch?v=qscxek8ciiu,video
https://www.youtube.com/watch?v=qshebyhvybi,video
https://www.youtube.com/watch?v=qsm4vegoqj0,video
https://www.youtube.com/watch?v=qtbweb-f24k,video
https://www.youtube.com/watch?v=qtdk8rut3mi,video
https://www.youtube.com/watch?v=qtkp-9o9hh0,video
https://www.youtube.com/watch?v=quyjmhq0euq,video
https://www.youtube.com/watch?v=qvzxqd4e4iu,video
https://www.youtube.com/watch?v=qw12nrds0bi,video
https://www.youtube.com/watch?v=qxok36zjuc0,video
https://www.youtube.com/watch?v=qxvo6acrc4w,video
https://www.youtube.com/watch?v=qxwdg0js0ac,video
https://www.youtube.com/watch?v=qym-9m4d7gm,video
https://www.youtube.com/watch?v=qzulxpzqy9u,video
https://www.youtube.com/watch?v=qzuzxugxv8o,video
https://www.youtube.com/watch?v=r-0mg9fnchc,video
https://www.youtube.com/watch?v=r-pdevqrzi8,video
https://www.youtube.com/watch?v=r-tdnqwvu2e,video
https://www.youtube.com/watch?v=r09c87umeyo,video
https://www.youtube.com/watch?v=r09c87umeyo&vl=en,video
https://www.youtube.com/watch?v=r0efws4cjbc,video
https://www.youtube.com/watch?v=r0ld0mpjnl8,video
https://www.youtube.com/watch?v=r1-lhkn0kbc,video
https://www.youtube.com/watch?v=r2-dqrjfb7c,video
https://www.youtube.com/watch?v=r2dfoj0tue4,video
https://www.youtube.com/watch?v=r4c01b4m-58,video
https://www.youtube.com/watch?v=r5m8j0p5nb4,video
https://www.youtube.com/watch?v=r5ptprncugu,video
https://www.youtube.com/watch?v=r5rsrilgqyg,video
https://www.youtube.com/watch?v=r7ggvhvvh_g,video
https://www.youtube.com/watch?v=r7kmxhghemg,video
https://www.youtube.com/watch?v=r7ok70pko3o,video
https://www.youtube.com/watch?v=r8cpwimk7jo,video
https://www.youtube.com/watch?v=r8fjjw20eoq,video
https://www.youtube.com/watch?v=r9mjzh_-63w,video
https://www.youtube.com/watch?v=r9phspqjef4,video
https://www.youtube.com/watch?v=r9xzj7kezbw,video
https://www.youtube.com/watch?v=r_3kaw9ehmg,video
https://www.youtube.com/watch?v=r_p2sov8zvg,video
https://www.youtube.com/watch?v=r_r1jmbstww,video
https://www.youtube.com/watch?v=r_zy7_ftnkq,video
https://www.youtube.com/watch?v=ra5bxudo5qw,video
https://www.youtube.com/watch?v=rax4xtpsjeg,video
https://www.youtube.com/watch?v=rbbq4enqfuk,video
https://www.youtube.com/watch?v=rbgkmfvuk38,video
https://www.youtube.com/watch?v=rbkfltsjeck,video
https://www.youtube.com/watch?v=rbmvowaqgle,video
https://www.youtube.com/watch?v=rbqhu18kjmi,video
https://www.youtube.com/watch?v=rbtxqj3yhs8,video
https://www.youtube.com/watch?v=rbw1t2dh-58,video
https://www.youtube.com/watch?v=rchgakwbsza&vl=en-us,video
https://www.youtube.com/watch?v=rcx6m9plwfu,video
https://www.youtube.com/watch?v=rde09xjeqs0,video
https://www.youtube.com/watch?v=rdh5m3x38_s,video
https://www.youtube.com/watch?v=re7h5u3vzg8,video
https://www.youtube.com/watch?v=realhea9gq4,video
https://www.youtube.com/watch?v=reawgosgziu,video
https://www.youtube.com/watch?v=relhjdawulu,video
https://www.youtube.com/watch?v=repnehlifqw,video
https://www.youtube.com/watch?v=reym7zbwoqi,video
https://www.youtube.com/watch?v=rezsqlqqbpw,video
https://www.youtube.com/watch?v=rfcbm9a27dq,video
https://www.youtube.com/watch?v=rfdhj4taww0,video
https://www.youtube.com/watch?v=rfksw2ks_pi,video
https://www.youtube.com/watch?v=rfpemsmcjvu,video
https://www.youtube.com/watch?v=rfxv_jxpqpy,video
https://www.youtube.com/watch?v=rhmz0urhk5m,video
https://www.youtube.com/watch?v=rhtsgzhr2bm,video
https://www.youtube.com/watch?v=riatcpcnhl4,video
https://www.youtube.com/watch?v=ripr-coc4ly,video
https://www.youtube.com/watch?v=riso0wldhlq,video
https://www.youtube.com/watch?v=rje-vpwalwm,video
https://www.youtube.com/watch?v=rk1qgotbjbs,video
https://www.youtube.com/watch?v=rkccfn4_1ru,video
https://www.youtube.com/watch?v=rkywrllipmq,video
https://www.youtube.com/watch?v=rlrg7xjho5y,video
https://www.youtube.com/watch?v=rltjc0h5uuw,video
https://www.youtube.com/watch?v=rm1egxtvm_s,video
https://www.youtube.com/watch?v=rmzc1hxmija,video
https://www.youtube.com/watch?v=rnsy8kbuin0,video
https://www.youtube.com/watch?v=rnz6jecz2am,video
https://www.youtube.com/watch?v=roqo4_hyhsw,video
https://www.youtube.com/watch?v=rpdnymmcgl0,video
https://www.youtube.com/watch?v=rpoywsnu2js,video
https://www.youtube.com/watch?v=rpvl7yewbqm,video
https://www.youtube.com/watch?v=rqcxxsvoj8q,video
https://www.youtube.com/watch?v=rrcj1zoljrc,video
https://www.youtube.com/watch?v=rrkglwlmxyc,video
https://www.youtube.com/watch?v=rrrabuz3gxu,video
https://www.youtube.com/watch?v=rs72coez6s8,video
https://www.youtube.com/watch?v=rscje8lmroe,video
https://www.youtube.com/watch?v=rsgnxbci0-g,video
https://www.youtube.com/watch?v=rshfa7j8dce,video
https://www.youtube.com/watch?v=rsjtvk5pbd0,video
https://www.youtube.com/watch?v=rstsce0w8we,video
https://www.youtube.com/watch?v=rszyncgzl9a,video
https://www.youtube.com/watch?v=rtcb6tdjz4a,video
https://www.youtube.com/watch?v=ru_qjdwg-pg,video
https://www.youtube.com/watch?v=rulxlng2unk,video
https://www.youtube.com/watch?v=rv1-ilrycr0,video
https://www.youtube.com/watch?v=rv1efi88xww,video
https://www.youtube.com/watch?v=rv8dc1a1x5e,video
https://www.youtube.com/watch?v=rvbllkw-6y8,video
https://www.youtube.com/watch?v=rvmeboncx-e,video
https://www.youtube.com/watch?v=rvumscwf2gu,video
https://www.youtube.com/watch?v=rwcglg7ikr8,video
https://www.youtube.com/watch?v=rwdxhcghsa8,video
https://www.youtube.com/watch?v=rwf1zhqk1rg,video
https://www.youtube.com/watch?v=rwvcuzmbopw,video
https://www.youtube.com/watch?v=rwwf0xmllsm,video
https://www.youtube.com/watch?v=rxcfwgpv4km,video
https://www.youtube.com/watch?v=rxugvtgfrje,video
https://www.youtube.com/watch?v=ryb-27z3x18,video
https://www.youtube.com/watch?v=rycsadzcf-4,video
https://www.youtube.com/watch?v=ryjrr8pq47w,video
https://www.youtube.com/watch?v=ryye_y-99fu,video
https://www.youtube.com/watch?v=rzjoqyhxgri,video
https://www.youtube.com/watch?v=rzkvxvzrrdw,video
https://www.youtube.com/watch?v=rzorbyos1qm,video
https://www.youtube.com/watch?v=s--5ft5yihg,video
https://www.youtube.com/watch?v=s0iym1prjjm,video
https://www.youtube.com/watch?v=s1jybnbulqe,video
https://www.youtube.com/watch?v=s25kfmjzfzu,video
https://www.youtube.com/watch?v=s5ntq4l1roe,video
https://www.youtube.com/watch?v=s6ekzt_dmsy,video
https://www.youtube.com/watch?v=s6l_a7bun0m,video
https://www.youtube.com/watch?v=s7geu5z2rja,video
https://www.youtube.com/watch?v=s7o5wsisjfc,video
https://www.youtube.com/watch?v=s89my76gog0,video
https://www.youtube.com/watch?v=s8hvng9u5ts,video
https://www.youtube.com/watch?v=s9zsiq9lfzs,video
https://www.youtube.com/watch?v=sad3zvt6hh4,video
https://www.youtube.com/watch?v=sapfeseytww,video
https://www.youtube.com/watch?v=saybfmb2rdw,video
https://www.youtube.com/watch?v=sb0t3zo00g0,video
https://www.youtube.com/watch?v=sb6rrjvkwz8,video
https://www.youtube.com/watch?v=sbp11se7vb8,video
https://www.youtube.com/watch?v=scc0xvnj9fw,video
https://www.youtube.com/watch?v=schuvmayx3g,video
https://www.youtube.com/watch?v=scpcdvsf4nw,video
https://www.youtube.com/watch?v=scrjp7scb5o,video
https://www.youtube.com/watch?v=sd2uammu7x4,video
https://www.youtube.com/watch?v=sdd7meok82w,video
https://www.youtube.com/watch?v=sdkzt4apieg,video
https://www.youtube.com/watch?v=sdlqvluolcm,video
https://www.youtube.com/watch?v=sdqerd1-kqg,video
https://www.youtube.com/watch?v=sebc__wdllo,video
https://www.youtube.com/watch?v=sebyf8q2nd4,video
https://www.youtube.com/watch?v=seohhuiry5m,video
https://www.youtube.com/watch?v=sf222rlneg4,video
https://www.youtube.com/watch?v=sgetdajlohm,video
https://www.youtube.com/watch?v=sglcxpiy4p0,video
https://www.youtube.com/watch?v=sgp-42fpebw,video
https://www.youtube.com/watch?v=sh2fcmbg7va,video
https://www.youtube.com/watch?v=shi0kjyvbao,video
https://www.youtube.com/watch?v=shqkyhi-q3e,video
https://www.youtube.com/watch?v=si4b21dho0w,video
https://www.youtube.com/watch?v=siq5wl2gpjq,video
https://www.youtube.com/watch?v=six_de9od6s,video
https://www.youtube.com/watch?v=sjdrjabvtsg,video
https://www.youtube.com/watch?v=sjx-lthjutw,video
https://www.youtube.com/watch?v=sk0jenhvskm,video
https://www.youtube.com/watch?v=skk4oxfs7is,video
https://www.youtube.com/watch?v=skzsvtf9d_i,video
https://www.youtube.com/watch?v=sl8kep7oa7e,video
https://www.youtube.com/watch?v=slas0jr-gs8,video
https://www.youtube.com/watch?v=slevlwz4r9g,video
https://www.youtube.com/watch?v=slukkbn-mdo,video
https://www.youtube.com/watch?v=slwcvkvvq_o,video
https://www.youtube.com/watch?v=smjzaylhvks,video
https://www.youtube.com/watch?v=snkkvgz2u2e,video
https://www.youtube.com/watch?v=snkwiagpnue,video
https://www.youtube.com/watch?v=snxnnpirr1m,video
https://www.youtube.com/watch?v=soht4n8y7fk,video
https://www.youtube.com/watch?v=soywyvnpx2e,video
https://www.youtube.com/watch?v=sp6vuft_sro,video
https://www.youtube.com/watch?v=spcdk23uz0q,video
https://www.youtube.com/watch?v=spupv6xee7k,video
https://www.youtube.com/watch?v=sqqw-zpo0j8,video
https://www.youtube.com/watch?v=sqzxja-_rdk,video
https://www.youtube.com/watch?v=sr1kla7ibis,video
https://www.youtube.com/watch?v=srhiqyk2nfy,video
https://www.youtube.com/watch?v=sriz1qdrhm0,video
https://www.youtube.com/watch?v=srldoisrlaq,video
https://www.youtube.com/watch?v=srybzwql8dy,video
https://www.youtube.com/watch?v=sryplhk_z_k,video
https://www.youtube.com/watch?v=ss7p63fle_8,video
https://www.youtube.com/watch?v=ssfpe6e3hxa,video
https://www.youtube.com/watch?v=sshgk3mo1ry,video
https://www.youtube.com/watch?v=sslvqftxo78,video
https://www.youtube.com/watch?v=ssqzcpdddj0,video
https://www.youtube.com/watch?v=stl0jeb4ef0,video
https://www.youtube.com/watch?v=su-7sifn618,video
https://www.youtube.com/watch?v=sv4cm34x7oo,video
https://www.youtube.com/watch?v=svlbamosntq,video
https://www.youtube.com/watch?v=sw2ncv_vf2q,video
https://www.youtube.com/watch?v=swb3wij5ypy,video
https://www.youtube.com/watch?v=swl-fcfrqxc,video
https://www.youtube.com/watch?v=swqta9u7i1s,video
https://www.youtube.com/watch?v=sxgxuguhg9i,video
https://www.youtube.com/watch?v=sxyxloflugi,video
https://www.youtube.com/watch?v=sy-0de2dga0,video
https://www.youtube.com/watch?v=sy14nffzsoe,video
https://www.youtube.com/watch?v=syf73h9bcvu,video
https://www.youtube.com/watch?v=syfjk4m0oow,video
https://www.youtube.com/watch?v=sz7m6wrmzd0,video
https://www.youtube.com/watch?v=szdreyt6_li,video
https://www.youtube.com/watch?v=szuftwjiakg,video
https://www.youtube.com/watch?v=szuxr-whmfa,video
https://www.youtube.com/watch?v=t0rclx8sjwi,video
https://www.youtube.com/watch?v=t131co7od-4,video
https://www.youtube.com/watch?v=t1ehbfzmeqo,video
https://www.youtube.com/watch?v=t1pxpkgwq7a,video
https://www.youtube.com/watch?v=t2hdatas-gy,video
https://www.youtube.com/watch?v=t35hyhlvsjy,video
https://www.youtube.com/watch?v=t3vobkj3wsw,video
https://www.youtube.com/watch?v=t41gfw5jtg8,video
https://www.youtube.com/watch?v=t4gzjf4elei,video
https://www.youtube.com/watch?v=t6uoeb_mlv4,video
https://www.youtube.com/watch?v=t75bibxxmsg,video
https://www.youtube.com/watch?v=t7qbgbnxwri,video
https://www.youtube.com/watch?v=t8f8t1q7e-s,video
https://www.youtube.com/watch?v=t8vpqxjnk2q,video
https://www.youtube.com/watch?v=t9d5sbixrxy,video
https://www.youtube.com/watch?v=t9nfkrv5kgm,video
https://www.youtube.com/watch?v=t9y6i5u9nru,video
https://www.youtube.com/watch?v=ta7d0ksmfiw,video
https://www.youtube.com/watch?v=taysla1qvro,video
https://www.youtube.com/watch?v=tb0dsctkwuu,video
https://www.youtube.com/watch?v=tbxzxtfrata,video
https://www.youtube.com/watch?v=tc9vbmlw90w,video
https://www.youtube.com/watch?v=tcfeuz6jnfc,video
https://www.youtube.com/watch?v=tcmdkl3qqgo,video
https://www.youtube.com/watch?v=tcvcu8ovtti,video
https://www.youtube.com/watch?v=td1t_fwntfk,video
https://www.youtube.com/watch?v=te2ctldm9u8,video
https://www.youtube.com/watch?v=tehezh8hmmq,video
https://www.youtube.com/watch?v=temfsky6b1m,video
https://www.youtube.com/watch?v=terpuojo3oi,video
https://www.youtube.com/watch?v=teycr_judfe,video
https://www.youtube.com/watch?v=tf4o8b4v4-u,video
https://www.youtube.com/watch?v=tf_uoq8aw54,video
https://www.youtube.com/watch?v=tfd5kq_cu_8,video
https://www.youtube.com/watch?v=tfs8maidu20,video
https://www.youtube.com/watch?v=tfsax16mav4,video
https://www.youtube.com/watch?v=tg3p3adkkim,video
https://www.youtube.com/watch?v=tg440vmpqiy,video
https://www.youtube.com/watch?v=tgalh6abv1w,video
https://www.youtube.com/watch?v=th1bncuhprg,video
https://www.youtube.com/watch?v=thiw_so19rm,video
https://www.youtube.com/watch?v=thkyvjdjly0,video
https://www.youtube.com/watch?v=tiqswlegxne,video
https://www.youtube.com/watch?v=tj6yxengfmk,video
https://www.youtube.com/watch?v=tkowggcnuvw,video
https://www.youtube.com/watch?v=tm7voaocsrq,video
https://www.youtube.com/watch?v=tmg7lus8nzi,video
https://www.youtube.com/watch?v=tnu9iyl2aps,video
https://www.youtube.com/watch?v=tnxwnepkyq0,video
https://www.youtube.com/watch?v=torcux0wddq,video
https://www.youtube.com/watch?v=tp1o6a5p5o8,video
https://www.youtube.com/watch?v=tp92fnf2u0a,video
https://www.youtube.com/watch?v=tpp3zoqz1pg,video
https://www.youtube.com/watch?v=tpxq8xzlxl4,video
https://www.youtube.com/watch?v=tpzmesckhx4,video
https://www.youtube.com/watch?v=tq9vqvx2uni,video
https://www.youtube.com/watch?v=tqyj-l5mo_g,video
https://www.youtube.com/watch?v=tr-iik-gh2u,video
https://www.youtube.com/watch?v=trbyalzxsww,video
https://www.youtube.com/watch?v=trc_pynewno,video
https://www.youtube.com/watch?v=trfk9dzvosc,video
https://www.youtube.com/watch?v=tsitmo9cgl8,video
https://www.youtube.com/watch?v=tso05do03p4,video
https://www.youtube.com/watch?v=tswyngxeyqa,video
https://www.youtube.com/watch?v=ttytjhlrkkq,video
https://www.youtube.com/watch?v=tuqqut_xlje,video
https://www.youtube.com/watch?v=tvc8vsej3x0,video
https://www.youtube.com/watch?v=tvhuurqnlj8,video
https://www.youtube.com/watch?v=tvr4bvbb11w,video
https://www.youtube.com/watch?v=twix5naznx8,video
https://www.youtube.com/watch?v=twj_os-lmcu,video
https://www.youtube.com/watch?v=twtnuascqfi,video
https://www.youtube.com/watch?v=tygpiqfooyg,video
https://www.youtube.com/watch?v=tylsh3nmcrq,video
https://www.youtube.com/watch?v=tyo2robtpmm,video
https://www.youtube.com/watch?v=tyqwttqfyhw,video
https://www.youtube.com/watch?v=tytv175ekfu,video
https://www.youtube.com/watch?v=tyu0zj14bze,video
https://www.youtube.com/watch?v=tyu81a5uqry,video
https://www.youtube.com/watch?v=tyu_jluleme,video
https://www.youtube.com/watch?v=tzbqwmbcciy,video
https://www.youtube.com/watch?v=tziwhs4qjhm,video
https://www.youtube.com/watch?v=u-hiri8hbvi,video
https://www.youtube.com/watch?v=u-jahtuzp7i,video
https://www.youtube.com/watch?v=u-omvr_ft4s,video
https://www.youtube.com/watch?v=u2y9utzsaam,video
https://www.youtube.com/watch?v=u3a0xleccm0,video
https://www.youtube.com/watch?v=u3wg8gdhbwm,video
https://www.youtube.com/watch?v=u4eojb4wyog,video
https://www.youtube.com/watch?v=u53e_y95qoe,video
https://www.youtube.com/watch?v=u5dnqzaqq5y,video
https://www.youtube.com/watch?v=u5x0oauwme8,video
https://www.youtube.com/watch?v=u6bgbuho3ey,video
https://www.youtube.com/watch?v=u76jthjjmqy,video
https://www.youtube.com/watch?v=u86fpq8uizy,video
https://www.youtube.com/watch?v=u8ooavtw0jg,video
https://www.youtube.com/watch?v=u_glzvm_d4w,video
https://www.youtube.com/watch?v=u_irwyke8tw,video
https://www.youtube.com/watch?v=uaejjscmzes,video
https://www.youtube.com/watch?v=ubgl2bujkpq,video
https://www.youtube.com/watch?v=ubn_l9ug58w,video
https://www.youtube.com/watch?v=uboqo_k2s0k,video
https://www.youtube.com/watch?v=ubqi1lfdcou,video
https://www.youtube.com/watch?v=ubtrzd7my-e,video
https://www.youtube.com/watch?v=ubvxm_i7rba,video
https://www.youtube.com/watch?v=ubxa33odoqg,video
https://www.youtube.com/watch?v=uc-8mvqw5cg,video
https://www.youtube.com/watch?v=ucfh6vtgycy,video
https://www.youtube.com/watch?v=ucuu_7pvfno,video
https://www.youtube.com/watch?v=ud0-mlkzjvy,video
https://www.youtube.com/watch?v=udl15pssftk,video
https://www.youtube.com/watch?v=ue7bp_o5bgo,video
https://www.youtube.com/watch?v=uemuxz0bu1a,video
https://www.youtube.com/watch?v=uf5dxxe-gpa,video
https://www.youtube.com/watch?v=ufhnps3iht4,video
https://www.youtube.com/watch?v=ufzkmzb0ffa,video
https://www.youtube.com/watch?v=ug3nvn4k9h8,video
https://www.youtube.com/watch?v=ugd8iospqoi,video
https://www.youtube.com/watch?v=ugh2ejulzqs,video
https://www.youtube.com/watch?v=ughpk9-x35k,video
https://www.youtube.com/watch?v=uglmwor4i7e,video
https://www.youtube.com/watch?v=ugsqxkdvj9m,video
https://www.youtube.com/watch?v=uhhlozxu7tm,video
https://www.youtube.com/watch?v=uho8v9adojk,video
https://www.youtube.com/watch?v=uiafe6ajeso,video
https://www.youtube.com/watch?v=uidote75gia,video
https://www.youtube.com/watch?v=uitui31hltk,video
https://www.youtube.com/watch?v=uiwcfmurece,video
https://www.youtube.com/watch?v=ujisvjcvl74,video
https://www.youtube.com/watch?v=uk98jrf_0og,video
https://www.youtube.com/watch?v=uku6qtc534a,video
https://www.youtube.com/watch?v=uldx9zgli9q,video
https://www.youtube.com/watch?v=ulhehaahggg,video
https://www.youtube.com/watch?v=uli5x0ljflw,video
https://www.youtube.com/watch?v=um58xb5xede,video
https://www.youtube.com/watch?v=unby4rvscco,video
https://www.youtube.com/watch?v=uniejv40ndq,video
https://www.youtube.com/watch?v=unnepzuqi1o,video
https://www.youtube.com/watch?v=unufpacbgkm,video
https://www.youtube.com/watch?v=uohwnl8fdwg,video
https://www.youtube.com/watch?v=uouplb1bhde,video
https://www.youtube.com/watch?v=updhojhb_78,video
https://www.youtube.com/watch?v=uphy4wztxqo,video
https://www.youtube.com/watch?v=upj2vpo7y2s,video
https://www.youtube.com/watch?v=uprwvjrdelu,video
https://www.youtube.com/watch?v=uqbferruvgo,video
https://www.youtube.com/watch?v=uqhga1gif9g,video
https://www.youtube.com/watch?v=uqrfpg6wiag,video
https://www.youtube.com/watch?v=urdfd8shsam,video
https://www.youtube.com/watch?v=urpiojwuwsg,video
https://www.youtube.com/watch?v=us6glcro6ju,video
https://www.youtube.com/watch?v=us7b6x2js0y,video
https://www.youtube.com/watch?v=usa1cwrtdlm,video
https://www.youtube.com/watch?v=usdtqedq3d8,video
https://www.youtube.com/watch?v=useciwe6ihi,video
https://www.youtube.com/watch?v=usn0twb1-p8,video
https://www.youtube.com/watch?v=usnbjwk3ljk,video
https://www.youtube.com/watch?v=ut3q4bulhzu,video
https://www.youtube.com/watch?v=utfmiapsx7q,video
https://www.youtube.com/watch?v=utky_hjanks,video
https://www.youtube.com/watch?v=uu2ep4em5ae,video
https://www.youtube.com/watch?v=uukx4fw7kdw,video
https://www.youtube.com/watch?v=uuw8sgg-qc4,video
https://www.youtube.com/watch?v=uvcszl2idby,video
https://www.youtube.com/watch?v=uvi1euzwzvy,video
https://www.youtube.com/watch?v=uvosnz0xq7g,video
https://www.youtube.com/watch?v=uvsavcpjg9m,video
https://www.youtube.com/watch?v=uvwtvbpw7rq,video
https://www.youtube.com/watch?v=uwe5f4nh-4w,video
https://www.youtube.com/watch?v=uwexskg3buu,video
https://www.youtube.com/watch?v=uwttvwknpgc,video
https://www.youtube.com/watch?v=ux7urcijxw0,video
https://www.youtube.com/watch?v=uxao1rkdbui,video
https://www.youtube.com/watch?v=uxmgretbahk,video
https://www.youtube.com/watch?v=uxors7tiof4,video
https://www.youtube.com/watch?v=uxup-pewuac,video
https://www.youtube.com/watch?v=uybmjz3thps,video
https://www.youtube.com/watch?v=uyjabrrd2ga,video
https://www.youtube.com/watch?v=uyllvez5z18,video
https://www.youtube.com/watch?v=uyreadrxz-m,video
https://www.youtube.com/watch?v=uytk4siaici,video
https://www.youtube.com/watch?v=uzmcfqlarrs,video
https://www.youtube.com/watch?v=uzn8f38sw90,video
https://www.youtube.com/watch?v=uzw1vpy5ibc,video
https://www.youtube.com/watch?v=uzxllluow_q,video
https://www.youtube.com/watch?v=v-ovev5uwze,video
https://www.youtube.com/watch?v=v0-xrov3d2y,video
https://www.youtube.com/watch?v=v166ywjxhds,video
https://www.youtube.com/watch?v=v1ibb9_l1r0,video
https://www.youtube.com/watch?v=v1znhi-qllg,video
https://www.youtube.com/watch?v=v4jktljdx70,video
https://www.youtube.com/watch?v=v6doutcxrry,video
https://www.youtube.com/watch?v=v7707zex9x4,video
https://www.youtube.com/watch?v=v7j21vz1xxi,video
https://www.youtube.com/watch?v=v825a-b5vgi,video
https://www.youtube.com/watch?v=v8nqe0zlfx0,video
https://www.youtube.com/watch?v=v_kouuphitu,video
https://www.youtube.com/watch?v=va1olm4raye,video
https://www.youtube.com/watch?v=vaqbtbcss7i,video
https://www.youtube.com/watch?v=vbdndgrhv5g,video
https://www.youtube.com/watch?v=vc-nep6lt2i,video
https://www.youtube.com/watch?v=vc1hkft2448,video
https://www.youtube.com/watch?v=vcmf-itgyd8,video
https://www.youtube.com/watch?v=vcq6wpnee1e,video
https://www.youtube.com/watch?v=vdgp04cfm4m,video
https://www.youtube.com/watch?v=vdgsbgpg9cq,video
https://www.youtube.com/watch?v=ve-vtndppw0,video
https://www.youtube.com/watch?v=vejrw4infz0,video
https://www.youtube.com/watch?v=vejzv8ia6gg,video
https://www.youtube.com/watch?v=vfkcoqmvukk,video
https://www.youtube.com/watch?v=vfkmp_i14ig,video
https://www.youtube.com/watch?v=vg7hwd9tany,video
https://www.youtube.com/watch?v=vggalvseipe,video
https://www.youtube.com/watch?v=vgmk-k332ha,video
https://www.youtube.com/watch?v=vgnyomtop4s,video
https://www.youtube.com/watch?v=vgq5gxkhcwa,video
https://www.youtube.com/watch?v=vgrr8xf8a58,video
https://www.youtube.com/watch?v=vgtsxnvhpru,video
https://www.youtube.com/watch?v=vh7yz9oimvs,video
https://www.youtube.com/watch?v=vhr0tbykfvm,video
https://www.youtube.com/watch?v=vht7pf74y1g,video
https://www.youtube.com/watch?v=vi7vm8_pueo,video
https://www.youtube.com/watch?v=vihxkqmoeou,video
https://www.youtube.com/watch?v=vili52j__we,video
https://www.youtube.com/watch?v=vilrzh1jdvy,video
https://www.youtube.com/watch?v=vimvlz7zwjs,video
https://www.youtube.com/watch?v=vjgcl0ed5lu,video
https://www.youtube.com/watch?v=vk-qrqssgjw,video
https://www.youtube.com/watch?v=vk8xtxl7qi4,video
https://www.youtube.com/watch?v=vkhlioawile,video
https://www.youtube.com/watch?v=vkhpstihg7o,video
https://www.youtube.com/watch?v=vkiw1pkgxtu,video
https://www.youtube.com/watch?v=vlaff_513sq,video
https://www.youtube.com/watch?v=vlbx2djlxra,video
https://www.youtube.com/watch?v=vleoa9h5uma,video
https://www.youtube.com/watch?v=vlhjrtswkje,video
https://www.youtube.com/watch?v=vlhprshezq0,video
https://www.youtube.com/watch?v=vlj9zpk_tew,video
https://www.youtube.com/watch?v=vlndjlwkvuo,video
https://www.youtube.com/watch?v=vlrywuqezsk,video
https://www.youtube.com/watch?v=vlwgotnd1ok,video
https://www.youtube.com/watch?v=vlx10ubmtqm,video
https://www.youtube.com/watch?v=vlytldmbpzm,video
https://www.youtube.com/watch?v=vm8wjgtr234,video
https://www.youtube.com/watch?v=vm9c98kjgvs,video
https://www.youtube.com/watch?v=vnwitrkqcgw,video
https://www.youtube.com/watch?v=vnwzdywirdo,video
https://www.youtube.com/watch?v=voh9pao4k1w,video
https://www.youtube.com/watch?v=vojt6zq2a9m,video
https://www.youtube.com/watch?v=vonvhaeu4io,video
https://www.youtube.com/watch?v=vpkeyjbx6dw,video
https://www.youtube.com/watch?v=vpozd_5tnku,video
https://www.youtube.com/watch?v=vq2ijrpcsgw,video
https://www.youtube.com/watch?v=vq93tghumb0,video
https://www.youtube.com/watch?v=vq_ycijcmeu,video
https://www.youtube.com/watch?v=vqv22aszadw,video
https://www.youtube.com/watch?v=vr7az4fxwfa,video
https://www.youtube.com/watch?v=vrawdwype1u,video
https://www.youtube.com/watch?v=vsccsa-fbn4&vl=pt-br,video
https://www.youtube.com/watch?v=vuny1x21egq,video
https://www.youtube.com/watch?v=vurihohtf0a,video
https://www.youtube.com/watch?v=vvnfstnhj0g,video
https://www.youtube.com/watch?v=vvrggqvu8lg,video
https://www.youtube.com/watch?v=vwgubgmjtg4,video
https://www.youtube.com/watch?v=vwubhajlcrq,video
https://www.youtube.com/watch?v=vx2xiuj44ty,video
https://www.youtube.com/watch?v=vx7ynph_awo,video
https://www.youtube.com/watch?v=vxo-erviyk0,video
https://www.youtube.com/watch?v=vyjbgdhb9bw,video
https://www.youtube.com/watch?v=vynedltoyhy,video
https://www.youtube.com/watch?v=vypenyndj3u,video
https://www.youtube.com/watch?v=vyvc6rom-p4,video
https://www.youtube.com/watch?v=vze0bohjwvk,video
https://www.youtube.com/watch?v=w-l3gnj1fbu,video
https://www.youtube.com/watch?v=w-oavlrh-js,video
https://www.youtube.com/watch?v=w-p-5coi6om,video
https://www.youtube.com/watch?v=w0ad9iwpc1i,video
https://www.youtube.com/watch?v=w0lvq4tc_jq,video
https://www.youtube.com/watch?v=w1gmvlaqy30,video
https://www.youtube.com/watch?v=w1lgp16ioso,video
https://www.youtube.com/watch?v=w238a4rdwku,video
https://www.youtube.com/watch?v=w2k5rj6v-tk,video
https://www.youtube.com/watch?v=w2pmqok7odu,video
https://www.youtube.com/watch?v=w6wg5dqacba,video
https://www.youtube.com/watch?v=w6x50ma-na4,video
https://www.youtube.com/watch?v=w7kyvuohg9k,video
https://www.youtube.com/watch?v=w8vrkwear5w,video
https://www.youtube.com/watch?v=w9-hsqcbdyg,video
https://www.youtube.com/watch?v=w__wr1euy10,video
https://www.youtube.com/watch?v=w_rwl0lcszk,video
https://www.youtube.com/watch?v=wab8icoqvqw,video
https://www.youtube.com/watch?v=waklkj_4oam,video
https://www.youtube.com/watch?v=wakncasrevi,video
https://www.youtube.com/watch?v=wb9on1720ws,video
https://www.youtube.com/watch?v=wb_ocxjtf9a,video
https://www.youtube.com/watch?v=wcb_0rzte4m,video
https://www.youtube.com/watch?v=wcyvd4npid4,video
https://www.youtube.com/watch?v=wd35dvnl4mo,video
https://www.youtube.com/watch?v=wd5jkcxatys,video
https://www.youtube.com/watch?v=wdf5rrbr25y,video
https://www.youtube.com/watch?v=wdhxhlblyko,video
https://www.youtube.com/watch?v=wdkjl71cse0,video
https://www.youtube.com/watch?v=we5oypcr3wq&vl=en-us,video
https://www.youtube.com/watch?v=webghu0epao,video
https://www.youtube.com/watch?v=wefsvtkwxzw,video
https://www.youtube.com/watch?v=wegvfmlravm,video
https://www.youtube.com/watch?v=wfctcfn43gq,video
https://www.youtube.com/watch?v=wfrsanscsy0,video
https://www.youtube.com/watch?v=wfwyngjpvmk,video
https://www.youtube.com/watch?v=wg7o1zlimaq,video
https://www.youtube.com/watch?v=wgaxa1zsce8,video
https://www.youtube.com/watch?v=wglxiwmuzx0,video
https://www.youtube.com/watch?v=wh1ovrllccy,video
https://www.youtube.com/watch?v=whcochfpsmk,video
https://www.youtube.com/watch?v=whdarpor9j4,video
https://www.youtube.com/watch?v=whgyeu_kvuu,video
https://www.youtube.com/watch?v=wif_mjppmuw,video
https://www.youtube.com/watch?v=wihdwamonne,video
https://www.youtube.com/watch?v=wj9-zc5m-3g,video
https://www.youtube.com/watch?v=wj_ud3r7s2i,video
https://www.youtube.com/watch?v=wjj_0iomqds,video
https://www.youtube.com/watch?v=wk_mhyinu5o,video
https://www.youtube.com/watch?v=wltvebxjgua,video
https://www.youtube.com/watch?v=wmbskzyxnkq,video
https://www.youtube.com/watch?v=wmbvpvl5ixq,video
https://www.youtube.com/watch?v=wmoogkiajy8,video
https://www.youtube.com/watch?v=wnnp2u-ii7a,video
https://www.youtube.com/watch?v=wnozra089-u,video
https://www.youtube.com/watch?v=wnt19qigwzu,video
https://www.youtube.com/watch?v=wogp4b-fmzc,video
https://www.youtube.com/watch?v=woqx--qqu8e,video
https://www.youtube.com/watch?v=wos26uni1lo,video
https://www.youtube.com/watch?v=wp8nwrr0fdg,video
https://www.youtube.com/watch?v=wpi90oyp-ku,video
https://www.youtube.com/watch?v=wpiqhmulgv0,video
https://www.youtube.com/watch?v=wpxq3438m2e,video
https://www.youtube.com/watch?v=wpxzbooeuno,video
https://www.youtube.com/watch?v=wqeiibjnwlu,video
https://www.youtube.com/watch?v=wrhmgrw6e8o,video
https://www.youtube.com/watch?v=wrlpyarcvoy,video
https://www.youtube.com/watch?v=wrmhce5u5zq,video
https://www.youtube.com/watch?v=wsauugriqdg,video
https://www.youtube.com/watch?v=wsgiohrvfru,video
https://www.youtube.com/watch?v=wsnryt6wgno,video
https://www.youtube.com/watch?v=wt39zkekmpc,video
https://www.youtube.com/watch?v=wtlkr6yjfik,video
https://www.youtube.com/watch?v=wtluk14hygq,video
https://www.youtube.com/watch?v=wu0wjpzd6xm,video
https://www.youtube.com/watch?v=wur8wk88wfk,video
https://www.youtube.com/watch?v=wv-b3b8-0kw,video
https://www.youtube.com/watch?v=wvouaone_fg,video
https://www.youtube.com/watch?v=wvxtyn5qmeg,video
https://www.youtube.com/watch?v=wvyxgfgxymo,video
https://www.youtube.com/watch?v=wwqffxbueta,video
https://www.youtube.com/watch?v=wwsls3whkr4,video
https://www.youtube.com/watch?v=wx_kt-ujgv4,video
https://www.youtube.com/watch?v=wxuzlo3jsaq,video
https://www.youtube.com/watch?v=wy7uefcl5pu,video
https://www.youtube.com/watch?v=wygdte2bo1a,video
https://www.youtube.com/watch?v=wypume5xb_y,video
https://www.youtube.com/watch?v=wzboefssirm,video
https://www.youtube.com/watch?v=wzdrbcxfhsc,video
https://www.youtube.com/watch?v=wzhj9s6axuo,video
https://www.youtube.com/watch?v=x-oswkdi03s,video
https://www.youtube.com/watch?v=x-t55a5txo8,video
https://www.youtube.com/watch?v=x0c6ajsldla,video
https://www.youtube.com/watch?v=x0ysaf-sy1w,video
https://www.youtube.com/watch?v=x3jpj5mzaum,video
https://www.youtube.com/watch?v=x3rrxounv3c,video
https://www.youtube.com/watch?v=x3xrbytjs_u,video
https://www.youtube.com/watch?v=x4olbdnajny,video
https://www.youtube.com/watch?v=x5brrqxgpj0,video
https://www.youtube.com/watch?v=x60nwrjznfa,video
https://www.youtube.com/watch?v=x6h26s9c1ik,video
https://www.youtube.com/watch?v=x7hlfhab8li,video
https://www.youtube.com/watch?v=x8rctvev-3a,video
https://www.youtube.com/watch?v=x9eediauknk,video
https://www.youtube.com/watch?v=x_sssjerd6u,video
https://www.youtube.com/watch?v=x_wtocbahhm,video
https://www.youtube.com/watch?v=xaa99nst_cy,video
https://www.youtube.com/watch?v=xacpdmekbig,video
https://www.youtube.com/watch?v=xalguxd0lwi,video
https://www.youtube.com/watch?v=xalitvsm5sk,video
https://www.youtube.com/watch?v=xamz_px5xya,video
https://www.youtube.com/watch?v=xb0lrt2wv5s,video
https://www.youtube.com/watch?v=xbevayrgpw8,video
https://www.youtube.com/watch?v=xbjc05a56r8,video
https://www.youtube.com/watch?v=xbwlunbvglk,video
https://www.youtube.com/watch?v=xcinead_mwk,video
https://www.youtube.com/watch?v=xcn1tzvnlp4,video
https://www.youtube.com/watch?v=xcr7bz3udvs,video
https://www.youtube.com/watch?v=xcrzprbnh-s,video
https://www.youtube.com/watch?v=xdbjl7fr-3k,video
https://www.youtube.com/watch?v=xejgsql9s4o,video
https://www.youtube.com/watch?v=xesz7suzvso,video
https://www.youtube.com/watch?v=xetgmdrkqty,video
https://www.youtube.com/watch?v=xezbw-csroi,video
https://www.youtube.com/watch?v=xf5tqo9xo8g,video
https://www.youtube.com/watch?v=xfehtyfz0jo,video
https://www.youtube.com/watch?v=xfpfdlel0rk,video
https://www.youtube.com/watch?v=xfr000bkzck,video
https://www.youtube.com/watch?v=xfxt4psnoym,video
https://www.youtube.com/watch?v=xg1tpbo-s6i,video
https://www.youtube.com/watch?v=xg_wtar7om0,video
https://www.youtube.com/watch?v=xggli9pshlu,video
https://www.youtube.com/watch?v=xgyljc_ihmg,video
https://www.youtube.com/watch?v=xheoes36rvc,video
https://www.youtube.com/watch?v=xhfselmxxx8,video
https://www.youtube.com/watch?v=xhglv-e7ebw,video
https://www.youtube.com/watch?v=xhrwgv5n73w,video
https://www.youtube.com/watch?v=xidivs8joli,video
https://www.youtube.com/watch?v=xigx9jln-by,video
https://www.youtube.com/watch?v=xijrqnlcula,video
https://www.youtube.com/watch?v=xiqsuoans7q,video
https://www.youtube.com/watch?v=xiztxssmioe,video
https://www.youtube.com/watch?v=xj23yljrqqk,video
https://www.youtube.com/watch?v=xjbjm4x-u7e,video
https://www.youtube.com/watch?v=xjj0iodrw5a,video
https://www.youtube.com/watch?v=xjotno4vuxm,video
https://www.youtube.com/watch?v=xkn6qgmenne,video
https://www.youtube.com/watch?v=xm0a24xw-d8,video
https://www.youtube.com/watch?v=xmpf1aniryw,video
https://www.youtube.com/watch?v=xmxkosyw7hi,video
https://www.youtube.com/watch?v=xn--zhwbneu,video
https://www.youtube.com/watch?v=xncy8xzwtvk,video
https://www.youtube.com/watch?v=xnefz51jhkg,video
https://www.youtube.com/watch?v=xnmh33hs3gk,video
https://www.youtube.com/watch?v=xo0sdhnywqi,video
https://www.youtube.com/watch?v=xod7ziyxts4,video
https://www.youtube.com/watch?v=xodg8db6phe,video
https://www.youtube.com/watch?v=xogfnfiddr4,video
https://www.youtube.com/watch?v=xooba59r2iu,video
https://www.youtube.com/watch?v=xoywk6vo6_a,video
https://www.youtube.com/watch?v=xpu_3hc6opa,video
https://www.youtube.com/watch?v=xq9c6hogana,video
https://www.youtube.com/watch?v=xqbt3osrpm0,video
https://www.youtube.com/watch?v=xqhxy4q_qds,video
https://www.youtube.com/watch?v=xqog-tbcklk,video
https://www.youtube.com/watch?v=xrid6dewkoe,video
https://www.youtube.com/watch?v=xsbsgddqyrg,video
https://www.youtube.com/watch?v=xseheqh3wp0,video
https://www.youtube.com/watch?v=xslvzxwcm1i,video
https://www.youtube.com/watch?v=xt_w4towpwm,video
https://www.youtube.com/watch?v=xtauf2bhdgq,video
https://www.youtube.com/watch?v=xtzvbmz7lpy,video
https://www.youtube.com/watch?v=xu9s33t6wae,video
https://www.youtube.com/watch?v=xuom4pxzbgq,video
https://www.youtube.com/watch?v=xv806optufa,video
https://www.youtube.com/watch?v=xvgci9lb2rc,video
https://www.youtube.com/watch?v=xwpeyhbzor0,video
https://www.youtube.com/watch?v=xwvikqlz4qu,video
https://www.youtube.com/watch?v=xwwwi0w_pl0,video
https://www.youtube.com/watch?v=xx-bysr9edq,video
https://www.youtube.com/watch?v=xx6_dfmhvui,video
https://www.youtube.com/watch?v=xx6rfakaqp0,video
https://www.youtube.com/watch?v=xx_hdbrbpg0,video
https://www.youtube.com/watch?v=xxbn_wbv2ii,video
https://www.youtube.com/watch?v=xxxbzruqeio,video
https://www.youtube.com/watch?v=xy2cv8iiw7i,video
https://www.youtube.com/watch?v=xyalcybyhlc,video
https://www.youtube.com/watch?v=xynvm6p_u0q,video
https://www.youtube.com/watch?v=xyvb4eifzgg,video
https://www.youtube.com/watch?v=xzfrd9immbo,video
https://www.youtube.com/watch?v=xzseojnlowk,video
https://www.youtube.com/watch?v=xztznmjiywe,video
https://www.youtube.com/watch?v=y1i7nxkvko4,video
https://www.youtube.com/watch?v=y2vk2nnbotg,video
https://www.youtube.com/watch?v=y3silo4l3za,video
https://www.youtube.com/watch?v=y4wujm3snlc,video
https://www.youtube.com/watch?v=y5_ctnyesze,video
https://www.youtube.com/watch?v=y5bo5ez9g8u,video
https://www.youtube.com/watch?v=y5r-t19h8ii,video
https://www.youtube.com/watch?v=y68bu6a7pjs,video
https://www.youtube.com/watch?v=y6cefsm1mya,video
https://www.youtube.com/watch?v=y7uqxqu8ff0,video
https://www.youtube.com/watch?v=y8ar_vnjpfa,video
https://www.youtube.com/watch?v=y8kdgzvaaqa,video
https://www.youtube.com/watch?v=y9rj_x0isky,video
https://www.youtube.com/watch?v=y_szk9dmobu,video
https://www.youtube.com/watch?v=yatgy4npzxe,video
https://www.youtube.com/watch?v=yb6ikdt0b40,video
https://www.youtube.com/watch?v=ycqr31dzhz4,video
https://www.youtube.com/watch?v=ycub6r-rr38,video
https://www.youtube.com/watch?v=ycwwpprv8hq,video
https://www.youtube.com/watch?v=ycxnwvd_r_q,video
https://www.youtube.com/watch?v=yd5xsrswygu,video
https://www.youtube.com/watch?v=yd68mofilwk,video
https://www.youtube.com/watch?v=ydajqunqog0,video
https://www.youtube.com/watch?v=ydm2s6zhp6a,video
https://www.youtube.com/watch?v=ydqqvvd0xzs,video
https://www.youtube.com/watch?v=ydvxt_puo0y,video
https://www.youtube.com/watch?v=yebho7ajpds,video
https://www.youtube.com/watch?v=yeplpyqxsjc,video
https://www.youtube.com/watch?v=yer3xk9cm8g,video
https://www.youtube.com/watch?v=yexc1ms_gae,video
https://www.youtube.com/watch?v=yfeghyup6so,video
https://www.youtube.com/watch?v=yfwtii1w39c,video
https://www.youtube.com/watch?v=yg3vtbdm30w,video
https://www.youtube.com/watch?v=ygacqybr-lq,video
https://www.youtube.com/watch?v=ygf-nempeto,video
https://www.youtube.com/watch?v=ygngpw4axo0,video
https://www.youtube.com/watch?v=ygpygh4cpcu,video
https://www.youtube.com/watch?v=yhl7t92a2o8,video
https://www.youtube.com/watch?v=yi9d_33ojgk,video
https://www.youtube.com/watch?v=yi_tifbm5-4,video
https://www.youtube.com/watch?v=yii4m5204se,video
https://www.youtube.com/watch?v=yjeumejzuec,video
https://www.youtube.com/watch?v=yjlwfq4dpv8,video
https://www.youtube.com/watch?v=ykd7ofpsmve,video
https://www.youtube.com/watch?v=ylqyue5qdnu,video
https://www.youtube.com/watch?v=yme_or_-cz0,video
https://www.youtube.com/watch?v=ynu2arautei,video
https://www.youtube.com/watch?v=ypul6d-xx-m,video
https://www.youtube.com/watch?v=yq-8sgnyunq,video
https://www.youtube.com/watch?v=yq7k4ulw5to,video
https://www.youtube.com/watch?v=yq_2yo0t9dy,video
https://www.youtube.com/watch?v=yqdk5ojyeuk,video
https://www.youtube.com/watch?v=yqgfugxyh6u,video
https://www.youtube.com/watch?v=yqm8_rlwyju,video
https://www.youtube.com/watch?v=yqmm9dpptx8,video
https://www.youtube.com/watch?v=yr8edkkcyc4,video
https://www.youtube.com/watch?v=yrtxmtweyqg,video
https://www.youtube.com/watch?v=yrvkbew-h-4,video
https://www.youtube.com/watch?v=ysaflxap2eq,video
https://www.youtube.com/watch?v=yscacw1v7mi,video
https://www.youtube.com/watch?v=ysm_ercvulk,video
https://www.youtube.com/watch?v=ysnmhmyfq9g,video
https://www.youtube.com/watch?v=yt8usxkp0as,video
https://www.youtube.com/watch?v=ytczd8mlhgm,video
https://www.youtube.com/watch?v=ytga70tifgs,video
https://www.youtube.com/watch?v=ytov85jbnsk,video
https://www.youtube.com/watch?v=yuepcf3ktkq,video
https://www.youtube.com/watch?v=yuki9d7x1aa,video
https://www.youtube.com/watch?v=yux2uejz1yk,video
https://www.youtube.com/watch?v=yuxdwomyedw,video
https://www.youtube.com/watch?v=yv1qdx9z5ti,video
https://www.youtube.com/watch?v=yvmut9gjirq,video
https://www.youtube.com/watch?v=yvric65zbu4,video
https://www.youtube.com/watch?v=yvtwc5x3s_q,video
https://www.youtube.com/watch?v=ywlb4dcq3aa,video
https://www.youtube.com/watch?v=ywn8ipvgo6o,video
https://www.youtube.com/watch?v=yxricmuzpk4,video
https://www.youtube.com/watch?v=yxrydrjk_xc,video
https://www.youtube.com/watch?v=yya1vffjlss,video
https://www.youtube.com/watch?v=yyfvmgq1uac,video
https://www.youtube.com/watch?v=yyhoci-zqm4,video
https://www.youtube.com/watch?v=yyoxqsx4sog,video
https://www.youtube.com/watch?v=yyu0-qsfpcm,video
https://www.youtube.com/watch?v=yyu3bxyc_ou,video
https://www.youtube.com/watch?v=z-csvtrnxne,video
https://www.youtube.com/watch?v=z-slh10ss8e,video
https://www.youtube.com/watch?v=z1tkqau4f74,video
https://www.youtube.com/watch?v=z5a0x6gcovs,video
https://www.youtube.com/watch?v=z7dsk6ewnk0,video
https://www.youtube.com/watch?v=z96gtaxcwws,video
https://www.youtube.com/watch?v=z9dklbxkzvm,video
https://www.youtube.com/watch?v=z9swtrju_oc,video
https://www.youtube.com/watch?v=z9sycbchdx4,video
https://www.youtube.com/watch?v=z_mkvjmottw,video
https://www.youtube.com/watch?v=z_wb6soyzfy,video
https://www.youtube.com/watch?v=z_z40obtcby,video
https://www.youtube.com/watch?v=za5qg1lp9ii,video
https://www.youtube.com/watch?v=zaageqhbj4k,video
https://www.youtube.com/watch?v=zagku_zm5py,video
https://www.youtube.com/watch?v=zagx8o4unvg,video
https://www.youtube.com/watch?v=zaqlmcg-z9e,video
https://www.youtube.com/watch?v=zaxcbsp2pgk,video
https://www.youtube.com/watch?v=zazki65u6q8,video
https://www.youtube.com/watch?v=zbrwfrtsjci,video
https://www.youtube.com/watch?v=zbunu7xkhqs,video
https://www.youtube.com/watch?v=zchrzimxi9g,video
https://www.youtube.com/watch?v=zclogory96o,video
https://www.youtube.com/watch?v=ze0yqgrx6b4,video
https://www.youtube.com/watch?v=ze_basjhcpk,video
https://www.youtube.com/watch?v=zeulbukg8ma,video
https://www.youtube.com/watch?v=zfe8ek1aiiu,video
https://www.youtube.com/watch?v=zfunjolukbq,video
https://www.youtube.com/watch?v=zfxjqupltk8,video
https://www.youtube.com/watch?v=zg7aof5iycu,video
https://www.youtube.com/watch?v=zgr_rtroyh8,video
https://www.youtube.com/watch?v=zgv1ui4jgki,video
https://www.youtube.com/watch?v=zgynties250,video
https://www.youtube.com/watch?v=zhafb16fdaq,video
https://www.youtube.com/watch?v=zheobohi3ho,video
https://www.youtube.com/watch?v=zheof-deha0,video
https://www.youtube.com/watch?v=zhfe2v_es_q,video
https://www.youtube.com/watch?v=zhoq1yz6hsc,video
https://www.youtube.com/watch?v=zhvp3bt9aa8,video
https://www.youtube.com/watch?v=zidhexqojym,video
https://www.youtube.com/watch?v=zipdlmqata0,video
https://www.youtube.com/watch?v=zisu0qf4tai,video
https://www.youtube.com/watch?v=ziswc-tjumc,video
https://www.youtube.com/watch?v=zit9rcsy0eo,video
https://www.youtube.com/watch?v=zitjihbewz8,video
https://www.youtube.com/watch?v=zjbcl-ykfui,video
https://www.youtube.com/watch?v=zkarvyals10,video
https://www.youtube.com/watch?v=zkdlworz-7i,video
https://www.youtube.com/watch?v=zknqgrx6twk,video
https://www.youtube.com/watch?v=zkodtqplceg,video
https://www.youtube.com/watch?v=zkt7vrtx_xy,video
https://www.youtube.com/watch?v=zlcz_irvbai,video
https://www.youtube.com/watch?v=zm3afl49mk4,video
https://www.youtube.com/watch?v=zmjc_mhk2gg,video
https://www.youtube.com/watch?v=zngqbhvgsmu,video
https://www.youtube.com/watch?v=znizibdscyk,video
https://www.youtube.com/watch?v=znzatfmic_e,video
https://www.youtube.com/watch?v=zomy4fjn1au,video
https://www.youtube.com/watch?v=zopmd3rrw0k,video
https://www.youtube.com/watch?v=zotv6of8qqk,video
https://www.youtube.com/watch?v=zpaldouv9qm,video
https://www.youtube.com/watch?v=zppeqqfas6m,video
https://www.youtube.com/watch?v=zqipvhm_8og,video
https://www.youtube.com/watch?v=zqlakmeaepy,video
https://www.youtube.com/watch?v=zqn18c3yqra,video
https://www.youtube.com/watch?v=zqxxdqpt1vi,video
https://www.youtube.com/watch?v=zr1pz5othva,video
https://www.youtube.com/watch?v=zr5yppuxbk0,video
https://www.youtube.com/watch?v=zr9wbsip9rc,video
https://www.youtube.com/watch?v=zs_jurmujqg,video
https://www.youtube.com/watch?v=zsgwqc0h_ho,video
https://www.youtube.com/watch?v=zshdz0qqorg,video
https://www.youtube.com/watch?v=zstrbaawh2s,video
https://www.youtube.com/watch?v=ztfipk1ude4,video
https://www.youtube.com/watch?v=ztniieupubw,video
https://www.youtube.com/watch?v=ztztd0xbzu0,video
https://www.youtube.com/watch?v=zuepgvt1skq,video
https://www.youtube.com/watch?v=zupxgaj1gju,video
https://www.youtube.com/watch?v=zus0v6xttwk,video
https://www.youtube.com/watch?v=zuvuwz5snbi,video
https://www.youtube.com/watch?v=zvcvfge56ha,video
https://www.youtube.com/watch?v=zvndcnxcqdm,video
https://www.youtube.com/watch?v=zvr6a_k7rd0,video
https://www.youtube.com/watch?v=zw5a9d6smsk,video
https://www.youtube.com/watch?v=zwcw-dryiw0,video
https://www.youtube.com/watch?v=zwjnkwk0tbc,video
https://www.youtube.com/watch?v=zwsml3vlcrs,video
https://www.youtube.com/watch?v=zx70caqxva0,video
https://www.youtube.com/watch?v=zxga-cncsxi,video
https://www.youtube.com/watch?v=zxnjsvw563g,video
https://www.youtube.com/watch?v=zyjfuncffvu,video
https://www.youtube.com/watch?v=zym7baj8ye4,video
https://www.youtube.com/watch?v=zyskstusf5o,video
https://www.youtube.com/watch?v=zzxwdk0qk24,video
https://www.zeyuni.com/blog/how-to-apply-into-college-and-university,text_too_short
https://www.zillow.com/homedetails/3325-slate-river-dr-yukon-ok-73099/453901938_zpid,broken_link
https://www.zillow.com/homedetails/5115-maumee-river-dr-sugar-land-tx-77479/453455090_zpid,broken_link
https://www.zillow.com/learn/how-to-wire-money-for-closing,broken_link
https://www.zillow.com/mortgage-calculator/closing-cost-calculator,broken_link
https://www.ziltapes.com/sticky-tape,broken_link
https://www.ziltapes.com/why-was-tape-invented,broken_link
https://www.ziprecruiter.com/career/career-coach/what-is-how-to-become,broken_link
https://www.ziprecruiter.com/career/contract-attorney/what-is-how-to-become,broken_link
https://www.ziprecruiter.com/career/marine-biologist-entry-level/what-is-how-to-become,broken_link
https://www.ziprecruiter.com/career/marine-biologist/what-is-how-to-become,broken_link
https://www.ziprecruiter.com/e/what-is-a-career-coach,broken_link
https://www.zoetisus.com/content/_assets/docs/vmips/package-inserts/vanguard_b_oral_sf.pdf,pdf
https://www.zoetisus.com/products/dogs/vanguard/vanguard-rapid-resp-b,text_too_short
https://www.zoominfo.com/c/rho---chem-corp/11043515,broken_link
https://www.zoonewengland.org/protect/around-the-globe/cross-river-gorilla-conservation,broken_link
https://www.zoonewengland.org/protect/what-you-can-do/donate-your-cell-phone-to-help-gorillas,broken_link
https://www.zoro.com/resourcehub/how-do-portable-generators-work,broken_link
https://www.zurich.com/media/magazine/2025/future-proofing-renewables-in-the-face-of-extreme-weather,text_too_short
https://www2.hm.com/en_us/men/products/suits-blazers.html,broken_link
https://www2.johnrichmond.com/download_pdfs/wp5dat/4421314/howtofindmymedicarenumber.pdf,pdf
https://www3.epa.gov/pesticides/chem_search/ppls/001258-01328-20250620.pdf,pdf
https://www4.acenet.edu/combine-multiple-rows-into-one-row-in-excel,broken_link
https://www4.acenet.edu/controlled-variable-meaning,broken_link
https://www4.acenet.edu/good-gluten-free-bread,broken_link
https://www4.acenet.edu/how-to-separate-last-name-and-first-name-in-excel,broken_link
https://www4.acenet.edu/squid-game-parents-guide,broken_link
https://www4.acenet.edu/squid-game-player-388,broken_link
https://wwwcdn.imo.org/localresources/en/ourwork/safety/documents/titanic.pdf,pdf
https://x.com/ace_yo_bloom/status/1938232164933632246,broken_link
https://x.com/amitisinvesting/status/1938315740303458541,broken_link
https://x.com/asimo3089,broken_link
https://x.com/auxiyar/status/1938096171261829421,broken_link
https://x.com/cazzli/status/1936755765110255964,broken_link
https://x.com/civillearning1/status/1785242339864400004,broken_link
https://x.com/cowhercbs,broken_link
https://x.com/digimon_tcg_en/status/1938266013616816268,broken_link
https://x.com/drewbrees,broken_link
https://x.com/falconstable/status/1935322176351310089,broken_link
https://x.com/fortnitefnlk/status/1938342110564126778,broken_link
https://x.com/fresh,broken_link
https://x.com/gisellaesthetic/status/1938171696340726128,broken_link
https://x.com/joebiden,broken_link
https://x.com/josheakle/status/1937714752953647559,broken_link
https://x.com/ltgovtx/status/1937275707190591669,broken_link
https://x.com/mattshumer_/status/1702373805811769509,broken_link
https://x.com/mayoroflondon/status/1938201943911927971,broken_link
https://x.com/nobelprize/status/1937077692874084382,broken_link
https://x.com/realxavier011/status/1937212798796202248,broken_link
https://x.com/robbysoave/status/1937929036891660350,broken_link
https://x.com/rohanpaul_ai/status/1744377700590965071,broken_link
https://x.com/simon_hypixel/status/1937845322039873916,broken_link
https://x.com/tieflingmelissa,broken_link
https://x.com/vajrayudha11/status/1679856763263242240,broken_link
https://x.com/valorantupdated,broken_link
https://x.com/warthognetwork/status/1938256859644981357,broken_link
https://x.com/windowsupdate,broken_link
https://xcelnote.com/how-to-combine-text-from-two-or-more-cells-into-one-cell-in-excel,broken_link
https://yangjiera.github.io/pdf/low-rank.pdf,pdf
https://yasuoaraki.ca/cheat-the-forest-ps4,broken_link
https://yourlogicalfallacyis.com,broken_link
https://za.pinterest.com/khadijamoshi/boat-cruise,video
https://zbib.org,text_too_short
