url,ai_class,confidence
http://blog.thelaptopfactory.co.uk/how-long-does-it-take-to-charge-a-new-laptop-battery,Human,1
http://coinapps.com/gold/coin/calculator,Human,0.9971
http://coinapps.com/gold/scrap/calculator,Human,0.9995
http://eddca.d4go.com/tricks-to-get-through-to-california-unemployment/first-post,Human,1
http://eddca.d4go.com/tricks-to-get-through-to-california-unemployment/trick-to-get-ca-edd,Human,1
http://emmbiome.eu,AI,1
http://english.eastday.com/english/e/voy1/u1a4043744.html,Human,1
http://extension.msstate.edu/publications/gladiolus-for-the-farmer-florist,Human,0.9849
http://igcp.org,Human,0.9995
http://js.cytoscape.org,Human,0.9995
http://lso.ca/lawyers/equity-supports-resources/contract-registry/tips-for-hiring-a-contract-lawyer-or-paralegal,Human,0.9932
http://nucor.com,Human,0.999
http://sac.edu/academicprogs/hst/ota/pages/equivalent-biology-courses.aspx,Human,0.999
http://thoughtfullearning.com/inquirehsbook/pg408,Human,0.9951
http://uk.help.yahoo.com/kb/sln3017.html,Human,0.9995
http://vegetariantourist.com,AI,0.999
http://videos.mathtutordvd.com/detail/videos/ti-84-calculator-tutor/video/fps0fwiwzjw/ti-84-calculator---14---using-the-equation-solver,Human,0.9902
http://videos.mathtutordvd.com/detail/videos/ti-84-calculator-tutor/video/soywyvnpx2e/ti-84-calculator---10---calculating-derivatives-and-integrals,Human,0.9902
http://videos.mathtutordvd.com/detail/videos/ti-84-calculator-tutor/video/zcksbi3eowu/ti-84-calculator---03---basic-arithmetic-and-exponents,Human,0.9902
http://www.accessmedicinenetwork.com/users/261999-gerard-doherty/posts/extracranial-cerebrovascular-disease,Human,0.9976
http://www.bccancer.bc.ca/health-info/coping-with-cancer/managing-symptoms-side-effects/constipation-caused-by-your-medications,Human,0.9951
http://www.bccdc.ca/health-info/diseases-conditions/pubic-lice,Human,0.998
http://www.bccdc.ca/health-professionals/clinical-resources/covid-19-care/covid-19-vaccinations/thrombosis-with-thrombocytopenia-syndrome,Human,0.998
http://www.birdchick.com/blog/2021/1/23/cicadas,Human,1
http://www.centralcreditregister.ie,Human,0.998
http://www.chocolateandquinoa.com/gluten-free-bread-that-looks-tastes-like-bread-pain-sans-gluten,Human,1
http://www.churchleadership.org,Human,0.9995
http://www.compciv.org/guides/python/fundamentals/function-definitions,Human,0.9995
http://www.dpcalc.org,Human,0.9995
http://www.flgov.com,Human,0.9995
http://www.hallbrooke.org/health-wellness/health-resources/health-library/detail,Human,0.998
http://www.historyshistories.com/silk-road-city-links.html,Human,0.998
http://www.hud.gov/stat/cfo/budget,Human,0.9985
http://www.janactivetherapy.com/blog/2017/2/27/what-is-dry-needling,Human,1
http://www.kathrynsturges.com/home/2022/6/20/7-tips-for-starting-a-fashion-upcycling-business,Human,0.9995
http://www.kevinconvery.com,Human,0.9976
http://www.ou.edu/cas/biology/undergraduate-studies/human_anatomy-physiology.html,Human,0.9995
http://www.profmarkbaker.com/blog/2022/6/1/jesus-carpenter-or-construction-worker,Human,0.9995
http://www.rachelvalliere.ca/gmwb-guaranteed-minimum-withdrawal-benefits.html,Human,0.999
http://www.sacred-destinations.com/israel/cana,Human,0.999
http://www.valeriesudol.com/blog/2018/5/17/morning-glories-evening-splendors,Human,0.9995
http://www.webmd.com/cholesterol-management/lowering-triglyceride-levels,Human,0.999
http://yago-knowledge.org/resource/thought_disorder,Human,0.9761
http://zipmagic.co,Human,0.9995
https://10web.io/tools/slogan-generator/catchy,AI,0.9927
https://1111systems.com,Human,0.9863
https://1836farms.com,Human,0.9995
https://1to1help.net/burnout-meaning,AI,0.9966
https://1v9.gg/blog/valorant-not-updating-fixed,AI,1
https://1v9.gg/blog/valorant-not-updating-stuck-at-0-fixed,AI,0.9971
https://3ds.hacks.guide/installing-boot9strap-(mset9-cli).html,Human,0.9956
https://3quarksdaily.com,Human,0.9995
https://4.myeducator.com/reader/web/1162i/topic1/io75z,Human,0.9702
https://4sysops.com/archives/install-minikube-on-windows,Human,0.9961
https://4sysops.com/archives/install-minikube-to-get-started-with-kubernetes,Human,0.9966
https://4sysops.com/archives/windows-11-taskbar-remove-chat-icon-customize-search-field-with-group-policy,Human,0.9995
https://5e.tools,Human,0.9995
https://600cc.org/threads/calculus-derivatives-program-for-ti-84.28245/post-383199,Human,0.9995
https://aa.usno.navy.mil/faq/moon_phases,Human,0.999
https://aakp.org/center-for-patient-research-and-education/hyperkalemia,Human,0.9897
https://aakp.org/food-for-thought-managing-your-potassium-intake-how-much-is-too-much,Human,0.9995
https://abide.com/blog/15-bedtime-prayers-to-bring-you-lasting-peace,AI,0.999
https://abide.com/blog/5-powerful-morning-prayers-to-start-your-day,Human,0.9912
https://abilitynet.org.uk/news-blogs/11-ways-use-technology-reduce-social-isolation,Human,0.9995
https://abilitynet.org.uk/news-blogs/9-useful-apps-people-who-are-ddeaf-or-have-hearing-loss,Human,0.9995
https://about.instagram.com/features/direct,Human,0.999
https://accaircharterusa.com/formula-1-drivers-and-their-private-jets,AI,0.9995
https://accountinginsights.org/accounting-general-ledger-what-it-is-how-it-works,AI,0.9995
https://accountinginsights.org/what-is-cost-volume-profit-analysis-and-how-does-it-work,AI,1
https://accuplacer.collegeboard.org,Human,0.9995
https://acqnotes.com/acqnote/tasks/schedule-variances,Human,0.9902
https://act.wemove.eu/campaigns/stop-glyphosate,Human,1
https://actiosoftware.com/en/do-you-want-to-know-how-to-properly-give-feedback-to-your-manager,Human,0.9976
https://activecalls.henrico.gov,Human,0.9766
https://adigitalboom.com/guides/what-is-discord-server-boost-how-it-works,Human,0.9995
https://advantaclean.com/ft-lauderdale-fl/about-us/blog/how-long-does-it-take-to-get-sick-from-mold-exposure,AI,1
https://adventuresinkinderandbeyond.com/2021/06/champs-behavior-management.html,Human,0.999
https://africa.espn.com/mlb/story/_/id/45575126/2025-mlb-pitcher-wins-paul-skenes-new-formula-game-scores-analytics,Human,0.999
https://aioseo.com/seo-guide-nofollow-sponsored-ugc-links,Human,0.998
https://akshayakalpa.org,Human,0.9995
https://alerrt.org,Human,1
https://alg.manifoldapp.org/read/open-technical-communication/section/abe5e45c-b896-44a6-b5eb-bc5bdc96eca7,Human,0.9556
https://alicebell.substack.com/p/understanding-retrograde-planets,Human,0.9995
https://all-tigers.com/en/blogs/tips/maquillage-des-yeux-bleus-makeup-blue-eyes,Human,0.998
https://allaboutpdf.com/blog/2019/3/4/how-to-turn-anything-into-a-pdf-on-your-iphone-or-ipad,Human,0.9907
https://allnurses.com/is-anatomy-physiology-harder-easier-t507343,Human,0.9932
https://allwaysflower.com/how-and-when-to-prune-butterfly-bush-buddleia,AI,1
https://almalinux.org,Human,0.9985
https://alumni.iu.edu/career-development/coaching/index.html,Human,0.9932
https://alwaysontheshore.com/top-things-that-make-florida-unique,AI,0.8091
https://amandakatherine.com/blog/how-to-measure-curtain-sizes,Human,0.9971
https://amazingsmiles.com.au/burning-mouth-syndrome-causes-and-treatment,AI,0.999
https://americanmedtech.org,Human,0.9966
https://americanprofessionguide.com/industrial-and-systems-engineering,AI,1
https://amongbrendasquilts.com/upcycle-clothing-from-your-own-closet-or-a-thrift-store,Human,1
https://anchorhanger.com/password,AI,0.9751
https://ancorapublishing.com/product/champs-third-edition,Human,0.9727
https://andreadekker.com/purging-versus-organizing,Human,0.999
https://andreashelley.com/blog/all-about-birthstones-learn-meaning-color-by-month,AI,0.998
https://angelamariemade.com/does-painting-floor-tiles-last,Human,0.9995
https://anikins.weebly.com/biography.html,Human,0.9995
https://animaldentalspecialists.com/is-it-normal-for-my-dog-to-still-have-puppy-teeth,AI,1
https://animefreakjapan.com/fruits-basket-complete-guide-viewing-order-and-highlights-explained,Human,0.6646
https://answers.childrenshospital.org/benjamin-stricture,Human,0.9995
https://answers.childrenshospital.org/martin-luther-king-leadership,Human,0.9858
https://answers.webroot.com/webroot/ukp.aspx,Human,0.9873
https://answeryourtech.com/how-to-add-a-solid-line-in-word-a-simple-guide-for-microsoft-users,AI,1
https://antimatter-dimensions.fandom.com/wiki/guide,Human,0.9971
https://aocphysicians.com/why-your-voice-sounds-different-on-a-recording,Human,0.9985
https://apexcharts.com/docs/chart-types/line-chart,Human,0.9995
https://apexminecrafthosting.com/list-of-commands-for-the-forest,Human,0.9927
https://apexminecrafthosting.com/making-a-nether-wart-farm,Human,0.9141
https://apextransfers.com/blog/heat-sublimation,AI,1
https://apinchofadventure.com/what-to-serve-with-lobster-bisque,Human,0.9907
https://apinchofadventure.com/what-to-serve-with-lobster-ravioli,Human,0.96
https://aplu-prod.s3.amazonaws.com/video/mcgtacticalsidewindertacticalsling/mcgtacticalsidewindertacticalslingreviews-u67fa.html,AI,0.9966
https://aplu-prod.s3.amazonaws.com/video/mcgtacticalsidewindertacticalsling/mcgtacticalsidewindertacticalslingreviews2025-e0ana.html,AI,1
https://apnews.com/article/drew-brees-saints-df2ae238377794f1d6b286f74b3b2915,Human,0.9985
https://apnews.com/article/fact-checking-9928835790,Human,0.9985
https://apnews.com/article/market-rates-trump-tariffs-d86db525c370e9da834e6dfb76e23b86,Human,0.9971
https://apnews.com/article/one-tech-tip-drying-phones-2a173bc38f2f188e35e3487b27f9da32,Human,0.9961
https://apnews.com/article/stocks-markets-rates-tariffs-52dbb020a4c41122e31669c2da236d67,Human,0.998
https://app.dododex.com/admin-commands,Human,0.9907
https://app.knovel.com/uc,Human,0.9976
https://app.scalegrowth.ai/p/scalegrowth/resource/i/723b4d75-719b-4b01-98aa-79ceace9aee5,Human,0.998
https://appletoolbox.com/macbook-how-to-reset-your-mac-password-from-the-terminal,Human,0.999
https://applygodsword.com/why-does-god-love-you-3-reasons-god-loves-you-so-much,Human,0.9995
https://apps.apple.com/ro/app/planetary-retrogrades/id6468492086,AI,1
https://apps.apple.com/us/app/amazon-kindle/id302584613,Human,0.9985
https://apps.apple.com/us/app/fantastic-beasts-and-where-to-find-them-stickers/id1210686038,Human,0.9995
https://apps.apple.com/us/app/google-sheets/id842849113,Human,0.9995
https://apps.apple.com/us/app/link-to-windows/id6443686328,Human,0.9985
https://apps.apple.com/us/app/live-voice-changer-prankcall/id1283337558,Human,1
https://apps.apple.com/us/app/microsoft-excel/id462058435,Human,0.9922
https://apps.apple.com/us/app/netflix/id363590051,Human,0.9956
https://apps.apple.com/us/app/onedrive/id823766827,Human,1
https://apps.apple.com/us/app/pdf-maker-converter-scanner/id926117012,Human,0.999
https://apps.apple.com/us/app/squid-game-unleashed/id6498719476,Human,0.999
https://apps.apple.com/us/app/vlc-media-player/id650377962,Human,0.9995
https://apps.apple.com/us/app/voice-changer-plus/id339440515,Human,1
https://apps.apple.com/us/app/wishes-stickers-for-imessage/id1263912124,Human,1
https://aqualivingstores.com,Human,0.9995
https://ar.pinterest.com/pin/799811215109177269,Human,0.9873
https://araali-networks-api.readthedocs.io/en/latest/guide_getting_started_minikube_macbook.html,Human,0.9995
https://archive.cdc.gov/www_cdc_gov/ncezid/stories-features/global-stories/champs-program.html,Human,0.9995
https://ark.fandom.com/wiki/kibble,Human,0.9966
https://articles.mercola.com/sites/articles/archive/2024/02/15/how-organic-is-your-organic-milk.aspx,Human,0.9971
https://artroomhappenings.com/2021/05/25/sand-clay,Human,1
https://arxiv.org/abs/1411.5453,Human,0.9995
https://arxiv.org/abs/2208.10183,Human,0.9995
https://arxiv.org/abs/2306.12418,Human,0.9995
https://asc.army.mil/web/faqs/atap-fiscal-year,Human,0.9795
https://ascc.wsu.edu/channels/career-coaching,Human,0.999
https://ascendantusa.com/2024/08/29/how-to-archive-in-outlook-365,AI,0.8447
https://ascendantusa.com/2024/11/06/how-to-archive-emails-in-outlook,AI,0.9976
https://ashley315.substack.com/p/the-feast-of-the-conversion-of-st,AI,1
https://asianbeautyessentials.com/blogs/the-idol-beauty-blog/best-lipstick,Human,0.9985
https://asiasociety.org/geographical-setting-silk-roads,Human,0.9995
https://asimplepalate.com/blog/10-minute-naan-pizza,Human,0.9995
https://asimplepalate.com/blog/chicken-parmigiana,Human,0.9985
https://asimplepalate.com/blog/san-marzano-tomato-sauce,Human,0.9995
https://askannamoseley.com/2015/08/how-to-clean-oven-glass-so-it-looks-brand-new,Human,0.9995
https://askjohnmackay.com/keturah-is-called-a-concubine-and-a-wife-when-did-abraham-marry-her-and-when-were-her-children-born,Human,0.999
https://askthefoodgeek.com/harvest-asparagus,Human,0.9995
https://asligrill.com/shawarma,Human,0.9961
https://asset-sherlockbot.adobe.com/squid-game-parents-guide,AI,1
https://assetstore.unity.com,AI,0.9766
https://atas.net/technical-analysis/double-top-and-double-bottom-in-trading,Human,0.999
https://atlasos.net,Human,0.999
https://atriumdental.net/blogs/medicine/regrowing-gum-tissue,Human,0.9995
https://attane-health.com/shop/biscoff-cookie-butter-spread-peanut-butter-alternative-crunchy-13-4-oz-case-of-8,Human,0.9956
https://attorneys.media/public-safety,AI,0.9849
https://au.indeed.com/career-advice/career-development/concat-excel,AI,0.9995
https://au.lifestyle.yahoo.com/countess-drag-queen-walk-piano-175044616.html,Human,0.9995
https://au.lifestyle.yahoo.com/what-went-wrong-between-liev-schreiber-and-naomi-watts-32737509.html,Human,1
https://au.pinterest.com/bridalshower4u/bridal-shower-favors,Human,0.9995
https://auslan.org.au/dictionary/words/hello-1.html,Human,0.9956
"https://austinregionalclinic.staywellsolutionsonline.com/wellness/smoking/167,osmolality_blood",Human,0.9893
https://ausvaxsafety.org.au/adverse-event-special-interest-aesi-long-term-follow-program/thrombosis-thrombocytopenia-syndrome,Human,0.9932
https://autos.yahoo.com/oscar-piastri-says-no-team-225800054.html,Human,0.9985
https://autos.yahoo.com/takes-build-tesla-supercharger-dc-fast-charging-143021793.html,Human,1
https://awakeningscenter.org/sex-therapy-improve-communication-in-bed,Human,0.9966
https://aws.amazon.com/textract,Human,0.9951
https://aycd.io,Human,0.999
https://azure.microsoft.com/en-us/resources/training-and-certifications,Human,0.9419
https://backinmotionsspt.com/newsletter/why-does-my-hip-hurt-when-i-walk,Human,0.6606
https://bakeitwithlove.com/what-to-serve-with-lobster,Human,0.999
https://bancorpinsurance.com/medicare-number,Human,0.9976
https://bartstreeservice.com/how-to-identify-beech-trees-in-connecticut,Human,0.9995
https://basenotes.com/community/threads/blue-eyes-what-color-on-eyeshadow.194397,Human,1
https://basicsbybecca.com/blog/proactive-mindset,AI,0.9995
https://basilandbubbly.com/boiled-lobster-tails-with-garlic-lemon-butter,Human,0.9995
https://batteryguy.com/kb/knowledge-base/why-do-rechargeable-batteries-die,Human,1
https://bbs.boingboing.net/t/the-best-places-to-find-wild-magic-mushrooms-in-the-us/228919,Human,1
https://bda.org.uk/how-do-deaf-people-communicate,Human,0.9888
https://beebom.com/customize-windows-11-taskbar,Human,0.9995
https://beebom.com/how-check-graphics-card-windows-11,Human,0.9985
https://beebom.com/how-check-windows-version,Human,0.9966
https://beebom.com/how-disable-microsoft-teams-chat-icon-taskbar-windows-11,Human,0.998
https://beebom.com/how-find-nether-wart-minecraft,Human,0.9985
https://beebom.com/how-redeem-fortnite-v-bucks-gift-card,Human,0.999
https://beebom.com/how-send-stickers-imessage-iphone,Human,0.9946
https://beebom.com/how-tame-cat-minecraft,Human,0.998
https://beebom.com/how-uninstall-valorant,Human,0.9956
https://beebom.com/optimize-windows-10-for-gaming,Human,0.9995
https://beebom.com/reopen-closed-tabs-google-chrome,Human,0.9912
https://beebom.com/roblox-games-codes-list,Human,0.9941
https://beebom.com/verse-piece-codes,Human,0.9917
https://beebom.com/voice-changer-apps-discord,Human,0.999
https://bellavistachurchofchrist.com/blog/1305-what-happens-in-church,Human,0.9956
https://belurmath.org,Human,0.9824
https://benchmarkreviews.com/community/t/how-do-i-format-my-ssd-drive-properly/1127,Human,0.896
https://bestwayusa.com,Human,0.9033
https://better.com/faq/title-and-settlement-services/how-do-i-send-money-prior-to-closing,Human,0.9858
https://better.com/faq/title-and-settlement-services/is-it-safe-to-wire-money-to-a-title-company,Human,0.9868
https://betterme.world/articles/how-to-lose-neck-fat-fast-in-a-week,Human,0.9868
https://bettermoneyhabits.bankofamerica.com/en/personal-banking/teen-checking-account,Human,0.999
https://bettinardi.com,Human,0.9814
https://bevcooks.com/2012/02/fresh-lobster-with-potatoes-and-corn,Human,1
https://beverlyboy.com/filmmaking/when-is-pilot-season,Human,0.9995
https://bfsfcu.org,Human,0.9702
https://bibleproject.com/videos/vocab-insight-torah,Human,0.9922
https://bidenwhitehouse.archives.gov/administration/dr-jill-biden,Human,0.9995
https://bidenwhitehouse.archives.gov/dpc,Human,0.999
https://bigeye.ug/6-things-he-wants-you-to-say-to-him-in-bed,Human,0.9995
https://bigmaconcampus.wordpress.com/2009/07/05/reset-mac-password-the-easy-way,Human,1
https://bigronline.com/manna-pro-calf-manna,Human,0.9917
https://bioadvanced.com/extreme-crabgrass-killer.html,Human,0.9897
https://bioagecalculator.agelessrx.com,Human,0.9985
https://biodx.co/28-countries-ban-the-use-of-glyphosate-key-ingredient-in-roundup,Human,0.9995
https://bioethics.hms.harvard.edu/journal/legal-age-change,Human,0.998
https://bitkan.com/learn/rsi-formula-and-how-to-use-rsi-indicator-1845,Human,0.9927
https://blackdoctor.org/what-is-propofol,Human,0.9751
https://blinkcharging.com,Human,0.9946
https://block-display.com,Human,0.9932
https://blog.adobe.com/en/publish/2021/08/09/how-to-use-natural-light-to-enhance-your-photography,Human,0.9995
https://blog.aweber.com/learn/how-to-collect-emails-on-etsy.htm,Human,0.9995
https://blog.aweber.com/learn/how-to-get-email-addresses.htm,Human,0.9937
https://blog.brilliance.com/engagement-rings/why-are-diamonds-traditionally-used-as-engagement-rings,Human,0.999
https://blog.celtx.com/why-is-episode-called-pilot,Human,0.998
https://blog.elearnmarkets.com/double-top-and-double-bottom-pattern,Human,0.9883
https://blog.esslinger.com/glass-filled-ruby-alert,Human,0.999
https://blog.frame.io/2023/02/27/the-video-editors-guide-to-the-nvidia-control-panel,Human,0.9961
https://blog.getintocollege.com/top-5-faqs-about-all-that-college-mail,Human,0.9995
https://blog.idrenvironmental.com/dtsc-regulatory-authority-increased-manufacturers-worried,Human,0.9995
https://blog.mcmfirm.com/obtaining-social-security-benefits-for-ex-spouses-in-texas,Human,0.9976
https://blog.pamperedchef.com/food-drink/how-to-make-pizza-crust,Human,0.9966
https://blog.pamperedchef.com/kitchen-tips-tools/how-to-clean-stoneware,Human,0.9946
https://blog.shoplc.com/unraveling-the-mystery-of-the-moon-and-sun-symbol,AI,0.9824
https://blog.smu.edu/itconnect/2017/08/23/using-zoom-create-quick-easy-screen-recordings-free,Human,0.9971
https://blog.sparkedhost.com/minecraft/how-to-tame-cats-in-minecraft,Human,0.7964
https://blog.theodorewatson.com/contract-attorney-how-can-they-help,Human,1
https://blog.thestatedhome.com/non-toxic-sofas,Human,0.9995
https://blog.udemy.com/how-to-get-azure-certified,Human,0.9946
https://blog.vpntracker.com/how-safe-is-pptp-vpn-and-should-i-stop-using-it,Human,0.999
https://blog.walgreens.com/health/asthma-respiratory-health/is-pneumonia-contagious.html,Human,0.9839
https://blog.walgreens.com/wellness/vitamins-supplements/biotin-for-hair-growth-can-it-help.html,Human,0.9746
https://bloggingwizard.com/reduce-pdf-size,Human,1
https://blogs.bu.edu/guidedhistory/moderneurope/tao-he,Human,0.9995
https://blogs.iadb.org/educacion/en/what-does-it-mean-to-be-a-global-citizen,Human,0.999
https://blogs.iadb.org/igualdad/en/the-importance-of-inclusive-language,Human,0.9966
https://blogs.lse.ac.uk/politicsandpolicy/is-citizen-participation-actually-good-for-democracy,Human,0.9995
https://blogs.windows.com/windows-insider/2024/02/29/ability-to-use-a-mobile-devices-camera-as-a-webcam-on-your-pc-begins-rolling-out-to-windows-insiders,Human,0.9985
https://blogs.windows.com/windows-insider/2024/10/14/releasing-windows-10-build-19045-5070-to-beta-and-release-preview-channels,Human,0.9985
https://boards.straightdope.com/t/common-household-items-made-of-iron/616802,Human,0.9932
https://boards.straightdope.com/t/hitlers-mustache-whats-the-deal/325570,Human,1
https://boards.straightdope.com/t/how-do-emergency-generators-work/984346,Human,0.999
https://boards.straightdope.com/t/is-it-acceptable-to-use-the-english-phrase-as-such-like-a-synonym-of-therefore/738403,Human,0.9995
https://boards.straightdope.com/t/thank-you-for-your-service-here-s-a-reply-how-do-you-reply-veterans-first-responders-others/1000740,Human,0.9995
https://boards.straightdope.com/t/what-typically-happens-during-a-church-service/824393,Human,0.999
https://boards.theforce.net/threads/before-the-prequels-were-made-how-old-were-anakin-and-obi-wan-supposed-to-be.50059742,Human,0.999
https://boards.theforce.net/threads/the-date-of-when-anakin-becomes-a-jedi-knight.50053906,Human,0.9995
https://boards.weddingbee.com/topic/gift-bag-ideas-for-your-bachelorette-party,Human,0.9995
https://boards.weddingbee.com/topic/help-dawn-dish-soap-for-fleas,Human,0.9995
https://boards.weddingbee.com/topic/marrying-into-baby-mama-drama,Human,0.9995
https://boards.weddingbee.com/topic/wedding-shower-favor-ideas,Human,0.9995
https://bobbex.com/how-to-keep-rabbits-out-of-the-garden,Human,0.998
https://bonniegillespie.com/the-realities-of-pilot-season,Human,0.9956
https://boosterx.org/en,Human,0.9922
https://bosworthbunnies.weebly.com/sexing-newborn-bunnies.html,Human,1
https://boulderhumane.org,Human,0.9966
https://breaddad.com/easy-banana-bread-recipe,Human,1
https://breaddad.com/eggless-banana-bread-recipe,Human,0.999
https://brickleyenv.com/the-effects-of-mold-exposure-on-your-health,Human,0.9995
https://bridgepointinsurancegroup.com/blog/what-is-the-affordable-care-act-aca-and-how-does-it-work,AI,1
https://brightideas.houstontx.gov/ideas/what-are-direct-costs-definition-examples-and-types-waxl,AI,0.9995
https://brightideas.houstontx.gov/ideas/what-are-some-of-the-barriers-that-people-face-with-trying-t-o1rx,Human,1
https://brooksleitner.substack.com/p/biological-age-the-science-and-history,Human,0.999
https://browser-with-flash-player-for-android.allbestapps.net,Human,0.9907
https://bsky.app/profile/did:plc:vgoqwcb5lcn4z227mfntg5eb/post/3lsjd3afnvk2n,Human,0.5083
https://bsky.app/profile/hunterw.bsky.social/post/3lsjkauakes2h,Human,0.9624
https://bsky.app/profile/piperformissouri.bsky.social/post/3lsjd3afnvk2n,Human,0.5083
https://buddyspizza.com,Human,0.9956
https://budgetlightforum.com/t/how-to-create-documents-and-pdfs-on-iphone/72212,Human,0.9956
https://buergerbeteiligung.muehlhausen.de,Human,0.9902
https://buildsuperpc.com/how-to-format-ssd-a-complete-guide,AI,1
https://bulbagarden.net/threads/the-sound-of-your-voice.290828,Human,0.9985
https://bun.sh,Human,0.999
https://business.ginnysilver.com/blog/calledd,Human,0.9961
https://business.google.com/us/think/future-of-marketing/beat-the-attention-recession,Human,0.9917
https://businessappraisalflorida.com/blog/what-is-a-business-valuation,Human,0.9966
https://businessappraisalflorida.com/unlock-your-companys-worth-a-comprehensive-guide-to-business-valuation,AI,0.9839
https://butterflycandy.com/blogs/planting-and-care/when-and-how-to-prune-butterfly-candy-buddleia-bushes,AI,0.8433
https://bwea.com/eb-3-visa-how-to-apply,Human,0.999
https://byjus.com/biology/human-body-anatomy,Human,1
https://byjus.com/chemistry/classification-of-carbohydrates-and-its-structure,Human,0.9995
https://byjus.com/chemistry/heterogeneous-mixture-homogeneous-mixture,Human,0.9995
https://byjus.com/chemistry/methane,Human,0.9951
https://byjus.com/chemistry/mixtures,Human,0.998
https://byjus.com/chemistry/nomenclature-of-organic-compounds,Human,0.9985
https://byjus.com/chemistry/nomenclature-of-organic-compounds-questions,Human,0.9956
https://byjus.com/chemistry/osmolarity,Human,0.9951
https://byjus.com/commerce/marketing-mix,Human,1
https://byjus.com/english/fruits-names,Human,0.9961
https://byjus.com/free-ias-prep/this-day-in-history-jul04,Human,1
https://byjus.com/ias-questions/what-did-swami-vivekananda-die-of,Human,0.9966
https://byjus.com/maths/indefinte-integrals,Human,0.9995
https://byjus.com/maths/integration,Human,1
https://byjus.com/maths/numbers,Human,1
https://byjus.com/maths/properties-of-whole-numbers,Human,1
https://byjus.com/maths/whole-numbers,Human,0.9995
https://byjus.com/ncert-solutions-class-11-maths/chapter-6-linear-inequalities,Human,0.9985
https://byjus.com/physics/layers-of-the-earth,Human,0.9995
https://byjus.com/physics/power-alternating-current,Human,0.9951
https://ca.indeed.com/career-advice/career-development/how-to-reduce-the-size-of-jpeg,Human,0.9946
https://ca.style.yahoo.com/canada-day-travel-what-food-can-you-bring-on-a-plane-in-canada-7-best-snacks-to-pack-for-your-next-flight-and-the-ones-you-should-avoid-according-to-a-dietitian-160444287.html,Human,0.9995
https://ca.style.yahoo.com/cowboy-cream-cheese-dip-every-190000280.html,Human,0.9976
https://ca.style.yahoo.com/liev-schreiber-opens-split-naomi-145601037.html,Human,0.999
https://cafeastrology.com/birthday/december3-2024.html,Human,0.9814
https://cafeastrology.com/birthday/december309.html,Human,0.9985
https://cafeastrology.com/natal/retrogradesinthenatalchart.html,Human,0.9995
https://cafeastrology.com/retrogrades.html,Human,0.9976
https://cafeastrology.com/sun.html,Human,1
https://cahc.net,Human,0.9937
https://cal-international.com/2021/04/08/the-invention-of-the-mechanical-clock,Human,0.9995
https://canadale.ca/rabbit-resistant-plants,AI,0.999
https://cancer.ca/en/cancer-information/cancer-types/liver/prognosis-and-survival/survival-statistics,Human,0.9985
https://cancer.ca/en/treatments/side-effects/low-red-blood-cell-count,Human,0.9961
https://candysdirt.com/2021/10/05/title-tip-whats-the-best-way-to-send-an-electronic-funds-transfer-during-closing,Human,0.999
https://caniuse.com/sr_flash,Human,0.9995
https://cannabuddy.com,Human,0.9678
https://cantorspinecenter.com/conditions/spinal-cord-compression,Human,0.9829
https://capitalrecovery.net/blog/what-are-the-biggest-types-of-consumer-debt,Human,0.999
https://capp-usa.org/2023/06/abortion-in-the-bible,Human,1
https://capsurgical.com/everything-to-know-about-hip-pain,Human,0.9883
https://cara-ray.com/20-bible-verses-about-god-answering-prayers,Human,0.9995
https://cardahealth.com/post/what-is-an-angiogram,Human,0.9995
https://cardiab.biomedcentral.com/articles/10.1186/s12933-025-02749-x,AI,0.9927
https://cardinsider.com/blog/how-to-use-reward-points-earned-through-multiple-credit-cards,Human,0.9976
https://carecloud.com/continuum/j-code-in-medical-billing,Human,0.9927
https://career.io/career-advice/what-can-a-career-coach-do-for-you,Human,0.9985
https://careercenter.medcerts.com/blog/2024/05/09/do-you-need-a-career-coach-8-signs-the-answer-is-yes,Human,0.9995
https://careercenter.tamu.edu/current-students/explore-majors-and-careers/majors/industrial-systems-engineering,Human,0.9941
https://careercoach.org,Human,1
https://careerdesignstudio.buffalo.edu/blog/2023/04/28/how-to-get-involved-in-politics-6-methods-of-political-engagement,Human,0.9985
https://careered.stanford.edu/about-careered/career-coaching-and-education,Human,0.9985
https://careervault.io/learn/photoshop/how-to-remove-background-in-photoshop,AI,1
https://carolineadamscoaching.com/blog/what-to-expect-from-a-career-coach,Human,0.9985
https://castle.eiu.edu/~wow/classes/fa03/mlkcontributions.html,Human,1
https://castlehottubs.co.uk,Human,0.9995
https://castrovalleydentist.dental/understanding-white-tongue-symptoms-causes-and-treatment,AI,1
https://cat-bytes.com/tips-for-traveling-with-your-cat-on-a-plane,AI,1
https://catalog.odu.edu/undergraduate/sciences/biological-sciences/biology-marine-bs,Human,0.9976
https://catalog.tamu.edu/undergraduate/galveston/marine-sciences-maritime-studies/marine-biology/bs,Human,0.9976
https://catexplorer.co/stories-posts/how-to-take-your-cat-on-a-plane,Human,1
https://catholicconvert.com/israel-6-transfiguration-cana-nazareth,Human,0.9995
https://cats.com/clingy-cat-10-signs,Human,0.9995
https://cbdadvisors.io/how-to-use-cbd-oil-for-erectile-dysfunction,Human,1
https://cbdisbetter.com/cbd-for-erectile-dysfunction-get-up-and-get-your-motor-revving,Human,0.9971
https://cbdthinker.com/what-is-delta-8-thc,AI,0.9409
https://cbgenealogy.ie/forensic-genealogy,Human,1
https://cca-advisors.com/how-to-calculate-business-valuation,Human,0.5928
https://ccaps.umn.edu/story/role-communication-leadership,Human,0.9985
https://ccsenet.org/journal/index.php/ach/article/view/14040,Human,1
https://ccsenet.org/journal/index.php/ijbm/article/view/0/37142,Human,1
https://cedarcirclefarm.org/tips/entry/drying-peppers,Human,0.9995
https://celebrateagain.org/200-self-love-quotes-to-empower-self-confidence-affirmations,Human,0.9995
https://celebrity.nine.com.au/latest/naomi-watts-liev-schreiber-co-parenting-relationship-everything-to-know-explainer/2b433689-9f02-42bd-a2ab-d1f3a1eab7c7,Human,1
https://cellsciencesystems.com/patients/telomere,Human,0.998
https://centreforsurgery.com/how-is-the-face-and-neck-affected-by-dramatic-weight-loss,Human,0.9976
https://cepr.org,Human,0.9961
https://cetl.udmercy.edu/knowledge/support/add-and-organize-content/office-365/onedrive/stop-sharing-onedrive-file,Human,0.9966
https://championsfirst.org,Human,0.9888
https://champshealth.org,Human,0.9946
https://champstradeshows.com,Human,0.9976
https://charlotteslivelykitchen.com/peppercorn-sauce,Human,1
https://chartschool.stockcharts.com/table-of-contents/chart-analysis/chart-patterns/double-top-reversal,Human,0.998
https://chartschool.stockcharts.com/table-of-contents/technical-indicators-and-overlays/technical-indicators/relative-strength-index-rsi,Human,0.9985
https://chatterbug.com/community/t/10-things-you-might-not-know-about-florida/8322,Human,0.9995
https://cheapkeys.io/how-can-i-use-the-concat-and-textjoin-functions-to-combine-text-in-excel,AI,1
https://chefsnotes.com/best-gluten-free-bread,Human,0.9927
https://chesterfields.co.uk/pages/history-of-the-chesterfield-sofa,AI,1
https://chiaki.site,Human,0.999
https://chipcitycookies.com,Human,0.999
https://choices.scholastic.com/pages/news/does-technology-make-us-lonely.html,Human,0.9888
https://chrisframe.com.au/post/780906608509206528/carpathia-titanics-rescue-ship,AI,1
https://christianwriters.com/threads/the-naked-church-the-role-of-leadership.27519,AI,0.9995
https://christieathome.com/blog/orange-chicken,Human,0.9995
https://chromeenterprise.google/policies,Human,0.9849
https://chromereleases.googleblog.com,Human,0.9985
https://chromewebstore.google.com/category/extensions/lifestyle/shopping,Human,0.9902
https://chromewebstore.google.com/detail/discrub/plhdclenpaecffbcefjmpkkbdpkmhhbj,Human,0.998
https://chromewebstore.google.com/detail/email-extractor/jdianbbpnakhcmfkcckaboohfgnngfcc,Human,1
https://chromewebstore.google.com/detail/flash-player-for-the-web/omimccinlhlkpjaeaocglgmkbelejlhj,Human,0.9956
https://chromewebstore.google.com/detail/ig-follower-export-tool-i/kicgclkbiilobmccmmidfghnijgfamdb,Human,0.9985
https://chromewebstore.google.com/detail/printfriendly-print-pdf-a/ohlencieiipommannpdfcmfdpjjmeolj,AI,0.9995
https://chromewebstore.google.com/detail/read-aloud-a-text-to-spee/hdhinadidafjejdhmfkjgnolgimiaplp,Human,0.999
https://chromewebstore.google.com/detail/record-zoom-meeting/elkkekiononmpeeknaehjbjkeabbmbkd,AI,1
https://chromewebstore.google.com/detail/restore-old-roblox-server/aipkkddccajhejhkiefholbpknhmoaep,Human,0.9985
https://chromewebstore.google.com/detail/ruffle-flash-emulator/donbcfbmhbcapadipfkeojnmajbakjdc,Human,0.999
https://chromewebstore.google.com/detail/tab-restore/dbndgjfafojhfndfgpcibceghelbbnep,Human,0.9985
https://chromewebstore.google.com/detail/tabs-backup-restore/dehocbglhkaogiljpihicakmlockmlgd,Human,0.9961
https://chromewebstore.google.com/detail/zed-zoom-easy-downloader/pdadlkbckhinonakkfkdaadceojbekep,Human,0.998
https://church.org/the-role-of-leadership-in-the-church,Human,0.9883
https://churchleaders.com,Human,0.9946
https://citizensandscholars.org/5-ways-to-be-an-engaged-citizen-besides-voting,Human,0.9971
https://citl.illinois.edu/citl-101/teaching-learning/resources/teaching-strategies/questioning-strategies,Human,0.9932
https://city2surf.com.au,Human,0.9995
https://civilrightsmuseum.org,Human,1
https://clario.co/blog/android-apps-keep-crashing,Human,0.9971
https://clario.co/blog/how-to-block-unwanted-calls,Human,0.9985
https://cleanaffinity.com/blog/cleaning-a-glass-oven-door,Human,1
https://cleanerone.trendmicro.com/blog/forgot-mac-password,Human,0.999
https://cleanup.pictures,Human,1
https://clearup-image-field.pdffiller.com,Human,0.9893
https://clerk.com,Human,0.9995
https://clickup.com/blog/ai-pdf-editor,Human,0.999
https://clickup.com/blog/client-referral-templates,Human,0.9854
https://clickup.com/blog/control-variable,AI,1
https://clickup.com/blog/general-ledger-examples,Human,0.9917
https://clickup.com/blog/how-to-make-a-graph-in-excel,Human,0.999
https://clickup.com/blog/matrix-templates,Human,0.9995
https://clickup.com/blog/schedule-variance,Human,0.9995
https://clipdrop.co,Human,0.9995
https://clippingmagic.com,Human,0.9995
https://cloud.google.com/learn/what-is-artificial-intelligence,Human,0.999
https://cloud.google.com/natural-language,Human,0.9995
https://cloud.google.com/products/calculator,Human,0.998
https://cloud.google.com/resource-manager/docs/creating-managing-projects,Human,0.9897
https://cloud.google.com/text-to-speech,Human,0.9995
https://cloud.google.com/text-to-speech/docs/before-you-begin,Human,0.9976
https://cloud.nomanssky.com/cross-save,Human,0.9976
https://cloudconvert.com/xlsx-to-xls,Human,0.9995
https://cloudmystic.io/minikube-installation,Human,0.9995
https://clutchglue.com,Human,0.9985
https://cmetcalfe.ca/blog/record-audio-from-specific-applications-with-shadowplay.html,Human,1
https://cmi-gold-silver.com/gold-bullion-prices,Human,0.52
https://coachestrainingblog.com/becomeacoach/career-coach-definition-understanding-the-role-of-a-career-coach,Human,0.998
https://coastaldetox.com/glossary/propofol,AI,1
https://coastalwandering.com/what-to-serve-with-lobster-tails,Human,0.9995
https://coastapp.com/blog/maintenance-types,Human,0.9917
https://coastapp.com/tools/business-valuation-calculator,Human,0.999
https://code.visualstudio.com/docs/python/python-tutorial,Human,0.9902
https://codehs.com/tutorial/ryan/basic-functions-in-python,Human,0.9204
https://codeop.tech/how-to-code-a-beginners-guide,AI,0.5259
https://coderanch.com/t/448242/java/bouncing-jvm,Human,0.9995
https://coderanch.com/t/486384/java/abstract-class-interface,Human,1
https://cohgroup.bairdwealth.com/resource-center/investment/5-actions-you-can-take-in-the-event-of-a-recession,Human,1
https://coinappraiser.com,Human,0.9995
https://coldesi.com,Human,0.9961
https://coldmountainmiso.com/faqs.dmx,Human,1
https://colesclassroom.com/natural-light-photography-a-quick-guide-to-getting-that-glow,Human,0.9995
https://collab.its.virginia.edu/wiki/toolbox/bibliographic%20citations.html,Human,0.9995
https://collegemarker.com/blogs/become-proactive-with-these-amazing-tips-and-get-ready-to-transform-your-life,AI,0.9854
https://commonslibrary.parliament.uk/research-briefings/cbp-7584,Human,0.999
https://community.acer.com/en/kb/articles/18309-how-to-pin-apps-to-the-taskbar-in-windows-11,Human,0.9976
https://community.adobe.com/t5/acrobat-discussions/adding-a-digital-signature-field/td-p/10583881,Human,0.9985
https://community.adobe.com/t5/acrobat-discussions/adding-digital-signature-field-turns-into-a-text-field/td-p/14134782,Human,0.999
https://community.adobe.com/t5/acrobat-discussions/creating-a-signature-field-on-a-form/td-p/11697821,Human,0.9995
https://community.adobe.com/t5/acrobat-discussions/creating-a-template-form-with-a-signature-field-where-it-can-be-signed-with-a-finger/td-p/14736326,Human,0.9995
https://community.adobe.com/t5/acrobat-discussions/date-amp-signature-fields/td-p/12229876,Human,0.9995
https://community.adobe.com/t5/acrobat-discussions/how-do-i-create-a-digital-signature-field/m-p/13601790,Human,1
https://community.adobe.com/t5/acrobat-discussions/how-do-i-create-a-digital-signature-field/td-p/13600536,Human,1
https://community.adobe.com/t5/acrobat-discussions/how-to-insert-a-signature-field-that-requires-a-certificate-to-sign/m-p/14485031,Human,0.999
https://community.adobe.com/t5/acrobat-discussions/how-to-set-up-a-non-typable-signature-field-in-adobe-acrobat-pro/td-p/14980341,Human,0.9985
https://community.adobe.com/t5/acrobat-reader/drawable-signature-fields-in-fillable-pdf/m-p/11209674,Human,1
https://community.adobe.com/t5/acrobat/can-i-add-a-non-digital-signature-field-in-a-fillable-form-that-will-be-available-on-a-website/td-p/11645289,Human,0.999
https://community.adobe.com/t5/acrobat/how-to-quot-flatten-quot-a-pdf-in-adobe-acrobat-x-pro/m-p/4721506,Human,0.9995
https://community.adobe.com/t5/acrobat/pdf-form-not-allowing-me-to-add-signature-field/m-p/10750327,Human,0.9995
https://community.adobe.com/t5/acrobat/signature-field/m-p/9687561,Human,0.998
https://community.adobe.com/t5/download-install-discussions/cannot-figure-out-how-to-quot-temporarily-disable-antivirus-quot-on-my-mac/m-p/13395777,Human,0.999
https://community.adobe.com/t5/flash-player-discussions/all-browsers-say-flash-is-not-installed-when-it-is-installed/td-p/10338604,Human,1
https://community.blackspectacles.com/t/dewpoint-calculation-within-the-wall-assembly/3087,Human,1
https://community.brave.com/t/i-lost-all-my-tabs/513213,Human,0.9858
https://community.brave.com/t/lost-100-tabs-need-to-recover-them-asap/560422,Human,0.9897
https://community.brave.com/t/video-capture-in-nvidias-geforce-experience-shadowplay-of-media-played-in-browser/113173,Human,1
https://community.broadcom.com/symantecenterprise/viewthread,Human,0.9995
https://community.cartalk.com/t/does-stop-oil-leak-chemical-work/21956,Human,1
https://community.cartalk.com/t/so-i-tried-to-adjust-toe-by-myself-and-this-is-what-happened/84386,Human,0.999
https://community.endlessos.com/t/how-to-use-phone-as-webcam-for-desktop/21370,Human,0.999
https://community.fabric.microsoft.com/t5/service/power-bi-refresh/m-p/4745050,Human,0.9966
https://community.greythr.com/t/how-to-give-feedback-to-your-boss/17445,Human,0.9985
https://community.home-assistant.io/t/getting-started-using-fire-tablet/743533,Human,0.9995
https://community.homey.app/t/dewpoint-calculation-possible/11039,Human,1
https://community.hubitat.com/t/dew-point-calculator/72758,Human,0.9995
https://community.ibm.com/community/user/powerdeveloper/blogs/vijay-puliyala/2023/01/23/install-minikube-on-ibm-powervm,Human,0.7808
https://community.latenode.com/t/how-to-hide-multiple-bot-connections-in-a-discord-voice-channel/13895,AI,1
https://community.latenode.com/t/whats-the-best-way-to-prevent-specific-bots-or-apps-from-being-used-in-my-discord-server/10103,AI,1
https://community.logos.com/discussion/128507/how-old-was-paul-when-he-first-met-jesus-and-or-converted,Human,1
https://community.logos.com/discussion/147540/from-nazareth-to-cana/p1,Human,1
https://community.make.com/t/compress-google-drive-folder-into-zip/9578,Human,1
https://community.make.com/t/you-can-use-microsoft-365-shared-mailbox-with-make-com/25900,Human,1
https://community.retool.com/t/create-a-new-column-in-table/16094,Human,1
https://community.sap.com/t5/additional-q-a/system-restart-bounce/qaq-p/6486151,Human,0.9995
https://community.sap.com/t5/enterprise-resource-planning-q-a/assignment-field-configuration-for-billing-document/qaq-p/9622056,Human,1
https://community.spiceworks.com/t/adding-a-shared-mailbox-in-the-new-outlook-desktop-preview/955927,Human,0.999
https://community.spiceworks.com/t/adding-shared-mailbox-as-an-email-account-in-outlook/954828,Human,1
https://community.spiceworks.com/t/auto-save-all-files-to-one-drive-and-disable-local-save-to-drive/804668,Human,1
https://community.spiceworks.com/t/change-only-display-name-spelling-for-active-directory-user/723011,Human,1
https://community.spiceworks.com/t/disable-folder-sharing/938436,Human,1
https://community.spiceworks.com/t/disabling-all-sharing-on-onedrive/822734,Human,1
https://community.spiceworks.com/t/does-anyone-have-a-simple-way-to-see-which-version-of-windows-10-is-installed/740776,Human,1
https://community.spiceworks.com/t/enable-secure-boot-via-cmd/1198510,Human,0.9995
https://community.spiceworks.com/t/formatting-a-ssd-as-ntfs-or-exfat/662031,Human,1
https://community.spiceworks.com/t/getting-the-windows-11-version-number-with-powershell/964792,Human,1
https://community.spiceworks.com/t/hardware-for-domain-controllers/1218345,Human,1
https://community.spiceworks.com/t/how-does-archiving-work-in-outlook-365/828186,Human,1
https://community.spiceworks.com/t/how-does-archiving-work-in-outlook-365/828186/2,Human,1
https://community.spiceworks.com/t/how-much-size-can-be-reduced-on-pdf-file/574269,Human,1
https://community.spiceworks.com/t/how-to-connect-pc-and-laptop-working-together/578918,Human,1
https://community.spiceworks.com/t/how-to-deny-user-from-logging-into-specific-remote-desktop-server/756251,Human,1
https://community.spiceworks.com/t/how-to-remove-a-background-from-an-image-in-photoshop/1006381,Human,0.9995
https://community.spiceworks.com/t/how-to-restrict-rdp-connection-to-specific-machine-pc-and-specific-user/787648,Human,0.9995
https://community.spiceworks.com/t/i-want-to-get-the-windows-version-from-computers-in-an-ou-using-powershell/741003,Human,1
https://community.spiceworks.com/t/kyocera-m5521cdn-mp-tray-issue/775717,Human,1
https://community.spiceworks.com/t/legacy-servers-solutions-what-do-you-do/834773,Human,1
https://community.spiceworks.com/t/proper-way-to-rename-the-domain-administrator-account/330253,Human,1
https://community.spiceworks.com/t/recover-deleted-file-from-onedrive-business-shared-folder/965133,Human,1
https://community.spiceworks.com/t/relative-strength-index-rsi/886745,Human,0.9995
https://community.spiceworks.com/t/right-format-for-external-ssd/751312/6,Human,1
https://community.spiceworks.com/t/storing-laptops-battery-considerations/269569,Human,1
https://community.spiceworks.com/t/temporarily-disable-windows-firewall/234844,Human,1
https://community.spiceworks.com/t/what-is-meant-by-bounce-the-database/927752,Human,1
https://community.spiceworks.com/t/windows-server-file-disk-compression/717644,Human,1
https://community.spotify.com/t5/ios-iphone-ipad/screen-on-echo-show-8-will-not-turn-off-when-song-playing/td-p/5509300,Human,0.999
https://community.spotify.com/t5/ongoing-issues/android-app-crashing-when-loading-playlists/idi-p/6757623,Human,0.9946
https://community.spotify.com/t5/other-podcasts-partners-etc/black-screen-on-echo-show-all-other-suggestions-tried/td-p/6347306,Human,0.9976
https://community.stessa.com/t/wire-money-for-closing/12504,Human,0.9995
https://community.the-hospitalist.org/content/what-best-treatment-oral-thrush-healthy-infants,Human,0.9995
https://community.thriveglobal.com/how-i-fixed-a-toxic-relationship-with-the-mother-of-my-child-after-a-breakup,Human,0.9976
https://community.wappler.io/t/what-is-node-js-and-why-would-i-use-it/20933,Human,1
https://community.wd.com/t/is-there-a-relaible-solution-to-play-mkv-files/275919,Human,1
https://community.withsecure.com/discussion/8277/how-do-i-temporarily-disable-f-secure-client-security/p1,Human,1
https://community.zoom.com,AI,0.9971
https://communityhub.sage.com/site_help/b/excel-tips-tricks-list/posts/how-to-combine-text-from-multiple-columns-in-excel,Human,0.999
https://compress-or-die.com,Human,0.999
https://compress-pdf.cocodoc.com,Human,0.9814
https://compress-pdf.pdffiller.com,Human,0.9751
https://compressjpeg.com,Human,1
https://compressor.io,Human,0.9971
https://compresspng.com,Human,0.9985
https://concordnc.gov/services/living-here/bill-pay-utility-services,Human,0.998
https://congressdentalgroup.com/article/dear_doctor/coffee-after-wisdom-teeth-removal,Human,0.9971
https://construo.io/tags/ironmongery,Human,0.9995
https://consultqd.clevelandclinic.org/accelerated-aging-may-be-present-in-the-youngest-patients-with-multiple-sclerosis,Human,0.9995
https://consultqd.clevelandclinic.org/driving-after-endoscopic-procedural-sedation-is-a-24-hour-ban-too-long,Human,1
https://consultqd.clevelandclinic.org/new-shingles-vaccine-shows-efficacy-for-older-adults,Human,1
https://consumer.ftc.gov/articles/disputing-errors-your-credit-reports,Human,0.998
https://consumer.ftc.gov/articles/fixing-your-credit-faqs,Human,0.998
https://consumer.ftc.gov/articles/how-block-unwanted-calls,Human,0.998
https://consumer.ftc.gov/articles/what-know-you-wire-money,Human,0.9976
https://consumer.ftc.gov/features/how-stop-unwanted-calls,Human,0.998
https://content.govdelivery.com/accounts/iacio/bulletins/2cff2b0,Human,0.9995
"https://content.time.com/time/specials/packages/article/0,28804,2046823_2046865_2046840,00.html",Human,0.9956
https://cooking.nytimes.com/article/does-ketchup-need-to-be-refrigerated,Human,0.9951
https://cooking.nytimes.com/article/homemade-pizza-recipe,Human,0.9922
https://cooking.nytimes.com/recipes/1017161-oven-roasted-chicken-shawarma,Human,0.981
https://cooking.nytimes.com/recipes/1023927-menudo,Human,0.9966
https://cooking.nytimes.com/recipes/1025745-boiled-lobster,Human,0.9897
https://cookingwithbliss.com/what-to-serve-with-lobster,Human,0.999
https://cookthestory.com/how-to-cook-frozen-lobster-tails,Human,0.9995
https://corporate.onekeymls.com,Human,0.9868
https://cosmotogether.com/blogs/news/how-do-gps-trackers-work-everything-you-need-to-know,AI,1
https://cottagelife.com/design-diy/weekly-hack-toilet-chain-fixes,Human,0.9995
https://cougartron.com/duplex-stainless-steel,Human,1
https://countingup.com/resources/what-is-general-ledger-accounting,Human,0.9961
https://couponfollow.com/site/amazon.com,AI,0.998
https://couponfollow.com/site/g2a.com,AI,0.9878
https://couponfollow.com/site/kinguin.net,AI,0.5288
https://couponfollow.com/site/playstation.com,Human,0.8452
https://courses.ea.asu.edu/introduction-to-anatomy-and-physiology-bio-160,Human,0.9995
https://courses.lumenlearning.com/calculus1/chapter/the-reverse-of-differentiation,Human,0.9126
https://courses.lumenlearning.com/suny-ap1,Human,0.9692
https://courses.lumenlearning.com/suny-hccc-introbusiness/chapter/equilibrium,Human,0.9766
https://courses.lumenlearning.com/suny-internationalbusiness/chapter/reading-the-benefits-of-socialism,Human,0.9995
https://courses.lumenlearning.com/suny-managacct/chapter/cost-volume-profit-analysis-in-planning,Human,0.9995
https://courses.lumenlearning.com/suny-managacct/chapter/the-income-equation-and-contribution-margin-techniques,Human,0.9995
https://courses.lumenlearning.com/suny-mcc-ap1,Human,0.9766
https://courses.lumenlearning.com/wm-microeconomics/chapter/equilibrium-surplus-and-shortage,Human,0.9858
https://courses.lumenlearning.com/wm-publicspeaking/chapter/inclusive-language,Human,0.9995
https://coventryphonerepair.co.uk/what-to-do-after-dropping-your-phone-in-water,Human,0.999
https://covermile.com/health-insurance/what-is-the-affordable-care-act,Human,0.9922
https://coxauto.com.au/how-to-flush-your-car-ac-system-why-its-so-important,Human,1
https://cozylittlehouse.com/tips-on-growing-morning-glories,Human,0.9995
https://cpcc-careercoach.com,Human,0.9995
https://cpj.ca/2019-federal-election/election-2019-participating-in-democracy,Human,0.9971
https://cprcare.com/blog/7-effective-tips-for-calming-a-schizophrenic-person,Human,0.999
https://craftingwithconcrete.com/how-long-do-tiles-take-to-set-before-traffic-comprehensive-guide,AI,1
https://creately.com/guides/professional-development-goals,AI,0.999
https://createmod.com,Human,0.9985
https://creditcards.chase.com/cash-back-credit-cards/amazon-prime-rewards,AI,0.8579
https://cs50.readthedocs.io/cs50.dev,Human,0.9995
https://csuf-erp.screenstepslive.com/m/70023/l/1650548-enabling-internet-explorer-mode-in-microsoft-edge,Human,0.999
https://csumb.edu/uroc/present-or-publish-your-research-or-creative-activity/planning-and-delivering-oral-presentation/planning-your-oral-presentation,Human,0.9995
https://ctb.ku.edu/en/table-of-contents/structure/training-and-technical-assistance/workshops/main,Human,0.999
https://ctph.org/what-helps-people-also-protects-gorillas,Human,0.999
https://cuckoo4design.com/my-favorite-shades-of-terracotta-paint-colors-from-different-brands,Human,1
https://cupcakesandkalechips.com/best-gluten-free-bread-taste-test,Human,0.9995
https://cureskin.com/articles/how-to-remove-scars-from-the-face,Human,0.9995
https://currencystrengthmeter.org,Human,0.9937
https://currently.att.yahoo.com/att/run-android-apps-windows-11-110000704.html,Human,0.9985
https://customerservice.costco.com/app/answers/answer_view/a_id/1205/~/what-is-an-executive-membership%3f,Human,0.9893
https://customerservice.costco.com/app/answers/answer_view/a_id/857/~/what-is-the-difference-between-each-type-of-membership%3f,Human,0.9854
https://cyberguy.com/privacy/the-unsubscribe-email-scam-is-targeting-americans,Human,0.9585
https://cyberguy.com/scams/paypal-scam-uses-real-emails-trick,Human,0.9551
https://cybernews.com/security/grok-mixtral-found-behind-wormgpt,Human,0.9995
https://d2e111jq13me73.cloudfront.net/tv-reviews/squid-game/user-reviews/adult,Human,0.9971
https://dadio.com/blogs/news/how-to-help-a-baby-with-colic,AI,1
https://dailydeals365.in/product/amazon-echo-show-8-2nd-gen-smart-speaker-with-8-hd-screen-stereo-sound-hands-free-entertainment-with-alexa-black,Human,0.9995
https://dailyiowan.com/2017/09/01/sorensen,Human,0.9888
https://damonahoffman.com/healing-heartbreak-baby-mama-drama,Human,1
https://danmackinlay.name/notebook/matrix_low_rank.html,Human,0.9995
https://dannythedigger.com/cana,AI,0.9971
https://databank.worldbank.org,Human,0.9985
https://databank.worldbank.org/source/world-development-indicators,Human,0.9985
https://dataessence.com/what-to-do-when-you-receive-a-safety-data-sheet-sds,AI,0.9419
https://dataperk.com/kb/quick-guide-how-to-reset-mac-password-with-terminal-commands,AI,1
https://dataprot.net/guides/what-is-pptp,Human,1
https://datascience.uchicago.edu/insights/unlocking-the-potential-of-lithium-batteries-with-new-electrolyte-solutions,Human,0.9995
https://datatab.net,Human,0.9995
https://datatables.net/forums/discussion/69770/how-could-i-add-a-new-column-when-reading-my-data-from-a-database,Human,0.9971
https://datatracker.ietf.org/doc/html/rfc2637,Human,0.9888
https://datesback.com/1902,AI,1
https://daughtersofstpaul.com/prayer-spirituality/saul-to-paul,Human,0.9995
https://davenport.libguides.com/math-skills-overview/basic-operations/sets,Human,0.9976
https://davesgarden.com/community/forums/t/1370040,Human,0.9995
https://davesgarden.com/community/forums/t/365297,Human,1
https://davesgarden.com/guides/articles/a-late-morning-glory-ipomoea-tricolor,Human,1
https://davidovlaw.com/is-a-handwritten-will-valid-in-new-york,Human,1
https://davidowlaw.com/the-importance-of-creating-a-will-in-new-york-state,Human,0.98
https://davidsarnoff.tcnj.edu/2013/08/30/radio-to-the-rescue-david-sarnoff-and-the-titanic-disaster,Human,0.9995
https://davisfamilydentists.com/10-foods-that-fight-infection-in-the-mouth,Human,1
https://daybydaydigital.com/blog/dofollow-vs-nofollow-links-everything-you-need-to-know,Human,0.9995
https://daytryp.com/psilocybin/psilocybin-microdosing-a-comprehensive-2023-guide,Human,0.6987
https://dban.org,Human,0.9985
https://dbclinic.com.sg/pubic-lice-pubic-crab-pediculosis-and-pthiriasis,Human,0.9985
https://dbm.maryland.gov/budget/pages/cycle-calendar.aspx,Human,0.9985
https://dbpedia.org/page/1902,Human,0.9971
https://dbschema.com/blog/cassandra/alter-table,AI,1
https://dcatalog.com/how-to-reduce-size-for-pdf,AI,1
https://dcfurnishing.com/how-to-measure-curtains-for-your-home,AI,1
https://dclcorp.com/blog/shipping/safety-data-sheet,AI,0.9746
https://de.vibox.com/blog/how-to-overclock-your-pc,AI,0.9849
https://deadline.com/2024/02/abc-pilot-season-2024-2025-1235821348,Human,0.999
https://deadline.com/2025/03/pilot-season-2025-abc-cbs-nbc-fox-orders-1236299743,Human,0.9985
https://deadline.com/2025/06/joe-biden-reacher-alan-ritchson-1236435604,Human,0.9995
https://deafblind.org.uk/how-to-communicate-with-a-person-who-is-deafblind,Human,0.9995
https://deafservicesunlimited.com/tips-for-communicating-with-deaf-people,Human,1
https://deags.nou.edu.ng/ceags/nee004-business-modelling,AI,1
https://debmark.com/rabbits/sexing.php,Human,1
https://debtssettlement.org/how-does-affordable-care-act-work.html,Human,0.9985
https://dec.ny.gov/nature/forests-trees/forest-health/beech-leaf-disease,Human,0.9854
https://deceusteracademy.com/4-what-are-the-schedule-and-cost-variances,Human,0.9995
https://decider.com/2025/06/16/patience-pbs-review,Human,0.9976
https://decider.com/movie/american-psycho,Human,0.9966
https://declutterinminutes.com/gradual-decluttering,Human,0.9995
https://declutterinminutes.com/secrets-of-getting-organized,Human,0.9995
https://declutterthemind.com/blog/how-to-love-yourself,Human,1
https://decodeage.com/blogs/news-ageing/what-is-the-biological-age-test-how-to-calculate-it,Human,0.9683
https://decodedca.org/news/what-delta-8-thc,Human,0.9995
https://deconovo.com/blogs/news/how-to-choose-your-curtains-measures-the-ultimate-3-steps-guide,Human,0.9663
https://deconovo.com/blogs/news/how-to-measure-for-curtains,Human,0.9985
https://decrimnaturedc.org/list-of-entheogenic-plants-and-fungi,Human,0.9995
https://default.adam.com/content.aspx,Human,0.9961
https://definitions.uslegal.com/w/wet-lease-aeronautics-and-space,Human,0.999
https://dejong-group.nl/how-to-start-making-money-as-a-teenager,AI,1
https://delavinhome.com/blogs/delavin-shower/how-to-caulk-a-shower-or-tub,AI,1
https://delilahcosmetics.com/blogs/news/lipstick-which-shade-suits-your-skin,Human,0.998
https://deltaremedys.com/blogs/news/what-is-delta-8-thc,Human,0.9985
https://deltasoniccarwash.com/detail-services,Human,0.999
https://democrats-edworkforce.house.gov/issues/the-affordable-care-act,Human,0.9995
https://democreator.wondershare.com,Human,0.98
https://democreator.wondershare.com/screen-recorder/nvidia-screen-recorder.html,Human,0.9702
https://democreator.wondershare.com/screen-recorder/record-game-with-nvidia.html,Human,0.9912
https://dennisfoodservice.com/fifo,Human,0.9937
https://dentalarticlez.com/when-can-i-drink-hot-coffee-after-the-tooth-extraction,AI,0.9995
https://dentalhousemi.com/goodreads/what-to-eat-when-you-have-a-toothache-dental-health-101,Human,0.9883
https://dentalimplantsboyntonbeach.com/gum-disease-treatment-your-guide-to-a-healthy-smile,AI,0.9995
https://dentalimplantsroc.com/treatment-for-receding-gums,Human,0.998
https://dentalnews.com.au/how-long-after-wisdom-tooth-extraction-you-can-drink-coffee-again,Human,1
https://dentistpeshawar.pk/tooth-extraction-teeth-removal-surgery/can-i-drink-coffee-after-tooth-extraction,AI,1
https://dentistryforpatients.com/oral-pathology/white-tongue,Human,0.9961
https://dentistryofnewburyport.com/can-i-drink-coffee-after-tooth-extraction,AI,0.98
https://denverphysicalmedicine.com/dry-needling/dry-needling-side-effects,Human,1
https://deo.hkust.edu.hk/policy-procedures-and-guidelines,AI,1
https://dermatouch.com/blogs/skin-care/how-to-remove-pimple-marks-overnight,Human,0.9985
https://designireland.ie,Human,0.9839
https://desktop.arcgis.com/en/arcmap/latest/extensions/production-mapping/inserting-columns-into-the-table.htm,Human,0.9785
https://detroitmi.gov/webapp/dtsc-inquire-form,Human,0.9829
https://developers.google.com/edu/python/introduction,Human,0.9995
https://developers.google.com/machine-learning/crash-course/classification/roc-and-auc,Human,0.9932
https://developers.google.com/machine-learning/glossary,Human,0.9985
https://developers.google.com/maps/documentation/javascript/examples/places-placeid-finder,Human,0.9849
https://developers.google.com/maps/documentation/places/web-service/get-api-key,Human,0.9844
https://developers.google.com/maps/documentation/places/web-service/overview,Human,0.98
https://developers.google.com/meridian/docs/advanced-modeling/control-variables,Human,0.999
https://developers.google.com/search/docs/crawling-indexing/overview-google-crawlers,Human,0.9971
https://developers.google.com/search/docs/crawling-indexing/qualify-outbound-links,Human,0.9966
https://developers.google.com/search/docs/fundamentals/how-search-works,Human,0.9961
https://developers.google.com/search/docs/fundamentals/seo-starter-guide,Human,0.9961
https://developers.google.com/speed/public-dns/docs/using,Human,0.9995
https://devforum.roblox.com/t/how-to-get-specific-information-from-a-discord-user/3573529,Human,0.9946
https://devforum.roblox.com/t/how-to-look-at-the-source-code-of-any-roblox-website-extension-without-downloading-it/1676766,Human,0.9995
https://devforum.roblox.com/t/how-to-search-for-one-line-of-code-across-all-of-my-scripts/1587100,Human,0.9976
https://devforum.roblox.com/t/need-some-codes/14252,Human,0.9932
https://devforum.zoom.us/t/add-ability-to-share-powerpoint-presentations-without-presenter-notes/3420,Human,1
https://devforum.zoom.us/t/can-you-record-both-oneself-and-screen-at-the-same-time/40611,Human,0.999
https://devforum.zoom.us/t/getting-real-time-or-recorded-video-of-each-participant-in-a-meeting/81508,Human,0.9995
https://dhhr.wv.gov/bms/hcpcs/pages/default.aspx,Human,0.9995
https://dhsprogram.com,Human,0.9985
https://dianabutlerbass.substack.com/p/war-and-prophetic-ecstasy,Human,0.9888
https://dianfarmer.com/why-and-how-to-save-seeds-from-your-garden,Human,0.9995
https://dictionary.cambridge.org/dictionary/english/peppercorn-sauce,Human,0.999
https://dictionary.cambridge.org/dictionary/english/proactive,Human,0.998
https://dictionary.cambridge.org/us/dictionary/english/as-such,Human,0.9937
https://dictionary.cambridge.org/us/dictionary/english/champ,Human,0.9985
https://dictionary.cambridge.org/us/dictionary/english/chesterfield,Human,0.999
https://dictionary.cambridge.org/us/dictionary/english/control-variable,Human,0.9966
https://dictionary.cambridge.org/us/dictionary/english/domestic-policy,Human,0.9995
https://dictionary.cambridge.org/us/dictionary/english/employee,Human,0.9971
https://dictionary.cambridge.org/us/dictionary/english/fallacy,Human,0.9985
https://dictionary.cambridge.org/us/dictionary/english/maintenance,Human,0.9995
https://dictionary.cambridge.org/us/dictionary/english/market-equilibrium,Human,0.999
https://dictionary.cambridge.org/us/dictionary/english/mono,Human,0.999
https://dictionary.cambridge.org/us/dictionary/english/wet-lease,Human,0.9976
https://dictionary.cambridge.org/us/dictionary/italian-english/mono,Human,0.998
https://dictionary.cambridge.org/us/grammar/british-grammar/such,Human,0.998
https://digitalsupport.greatminds.org/s/article/enable-text-to-speech-for-assessments,Human,0.9897
https://digitalwriting.newmedialab.cuny.edu/video,AI,0.7974
https://disable-windows-defender.github.io,Human,1
https://disboard.org/en/servers/tag/grow-a-garden,Human,0.9941
https://discipleship.org/blog/church-works,Human,1
https://discipleship.org/blog/if-god-is-good-why-does-god-allow-suffering,Human,1
https://discordlookup.com/user,Human,0.9946
https://discordstatus.com,Human,0.9985
https://discourse.cubecoders.com/t/the-forest-enable-admin-cheats/2983,Human,0.9985
https://discourse.ladybug.tools/t/dew-point-temp-calculate-from-dry-bulb-relative-humidity/19266,Human,1
https://discourse.suttacentral.net/t/what-does-the-term-buddha-mean/15078,Human,0.9995
https://discuss.boardinfinity.com/t/what-are-functions-in-python/20776,Human,0.9995
https://discuss.codecademy.com/t/can-we-add-a-column-at-a-specific-position-to-a-table/376656,Human,1
https://discuss.codecademy.com/t/faq-introduction-to-functions-write-a-function/371911,Human,0.9966
https://discuss.devopscube.com/t/not-able-to-install-minikube-on-windows-10-pro/1684,Human,0.6299
https://discuss.kde.org/t/kde-connect-as-a-webcam/17174,Human,1
https://discuss.linuxcontainers.org/t/setup-minikube-inside-lxd-container-to-create-as-many-one-node-kubernetes-clusters-as-you-want/6221,Human,1
https://discussion.fedoraproject.org/t/how-to-create-a-zip-file/113208,Human,0.9995
https://discussions.apple.com/thread/1424886,Human,0.9927
https://discussions.apple.com/thread/250029662,Human,0.9995
https://discussions.apple.com/thread/250578615,Human,1
https://discussions.apple.com/thread/250952743,Human,0.9995
https://discussions.apple.com/thread/251656276,Human,0.9995
https://discussions.apple.com/thread/251662761,Human,0.9976
https://discussions.apple.com/thread/251988610,Human,0.999
https://discussions.apple.com/thread/252571718,Human,0.999
https://discussions.apple.com/thread/253437852,Human,1
https://discussions.apple.com/thread/253591492,Human,0.9995
https://discussions.apple.com/thread/253610039,Human,0.999
https://discussions.apple.com/thread/253630239,Human,0.999
https://discussions.apple.com/thread/253656233,Human,0.999
https://discussions.apple.com/thread/253715921,Human,1
https://discussions.apple.com/thread/253794484,Human,1
https://discussions.apple.com/thread/254171324,Human,1
https://discussions.apple.com/thread/254397597,Human,1
https://discussions.apple.com/thread/254410443,Human,0.999
https://discussions.apple.com/thread/254533914,Human,0.9995
https://discussions.apple.com/thread/254747531,Human,0.999
https://discussions.apple.com/thread/254775081,Human,1
https://discussions.apple.com/thread/254798787,Human,0.9995
https://discussions.apple.com/thread/254840207,Human,1
https://discussions.apple.com/thread/254865384,Human,1
https://discussions.apple.com/thread/254923261,Human,1
https://discussions.apple.com/thread/254963233,Human,0.9985
https://discussions.apple.com/thread/254970458,Human,1
https://discussions.apple.com/thread/255004745,Human,0.998
https://discussions.apple.com/thread/255071591,Human,1
https://discussions.apple.com/thread/255093592,Human,1
https://discussions.apple.com/thread/255235154,Human,0.9985
https://discussions.apple.com/thread/255311378,Human,0.998
https://discussions.apple.com/thread/255452396,Human,0.999
https://discussions.apple.com/thread/255475420,Human,0.999
https://discussions.apple.com/thread/255532458,Human,0.9995
https://discussions.apple.com/thread/255576282,Human,0.998
https://discussions.apple.com/thread/255596298,Human,0.999
https://discussions.apple.com/thread/255604408,AI,1
https://discussions.apple.com/thread/255653330,Human,0.9995
https://discussions.apple.com/thread/255953088,Human,0.9966
https://discussions.apple.com/thread/3269766,Human,1
https://discussions.apple.com/thread/4071246,Human,0.9995
https://discussions.apple.com/thread/4910668,Human,0.9995
https://discussions.apple.com/thread/6556153,Human,0.999
https://discussions.apple.com/thread/6779587,Human,1
https://discussions.apple.com/thread/695601,Human,0.9995
https://discussions.apple.com/thread/7580270,Human,0.999
https://discussions.apple.com/thread/8655798,Human,1
https://divorcestrategiesgroup.com/how-to-tell-your-spouse-you-are-leaving-2,Human,0.9971
https://docs.aws.amazon.com/aws-backup/latest/devguide/multipartyapproval-tasks-administrator.html,Human,1
https://docs.aws.amazon.com/bedrock/latest/userguide/webcrawl-data-source-connector.html,Human,0.9995
https://docs.aws.amazon.com/cli/latest/userguide/cli-configure-sso.html,Human,0.9971
https://docs.aws.amazon.com/kendra/latest/dg/data-source-web-crawler.html,Human,0.999
https://docs.bulkemailsetup.com/popular-topics/servers/bounce-server,AI,1
https://docs.djangoproject.com/en/5.2/ref/contrib/admin,Human,0.9995
https://docs.djangoproject.com/en/5.2/ref/django-admin,Human,0.9995
https://docs.djangoproject.com/en/5.2/topics/db/models,Human,0.9995
https://docs.nvidia.com/cuda/cuda-installation-guide-microsoft-windows/index.html,Human,0.998
https://docs.openenergymonitor.org/electricity-monitoring/ac-power-theory/advanced-maths.html,Human,0.998
https://docs.teradata.com/r/enterprise_intelliflex_vmware/sql-data-definition-language-syntax-and-examples/table-statements/alter-table/examples/alter-table-add-column-column_name-examples,AI,0.9473
https://docs.unsloth.ai/get-started/fine-tuning-guide/lora-hyperparameters-guide,Human,0.9985
https://docs.vdo.ninja/getting-started/mobile-phone-camera-into-webcam,Human,0.999
https://documentation.abila.com/netforum-enterprise/2017.1/content/gettingstarted/enabling_ie-mode_on_microsoft_edge.htm,Human,1
https://documentation.skillsoft.com/en_us/pes/a_administrator/adm_assignment_create.htm,Human,0.9995
https://dodgeforum.com/forum/3rd-gen-ram-tech/264937-easiest-way-to-discharge-ac.html,Human,0.9995
https://dothan.craigslist.org/search/gra,Human,1
https://dothaneagle.com/article_4f116a75-0c78-5f50-b84a-62a1905e9a1a.html,Human,0.9961
https://dph.illinois.gov/topics-services/diseases-and-conditions/diseases-a-z-list/diseases/crabs.html,Human,0.9932
https://dph.illinois.gov/topics-services/environmental-health-protection/toxicology/indoor-air-quality-healthy-homes/mold-your-health.html,Human,0.9985
https://dragonball.fandom.com/wiki/goku,Human,0.9902
https://drewbrees.com,Human,0.9727
https://drexel.edu/it/computers-software/operating-systems/find-os-version,Human,0.9985
https://drgooddeed.com/blog/five-food-habits-to-avoid-if-you-have-anemia,Human,1
https://driphydration.com/blog/gallbladder-surgery-recovery,Human,0.9985
https://drivemehungry.com/yaki-udon-stir-fried-udon-noodles,Human,0.999
https://drkathleenmahannah.com/blog/low-progesterone,Human,1
https://drniveditapandey.com/diverticulitis/7-foods-to-avoid-with-diverticulitis-tips,Human,0.9824
https://droidcam.app,Human,0.9995
https://drugs-forum.com/threads/psilocybe-ovoideocystidiata.193994,Human,0.9995
https://dsf.net.au/learning-difficulties/dyslexia/supporting-people-with-dyslexia,Human,0.9995
https://dtsc-form-1358.pdffiller.com,Human,0.999
https://dtsc.ca.gov/defining-hazardous-waste,Human,0.9985
https://dtsc.ca.gov/laws,Human,0.9985
https://dtsc.ca.gov/who-we-are,Human,0.9951
https://ducksnarow.com/2024/08/how-to-keep-squirrels-and-chipmunks-out-of-your-potted-plants.html,Human,1
https://ducksnarow.com/2024/08/how-to-keep-squirrels-and-chipmunks-out-of-your-potted-plants.html/keep-squirrels-chipmunks-out-of-your-potted-plants-500,Human,0.9976
https://dudeasks.com/question/what-is-server-boosting-in-discord-and-how-do-i-do-it,Human,0.998
https://dungeonsdragons.fandom.com/wiki/tiefling,Human,0.9976
https://dynamicspinesport.com/blogs/injury/rest-after-dry-needling,Human,0.9976
https://eagereyes.org/blog/2024/nytimes-web-flash-player,Human,0.9995
https://earnnest.com,Human,0.9995
https://earthynow.com/what-is-delta-8-thc,Human,0.9985
https://eastsidegynecology.com/blog/will-an-abortion-affect-my-health,Human,1
https://easyplant.com,Human,0.999
https://eb3.work,Human,0.9995
https://ebible.com/questions/3193-why-does-god-love-us,Human,0.9956
https://eclstranslations.co.uk/the-importance-of-inclusive-language-and-translation,Human,0.9976
https://eddcaller.com,AI,0.9985
https://edit-pdf.pdffiller.com,Human,0.9858
https://edition.cnn.com/2023/03/02/politics/jill-biden-cnntv,Human,0.9956
https://editorial.rottentomatoes.com/guide/star-wars-movies-in-order,Human,0.9995
https://editorialist.com/fashion/what-to-wear-on-a-yacht-trip,Human,1
https://edmontonjournal.com/life/homes/gardening/growing-things-how-to-prune-lilac-trees-and-treat-a-spongy-lawn,Human,0.9961
https://edubirdie.com/docs/california-state-university-northridge/acct-230-introduction-to-managerial-ac/77058-cost-volume-profit-relationships-part-2,Human,0.999
https://edworkforce.house.gov/news/documentsingle.aspx,Human,0.9922
https://efl.academy/how-to-respond-to-thank-you,Human,1
https://ehs.cornell.edu/research-safety/chemical-safety/laboratory-safety-manual/chapter-7-safe-chemical-use/73-safety,Human,0.9956
https://ehs.okstate.edu/laboratory-safety/liquid_safety.html,Human,0.999
https://ejs.co,Human,0.9995
https://elearn.soton.ac.uk/knowledge-base/m365-stopsharing,Human,0.9995
https://elinc.edu,Human,1
https://elizabethkosichstyling.com/press/buzz/best-colors-for-blue-eyes,Human,0.999
https://elsupermarkets.com,Human,0.9922
https://emilyzanotti.substack.com/p/pantry-raid,Human,0.999
https://emmalinebride.com/favors/bridal-shower-favors,Human,0.9995
https://en-americas-support.nintendo.com/app/answers/detail/a_id/48484/~/how-to-redeem-a-fortnite-v-bucks-card,Human,0.9971
https://en.ittrip.xyz/onedrive/revoke-onedrive-access,AI,0.9937
https://en.ittrip.xyz/windows-server/restrict-rdp-server2022,AI,0.9995
https://en.mygreengrowers.com/detail-journal/upcycle-clothes,Human,0.9927
https://en.namu.wiki/w/%ec%95%84%eb%82%98%ed%82%a8%20%ec%8a%a4%ec%b9%b4%ec%9d%b4%ec%9b%8c%ec%bb%a4,Human,0.8428
https://en.ryte.com/wiki/crawler,Human,0.9805
https://en.softonic.com/top/browsers-for-flash-games,Human,0.9888
https://enableflashplayer.com,Human,1
"https://encyclopedia.nm.org/conditions/heart/preventing/56,2967",Human,0.9907
"https://encyclopedia.nm.org/relateditems/167,osmolality_blood",Human,0.9902
https://enduringword.com/bible-commentary/genesis-1,Human,0.9946
https://enduringword.com/bible-commentary/john-1,Human,0.9951
https://engineering.osu.edu/bachelor-science-industrial-and-systems-engineering,Human,0.999
https://engineering.osu.edu/industrial-and-systems-engineering,Human,0.9985
https://engineering.wisc.edu/departments/industrial-systems-engineering,Human,0.999
https://engineering.wisc.edu/news/research-points-to-microwave-attack-as-havana-syndrome-cause,Human,0.9995
https://enginemailer.zendesk.com/hc/en-us/articles/360043388432-explanation-about-bounce-classifications,Human,1
https://enva.com/case-studies/how-to-dispose-of-cooking-oil,Human,0.9995
https://eodhd.com/financial-academy/backtesting-strategies-examples/algorithmic-trading-with-relative-strength-index-in-python,Human,0.9888
https://epielle.com/blogs/glow-up-with-k-beauty/best-foot-care-routine-with-foot-mask,Human,0.998
https://epson.com/support/wa00903a,Human,0.8838
https://equity.ubc.ca/resources/inclusive-language-resources,Human,0.9893
https://equitymultiple.com/blog/what-is-a-good-cap-rate,AI,0.9692
https://erikexamines.substack.com/p/why-invent-a-mechanical-clock,Human,0.9995
https://ers.texas.gov,Human,0.999
https://etc.usf.edu/techease/win/images/how-do-i-reduce-the-file-size-of-an-image,Human,0.9976
https://eu.battle.net/support/en/article/23672,Human,0.9878
https://eu.ugreen.com/blogs/power-bank/how-to-charge-laptop-by-power-bank,Human,0.9995
https://eurasiagroupe.com/category/benchmark,Human,0.9189
https://europe.factsanddetails.com/article/entry-758.html,Human,1
https://everydaylatina.com/slow-cooker-menudo,Human,0.998
https://evlife.co/blog/tesla-home-charging-guide,Human,0.9556
https://exceljet.net/formulas/get-last-name-from-name,Human,0.9697
https://exceljet.net/formulas/split-full-name-into-parts,Human,0.9966
https://excellentbusinessplans.com/how-to-calculate-your-business-value,AI,0.999
https://excelpoolsboca.com/how-to-heat-a-pool-fast-diy,AI,1
https://excelpoolsboca.com/how-to-heat-an-above-ground-pool,Human,0.9858
https://experienceleague.adobe.com/en/docs/workfront/using/manage-work/tasks/assign-tasks/create-advanced-assignments,Human,0.9995
https://explorable.com/controlled-variables,Human,0.9995
https://explorersagainstextinction.co.uk/blog/5-tips-for-an-eco-friendly-gorilla-trek,Human,0.9175
https://expressjs.com,Human,0.9961
https://extension.missouri.edu/publications/g6405,Human,1
https://extension.missouri.edu/publications/g6620,Human,1
https://extension.okstate.edu/fact-sheets/asparagus-production.html,Human,0.9995
https://extension.okstate.edu/programs/digital-diagnostics/insects-and-arthropods/pubic-lice-phthirus-pubis,Human,0.999
https://extension.oregonstate.edu/catalog/pub/em-9364-nontimber-forest-products-small-woodland-owners-reishi-mushroom-growing-guide,Human,0.9941
https://extension.oregonstate.edu/gardening/flowers-shrubs-trees/growing-annual-morning-glory,Human,0.9985
https://extension.oregonstate.edu/gardening/techniques/collecting-storing-seeds-your-garden,Human,0.9951
https://extension.unh.edu/blog/2018/06/chipmunks-garden,Human,0.9956
https://extension.unh.edu/blog/2020/10/how-do-i-save-seeds-next-years-garden,Human,0.9995
https://extension.unh.edu/resource/growing-vegetables-asparagus-fact-sheet,Human,0.999
https://eycej.org/index.php/2023/03/07/caution-dtsc-detrimental-to-community-health,Human,0.9995
https://ezcast-pro.com/stories/how-to-be-more-proactive-at-work,Human,0.9932
https://ezrapaul.com/pages/jacket-size-chart,Human,0.9971
https://factsanddetails.com/china/cat2/sub90/item50.html,Human,1
https://factsanddetails.com/south-asia/pakistan/government_justice_military/entry-8126.html,Human,1
https://faithalone.org/journal-articles/book-reviews/the-coming-kingdom-what-is-the-kingdom-and-how-is-kingdom-now-theology-changing-the-focus-of-the-church,Human,1
https://familylocket.com/become-a-better-genealogist-by-taking-a-course-in-forensic-genealogy,Human,0.9805
https://familyminded.com/s/when-do-boys-stop-growing-8d3b2bd69e81443f,Human,1
https://fashionjournal.com.au/pre-loved/designers-old-clothes,Human,1
https://fashionjournal.com.au/pre-loved/upcycling-repair-clothing,Human,0.9995
https://fashionsizzle.com/2023/04/what-you-need-to-know-to-upcycle-old-clothes,Human,0.999
https://fat32-format.en.softonic.com,Human,0.9893
https://fathom.video,Human,0.9995
https://fce.uit.edu.vn,AI,0.9629
https://fdc.nal.usda.gov,Human,0.9995
https://fdhlegal.com/medicare-and-medicaid-101-your-medicare-card-explained,Human,0.9995
https://feathermc.com,Human,0.9985
https://fedoraproject.org,Human,0.9995
https://feedback.tracker.gg/t/my-profile-is-not-updating/23088,Human,0.999
https://felixlongoria.weebly.com,Human,1
https://fellow.app/blog/feedback/how-to-respond-to-positive-feedback-from-your-boss,Human,0.999
https://fellow.app/blog/meetings/the-quick-guide-to-recording-a-zoom-meeting,Human,0.998
https://ffxiv-roleplayers.com/topic/3204-qa-legacy-and-non-legacy-what-does-it-all-mean,Human,0.9995
https://fherehab.com/learning/types-bipolar,Human,0.9937
https://fiixsoftware.com/glossary/repair-and-maintenance,Human,0.9917
https://fiixsoftware.com/glossary/routine-maintenance,Human,0.9902
https://fiixsoftware.com/glossary/what-is-maintenance-repairs-and-operations,Human,0.9976
https://filmcare.org,Human,0.9985
https://filmlifestyle.com/when-is-pilot-season,Human,0.9951
https://finance.duke.edu/accounting/glaccts,Human,0.9995
https://finance.yahoo.com/markets/stocks/most-active,Human,0.9834
https://finance.yahoo.com/news/100-passive-income-ideas-help-133002220.html,Human,0.9956
https://finance.yahoo.com/news/americans-consumer-debt-hits-time-151521773.html,Human,0.9961
https://finance.yahoo.com/news/dow-drops-400-points-nasdaq-122200277.html,Human,0.9922
https://finance.yahoo.com/news/ford-says-michigan-battery-plant-180000172.html,Human,0.9937
https://finance.yahoo.com/news/guaranteed-minimum-withdrawal-benefit-gmwb-180228263.html,Human,0.9922
https://finance.yahoo.com/news/live/stock-market-today-dow-slides-as-unitedhealth-plunges-nasdaq-sp-500-sputter-to-end-down-week-133036720.html,Human,0.9922
https://finance.yahoo.com/news/live/stock-market-today-dow-sp-500-nasdaq-fall-as-trump-tariff-threats-roar-back-us-deficit-anxiety-deepens-200055672.html,Human,0.9941
https://finance.yahoo.com/news/live/stock-market-today-dow-sp-500-nasdaq-jump-oil-slides-on-irans-restrained-response-to-us-strikes-200105505.html,Human,0.9941
https://finance.yahoo.com/news/live/stock-market-today-dow-sp-500-nasdaq-rally-to-put-records-back-in-sight-200340102.html,Human,0.9937
https://finance.yahoo.com/news/live/stock-market-today-dow-sp-500-nasdaq-slide-as-trump-calls-for-unconditional-surrender-from-iran-184826280.html,Human,0.9946
https://finance.yahoo.com/news/live/stock-market-today-dow-sp-500-nasdaq-waver-oil-prices-trim-gains-after-report-of-iran-missile-strikes-aimed-at-us-air-bases-170939854.html,Human,0.9941
https://finance.yahoo.com/news/mark-cuban-tells-americans-stock-110120266.html,Human,0.9966
https://finance.yahoo.com/news/stop-robocalls-block-numbers-iphone-110007618.html,Human,0.9995
https://finance.yahoo.com/news/technical-indicators-relative-strength-index-210107454.html,Human,0.9922
https://finance.yahoo.com/personal-finance/banking/article/bank-account-under-18-224049028.html,Human,0.9941
https://finance.yahoo.com/personal-finance/banking/article/how-to-transfer-money-to-another-bank-213302866.html,Human,0.9932
https://finance.yahoo.com/personal-finance/credit-cards/article/amazon-prime-day-offer-151700160.html,Human,0.9937
https://finance.yahoo.com/personal-finance/mortgages/article/gift-money-for-down-payment-161903297.html,Human,0.9971
https://finance.yahoo.com/quote/ilmn,Human,0.9985
https://finance.yahoo.com/quote/sun,Human,0.999
https://fineartinteriors.com/how-to-measure-curtains,AI,1
https://firebase.google.com/docs/admin/setup,Human,0.9946
https://firebase.google.com/docs/cloud-messaging,Human,0.9941
https://fireflies.ai,Human,1
https://firstnationsgallery.com/collections/the-sun-symbol,Human,0.9995
https://fitmyfoot.com/blogs/footprints/shoe-width-chart,Human,0.9502
https://fitsmallbusiness.com/business-valuation-calculator,Human,0.998
https://fitsmallbusiness.com/cap-rate-calculator,AI,0.9785
https://flag.dol.gov,Human,0.999
https://flash-browser.en.softonic.com,Human,0.9883
https://flippingtraders.com,Human,0.999
https://flixed.io/sling-tv-channels,Human,0.9966
https://flixed.io/sling-tv-on-demand-library,Human,0.9966
https://flo.health/health-articles/abortion-side-effects,Human,0.9985
https://flo.health/menstrual-cycle/health/period/hormone-levels-during-cycle,Human,0.9961
https://flo.health/menstrual-cycle/health/period/oily-skin-before-and-during-period,Human,0.9976
https://floridasdentistry.gov,Human,0.9922
https://florissa.com/how-to-plant-grow-care-for-gladiolus,Human,1
https://flourish.studio,Human,0.9961
https://focusee.imobie.com/record-screen/can-zoom-detect-screen-recording.htm,AI,0.9961
https://focusee.imobie.com/record-tips/nvidia-shadowplay-not-recording.htm,AI,0.9995
https://focusee.imobie.com/record-tips/zoom-record-screen-or-just-the-meeting.htm,Human,0.999
https://focuskeeper.co/glossary/what-is-family-commitments,AI,1
https://foliovision.com/player/audio/multiple-audio-tracks-player,Human,1
https://foneworld.repair/what-to-do-after-dropping-your-phone-in-water,Human,0.9688
https://fontba.se,Human,1
https://food52.com/blog/18948-are-san-marzano-tomatoes-worth-it,Human,0.9995
https://food52.com/blog/25561-diy-terracotta-effect-paint,Human,0.9995
https://food52.com/blog/9584-all-about-miso,Human,1
https://food52.com/hotline/6423-miso-how-long-does-it-keep,Human,1
https://foodallergypi.com/2018/09/27/allergy-friendly-mummy-bars-biscoff-mummies,Human,0.999
https://foodallergysupport.olicentral.com/index.php,Human,0.9985
https://forensiccoe.org/report-2022-forensic-genetic-genealogy,Human,0.9702
https://forestryandland.gov.scot/learn/heritage/visit-heritage-sites/wilsontown/how-iron-is-made,Human,0.9995
https://forgottenrealms.fandom.com/wiki/tiefling,Human,0.9912
https://forum-external.crio.do/t/what-is-node-js/214,AI,1
https://forum.audacityteam.org/t/unwanted-voice-change/58724,Human,0.9995
https://forum.dfwmas.org/index.php,Human,0.999
https://forum.dontpayfull.com/threads/showering-together.29025,Human,0.9995
https://forum.endeavouros.com/t/any-working-browser-for-flash-player-available/9418,Human,1
https://forum.endeavouros.com/t/will-a-laptop-battery-deteriorate-sooner-if-plugged-in-most-of-the-time/22081,Human,1
https://forum.enterprisedna.co/t/how-to-calculate-current-fiscal-year-value/1555,Human,1
https://forum.finepix-x100.com/t/can-someone-explain-how-to-make-stickers-on-iphone/1682,AI,1
https://forum.mattressunderground.com/t/modern-memory-foam-health-tempurpedic/12523,Human,0.9985
https://forum.mattressunderground.com/t/real-old-fashioned-box-springs/1146,Human,0.9912
https://forum.mattressunderground.com/t/tempurpedic-useless-after-5-yrs-wondering-why/10373,Human,0.9985
https://forum.notarycafe.com/t/best-websites-to-become-a-notary-in-texas/9662,Human,1
https://forum.notarycafe.com/t/tx-newbie-training-signing-next-steps/22255,Human,1
https://forum.opnsense.org/index.php,Human,0.9985
https://forum.posit.co/t/how-to-add-column-into-existing-table/74567,Human,1
https://forum.prutor.ai/index.php,Human,0.9995
https://forum.psychlinks.ca/threads/marijuana-and-sexual-dysfunction.29274,Human,0.9971
https://forum.schizophrenia.com/t/has-anyone-heard-about-rosemary-oil/327585,Human,1
https://forum.schizophrenia.com/t/thought-disorder/213477,Human,0.9976
https://forum.schizophrenia.com/t/what-is-thought-disorder/49072,Human,0.9995
https://forum.tudiabetes.org/t/low-triglycerides-as-a-marker-for-insulin-sensitivity/23255,Human,1
https://forum.uipath.com/t/encrypt-excel-file-with-password-add-password-to-excel-file/562139,Human,1
https://forum.uipath.com/t/split-first-name-last-name-in-excel/221736/1000,Human,1
https://forum.uipath.com/t/what-is-the-best-way-to-create-graphs-on-excel/290896,Human,1
https://forum.wordreference.com/threads/slogan-catchphrase.547154,Human,0.999
https://forum.wordreference.com/threads/such-at-the-end-of-a-sentence.2106010,Human,0.9985
https://forum.wordreference.com/threads/two-different-usages-of-as-such.4126894,Human,0.999
https://forum.zorin.com/t/cant-find-the-screenshot-shortcut/21989,Human,1
https://forums.androidcentral.com/threads/guide-oh-no-my-phone-got-wet.477140,Human,0.998
https://forums.androidcentral.com/threads/playing-mkv-files.386606,Human,0.9956
https://forums.androidcentral.com/threads/to-change-to-android-or-stay-with-fire.1035111,Human,0.9951
https://forums.androidcentral.com/threads/turn-your-kindle-fire-into-a-full-fledged-android-tablet.134206,Human,0.9995
https://forums.babypips.com/t/double-tops-and-head-and-shoulders-in-a-downtrend/362572,Human,1
https://forums.botanicalgarden.ubc.ca/threads/asparagus-advice.52417,Human,1
https://forums.botanicalgarden.ubc.ca/threads/morning-glories-no-flowers.56525,Human,0.9995
https://forums.classicpress.net/t/slogan-vs-tagline/1050,Human,1
https://forums.cozycot.com/forum/lifestyle/4538647-here-is-how-to-be-proactive-in-your-academic-life,Human,1
https://forums.flightsimulator.com/t/g1000-intermittent-issue-with-airport-data-existence-or-correctness/727594,Human,1
https://forums.gemsociety.org/t/glass-filled-ruby/191,Human,1
https://forums.gemsociety.org/t/ruby-glass-filled-or-natural/3766,Human,0.999
https://forums.kodeco.com/t/ios-10-screencast-dynamic-sticker-packs-in-imessage-apps/16908,Human,0.9951
https://forums.lotuselan.net/t/measuring-toe-in/10558,Human,1
https://forums.massivecraft.com/threads/nether-wart-blocks-to-nether-wart.62832,Human,0.9941
https://forums.maxperformanceinc.com/forums/showthread.php,Human,0.9956
https://forums.opensuse.org/t/pptp-vpn-connection/140116,Human,0.9961
https://forums.oracle.com/ords/apexds/post/need-to-insert-a-column-into-an-existing-table-9978,Human,0.9941
https://forums.pelicanparts.com/9928113-post10.html,Human,1
https://forums.redflagdeals.com/freshco-ruffles-doritos-2-99-earn-500-scene-points-wub-4-bags-2768466/2,Human,0.9902
https://forums.redflagdeals.com/how-long-can-i-wait-grout-1246139,Human,0.9819
https://forums.sandisk.com/t/best-formatting-for-external-disk-as-a-backup/254192,Human,0.9966
https://forums.sandisk.com/t/format-500-gb-extreme-portable-ssd/209036,Human,1
https://forums.spacebattles.com/threads/from-the-ashes-a-fire-shall-be-woken-asoiaf-mage-si.1179463/page-148,Human,0.999
https://forums.spacebattles.com/threads/intransigent-a-star-wars-si.1240517,Human,0.999
https://forums.spacebattles.com/threads/size-of-ancalagon-the-black.385672,Human,0.9995
https://forums.spacebattles.com/threads/the-disciple-of-iroh-star-wars-self-insert.1240097/page-3,Human,0.999
https://forums.stardock.com/521991/how-to-move-windows-widget-to-left-side-of-taskbar,Human,0.998
https://forums.swift.org/t/is-swift-a-good-language-for-a-beginner-to-learn/59814,Human,0.9844
https://forums.theknot.com/discussion/832648/tags-on-a-bridal-shower-favor-what-should-it-say,Human,0.9951
https://forums.tomsguide.com/threads/android-applications-keep-crashing.422318,Human,0.998
https://forums.tomsguide.com/threads/dell-inspiron-battery-replacement.259290,Human,0.9995
https://forums.tomsguide.com/threads/how-do-i-record-desktop-on-nvidias-shadowplay.356398,Human,0.9941
https://forums.tomsguide.com/threads/how-long-to-charge-new-laptop.256752/post-1245225,Human,0.9995
https://forums.tomsguide.com/threads/installing-android-on-kindle-fire-7-2019.460969,Human,0.9961
https://forums.tomsguide.com/threads/laptop-wont-turn-on-and-doesnt-charge-possibly-fried.429621,Human,0.9941
https://forums.tomsguide.com/threads/what-is-best-to-play-mkv-files.308246,Human,0.9941
https://forums.tomshardware.com/threads/anything-i-have-to-change-prebuilt.3711013,Human,0.9961
https://forums.tomshardware.com/threads/cant-find-print-screen-button-on-new-keyboard-mk470.3571959,Human,0.9985
https://forums.tomshardware.com/threads/enable-uefi-secure-boot-after-install.3859365,Human,0.9985
https://forums.tomshardware.com/threads/enabling-secure-boot-cause-pc-to-not-boot.3753100,Human,0.9966
https://forums.tomshardware.com/threads/format-ssd-for-external-use.3858103,Human,0.9878
https://forums.tomshardware.com/threads/geforce-experience-doesnt-record-the-windows-desktop.3832098,Human,0.9941
https://forums.tomshardware.com/threads/good-bye-my-gaming-pc.3882051,Human,0.9961
https://forums.tomshardware.com/threads/hard-drive-compression.3620698,Human,0.9985
https://forums.tomshardware.com/threads/how-to-get-geforce-experience-shadowplay-to-only-record-games.2608562,Human,0.9971
https://forums.tomshardware.com/threads/is-it-alright-to-use-lower-wattage-charger-to-charge-my-laptop.3805773,Human,0.9995
https://forums.tomshardware.com/threads/optimizing-my-windows-10-pc-for-gaming-browsing-etc-programs-tutorials.3722271,Human,0.9976
https://forums.tomshardware.com/threads/ways-to-optimize-performance-on-windows-10.3288246/latest,Human,0.9976
https://forums.tomshardware.com/threads/what-power-supply-do-i-need.2667701,Human,0.9995
https://forums.tomshardware.com/threads/what-wattage-power-supply-do-i-need.3562843/post-21510461,Human,0.9961
https://forums.tropy.org/t/importing-pdfs-degrades-resolution/1909,Human,0.9995
https://forums.tumult.com/t/make-animated-imessage-stickers-with-hype/8046,Human,0.9995
https://forums.whirlpool.net.au/archive/2034752,Human,1
https://forums.zwift.com/t/recording-your-rides-with-nvidia-geforce-experience/17528,Human,0.9995
https://forvo.com/word/saja,Human,0.9907
https://forvo.com/word/tentu_saja,Human,0.9922
https://fossbytes.com/howto-setup-apple-id-create-icloud-account,Human,0.9995
https://four12global.com/resources/series/beequipped/kingdom-now-part-2,Human,0.998
https://frankseasytechcorner.substack.com/p/how-to-make-an-amazon-echo-show-act,Human,0.9946
https://freedomhouse.org/article/how-citizens-and-leaders-can-protect-spirit-democracy,Human,0.999
https://freefilesync.org,Human,0.999
https://freespeechforpeople.org/democracy-amendments,Human,0.9902
https://freestuffbot.xyz,Human,0.9995
https://freshspectrum.com/how-to-create-line-graphs-in-excel,Human,0.9976
https://freshyt.fandom.com/wiki/fresh,Human,0.9985
https://frtonyshomilies.com,Human,0.9995
https://fundamatics.net,Human,0.9971
https://fwbg.org,Human,0.9927
https://gabriel.com,Human,0.9985
https://gameranx.com/updates/id/543416/article/is-now-the-right-time-to-buy-roblox-stock,Human,0.9995
https://gamertweak.com/forest-cheats-console-commands,Human,1
https://gameshampoo.com/269159/dawnguard-using-vampire-seduction-power,Human,0.9956
https://gameshampoo.com/286885/skyrim-dawnguard-vampire-lord-how-use-seduction-power,Human,0.9805
https://gameteam.io/blog/how-to-tame-a-cat-in-minecraft,AI,0.9995
https://gangnamspa.org,AI,1
https://ganknow.com/blog/how-to-use-your-phone-as-a-webcam,Human,0.9771
https://garden.org/thread/view/111766/what-is-eating-my-plant-leaves,Human,0.9995
https://garden.org/thread/view/119190/planting-of-gladiolus,Human,1
https://garden.org/thread/view/124801/crabgrass,Human,1
https://garden.org/thread/view/135835/painting-terracotta-pots,Human,1
https://garden.org/thread/view/142655/cutting-down-asparagus,Human,0.9946
https://garden.org/thread/view/20859/heavenly-blue-morning-glory,Human,0.9995
https://garden.org/thread/view/49561/painting-those-boring-clay-houseplant-pots-plastic-or-ceramic,Human,1
https://garden.org/thread/view/71494/seed-storage,Human,0.9995
https://garden.org/thread/view/71862/morning-glory-from-seed,Human,1
https://garden.org/thread/view/83670/leaning-gladiolus,Human,0.9849
https://garmoth.com/server-buffs,Human,0.9971
https://gbatemp.net/threads/one-hdd-for-wii-u-wii-game-installations.630478,Human,0.998
https://geekymedics.com/syndrome-of-inappropriate-antidiuretic-hormone-secretion-siadh,Human,0.9976
https://gem.agency/gemstones/glass-filled-ruby,AI,1
https://generalaviationnews.com/2025/06/26/the-real-reason-pilots-quit-flight-training,Human,0.9995
https://geniodellapizza.com,Human,0.9995
https://getfrankli.com/knowledge-centre/feedback-for-line-manager-examples,Human,0.9995
https://getprospect.com,Human,0.999
https://getstickerpack.com,Human,0.9995
https://gg.deals/vouchers/eneba,Human,0.998
https://gg.deals/vouchers/steam,Human,0.998
https://givingbalkans.org/content/inclusive-language-principles,Human,1
https://glasscock.rice.edu/course,Human,0.9951
https://glycanage.com,Human,0.9995
https://goaskalice.columbia.edu/answered-questions/what-are-effects-having-multiple-abortions,Human,0.9985
https://goaskalice.columbia.edu/answered-questions/why-do-people-do-drag,Human,0.998
https://gold.jgi.doe.gov/organisms,Human,0.9951
https://goop.com/wellness/health/what-is-my-biological-age,Human,0.9995
https://gopack.com/news/2023/9/27/football-ring-of-honor-bill-cowher,Human,0.9907
https://gorillafund.org,Human,0.9995
https://gorillas.org,Human,1
https://gorillassp.org/conservation/gorilla-safe,Human,0.9995
https://gptexcel.uk,AI,1
https://grants.nih.gov/grants-process/write-application/forms-directory/biosketch,Human,0.9985
https://grants.nih.gov/grants-process/write-application/how-to-apply-application-guide/format-attachments,Human,0.9985
https://grants.nih.gov/grants/guide/rfa-files/rfa-rm-25-001.html,Human,0.999
https://grants.nih.gov/grants/guide/rfa-files/rfa-rm-25-002.html,Human,0.9995
https://grapesandsplendor.com/2018/10/14/how-to-make-a-weed-killer-that-annihilates-insects-on-spot,Human,0.9854
https://graphy.app,Human,0.999
https://grata.com/resources/business-valuation-formulas,Human,0.957
https://greengrowthcpas.com/asset-valuation-a-comprehensive-guide-to-business-valuation,AI,1
https://greenweddingshoes.com/best-bridal-shower-favors,Human,0.9995
https://greg.app/bugs-on-ageratum,AI,1
https://greg.app/bugs-on-manuka,AI,1
https://greg.app/common-morning-glory-flowers,AI,1
https://greg.app/how-to-plant-gladiolus,AI,1
https://greg.app/morning-glory-lifecycle,AI,1
https://greg.app/question/41gnpx/chipmunk-digging-into-pots-does-anybody-have-any-advice-on-deterring-chipmunks-from-digging-in-all,Human,0.9995
https://greg.app/question/k2bux/does-painting-terracotta-pots-affect-the-moisture-wicking-nature-of-the-pots-ive-noticed-lots-of,Human,0.9995
https://greg.app/siris-tree-leaves-curling,AI,1
https://greg.app/when-to-plant-gladiolus,AI,1
https://gritsandgouda.com/how-to-make-southern-fried-yellow-squash,Human,0.999
https://groups.google.com/g/maru-os/c/zhvpvlzweuo,Human,0.9927
https://growingfruit.org/t/seed-storage-and-handling/8987,Human,1
https://guides.boisestate.edu/citingsources/presentations,Human,0.9995
https://guides.hostos.cuny.edu/che120,Human,0.9985
https://guides.lib.purdue.edu/civicsliteracy/role,Human,0.9995
https://guides.lib.uci.edu/ae/citation,Human,1
https://guides.libraries.psu.edu/apaquickguide/intext,Human,0.9995
https://guides.loc.gov/consumer-research/market-segments/generations,Human,0.9995
https://guides.loc.gov/student-resources/citations,Human,1
https://guides.sll.texas.gov/cannabis/cbd,Human,0.9976
https://gymnasticshq.com/how-to-do-a-split,Human,0.999
https://h30434.www3.hp.com/t5/notebook-operating-system-and-recovery/change-administrator-name/td-p/9001566,Human,0.999
https://h30434.www3.hp.com/t5/notebook-operating-system-and-recovery/how-do-you-change-the-administrator-name-on-an-hp/td-p/6408655,Human,0.9971
https://hamdey.com/the-history-of-scotch-tape,Human,0.9985
https://happymoneysaver.com/homemade-liquid-fabric-softener-recipe-works-best,Human,0.999
https://harappa.education/harappa-diaries/communication-for-leaders,Human,1
https://harboryachts.com/what-to-wear-on-a-yacht-day-trip,AI,0.998
https://hartfordhealthcare.org/about-us/news-press/news-detail,Human,0.9971
https://hartfordhealthcaremedicalgroup.org/about-us/news-center/news-detail,Human,0.9956
https://harvestopc.com/biblical-church-leadership,Human,0.9985
https://hbcnh.org/what-to-expect-at-our-services,Human,0.9995
https://hbr.org/2009/04/how-to-market-in-a-downturn-2,Human,0.9985
https://hbr.org/2010/03/how-to-give-your-boss-feedback,Human,0.9976
https://hbr.org/2010/03/roaring-out-of-recession,Human,0.999
https://hbr.org/2012/10/structure-your-presentation-li,Human,0.998
https://hbr.org/2017/06/changing-company-culture-requires-a-movement-not-a-mandate,Human,0.998
https://hbr.org/2019/05/how-to-survive-a-recession-and-thrive-afterward,Human,0.999
https://hbr.org/2019/07/6-causes-of-burnout-and-how-to-avoid-them,Human,0.9985
https://hbr.org/2020/12/the-right-way-to-give-negative-feedback-to-your-manager,Human,0.9839
https://hbr.org/2022/03/how-to-make-your-organizations-language-more-inclusive,Human,0.999
https://hbr.org/2022/10/6-factors-that-determine-your-companys-valuation,Human,0.9995
https://hbr.org/2022/11/how-great-leaders-communicate,Human,0.9932
https://hbr.org/2023/04/how-to-give-negative-feedback-to-your-peers-boss-or-direct-reports,Human,0.9995
https://hbr.org/2023/05/the-right-time-to-get-yourself-a-career-coach,Human,0.999
https://hbr.org/2025/04/want-to-use-ai-as-a-career-coach-use-these-prompts,Human,0.998
https://hcrwealth.com/social-security-can-i-collect-benefits-as-an-ex-spouse,Human,1
https://health-e.in/blog/how-to-increase-haemoglobin,AI,1
https://health.clevelandclinic.org/best-food-to-stock-up-on,Human,0.9995
https://health.clevelandclinic.org/biological-age,Human,0.9995
https://health.clevelandclinic.org/can-eye-color-change,Human,1
https://health.clevelandclinic.org/child-growth-and-development,Human,1
https://health.clevelandclinic.org/covid-immunity,Human,0.9995
https://health.clevelandclinic.org/dry-needling-how-this-time-tested-method-sticks-it-to-muscle-pain,Human,0.9995
https://health.clevelandclinic.org/gallbladder-diet,Human,0.9995
https://health.clevelandclinic.org/healthy-eating-for-kids,Human,0.9995
https://health.clevelandclinic.org/hot-flashes-anxiety,Human,0.9995
https://health.clevelandclinic.org/how-many-calories-a-day-should-i-eat,Human,0.9995
https://health.clevelandclinic.org/how-to-get-rid-of-a-double-chin,Human,0.9995
https://health.clevelandclinic.org/how-to-get-rid-of-acne-scars,Human,1
https://health.clevelandclinic.org/how-to-stop-snoring,Human,0.9995
https://health.clevelandclinic.org/is-biotin-as-good-as-advertised-for-your-hair-loss,Human,0.9995
https://health.clevelandclinic.org/orgasm-headache,Human,0.9995
https://health.clevelandclinic.org/rosemary-oil-for-hair,Human,0.9995
https://health.clevelandclinic.org/snoring-causes,Human,0.9995
https://health.clevelandclinic.org/top-10-worst-diet-choices-if-you-have-diabetes,Human,0.9995
https://health.clevelandclinic.org/turkey-neck,Human,0.9995
https://health.clevelandclinic.org/what-does-a-hot-flash-feel-like,Human,1
https://health.clevelandclinic.org/what-is-delta-8,Human,1
https://health.clevelandclinic.org/when-do-men-stop-growing,Human,1
https://healthcenter.uga.edu/healthtopics/dryneedling,Human,0.999
"https://healthlibrary.brighamandwomens.org/library/news/newsletters/men/167,osmolality_blood",Human,0.9873
"https://healthlibrary.osfhealthcare.org/conditions/heart/56,2967",Human,0.9868
"https://healthlibrary.osfhealthcare.org/library/diseasesconditions/adult/travel/56,2967",Human,0.9868
"https://healthlibrary.uwmedicine.org/returningtocare/167,triglycerides",Human,0.9751
"https://healthlibrary.vidanthealth.com/library/diseasesconditions/pediatric/167,osmolality_blood",Human,0.9854
https://healthwire.pk/healthcare/what-is-hyperkalemia,Human,1
https://hearingup.com/videos/occlusion-effect-hearing-aids,Human,1
https://hearmeoutcc.com/communicate-with-deaf-person,Human,1
https://heatonist.com,Human,0.999
https://heavy.com/sports/nfl/pittsburgh-steelers/boomer-esiason-hints-bill-cowher-interested-in-return-to-coaching,Human,0.9995
https://heidisongs.blog/consequences-that-teach-better-behavior-instead-of-punish,Human,1
https://heirloomfoodproject.com/food-stories/shawarma,Human,0.9985
https://hello.students.arbitersports.com,Human,0.998
https://hellonest.co/vinegar-fabric-softener,Human,0.9995
https://hellscanyon.tours/2024/06/27/ways-to-protect-your-electronics-during-a-jet-boat-tour,AI,1
https://help.dropbox.com/share/unshare-folder,Human,0.9985
https://help.dropbox.com/sync/files-not-syncing,Human,0.9751
https://help.ea.com/en/help/faq/redeem-product-and-promotional-codes,Human,0.998
https://help.ea.com/en/help/pc/secure-boot,Human,0.998
https://help.id.me/hc/en-us/articles/4416182310039-social-security-administration-and-id-me,Human,0.9985
https://help.illinoisstate.edu/technology/support-topics/device-support/windows/windows-11-overview/pin-and-unpin-apps-to-the-taskbar-in-windows-11,Human,0.9985
https://help.illinoisstate.edu/technology/support-topics/email/microsoft-365-email/using-outlook-in-microsoft-365/using-basic-features-in-the-outlook-web-app/adding-a-shared-mailbox-in-outlook,Human,1
https://help.illinoisstate.edu/technology/support-topics/email/microsoft-365-email/using-outlook-in-microsoft-365/using-basic-features-in-the-outlook-web-app/adding-a-shared-mailbox-in-the-microsoft-365-outlook-web-app,Human,1
https://help.illinoisstate.edu/technology/support-topics/file-storage/microsoft-onedrive/removing-a-user-from-a-shared-file-in-onedrive,Human,1
https://help.ivanti.com/mi/help/en_us/core/11.2.0.0/dmga/dmgfiles/pptp_rewrite.htm,Human,0.8164
https://help.netflix.com/en/node/100242,Human,0.999
https://help.netflix.com/en/node/10421,Human,0.998
https://help.netflix.com/en/node/14384,Human,0.998
https://help.netflix.com/en/node/23939,Human,0.9946
https://help.shopify.com/en/manual/promoting-marketing/create-marketing/customer-contact-information,Human,0.9971
https://help.steampowered.com/en/faqs/view/22c0-03d0-ae4b-04e8,Human,0.8872
https://help.steampowered.com/en/faqs/view/29a6-f529-f956-6292,Human,0.939
https://help.steampowered.com/en/faqs/view/2a12-9d79-c3d7-f870,Human,0.9473
https://help.steampowered.com/en/faqs/view/3145-c9bc-3e38-94f0,Human,0.9121
https://help.steampowered.com/en/faqs/view/3145-c9bc-3e38-94f0/1000,Human,0.9121
https://help.tradestation.com/10_00/eng/tsdevhelp/elword/function/rsi_function_.htm,Human,0.9961
https://heritagencfarmsupply.com/products/calf-manna-10-lbs,Human,0.9849
https://heywhatevernevermind.substack.com/p/beauty-skincare-makeup-gen-x-over-40-mature-skin,Human,0.998
https://hfs.illinois.gov/medicalclients/affordablecareact.html,Human,1
https://hhcbehavioralhealth.org/health-wellness/health-resources/health-library/detail,Human,0.9985
https://highpoint-furniture.com/why-you-really-do-need-a-box-spring-for-your-bed,AI,1
https://hilo.hawaii.edu/chancellor/stories/2016/02/02/uh-hilo-physicist,Human,0.9995
https://hive.blog/hive-182074/@omodolapo/what-was-jesus-christ-s-job,Human,1
https://holyo.reamaze.com/kb/partner-codes/help-with-fortnite-v-bucks,Human,0.9985
https://hone.gg,Human,0.9995
https://hope1032.com.au/faith/forgiving-as-we-are-forgiven-pt-1-a-time-with-god-devotion,Human,0.9995
https://houston-probate-law.com/can-a-minor-child-open-a-bank-account-in-texas,AI,1
https://howolddoyoulook.com,Human,0.9849
https://hscarroll.org/coat-care-for-pets-some-issues-and-grooming-tips,Human,0.9995
https://hub.bolton.ac.uk/game/game-attributes/global-citizen.aspx,Human,1
https://hub.genwell.ca/artificial-intelligence-contribution-to-isolation-loneliness-and-disconnection,AI,1
https://hurleyburish.com/am-i-entitled-to-my-ex-spouses-social-security-benefits,Human,0.8003
https://hyperhidrosis.com/cold-clammy-hands,Human,0.9995
https://hypixel.net/threads/how-do-i-build-a-nether-wart-farm-correctly.3697023,Human,0.999
https://hypixel.net/threads/how-do-i-make-nether-wart-farm.3601433/post-25886335,Human,0.9995
https://iclr.cc,Human,0.998
https://iconnect.isenberg.umass.edu/blog/2021/08/10/why-communication-is-so-important-for-leaders,Human,0.9995
https://icteducation.norfolk.gov.uk/page.aspx,Human,0.9976
https://ideas.repec.org,Human,0.999
https://ie.pinterest.com/pin/does-miso-paste-need-to-be-refrigerated--84935142967898789,Human,0.9985
https://iea.org.uk/what-socialism-means-and-why-it-matters,Human,0.9995
https://iep.utm.edu,Human,0.9976
https://ies.ed.gov/use-work/awards/evaluation-classroom-management-training-program-middle-school-teachers,Human,1
https://ignitevisibility.com/value-of-nofollow-sponsored-ugc-links,Human,0.998
https://iheartrecipes.com/southern-fried-okra-recipe,Human,0.999
https://ij.manual.canon/ij/webmanual/others1/en/pw/pw_default.html,Human,0.9893
https://iloveseo.com/seo/what-is-a-nofollow-link-and-how-do-they-affect-seo,Human,0.9937
https://imagecompressor.com,Human,0.998
https://imagecompressr.com,Human,0.9985
https://imahealth.org/how-long-does-natural-immunity-to-covid-last,Human,0.9922
https://imazing.com,Human,0.998
https://imessage111.rssing.com/chan-36995171/article37.html,Human,0.9985
https://immi.homeaffairs.gov.au/help-support/applying-online-or-on-paper/online/manage-your-organisation-accounts,Human,0.9985
https://impactgroupmarketing.com/blog/6-effective-and-easy-ways-to-collect-emails-for-email-marketing,Human,0.5811
https://imperialshawarma.ca/what-is-shawarma,Human,0.9995
https://in.indeed.com/career-advice/career-development/what-is-an-employee,Human,0.9995
https://inaturalist.ca/projects/psychoactive-fungi-of-the-scranton-area,Human,0.9668
https://inaturalist.nz/taxa/348835,Human,0.9932
https://inc.in/congress-sandesh/tribute/swami-vivekananda-12th-january-1863-4th-july-1902,Human,0.998
https://indianastate.edu,Human,0.9946
https://inews.co.uk/inews-lifestyle/which-generation-am-i-age-ranges-for-millennials-gen-z-and-more-2935398,Human,0.9907
https://info.fensolvi.com/all-topics/introduction-to-fensolvi/j-code-drug-codes,Human,0.999
https://infogram.com,AI,0.9995
https://inmamamaggieskitchen.com/menudo-or-pancita,Human,0.999
https://innermosthealthcare.com/health-wellness/biological-age-body-clock-test,Human,1
https://insight.org/resources/article-library/individual/here's-how-and-why-jesus-says-we-should-pray,Human,0.9976
https://insteading.com/blog/chipmunk-repellent,Human,0.999
https://insteading.com/blog/ways-to-upcycle-old-clothes,Human,0.9976
https://instituteofyou.org/circle-of-influence-circle-of-concern-tips,Human,1
https://insurancenewsnet.com/oarticle/venerable-holdings-inc-strikes-landmark-agreement-with-corebridge-financial-inc,Human,0.9985
https://intecorept.com/pain-hip-leg-physical-therapy-solution,Human,1
https://intellipaat.com/blog/microsoft-azure-certification,Human,0.9927
https://intellipaat.com/blog/what-is-purpose-of-abstract-class,AI,1
https://inter-build.ca,Human,1
https://intexcorp.com/products/above-ground-pools/pool-accessories/heating-system,Human,0.9614
https://intheblack.cpaaustralia.com.au/technical-skills/excel-tips-use-concat-and-text-join,Human,0.9985
https://inthecloud247.com/remove-the-built-in-teams-client-and-chat-icon-from-windows-11,Human,0.9995
https://intheswim.com,Human,0.9946
https://investor.nvidia.com/events-and-presentations/presentations/default.aspx,Human,0.854
https://iphonephotographyschool.com/download-photos-from-icloud,Human,0.998
https://iphonephotographyschool.com/icloud-photos,Human,0.9985
https://iqoptimizer.com,Human,0.9966
https://ireadlabelsforyou.com/tempur-pedic-mattress-review,Human,0.9956
https://iriun.com,Human,0.998
https://ironhillbrewery.com,Human,0.999
https://iscanner.com,Human,0.999
https://ise.coe.miami.edu,Human,0.9692
https://ise.illinois.edu,Human,0.9971
https://ise.rpi.edu,Human,0.9912
https://ise.rutgers.edu,Human,0.9995
https://ise.ufl.edu,Human,0.998
https://islandbykoanani.com/blogs/the-hawaii-blog/sun-cultural-spiritual-meaning,Human,0.9883
https://isogg.org/wiki/forensic_genealogy,Human,0.9995
https://issuu.com/marcbatko/docs/the_problem_of_kingdom_now_theology_chal,Human,0.9966
https://issuu.com/pamperedchef/docs/p29606-102020usca-pizza-stone-ebook,Human,0.9956
https://istio.io/latest/docs/setup/platform-setup/minikube,Human,0.9951
https://isye.charlotte.edu,Human,0.9854
https://it.libarts.colostate.edu/docs/adding-a-shared-mailbox-in-outlook,Human,0.9956
https://it.tamus.edu/famis/core-concepts/gl-accounts,Human,0.9995
https://it.wp.worc.ac.uk/ask-a-question/storage/sharepoint-remove-sharing,Human,0.9941
https://itac.txst.edu/support/windowsos/os-check.html,Human,0.999
https://itnh.com/blog/dye-sublimation-printer-need-to-know,Human,0.998
https://itssc.rpi.edu/hc/en-us/articles/360045785631-archiving-in-outlook,Human,0.9995
https://iupac.org,Human,0.9976
https://ivi-fertility.com/blog/how-do-hormones-control-the-menstrual-cycle,Human,0.9946
https://jailbreak.fandom.com/wiki/vehicles,Human,0.9985
https://jenaparsons.weebly.com/champs.html,Human,1
https://jillstein2024ballotaccess.com/forum/t/how-to-find-someone-on-discord/129,AI,0.8687
https://johnmarkcomer.com/blog/the-god-on-top-of-the-mountain,Human,0.9995
"https://johnshopkinshealthcare.staywellsolutionsonline.com/conditions/copd/167,osmolality_blood",Human,0.9966
"https://johnshopkinshealthcare.staywellsolutionsonline.com/summerheat/85,p00365",Human,0.9917
https://journals.lww.com/co-lipidology/fulltext/9900/beyond_cholesterol__linking_the_conformation_of.124.aspx,Human,0.9971
https://journals.lww.com/co-otolaryngology/fulltext/2015/06000/contemporary_management_of_voice_and_swallowing.4.aspx,Human,0.9971
https://journals.lww.com/ghep/fulltext/2021/01010/safe_sedation_practices_in_acute_liver_failure_in.4.aspx,Human,0.999
https://journals.lww.com/insh/fulltext/2014/28010/bedside_assessment_protocol_and_grading_scale_for.2.aspx,Human,0.9927
https://journals.lww.com/jcraniofacialsurgery/fulltext/9900/historical_tension__comparing_classic_hollywood.2845.aspx,Human,0.9985
https://journals.lww.com/jspinaldisorders/fulltext/2025/07000/anesthesia_and_pain_management_for_scoliosis.1.aspx,Human,0.9961
https://journals.lww.com/md-journal/fulltext/2017/07140/peripheral_monocytosis_as_a_predictive_factor_for.14.aspx,Human,0.998
https://journals.lww.com/md-journal/fulltext/2023/08110/recurrent_choriocarcinoma_complicated_with_leprosy.40.aspx,Human,0.9932
https://journals.lww.com/neurosurgpraconline/fulltext/2025/09000/combined_pipeline_embolization_and_coiling_of_an.2.aspx,Human,0.9897
https://joylux.com/blogs/news/hot-flashes-why-they-happen-and-what-to-do,Human,0.9937
https://jpeg-optimizer.com,Human,0.9712
https://jpegmini.com,AI,0.8682
https://jspp.psychopen.eu/index.php/jspp/article/view/4881/4881.html,Human,0.9995
https://jsvisionsphotoandvideo.com/understanding-natural-light-photography,AI,1
https://jumpcloud.com/blog/how-to-change-admin-name-mac,AI,0.8418
https://jumpcloud.com/blog/reset-your-mac-password,AI,0.8784
https://junglequeen.com,Human,0.999
https://juryduty.majury.gov/ojcweb/public/start,Human,0.9976
https://justdisciple.com/kingdom-theology,Human,0.9995
https://jwa.org/encyclopedia/article/keturah-midrash-and-aggadah,Human,0.9995
https://jyfabrics.com/how-to-measure-curtains-correctly-a-step-by-step-guide,AI,1
https://k21academy.com/docker-kubernetes/how-to-install-minikube,AI,0.9995
https://k21academy.com/microsoft-azure/certification-path,Human,0.7583
https://kalmpets.com.au/puppy-teething-what-to-expect-and-tips-to-soothe-the-pain,Human,1
https://kamalaharris.com,AI,0.9863
https://katepainediscoveringmusic.substack.com/p/your-ears-are-lying-to-you,Human,0.9995
https://kavach.fandom.com/wiki/tieflings,Human,0.9985
https://kayakpoolguys.com/how-to-heat-an-above-ground-pool,AI,1
https://kb.netgear.com/232/what-is-a-switch-an-introduction,Human,0.9995
https://kb.netgear.com/24288/configuring-a-pptp-vpn-tunnel-to-prosafe-prosecure-routers,Human,0.9995
https://kcmclinic.com/endoscopic-sleeve-gastroplasty-vs-gastric-sleeve-a-comparative-guide,Human,0.9976
https://kcmclinic.com/gastric-sleeve-recovery-what-to-expect-after-surgery,Human,0.9971
https://keck.usc.edu/news/more-than-11-of-u-s-12th-graders-used-psychoactive-delta-8-thc-last-year-study-finds,Human,0.9941
https://keeperofthehome.org/using-stoneware-for-baking-and-cooking,Human,0.9995
https://keitercpa.com/comprehensive-guide-to-business-valuations,AI,0.98
https://kellogggarden.com/blog/gardening/6-ways-to-organize-and-store-seeds,Human,0.9995
https://keviniscooking.com/baja-style-battered-fish-tacos,Human,0.9995
https://kevinstratvert.com/2021/07/08/how-to-use-phone-as-webcam-2,Human,0.9995
https://khealth.com/learn/bowel-movement/why-cant-i-poop,Human,0.9946
https://khealth.com/learn/mononucleosis/mono-blood-test,Human,1
https://khealth.com/learn/symptom/cold-hands,Human,0.999
https://khealth.com/learn/symptom/why-is-my-tongue-white,Human,0.9995
https://khpet.com/blogs/cats/how-to-travel-with-a-cat-on-a-plane,Human,0.9937
https://khpet.com/blogs/dogs/when-do-puppies-start-teething,Human,0.9985
https://kib.ki.se/en/write-cite/academic-writing/structure-academic-texts,Human,0.9995
https://kidneycareuk.org/kidney-disease-information/kidney-conditions/high-potassium-levels-hyperkalaemia-and-kidney-disease,Human,0.9995
https://kids.britannica.com/kids/article/clock/400097,Human,0.9521
https://kids.britannica.com/kids/article/food-and-nutrition/353140,Human,0.9995
https://kids.britannica.com/kids/article/torah/399625,Human,0.9976
https://kids.britannica.com/students/article/drew-brees/625008,Human,0.9937
https://kids.nationalgeographic.com/geography/states/article/florida,Human,0.999
https://kids.wordsmyth.net/we,Human,0.9995
https://kidshealth.org/en/parents/constipation.html,Human,0.9966
https://kidshealth.org/en/parents/diarrhea.html,Human,0.9932
https://kidshealth.org/en/teens/diarrhea.html,Human,0.9854
https://kinsta.com/knowledgebase/what-is-node-js,Human,0.9912
https://kittycatchronicles.com/home/everything-need-know-flying-cat,Human,1
https://kittycatgo.com/13-tips-for-flying-with-a-cat-in-cabin,Human,0.7568
https://knifeandsoul.com/how-long-does-miso-last-in-the-fridge,Human,1
https://knix.com/blogs/resources/what-are-the-signs-of-a-hot-flash,AI,1
https://knowledge.hubspot.com/marketing-email/create-marketing-emails-in-the-drag-and-drop-email-editor,Human,0.9995
https://knowledge.hubspot.com/marketing-email/email-error-when-sending-to-contact,Human,0.9995
https://knowledge.hubspot.com/marketing-email/what-is-the-difference-between-a-hard-bounce-and-a-soft-bounce,Human,0.9995
https://kodekloud.com/community/t/need-help-to-install-minikube-on-kodekloud-labs/467381,Human,1
https://komilla.com/lib-vakri-grahas.html,Human,1
https://kpop.fandom.com/wiki/wumuti,Human,0.9863
https://ksbn.kansas.gov,Human,0.9985
https://kyoomagorillasafaris.com/blog/how-should-we-conserve-and-protect-mountain-gorillas,Human,0.9985
https://kz.meest.cn,Human,0.9878
https://labex.io/tutorials/kubernetes-how-to-install-and-set-up-minikube-for-local-kubernetes-development-398366,AI,1
https://labex.io/tutorials/linux-online-linux-playground-372915,AI,1
https://labtestsonline.org.uk/tests/osmolality-osmolarity,Human,0.9878
https://labtestsonline.org.uk/tests/urea-test,Human,0.9971
https://laidbackgardener.blog/2017/11/04/gladiolus-hardier-than-you-think,Human,0.9995
https://laidbackgardener.blog/2018/08/05/asparagus-now-a-summer-crop-too,Human,1
https://lakefrontfamilydentistry.com/burning-mouth-syndrome,Human,0.9985
https://laleche.org.uk/i-think-my-babys-got-colic,Human,1
https://laleche.org.uk/thrush,Human,0.9985
https://languagehat.com/as-such,Human,1
https://lareviewofbooks.org/article/searching-for-a-heart,Human,0.9985
https://laryngopedia.com/esophagus,Human,0.999
https://laughinglizards.com/how-to-upcycle-old-clothes-with-patches,AI,0.9995
https://lawprofessors.typepad.com/legalwriting/2006/04/incorrect_use_o.html,Human,0.9966
https://lawsuit.org/elder/wills/new-york-will-and-testament-guide,Human,0.9702
https://laxallstars.com/drew-brees-suiting-paul-rabil,Human,0.9995
https://lbhspawprint.com/17782/opinion/does-technology-make-us-more-alone,AI,0.8369
"https://le.utah.gov/xcode/articlexxiii/article_xxiii,_section_1.html",Human,0.9565
https://leaderforgood.com/be-proactive-not-reactive,Human,1
https://leaders.church,Human,0.9966
https://leadership.eckerd.edu/why-communication-is-so-important-for-leaders,Human,0.9995
https://leadership.lifeway.com,Human,0.9985
https://leadership.lifeway.com/2017/04/04/the-forgotten-jesus-part-2-was-jesus-a-carpenter-or-a-stonemason,Human,0.9668
https://leadingage.org/social-connectedness-and-engagement-technology-long-term-and-post-acute-care-primer-and,Human,0.9971
https://leah4sci.com/naming-organic-compounds-iupac-nomenclature,Human,0.9995
https://learn.microsoft.com/en-ca/dynamics365/business-central/ui-legacy-user-groups,Human,0.9995
https://learn.microsoft.com/en-sg/answers/questions/1923160/how-do-i-move-my-taskbar-vertically-to-the-left-si,Human,0.9961
https://learn.microsoft.com/en-us/answers/questions/1334772/adding-a-shared-mailbox-in-the-new-outlook-desktop,Human,0.9995
https://learn.microsoft.com/en-us/answers/questions/1336399/remove-teams-(personal)-chat-from-windows-11,Human,0.9995
https://learn.microsoft.com/en-us/answers/questions/1368787/how-to-move-the-windows-11-taskbar-to-the-left-or,Human,0.9966
https://learn.microsoft.com/en-us/answers/questions/1489750/one-drive-stop-sharing,Human,0.999
https://learn.microsoft.com/en-us/answers/questions/1495979/how-to-unpin-ms-store-apps-and-consumer-teams-chat,Human,0.9878
https://learn.microsoft.com/en-us/answers/questions/1654247/windows-11-taskbar-move-to-left-right-and-top-are,Human,0.9995
https://learn.microsoft.com/en-us/answers/questions/1701820/cannot-open-mht-files-in-ie-using-edge,Human,0.999
https://learn.microsoft.com/en-us/answers/questions/2125838/unpinned-apps-are-appear-again-in-the-taskbar-afte,AI,0.9282
https://learn.microsoft.com/en-us/answers/questions/2193240/i-have-two-home-pcs-how-do-i-link-them-so-that-fro,Human,0.9995
https://learn.microsoft.com/en-us/answers/questions/2202756/how-to-enable-text-to-speech-(tts)-for-speech-serv,Human,0.9995
https://learn.microsoft.com/en-us/answers/questions/235264/how-to-restrict-rdp-connection-to-specific-source,Human,0.998
https://learn.microsoft.com/en-us/answers/questions/450116/how-to-enable-ie-mode-on-microsoft-edge,Human,0.999
https://learn.microsoft.com/en-us/answers/questions/678784/non-admins-unable-to-login-to-remote-desktop-serve,Human,0.9995
https://learn.microsoft.com/en-us/answers/questions/823532/how-can-you-open-an-mht-file-in-sharepoint-online,Human,0.9995
https://learn.microsoft.com/en-us/azure/azure-functions/create-first-function-vs-code-python,Human,0.9961
https://learn.microsoft.com/en-us/azure/azure-functions/functions-reference-python,Human,0.9922
https://learn.microsoft.com/en-us/credentials,Human,0.9966
https://learn.microsoft.com/en-us/credentials/certifications/azure-administrator,Human,0.9966
https://learn.microsoft.com/en-us/credentials/certifications/azure-developer,Human,0.9966
https://learn.microsoft.com/en-us/credentials/certifications/azure-fundamentals,Human,0.9985
https://learn.microsoft.com/en-us/credentials/certifications/azure-solutions-architect,Human,0.9917
https://learn.microsoft.com/en-us/credentials/certifications/certification-process-overview,Human,0.999
https://learn.microsoft.com/en-us/dotnet/csharp/language-reference/keywords/abstract,Human,0.9937
https://learn.microsoft.com/en-us/dotnet/csharp/programming-guide/classes-and-structs/abstract-and-sealed-classes-and-class-members,Human,0.9004
https://learn.microsoft.com/en-us/dynamics365/business-central/finance-general-ledger,Human,0.9985
https://learn.microsoft.com/en-us/dynamics365/customer-insights/journeys/email-bounce-categories,Human,0.9961
https://learn.microsoft.com/en-us/dynamics365/finance/general-ledger/general-ledger,Human,0.9976
https://learn.microsoft.com/en-us/exchange/collaboration-exo/shared-mailboxes,Human,0.9956
https://learn.microsoft.com/en-us/intune/intune-service/apps/apps-win32-supersedence,Human,0.9971
https://learn.microsoft.com/en-us/intune/intune-service/user-help/update-device-settings-windows,Human,0.9966
https://learn.microsoft.com/en-us/lifecycle/products/windows-10-enterprise-and-education,Human,0.9634
https://learn.microsoft.com/en-us/lifecycle/products/windows-10-home-and-pro,Human,0.9663
https://learn.microsoft.com/en-us/microsoft-365-apps/outlook/profiles-and-accounts/add-shared-mailbox-as-additional-account,Human,0.9971
https://learn.microsoft.com/en-us/microsoft-365/admin/email/about-shared-mailboxes,Human,0.9971
https://learn.microsoft.com/en-us/microsoft-365/admin/email/configure-a-shared-mailbox,Human,0.9956
https://learn.microsoft.com/en-us/microsoft-365/admin/email/create-a-shared-mailbox,Human,0.9995
https://learn.microsoft.com/en-us/office/dev/add-ins/outlook/delegate-access,Human,0.9971
https://learn.microsoft.com/en-us/power-bi/visuals/power-bi-visualization-matrix-visual,AI,0.9995
https://learn.microsoft.com/en-us/power-query/dealing-with-errors,Human,0.9937
https://learn.microsoft.com/en-us/sql/relational-databases/tables/add-columns-to-a-table-database-engine,Human,0.9893
https://learn.microsoft.com/en-us/training/azure,Human,0.9995
https://learn.microsoft.com/en-us/training/student-hub/certifications,Human,0.9966
https://learn.microsoft.com/en-us/troubleshoot/exchange/email-delivery/ndr/non-delivery-reports-in-exchange-online,Human,0.9956
https://learn.microsoft.com/en-us/troubleshoot/windows-client/application-management/managing-teams-chat-icon-windows-11,Human,0.8574
https://learn.microsoft.com/en-us/troubleshoot/windows-server/remote/deny-user-permissions-to-logon-to-rd-session-host,Human,0.9985
https://learn.microsoft.com/en-us/windows-server/storage/file-server/troubleshoot/detect-enable-and-disable-smbv1-v2-v3,Human,0.999
https://learn.microsoft.com/en-us/windows/dev-environment/javascript/nodejs-beginners-tutorial,Human,0.999
https://learn.microsoft.com/en-us/windows/dev-environment/javascript/nodejs-overview,Human,0.9878
https://learn.microsoft.com/en-us/windows/release-health/release-information,Human,0.9976
https://learn.microsoft.com/en-us/windows/security/operating-system-security/network-security/vpn/vpn-connection-type,Human,0.9951
https://learn.microsoft.com/en-us/windows/win32/fileio/file-compression-and-decompression,Human,0.9707
https://learning.sap.com/learning-journeys/explore-integrated-business-processes-in-sap-s-4hana-/defining-general-ledger-g-l-accounts-and-cost-elements_b6fd036f-9ee7-4710-8a62-633f3c179acf,Human,0.9995
https://learningandyearning.com/why-is-my-cat-being-so-needy-all-of-a-sudden,AI,1
https://learnsql.com/cookbook/how-to-add-a-column-in-sql,Human,0.9937
https://lebgeeks.com/forum/d/17015,Human,0.9995
https://leedscommunityhealthcare.nhs.uk/our-services-a-z/musculoskeletal-msk/hip-knee-leg-and-footankle-problems,Human,0.9995
https://leereich.com/2022/05/sometimes-called-sparrow-grass-sometimes-asparagos.html,Human,1
https://leftvalues.github.io,Human,0.9985
https://legacycultures.com/examples-of-showing-respect-to-others-and-its-importance-in-life,Human,0.999
https://legacylawnandpet.com/products/mannapro-calf-manna-performance-supplement-50-lb,Human,0.9932
https://legacyserver.in,Human,1
https://legacysmp.fandom.com/wiki/legates,Human,0.9995
https://legalaidatwork.org/factsheet/how-to-contact-the-employment-development-department,Human,0.9995
https://legaljobs.io/blog/what-did-martin-luther-king-do,Human,0.9927
https://legaltechsociety.wildapricot.org/blog/10620704,Human,0.9927
https://legaltechsociety.wildapricot.org/blog/11502731,Human,0.9805
https://legislature.maine.gov/doc/4745,Human,0.9932
https://legislature.maine.gov/legis/lawlib/lldl/constitutionalamendments/index.html,Human,0.9927
https://leglengtheningsurgery.com/surgery/when-do-males-stop-growing,Human,0.9932
https://leisuretimeinc.com/pages/bromine-method,Human,0.9995
https://lemarkinstitute.com/photography-in-natural-light,Human,0.9971
https://lemelson.mit.edu/resources/richard-g-drew,Human,0.9951
https://lemmy.world/post/13903853,Human,0.9995
https://lemp.io/how-to-unlock-mac-os-x-base-system,AI,1
https://lemp.io/unlocking-the-mac-os-x-base-system,AI,0.9995
https://leozoo.org/how-long-does-it-take-for-a-giraffe-to-throw-up,Human,0.9907
https://leprosyreview.org/article/94/4/20-23098,Human,0.9995
https://leprosyreview.org/articles,Human,0.9971
https://lesliespool.com/blog/bromine-vs-chlorine-for-spas-hot-tubs.html,Human,0.9907
https://lesliespool.com/blog/how-to-brominate-a-spa-or-hot-tub.html,Human,0.9897
https://lesliespool.com/blog/how-to-heat-a-swimming-pool.html,Human,0.9868
https://lesliespool.com/blog/how-to-size-a-pool-heater-how-many-btus.html,Human,0.9897
https://lesliespool.com/blog/whats-the-cost-to-heat-a-pool.html,Human,0.9912
https://letrocktoys.com/blogs/gender-interview/what-do-couples-do-when-they-shower-together-,Human,1
https://letsconfigmgr.com/remove-chat-from-taskbar-on-windows-11-using-intune,Human,1
https://letsdovideo.com/how-to-use-your-phone-as-webcam-for-video-conferencing,AI,1
https://letsgrowleaders.com/2021/08/09/how-to-give-difficult-feedback-to-your-boss-even-when-youre-scared,Human,0.9995
https://letsview.com/mirror-pc-to-pc.html,Human,0.9995
https://levelup.gitconnected.com/how-i-built-my-own-python-automation-framework-from-scratch-7c8385185c38,Human,0.9971
https://levelup.gitconnected.com/minikube-101-your-local-kubernetes-playground-585acd928da5,Human,1
https://lewis.gsu.edu/2020/02/13/early-education-in-nutrition-can-help-kids-make-better-food-choices,Human,0.9971
https://lexprotector.com/blog/todays-patent-box-spring-assembly,Human,0.9995
https://lfactorcosmetics.com/blogs/blogs/lipstick-shades-for-dark-skin,AI,1
https://lfactorcosmetics.com/blogs/blogs/lipstick-shades-for-fair-skin,AI,1
https://lfpress.com/news/local-news/london-woman-files-15-4m-lawsuit-against-three-doctors-over-anesthetic,Human,0.9966
https://lian-li.com,AI,0.7925
https://lib.law.uw.edu/waconsthist/wa-const,Human,0.9995
https://libanswers.brenau.edu/faq/165855,Human,1
https://libanswers.dominican.edu/reference/faq/8502,Human,0.9995
https://libanswers.nybg.org/faq/222611,Human,0.9995
https://libcom.org/article/us-orchestrated-overthrow-nicaraguan-government-1910,Human,0.9976
https://libertycoin.com/gold/us-gold-coins,Human,0.9917
https://libguides.aurora.edu/policyresearch,Human,1
https://libguides.bc.edu/citation-tutorial/format,Human,0.9863
https://libguides.capilanou.ca/mla/classnotes,Human,0.9995
https://libguides.csudh.edu/citation/apa-7,Human,1
https://libguides.mccd.edu/philosophy/logicalfallacies,Human,0.9985
https://libguides.mit.edu/citing,Human,0.999
https://libguides.nsula.edu/howtosearch/bibelements,Human,1
https://libguides.ntu.edu.sg/python/input,Human,0.9995
https://libguides.reading.ac.uk/citing-references/citationexamples,Human,1
https://libguides.reading.ac.uk/citing-references/compilingbibliography,Human,1
https://libguides.reading.ac.uk/reports/structuring,Human,0.9985
https://libguides.rowan.edu/dsc/tutorials/excel/convertdata,Human,0.999
https://libguides.sccsc.edu/mla/imagesinproject,Human,0.9951
https://libguides.slcc.edu/uprc/citeyourself,Human,0.9995
https://libguides.sowela.edu/apa/slideshow,Human,0.9956
https://libguides.umn.edu/structureresearchpaper,Human,0.998
https://libguides.unf.edu/citationguide/apasample,Human,0.9985
https://libguides.up.edu/mla/other,Human,0.999
https://libguides.usc.edu/busdem/age,Human,0.9995
https://libguides.usc.edu/writingguide/citingsources,Human,0.9995
https://libguides.westminster.ac.uk/report-writing,Human,1
https://libguides.worldbank.org/tools4authors/citation,Human,0.9995
https://library.achievingthedream.org/pimaphilosophy/chapter/1-4-fallacies-the-basics,Human,0.999
https://library.bc.edu/answerwall/2019/02/25/how-long,Human,1
https://library.biblicalarchaeology.org/article/searching-for-cana-where-jesus-turned-water-into-wine,Human,0.9995
https://library.csp.edu/apa/conference,Human,0.999
https://library.hccs.edu/brtutorial/mc4,Human,0.9834
https://library.hccs.edu/brtutorial/mc7,Human,0.9824
https://library.leeds.ac.uk/referencing-examples/9/leeds-harvard/531/poster,Human,0.998
https://library.miracosta.edu/lunar_new_year_2016/silk_road,Human,1
https://library.okstate.edu/constitution/2022-how-would-you-change-the-constitution/2022-responses-to-how-would-you-change-the-constitution,Human,0.9858
https://library.tamucc.edu/exhibits/s/sts/page/gi-forum,Human,0.9995
https://library.teladochealth.com/hc/en-us/articles/4412715715091-cold-weather-and-your-blood-pressure,Human,0.9995
https://library.uaf.edu/instruction/readings/citing-documenting-resources,Human,1
https://library.unr.edu/help/quick-how-tos/citing/citing-sources-in-mla-style/citing-a-website-in-mla,Human,0.9961
https://library.westernsydney.edu.au/students/referencing-citation,Human,0.9941
https://libraryguides.concordia.edu/researchforbeginners/anatomy,Human,0.9946
https://lidowellnesscenter.com/bipolar-ii-disorder,AI,0.9775
https://lifearchitekture.com/blogs/relationships/trust-and-respect,AI,0.9946
https://lifedentistry.ca/blog/caring-for-a-dental-abscess-the-dos-and-donts,AI,0.8628
https://lifehacker.com/close-all-your-tabs-just-close-em-1845775727,Human,1
https://lifehacker.com/does-flour-expire-1847542081,Human,0.998
https://lifehacker.com/home/best-decluttering-methods,Human,0.998
https://lifehacker.com/how-to-get-one-day-free-shipping-from-amazon-1835235441,Human,0.999
https://lifehacker.com/how-to-set-up-home-monitoring-on-your-echo-show-1846911012,Human,0.9995
https://lifehacker.com/kill-fleas-on-your-pets-with-dish-soap-1193817704,Human,1
https://lifehacker.com/money/best-amazon-prime-benefits,Human,0.999
https://lifehacker.com/tech/how-to-enable-chrome-text-to-speech-on-android,Human,1
https://lifehacker.com/tech/how-to-restore-browser-tabs-chrome-firefox-windows-mac,Human,0.9956
https://lifehacker.com/tech/how-to-use-your-android-phone-as-a-webcam,Human,0.999
https://lifehacker.com/tech/why-is-my-amazon-echo-yellow,Human,0.9961
https://lifehacker.com/why-you-should-always-redeem-your-amazon-visa-rewards-f-1782582761,Human,0.9995
https://lifelock.norton.com/learn/identity-theft-resources/potential-spam,AI,0.9976
https://lifemd.com/learn/everything-you-need-to-know-about-pubic-lice-crabs,Human,0.9829
https://lifemd.com/learn/how-get-rid-of-dark-spots-on-your-face,AI,0.999
https://lifemd.com/learn/how-to-lose-face-fat,Human,0.9736
https://lifemd.com/learn/when-do-men-stop-growing,Human,0.9912
https://lifemedicalcentre.com/blogs/general-medicine/low-hemoglobin-levels-causes-symptoms-and-treatment,AI,0.9966
https://lifeskillssouthflorida.com/what-we-treat/thought-disorders,Human,0.999
https://lifespanfitness.com/pages/calories-calculator,Human,0.9736
https://lifesum.com/nutrition-explained/calorie-intake,Human,1
https://lifesupportscounselling.com.au/resources/blogs/the-5-essential-elements-of-a-strong-and-happy-family,Human,1
https://lightcast.io/products/software/career-coach,Human,0.999
https://lightfully.com/what-is-a-thought-disorder,Human,0.9893
https://lightningchart.com/blog/trader/relative-strength-index,Human,0.9927
https://lightpdf.com/increase-pdf-size.html,AI,0.8408
https://lilacst.com/blogs/press-on-nails/how-to-trim-acrylic-nails,Human,0.9966
https://liliputing.com/hack-your-amazon-fire-tablet-with-fire-toolbox-v10,AI,0.8423
https://liliputing.com/unihertz-titan-2-is-an-android-powered-blackberry-passport-clone-crowdfunding,AI,0.9043
https://lilitile.com/blogs/the-lili-blog/how-long-does-thin-set-take-to-dry,Human,0.998
https://lilitile.com/blogs/the-lili-blog/how-to-seal-cement-tiles,Human,0.9976
https://lindenbergcancer.com/blog/at-home-tips-from-a-hematologist-to-treat-anemia,Human,0.9941
https://linguapress.com/grammar/points/such.htm,Human,0.9995
https://lingvanex.com/dictionary/meaning/english/mono,Human,0.9937
https://link.springer.com/article/10.1007/s00296-025-05916-1,Human,0.9971
https://link.springer.com/article/10.1007/s10072-022-06175-9,Human,0.999
https://link.springer.com/article/10.1007/s10508-012-9988-5,Human,0.9995
https://link.springer.com/article/10.1007/s10755-025-09825-w,Human,0.9985
https://link.springer.com/article/10.1007/s12013-025-01806-2,Human,0.999
https://link.springer.com/article/10.1007/s12070-024-04633-8,Human,1
https://link.springer.com/article/10.1007/s12297-012-0193-3,Human,0.9995
https://link.springer.com/article/10.1007/s40009-024-01544-8,Human,0.9995
https://link.springer.com/article/10.1007/s44204-025-00296-6,Human,0.999
https://link.springer.com/book/10.1007/978-3-030-50484-7,Human,0.999
https://link.springer.com/book/10.1007/978-3-030-97174-8,Human,0.9971
https://link.springer.com/chapter/10.1007/978-3-030-77661-9_3,Human,1
https://link.springer.com/chapter/10.1007/978-3-030-96935-6_23,Human,0.998
https://link.springer.com/chapter/10.1007/978-3-031-24355-4_3,Human,0.9995
https://link.springer.com/chapter/10.1007/978-3-031-63231-0_5,Human,0.9985
https://link.springer.com/chapter/10.1007/978-3-031-92178-0_14,AI,1
https://link.springer.com/chapter/10.1007/978-3-319-64997-9_5,Human,0.9868
https://link.springer.com/chapter/10.1007/978-3-662-64319-8_2,Human,0.9961
https://link.springer.com/chapter/10.1007/978-981-19-2507-8_7,Human,0.9995
https://link.springer.com/chapter/10.1007/979-8-8688-1169-2_25,Human,0.9922
https://link.springer.com/chapter/10.1007/979-8-8688-1169-2_3,Human,0.9922
https://linkflow.ai/blog/nofollow-backlinks,Human,0.9946
https://linkstorm.io/resources/what-are-nofollow-links,Human,0.998
https://linkwhisper.com/dofollow-vs-nofollow-links,Human,0.9995
https://linustechtips.com/topic/1008896-way-to-transfer-open-windows-to-other-computer-easy,Human,0.998
https://linustechtips.com/topic/1206552-any-tips-to-optimize-windows-10-for-gaming,Human,0.999
https://linustechtips.com/topic/1232053-laptop-battery-replacement-help,Human,0.9995
https://linustechtips.com/topic/1317334-how-do-i-determine-what-power-supply-i-need,Human,0.9917
https://linustechtips.com/topic/1317552-how-to-use-your-phone-as-a-webcam-with-usb,Human,0.9932
https://linustechtips.com/topic/1318188-phone-apps-keep-crashing,Human,1
https://linustechtips.com/topic/1347842-when-should-i-use-my-laptop-plugged-in,Human,0.999
https://linustechtips.com/topic/1376542-enabling-secure-boot-on-existing-windows-10-install,Human,0.9995
https://linustechtips.com/topic/1406149-how-much-wattage-do-i-need,Human,0.9995
https://linustechtips.com/topic/1417956-installing-android-on-a-fire-7-tablet,Human,0.9956
https://linustechtips.com/topic/1419846-windows-10-compress-this-disk-to-save-disk-space-any-good,Human,1
https://linustechtips.com/topic/1501932-how-do-i-format-a-ssd-when-it%e2%80%99s-a-new-system-and-it%e2%80%99s-the-only-drive,Human,0.9907
https://linustechtips.com/topic/1524913-how-do-i-enable-secure-boot-without-losing-the-option-to-boot-into-windows,Human,0.9976
https://linustechtips.com/topic/1610582-how-to-know-if-my-graphics-cards-are-updated,Human,0.9932
https://linustechtips.com/topic/1616150-a-pc-for-1440p-workloads-for-a-16-year-old,Human,0.999
https://linustechtips.com/topic/541118-how-to-remove-a-background-photoshop-cc,Human,0.998
https://linustechtips.com/topic/819738-how-to-identify-windows-version,Human,0.999
https://linustechtips.com/topic/846980-graphics-card-not-detected-in-laptop,Human,0.999
https://linustechtips.com/topic/975145-recorded-video-showing-washed-out-colors,Human,1
https://linuxconfig.org/how-to-setup-minikube-for-kubernetes,Human,0.9995
https://linuxelite.com.br/blog/minikube,AI,0.9985
https://linuxiac.com/how-to-install-minikube-on-linux,AI,0.9922
https://linuxize.com/post/how-to-zip-files-and-directories-in-linux,Human,0.9985
https://liquidbounce.net,Human,0.9858
https://lisapowers.co/the-symbolism-of-planets/10-8,Human,0.9966
https://lisareneewilcox.com/become-a-remote-online-notary-in-texas,AI,1
https://listwithclever.com/real-estate-blog/how-long-does-a-wire-transfer-take-after-closing-on-a-home,Human,0.9648
https://litehouse.com,Human,0.9756
https://litematica.org,AI,1
https://litfl.com/osmolar-gap,Human,1
https://lithub.com/standing-tall-on-the-value-and-importance-of-women-who-take-up-space,Human,0.9995
https://lithub.com/uncaring-healthcare-the-impossible-cost-of-being-undocumented-and-ill-in-america,Human,0.9966
https://litslink.com/blog/what-is-a-web-crawler-and-how-does-it-work,AI,0.981
https://littleflowersoap.com/collections/bridal-shower-favors,Human,0.9951
https://littlehelpers.com/blogs/gluten-free/is-biscoff-gluten-free,AI,0.9995
https://liveandletsfly.com/finnair-a350-900-business-class-review,Human,0.999
https://livebook.manning.com/book/using-the-ti-84-plus-second-edition/chapter-7,Human,0.998
https://livekindred.com,Human,0.9956
https://livepositively.com/nurturing-generations-a-lifelong-commitment-to-providing-for-your-family,AI,1
https://liver.ca/your-liver,Human,0.998
https://liver.org.au/your-liver/new-to-liver-disease/can-liver-damage-be-reversed,Human,0.9995
https://liverfoundation.org/about-your-liver/how-liver-diseases-progress,Human,0.9985
https://liverfoundation.org/about-your-liver/how-liver-diseases-progress/liver-transplantation,Human,0.9976
https://livertransplantindia.net/can-you-live-without-a-liver-what-are-the-types-of-liver-donor-transplants,Human,0.9995
https://livingbydesign.org/the-apostle-paul,Human,0.9995
https://livingontheedge.org/2022/02/21/bible-verses-gods-love,Human,0.999
https://livingoutlau.com/what-is-florida-known-for,Human,0.9995
https://livingrevelations.com/how-much-god-loves-us,Human,0.9995
https://livingtextiles.com/blogs/the-living-family/how-to-deal-with-colic,Human,0.98
https://ljanestyle.com/what-to-wear-drag-show,Human,0.999
https://lloydspharmacy.com/blogs/skin/understanding-hives,Human,0.9995
https://lls.org/blog/blood-cancers-cause-high-monocytes-understanding-connection,Human,0.9854
https://lo.astroshopee.com/astrological-profile-for-those-born-on-december-3,Human,0.9941
https://lobsteranywhere.com/seafood-savvy/how-to-cook-lobster-tails,Human,0.9985
https://lobsteranywhere.com/seafood-savvy/how-to-steam-lobster-tails,Human,0.9927
https://lobsteranywhere.com/seafood-savvy/what-to-serve-with-lobster,Human,0.9995
https://lobsterfrommaine.com/guide/how-to-boil-lobster,Human,0.999
https://lobsterorder.com/how-to-boil-lobster-tails-perfectly,AI,0.9102
https://localhealthguide.com/2024/04/04/leprosy-cases-are-rising-in-the-us-what-is-the-ancient-disease-and-why-is-it-spreading-now-2,Human,1
https://loceypool.com/how-to-heat-an-above-ground-pool,Human,0.9995
https://locketphotoprints.com,Human,1
https://locketprints.com,Human,1
https://locketstudio.com,Human,0.9961
https://locushabitat.com/blogs/news/9-reasons-why-a-chesterfield-sofa-is-a-must-have-in-your-home,AI,1
https://locushabitat.com/blogs/news/getting-a-chesterfield-is-a-milestone-by-any-measure,AI,1
https://loehrhealth.com/services/therapy/dry-needling,Human,1
https://loganix.com/nofollow-vs-dofollow,Human,0.7954
https://logisofter.com/how-to-take-screenshots-on-a-logitech-keyboard,Human,0.9766
https://logmeonce.com/resources/mac-terminal-password-reset,Human,0.999
https://lonerwolf.com/how-to-love-yourself-more,Human,0.9995
https://loops.so,Human,0.9937
https://lotr.fandom.com/wiki/ancalagon,Human,0.9941
https://loveandspecs.com/blog/diy-whitewashed-terra-cotta-pots,Human,0.999
https://loveyourself.ph/set-appointments,Human,0.9912
https://luxa.us/blog/understanding-business-valuation-how-to-determine-your-companys-worth,AI,1
https://macmost.com/how-to-block-spam-calls-on-an-iphone.html,Human,1
https://madeincookware.com,Human,0.8174
https://magnumtapes.com/resources/what-is-tape-made-out-of,AI,1
https://mail.ucf.edu,Human,1
https://mailchimp.com,Human,0.9678
https://mailchimp.com/help/soft-vs-hard-bounces,Human,0.9609
https://mailchimp.com/marketing-glossary/marketing-mix-7ps,Human,0.9697
https://mainephysicaltherapy.com/what-are-some-benefits-of-trying-dry-needling-near-me,Human,0.9995
https://majority.com/community/article/how-do-you-get-an-eb3-visa-for-work-in-the-united-states,Human,0.9995
https://makemomentsmatter.org/classroom-ideas/champs-for-the-music-room,Human,0.9995
https://makersgonnalearn.com/beginners-guide-to-sublimation-projects,Human,0.9995
https://maki.gg,Human,1
https://malkorganics.com,Human,0.9966
https://mamavation.com/food/organic-milk-best-and-worst-organic-dairies.html,Human,0.999
https://mariadb.com/docs/server/ha-and-performance/standard-replication/replication-and-binary-log-system-variables,Human,0.9863
https://mariadb.com/docs/server/mariadb-quickstart-guides/mariadb-remote-connection-guide,Human,0.9858
https://mariadb.com/docs/server/reference/sql-statements/account-management-sql-statements/set-password,Human,0.9854
https://mariadb.com/docs/server/reference/sql-statements/data-definition/alter/alter-table,Human,0.9844
https://mariadb.com/docs/server/security/securing-mariadb/securing-mariadb-encryption/data-in-transit-encryption/securing-connections-for-client-and-server,Human,0.9824
https://mariadb.com/docs/server/server-usage/data-handling/mariadb-importing-data-guide-1,Human,0.9854
https://mariascondo.com/blogs/kitchen/does-flour-expire-everything-you-need-to-know-about-flour-shelf-life,AI,1
https://marinebiology.uw.edu/students/marine-biology-major,Human,0.9995
https://marinebiology.uw.edu/students/marine-biology-major/major-requirements,Human,0.9995
https://markets.businessinsider.com/commodities/gold-price,Human,0.9966
https://markets.businessinsider.com/news/stocks/stock-market-today-april-fed-rate-cut-fomc-inflation-earnings-2024-4,Human,1
https://markets.businessinsider.com/news/stocks/stock-market-today-strong-december-jobs-report-hits-rate-cuts-2025-1,Human,0.8901
https://martech.health/articles/the-importance-of-inclusive-language,Human,1
https://martech.health/articles/the-psychology-of-slogans-what-they-are-how-they-work,Human,1
https://maskingmaster.com,AI,1
https://matchboxdesigngroup.com/blog/use-cases-for-nodejs,AI,0.9976
https://mathispower4u.wordpress.com/2014/09/27/determine-a-derivative-function-value-on-the-ti84-newer-software,Human,0.999
https://matrixpharma.com/the-complete-guide-to-diarrhea-causes,AI,1
https://mattmcmillenministries.com/does-god-love-me-when-i-make-mistakes,Human,0.999
https://mattmcmillenministries.com/whats-wrong-with-todays-church,Human,0.9995
https://mattresswarehouse.com,Human,0.9937
https://mauconline.net/how-to-collect-email-addresses-for-email-marketing,Human,0.9795
https://mcpress.mayoclinic.org/healthy-aging/understanding-the-difference-between-biological-age-and-chronological-age,Human,0.9375
https://mcpress.mayoclinic.org/nutrition-fitness/what-is-beef-tallow-is-it-good-for-me,Human,0.9785
https://mcpress.mayoclinic.org/research-innovation/sonic-scares-havana-syndrome,Human,0.9634
https://mcpress.mayoclinic.org/women-health/how-safe-are-abortions,Human,0.9697
https://mdtherapeutics.com/blogs/news/voltaren-gel-review-the-biggest-problem-with-voltaren-gel-and-what-you-need-to-know,AI,1
https://mechanicalwatch.weebly.com/history.html,Human,0.9995
https://med.emory.edu/departments/gynecology-obstetrics/patient-care/patient-education/nexplanon/index.html,Human,0.9961
https://media.ascensionpress.com/2020/08/31/the-end-of-the-world-what-does-the-church-teach,Human,0.9985
https://medical.andonline.com/how-to-take-your-blood-pressure-at-home,Human,0.9995
https://medicaldialogues.in/vaccines/perspective/decoding-thrombosis-with-thrombocytopenia-syndrome-tts-covid-vaccines-dreadful-adverse-effect-dr-rahul-chawla-127931,Human,0.998
https://medictests.com/units/introduction-to-a-p,Human,0.9995
https://medlineplus.gov/bipolardisorder.html,Human,0.999
https://medlineplus.gov/carbohydrates.html,Human,0.9995
https://medlineplus.gov/diarrhea.html,Human,0.9995
https://medlineplus.gov/druginfo/meds/a611002.html,Human,0.9976
https://medlineplus.gov/druginfo/meds/a611041.html,Human,0.9971
https://medlineplus.gov/druginfo/meds/a613028.html,Human,0.998
https://medlineplus.gov/druginfo/meds/a625006.html,Human,0.9995
https://medlineplus.gov/druginfo/meds/a682864.html,Human,0.999
https://medlineplus.gov/druginfo/natural/1439.html,Human,0.9985
https://medlineplus.gov/ency/anatomyvideos/000074.htm,Human,0.9995
https://medlineplus.gov/ency/article/000230.htm,Human,0.9985
https://medlineplus.gov/ency/article/000479.htm,Human,0.9995
https://medlineplus.gov/ency/article/000894.htm,Human,0.999
https://medlineplus.gov/ency/article/003047.htm,Human,1
https://medlineplus.gov/ency/article/003049.htm,Human,0.9995
https://medlineplus.gov/ency/article/003120.htm,Human,0.9995
https://medlineplus.gov/ency/article/003876.htm,Human,0.9995
https://medlineplus.gov/ency/article/007482.htm,Human,0.999
https://medlineplus.gov/ency/article/007490.htm,Human,0.999
https://medlineplus.gov/ency/article/007618.htm,Human,0.9985
https://medlineplus.gov/ency/patientinstructions/000120.htm,Human,0.999
https://medlineplus.gov/ency/patientinstructions/000753.htm,Human,0.999
https://medlineplus.gov/ency/patientinstructions/000892.htm,Human,0.9995
https://medlineplus.gov/ency/presentations/100124_1.htm,Human,0.999
https://medlineplus.gov/fattyliverdisease.html,Human,0.9995
https://medlineplus.gov/genetics/condition/leprosy,Human,0.9985
https://medlineplus.gov/howtolowercholesterolwithdiet.html,Human,0.9995
https://medlineplus.gov/infectiousmononucleosis.html,Human,0.9995
https://medlineplus.gov/lab-tests/albumin-blood-test,Human,0.9956
https://medlineplus.gov/lab-tests/dysphagia-tests,Human,0.9995
https://medlineplus.gov/lab-tests/liver-function-tests,Human,0.9985
https://medlineplus.gov/lab-tests/mononucleosis-mono-tests,Human,0.999
https://medlineplus.gov/lab-tests/osmolality-tests,Human,0.999
https://medlineplus.gov/lab-tests/potassium-blood-test,Human,0.96
https://medlineplus.gov/musclecramps.html,Human,0.9995
https://medlineplus.gov/pneumonia.html,Human,0.9995
https://medlineplus.gov/pubiclice.html,Human,0.9995
https://medlineplus.gov/triglycerides.html,Human,0.999
https://medshadow.org/shingles-vaccine-shingrix,Human,0.9937
"https://mein-mmo.de/en/a-jedi-knight-became-a-sith-lord-3900-years-before-anakin-skywalker-what-happens-to-him-is-decided-by-you,1308797",Human,0.9785
"https://mein-mmo.de/en/sons-of-the-forest-cheats-eingeben-das-koennen-sie,953923",Human,0.9834
https://membership.goldclassswimming.com/body-growth-development,Human,1
https://meng.house.gov/media-center/press-releases/meng-introduces-legislation-to-fix-social-security-disparity,Human,0.9941
https://mercury.retrograde.today,Human,0.9995
https://meritamerica.org/blog/do-i-really-need-a-career-coach,AI,0.9985
https://mermaid.js.org,Human,0.9976
https://meta.discourse.org/t/the-right-way-to-go-about-collecting-emails/61625,Human,1
https://metapress.com/understanding-the-age-range-of-generation-z,Human,0.9946
https://mfidie.com/how-to-move-rows-in-excel,AI,0.9121
https://mg.co.za/article/2005-03-25-your-guide-to-natural-highs,Human,0.9995
https://mhanational.org/resources/burnout-signs-causes-recover,Human,0.9902
https://michelleyan0625.wordpress.com/2019/02/10/facial-expressioninternal-emotional-state,Human,1
https://michiganlegalhelp.org/resources/family/moving-children-after-separation-or-divorce,Human,0.9971
https://michiganspineandpain.com/help-my-hips-hurt-after-i-exercise,Human,1
https://microsoft.fandom.com/wiki/windows_10_version_history,Human,0.9868
https://microsoftedge.microsoft.com/addons/detail/ehohgbokebnlhmanchejoibldjjilkil,Human,0.9976
https://midstatemedical.org/health-wellness/health-resources/health-library/detail,Human,0.998
https://mightybookkeepers.co.za/understanding-the-importance-of-business-valuation-in-south-africa,AI,1
https://migraine.com/migraine-triggers/sexual-activity,Human,0.998
https://miiskin.com/hair-loss/how-to-use-rosemary-oil-for-hair-growth,Human,0.8799
https://mikediamondservices.com/blog/fix-running-toilet-now,Human,0.9995
https://mikesbackyardnursery.com/2014/09/how-to-prune-a-butterfly-bush,Human,1
https://milkbarstore.com,Human,0.9995
https://mimecastsupport.zendesk.com/hc/en-us/articles/34000759536147-bounced-messages,Human,0.9995
https://minecraft-archive.fandom.com/wiki/cat,Human,0.9966
https://minecraft.fandom.com/wiki/cat,Human,0.9956
https://minecraft.fandom.com/wiki/concrete_powder,Human,0.9941
https://minecraft.fandom.com/wiki/decorated_pot,Human,0.9946
https://minecraft.fandom.com/wiki/mud,Human,0.9961
https://minecraft.fandom.com/wiki/nether_wart,Human,0.9961
https://missionconnectionhealthcare.com/blog/coping-with-thought-disorders-strategies-for-adolescents,Human,0.9951
https://missionconnectionhealthcare.com/blog/what-is-a-thought-disorder,Human,0.9966
https://missouripoisoncenter.org/is-this-a-poison/soap-hand-and-body,Human,0.9995
https://mkv-file-player.software.informer.com/1.1,Human,0.999
https://mkv-player.en.softonic.com,Human,0.9917
https://modpools.com,Human,0.9985
https://modrinth.com/datapack/vanilla-refresh,Human,0.999
https://modrinth.com/resourcepack/3d-crops,Human,0.9985
https://modrinth.com/shader/bliss-shader,Human,0.9985
https://modrinth.com/shader/bsl-shaders,Human,0.9995
https://molview.org,Human,0.9995
https://momcozy.com/blogs/baby-names/buddha,Human,0.998
https://momentmag.com/50-years-50-noted-american-jews-in-the-arts,Human,0.9995
https://mondaymandala.com/minecraft-coloring-pages,Human,0.9888
https://money.com/average-american-personal-debt-amount,Human,0.9907
https://money.com/collect-child-support-social-security,Human,0.9932
https://money.com/get-items-removed-from-credit-report,Human,0.9961
https://moneyweek.com/investments/recession-how-to-protect-your-portfolio,Human,0.9995
https://mooala.com,Human,0.9985
https://mood-disorders.co.uk/glossary/what-is-bipolar-type-2,Human,0.998
https://mooncalendar.astro-seek.com,Human,0.9995
https://moonphases.co.uk,Human,1
https://morethanprojects.actionaid.it/en/good-governance-and-citizen-participation,Human,0.9995
https://mostlypython.substack.com/p/reading-code,Human,0.9985
https://mounty.app,Human,1
https://movableink.com,Human,0.9937
https://mrwlawns.com/too-late-for-crabgrass,Human,0.9883
https://ms.codes/blogs/guides/how-to-optimize-windows-10-for-gaming,Human,0.9995
https://ms.codes/blogs/internet-security/disable-antivirus-windows-11-command-line,AI,1
https://ms.codes/blogs/internet-security/how-to-turn-off-antivirus-real-time-protection,AI,1
https://ms.codes/blogs/microsoft-office/how-to-add-a-line-in-microsoft-word,AI,1
https://ms.codes/blogs/microsoft-office/microsoft-word-how-to-add-column-in-table,AI,1
https://ms.codes/blogs/windows-security/how-to-enable-secure-boot-on-windows,AI,1
https://ms.codes/blogs/windows/how-to-check-my-graphics-card-windows-11,AI,1
https://ms.codes/blogs/windows/how-to-remove-chat-from-windows-11-taskbar,AI,1
https://ms.codes/blogs/windows/how-to-unpin-chat-from-windows-11,AI,1
https://ms.codes/blogs/windows/what-is-the-latest-windows-10-version,AI,1
https://msfocus.org/get-educated/treatment-for-ms.aspx,Human,0.9932
https://muschealth.org/medical-services/geriatrics-and-aging/healthy-aging/cramps-and-spasms,Human,0.999
https://muskokafood.wordpress.com/2014/03/28/the-great-canned-tomato-debate,Human,0.9995
https://my.barton.ac.uk/digital/it-services/knowledgebase-2/kb-applications/office-how-can-i-disable-presenter-view-in-powerpoint,Human,1
https://my.clevelandclinic.org/health/articles/11117-triglycerides,Human,0.9995
https://my.clevelandclinic.org/health/articles/11920-cholesterol-numbers-what-do-they-mean,Human,0.999
https://my.clevelandclinic.org/health/articles/15416-carbohydrates,Human,0.999
https://my.clevelandclinic.org/health/articles/24332-masturbation,Human,0.9961
https://my.clevelandclinic.org/health/articles/24417-luteal-phase,Human,0.999
https://my.clevelandclinic.org/health/articles/24564-contraceptive-implant,Human,0.6821
https://my.clevelandclinic.org/health/articles/natural-immunity,Human,0.9995
https://my.clevelandclinic.org/health/body/21492-carotid-artery,Human,0.999
https://my.clevelandclinic.org/health/body/21672-facial-muscles,Human,0.9995
https://my.clevelandclinic.org/health/body/21728-esophagus,Human,0.999
https://my.clevelandclinic.org/health/body/22110-monocytes,Human,0.9985
https://my.clevelandclinic.org/health/body/22353-estrogen,Human,0.9995
https://my.clevelandclinic.org/health/diagnostics/16330-24-hour-ambulatory-blood-pressure-monitoring,Human,0.9966
https://my.clevelandclinic.org/health/diagnostics/21790-electrolytes,Human,0.9707
https://my.clevelandclinic.org/health/diagnostics/22164-coronary-angiogram,Human,0.999
https://my.clevelandclinic.org/health/diagnostics/25068-blood-pressure-measurement,Human,0.998
https://my.clevelandclinic.org/health/diagnostics/25126-endoscopy,Human,0.999
https://my.clevelandclinic.org/health/diagnostics/4977-angiography,Human,0.9976
https://my.clevelandclinic.org/health/diseases/10823-colic,Human,0.999
https://my.clevelandclinic.org/health/diseases/10943-abscessed-tooth,Human,0.998
https://my.clevelandclinic.org/health/diseases/10956-thrush,Human,0.999
https://my.clevelandclinic.org/health/diseases/12768-herniated-disk,Human,0.9961
https://my.clevelandclinic.org/health/diseases/13974-mononucleosis,Human,0.999
https://my.clevelandclinic.org/health/diseases/14170-leg-cramps,Human,0.999
https://my.clevelandclinic.org/health/diseases/14463-burning-mouth-syndrome,Human,0.9995
https://my.clevelandclinic.org/health/diseases/15008-lipomas,Human,0.9414
https://my.clevelandclinic.org/health/diseases/15184-hyperkalemia-high-blood-potassium,Human,0.9985
https://my.clevelandclinic.org/health/diseases/15315-compartment-syndrome,Human,0.999
https://my.clevelandclinic.org/health/diseases/15580-snoring,Human,0.9995
https://my.clevelandclinic.org/health/diseases/15744-pneumonia-atypical-walking-pneumonia,Human,0.9976
https://my.clevelandclinic.org/health/diseases/16753-atherosclerosis-arterial-disease,Human,0.999
https://my.clevelandclinic.org/health/diseases/16896-corns-and-calluses,Human,0.9995
https://my.clevelandclinic.org/health/diseases/17113-hyperhidrosis,Human,0.9976
https://my.clevelandclinic.org/health/diseases/17248-multiple-sclerosis,Human,0.999
https://my.clevelandclinic.org/health/diseases/17740-low-potassium-levels-in-your-blood-hypokalemia,Human,0.9893
https://my.clevelandclinic.org/health/diseases/17762-hyponatremia,Human,0.9985
https://my.clevelandclinic.org/health/diseases/17819-liver-failure,Human,0.9971
https://my.clevelandclinic.org/health/diseases/17980-nasal-congestion,Human,0.999
https://my.clevelandclinic.org/health/diseases/21156-low-blood-pressure-hypotension,Human,0.9971
https://my.clevelandclinic.org/health/diseases/21222-acne-scars,Human,0.9995
https://my.clevelandclinic.org/health/diseases/21482-gum-periodontal-disease,Human,0.999
https://my.clevelandclinic.org/health/diseases/21603-mania,Human,0.9985
https://my.clevelandclinic.org/health/diseases/21774-hypomania,Human,0.999
https://my.clevelandclinic.org/health/diseases/21950-compression-fractures,Human,0.998
https://my.clevelandclinic.org/health/diseases/21991-weeping-eczema,Human,0.999
https://my.clevelandclinic.org/health/diseases/22089-obstructed-defecation,Human,0.999
https://my.clevelandclinic.org/health/diseases/22132-cauda-equina-syndrome,Human,0.999
https://my.clevelandclinic.org/health/diseases/22200-tarsal-tunnel-syndrome,Human,0.9985
https://my.clevelandclinic.org/health/diseases/22203-diplopia-double-vision,Human,0.9966
https://my.clevelandclinic.org/health/diseases/22309-mold-allergy,Human,0.999
https://my.clevelandclinic.org/health/diseases/22753-gum-recession,Human,0.9951
https://my.clevelandclinic.org/health/diseases/23043-leprosy-hansens-disease,AI,0.9346
https://my.clevelandclinic.org/health/diseases/23978-hip-flexor-strain,Human,0.999
https://my.clevelandclinic.org/health/diseases/24002-covid-pneumonia,Human,0.999
https://my.clevelandclinic.org/health/diseases/24311-chronic-diarrhea,Human,0.999
https://my.clevelandclinic.org/health/diseases/24613-low-progesterone,Human,0.9985
https://my.clevelandclinic.org/health/diseases/24735-tongue-problems,Human,0.9995
https://my.clevelandclinic.org/health/diseases/24862-black-mold,Human,0.9976
https://my.clevelandclinic.org/health/diseases/24896-periapical-abscess,Human,0.9897
https://my.clevelandclinic.org/health/diseases/3929-anemia,Human,0.9995
https://my.clevelandclinic.org/health/diseases/4059-constipation,Human,0.9976
https://my.clevelandclinic.org/health/diseases/4108-diarrhea,Human,0.9956
https://my.clevelandclinic.org/health/diseases/4471-pneumonia,Human,0.9971
https://my.clevelandclinic.org/health/diseases/4522-pubic-lice-crabs,Human,0.9917
https://my.clevelandclinic.org/health/diseases/4568-schizophrenia,Human,0.999
https://my.clevelandclinic.org/health/diseases/8630-hives,Human,0.9937
https://my.clevelandclinic.org/health/diseases/9294-bipolar-disorder,Human,0.9971
https://my.clevelandclinic.org/health/diseases/9599-delusional-disorder,Human,0.998
https://my.clevelandclinic.org/health/diseases/9849-raynauds-phenomenon,Human,0.9985
https://my.clevelandclinic.org/health/diseases/muscle-spasms-muscle-cramps,Human,0.999
https://my.clevelandclinic.org/health/drugs/14568-iron-oral-supplements-for-anemia,Human,0.9961
https://my.clevelandclinic.org/health/drugs/18748-hydrocortisone-cream-lotion-ointment-or-solution,Human,0.9541
https://my.clevelandclinic.org/health/drugs/19862-propofol-injection,Human,0.9985
https://my.clevelandclinic.org/health/drugs/21230-diclofenac-gel,Human,0.9951
https://my.clevelandclinic.org/health/drugs/24923-nasal-decongestant,Human,0.9199
https://my.clevelandclinic.org/health/procedures/8111-liver-transplantation,Human,0.9966
https://my.clevelandclinic.org/health/symptoms/15223-hot-flashes,Human,0.999
https://my.clevelandclinic.org/health/symptoms/15295-ankle-pain,Human,0.9995
https://my.clevelandclinic.org/health/symptoms/17654-white-tongue,Human,0.999
https://my.clevelandclinic.org/health/symptoms/17705-low-hemoglobin,AI,0.957
https://my.clevelandclinic.org/health/symptoms/17861-cold-hands,Human,0.9995
https://my.clevelandclinic.org/health/symptoms/21118-hip-pain,Human,0.999
https://my.clevelandclinic.org/health/symptoms/21697-vasoconstriction,Human,0.999
https://my.clevelandclinic.org/health/symptoms/22454-hives-in-children,Human,0.999
https://my.clevelandclinic.org/health/symptoms/23355-gallbladder-pain,Human,0.9966
https://my.clevelandclinic.org/health/symptoms/24690-sinus-pressure,Human,0.9985
https://my.clevelandclinic.org/health/symptoms/dry-cough,Human,0.999
https://my.clevelandclinic.org/health/treatments/10907-gum-disease-treatment,Human,0.9995
https://my.clevelandclinic.org/health/treatments/14598-probiotics,Human,0.9995
https://my.clevelandclinic.org/health/treatments/15286-anesthesia,Human,0.9995
https://my.clevelandclinic.org/health/treatments/16542-dry-needling,Human,0.9995
https://my.clevelandclinic.org/health/treatments/17157-gastric-bypass-surgery,Human,0.9985
https://my.clevelandclinic.org/health/treatments/21727-dental-bone-graft,Human,0.9995
https://my.clevelandclinic.org/health/treatments/22463-intracytoplasmic-sperm-injection,Human,0.9976
https://my.clevelandclinic.org/health/treatments/22931-gastric-sleeve-surgery,Human,0.999
https://my.clevelandclinic.org/health/treatments/22996-shingles-vaccine,Human,0.999
https://my.clevelandclinic.org/health/treatments/23504-gum-graft-surgery,Human,0.9971
https://my.clevelandclinic.org/health/treatments/24454-family-therapy,Human,0.9995
https://my.clevelandclinic.org/health/treatments/3977-birth-control-the-pill,Human,0.999
https://my.clevelandclinic.org/podcasts/health-essentials/rosemary-oil-the-secret-ingredient-for-hair-growth-with-shilpi-khetarpal-md,Human,0.9985
https://my.clevelandclinic.org/podcasts/neuro-pathways/overview-of-ms-medications,Human,0.999
https://myaccount.google.com/name,Human,0.998
https://myactorguide.com/what-is-pilot-season,Human,0.9995
https://myfcbilling.com/j-codes-in-medical-billing,AI,1
https://myhealth.alberta.ca/health/aftercareinformation/pages/conditions.aspx,Human,0.9385
https://myhealth.alberta.ca/health/tests-treatments/pages/conditions.aspx,Human,0.7769
https://myhealth.alberta.ca/sexual-reproductive-health/sexually-transmitted-infections/pubic-lice-(crabs),Human,0.9951
"https://myhealth.umassmemorial.org/library/healthsheets/3,s,90300",Human,0.9839
https://myislam.org/surah-ad-duha,Human,1
https://mymorningmocha.com/peppercorn-sauce,Human,0.9995
https://mynockmanor.com/star-wars-comics-september-2025-solicitations,Human,0.9995
https://myunboundedlife.com/todays-quiz/which-ship-came-to-titanics-rescue,AI,1
https://n4g.com/articles/fortnite-how-to-redeem-codes,Human,0.999
https://naio-nails.com/blogs/nails-nail-art-video-tutorials/how-to-remove-acrylic-nails-5-easy-steps,Human,0.9829
https://namelix.com,Human,1
https://nancysnotions.com/upcycling-clothes-fun-and-easy,Human,0.98
https://nationaldeafcenter.org/resource-items/deaf-101-can-deaf-people-talk,Human,0.9946
https://nationaleczema.org/treatments/oral-medications,Human,0.9956
https://nationaleczema.org/treatments/topicals,Human,0.998
https://natrad.com.au/info-advice/how-to-bleed-a-car-radiator,Human,0.9995
https://naturalsociety.com/breaking-sri-lanka-first-country-ban-monsantos-glyphosate-due-study-chronic-kidney-disease,Human,1
https://naturalwomanhood.org/birth-control-implant-may-not-stay-in-your-arm-nexplanon-side-effects-1-2019,Human,0.9883
https://nature-mentor.com/winter-birch-oak-beech-maple,Human,1
https://naturesmace.com/blogs/blog/get-rid-of-chipmunks-from-vegetable-gardens,Human,0.999
https://naturesmace.com/blogs/blog/keep-chipmunks-out-of-garden-flower-pots,Human,0.998
https://naturespath.com,Human,0.9932
https://navpointre.com/how-to-calculate-cap-rates-in-commercial-real-estate-investing,AI,0.8154
https://ncbg.unc.edu/2020/07/02/happy-birthday-psilocybe,Human,0.9888
https://nces.ed.gov/bibliography,Human,0.9971
https://ncirs.org.au/zoster-shingles/zoster-shingles-vaccine-frequently-asked-questions-faqs,Human,0.9922
https://nebraskapublicmedia.org/en/news/news-articles/nebraskas-largest-power-providers-making-big-bet-on-natural-gas,Human,0.9976
https://neenahfoundry.com,Human,0.999
https://neurosciencenews.com/general-anesthesia-mechanism-16259,Human,1
https://newgarden.com/notes/pruning-butterfly-bush,Human,0.9966
https://newport-solutions.com/blog/how-to-restore-all-of-your-tabs-in-microsoft-edge,AI,1
https://news.chapman.edu/2025/01/14/making-heroes-is-community-work-lessons-from-the-early-life-of-dr-martin-luther-king-jr,Human,0.999
https://news.ncsu.edu/2021/08/19/football-hall-of-fame-honors-wolfpacks-cowher,Human,1
https://news.northeastern.edu/2022/02/03/what-is-havana-syndrome,Human,0.9971
https://news.northeastern.edu/2023/01/10/idaho-student-murders-forensic-genealogy,Human,0.9966
https://news.northeastern.edu/2023/06/13/havana-syndrome-cause-historys-greatest-mysteries,Human,0.9976
https://news.northeastern.edu/2025/06/26/menendez-brothers-abuse,Human,0.9956
https://news.usni.org/2025/06/26/department-of-the-navy-fiscal-year-2026-budget-highlights,Human,0.9941
https://news.utoledo.edu/index.php/06_25_2025/utoledo-adopts-1b-budget,Human,1
https://news.yahoo.com/stl-opens-2-more-disaster-012604618.html,Human,0.9946
https://newsinhealth.nih.gov/2010/06/too-young-hot-flashes,Human,0.9995
https://newsinhealth.nih.gov/2014/01/avoiding-anemia,Human,0.9912
https://newsinhealth.nih.gov/2014/03/your-liver-delivers,Human,0.999
https://newsinhealth.nih.gov/2017/04/keep-your-voice-sound,Human,0.9907
https://newsinhealth.nih.gov/2021/03/how-long-does-protection-last-after-covid-19,Human,0.9932
https://newspring.cc/articles/battle-of-the-mind-11-verses-to-pray-when-you-dont-know-what-to-say,Human,0.9995
https://newspring.cc/articles/what-is-communion-and-why-do-we-do-it,Human,0.9932
https://newspring.cc/articles/why-christians-pray-together-not-just-in-private,Human,1
https://newspring.cc/articles/why-serving-in-the-church-is-so-important,Human,1
https://nextjs.org,Human,0.8794
https://nghianippersusa.com/blogs/news/can-you-cut-acrylic-nails-at-home,AI,0.9629
https://nida.nih.gov/news-events/news-releases/2024/03/delta-8-thc-use-reported-by-11-of-12th-graders-in-2023,Human,0.9971
https://nifla.org/abortion-not-safer-women-childbirth,Human,1
https://nij.ojp.gov/media/video/49846,Human,0.998
https://nikolbeauty.com/blogs/news/how-to-choose-the-best-lipstick-for-medium-skin-tones,AI,1
https://ninjatrader.com/futures/futures-contracts/equity-index/e-mini-dow,Human,0.9912
https://ninjatransfers.com,Human,0.999
https://nirvanalight.com/en-us/zodiac-explained,Human,0.9995
https://nj.pseg.com,Human,0.9922
https://nmortho.com/why-does-my-hip-hurt-8-causes-of-hip-pain,Human,0.9985
https://nodered.org,Human,0.999
https://noping.com/blog/en/how-to-fix-wuthering-waves-lag,AI,0.9995
https://norecipes.com/menudo,Human,1
https://nortonhealthcare.com/news/know-numbers-triglycerides,Human,0.9946
https://notary2notary.com/how-to-become-a-notary-in-texas-step-by-step-guide-for-2025,AI,1
https://notarypublics.com,Human,0.9995
https://notarytraining.sos.texas.gov,Human,0.8838
https://notchvt.org,Human,0.9941
https://ntwrightpage.com/2016/07/12/imagining-the-kingdom,Human,1
https://ntxsupply.com/from-sticky-beginnings-to-high-tech-wonders-the-history-and-evolution-of-adhesive-tape,AI,1
https://nutfreenewyork.com/2016/08/28/biscoff-cookie-butter,Human,1
https://nvidia-geforce-shadowplay.en.softonic.com,Human,0.9927
https://nvidia.custhelp.com/app/answers/detail/a_id/2039/~/how-do-i-determine-which-nvidia-display-driver-version-is-currently-installed,Human,0.999
https://nvidia.custhelp.com/app/answers/detail/a_id/3831/~/where-can-i-find-the-microsoft-windows-version-and-build-number%3f,Human,0.9995
https://nvidia.custhelp.com/app/answers/detail/a_id/4811/~/what-are-the-highlights-keyboard-shortcuts%3f,Human,0.9956
https://nvidia.custhelp.com/app/answers/detail/a_id/5164/~/geforce-experience-shadowplay-may-intermittently-record-the-wrong-screen-in,Human,0.999
https://nwedible.com/updated-vegetable-seeds-for-beginner,Human,1
https://nyassembly.gov/leg,Human,0.9941
https://nycancer.com/news/iron-rich-foods-increase-hemoglobin,Human,0.9976
https://nycelderlawyers.com/can-i-write-my-own-will-in-new-york,AI,0.9375
https://nypost.com/2019/10/29/how-do-you-save-endangered-gorillas-with-lots-of-human-help,Human,0.9976
https://nypost.com/2022/05/15/drew-brees-done-at-nbc-after-one-season-as-nfl-analyst,Human,0.999
https://nypost.com/2023/07/28/jill-biden-ex-joe-stole-my-story-minutes-after-i-told-it,Human,0.9985
https://nypost.com/2025/03/11/lifestyle/foods-to-stock-up-on-before-tariffs-raise-prices-again-experts,Human,0.9985
https://nypost.com/2025/06/13/business/dow-futures-fall-400-points-oil-spikes-after-israel-attacks-iran,Human,0.9995
https://nypost.com/2025/06/23/health/which-hair-loss-remedies-actually-work-and-side-effects-to-look-out-for,Human,0.9995
https://nypost.com/2025/06/23/shopping/tempur-pedic-proair-sheet-set-king-size-is-50-off-on-amazon,Human,0.9951
https://nypost.com/2025/06/23/us-news/bed-stuy-aquarium-returns-reigniting-fish-abuse-concerns,Human,0.999
https://nypost.com/2025/06/24/business/us-stocks-rise-oil-prices-plunge-on-hopes-trump-can-restore-israel-iran-cease-fire,Human,0.9985
https://nypost.com/2025/06/26/business/charlotte-drops-tesla-from-approved-city-vehicle-list,Human,0.9995
https://nypost.com/2025/06/26/business/nyc-cracks-down-on-hundreds-of-airbnb-hosts-over-illegal-rentals,Human,0.999
https://nypost.com/2025/06/26/lifestyle/dads-to-be-are-now-being-given-baby-showers-dads-need-spoiling-too,Human,0.998
https://nypost.com/2025/06/26/opinion/judges-middle-finger-to-the-supreme-court-shows-why-trump-wants-to-move-fast-on-deportations,Human,1
https://nypost.com/2025/06/26/sports/justin-verlander-shares-baby-update-after-welcoming-second-child-with-kate-upton,Human,0.9961
https://nyulangone.org/conditions/drug-reactions-hives/types,Human,0.9956
https://nyulangone.org/conditions/eczema-dermatitis/treatments/medication-for-eczema-dermatitis,Human,0.9956
https://nyulangone.org/conditions/multiple-sclerosis/treatments/medication-for-multiple-sclerosis,Human,0.9922
https://nyulangone.org/conditions/obesity/treatments/bariatric-surgery-for-obesity,Human,0.9951
https://nz.news.yahoo.com/eva-longoria-reflected-being-same-120013639.html,Human,0.9985
https://nzsl.tki.org.nz/units/unit-1-hello-hello/(view)/activities/(video)/165,Human,0.9995
https://oasishottubs.com,Human,0.9951
https://obsidian.md,Human,0.9995
https://ocpd.georgiasouthern.edu/resources/what-is-a-marine-biologist-and-how-can-you-become-one-heres-what-to-know,Human,0.9961
https://ods.od.nih.gov/factsheets/biotin-healthprofessional,Human,0.9814
https://ods.od.nih.gov/factsheets/potassium-consumer,Human,0.9912
https://office-reset.com,Human,0.999
https://oit.duke.edu/help/articles/kb0017944,Human,0.9995
https://oit.duke.edu/help/articles/kb0022360,Human,1
https://oit.duke.edu/service/microsoft-365-formerly-office-365,Human,0.9995
https://old-ib.bioninja.com.au/standard-level/topic-6-human-physiology/66-hormones-homeostasis-and/menstrual-cycle.html,Human,0.9932
https://old.hemppedia.org/how-to-use-cbd-oil-for-erectile-dysfunction,Human,0.9927
https://oldtimepottery.com,Human,0.9995
https://omahadentists.net/blog/managing-abscess-tooth-effective-relief-prevention-strategies,Human,0.5884
https://omghowto.com/play-mkv-files,Human,0.9995
https://onco.com/blog/foods-to-choose-avoid-for-managing-gastrointestinal-cancers,AI,0.9985
https://onedaytests.com/pages/monocytes-mon-description-and-reference-ranges,Human,0.8032
https://onelook.com,Human,0.999
https://onepiece.fandom.com/wiki/giants,Human,0.9966
https://onlinemasters.jou.ufl.edu/communication-in-leadership,Human,0.9941
https://ontariospca.ca/blog/when-do-puppies-lose-teeth-and-how-to-help-with-teething,Human,0.9956
https://openendedsocialstudies.org/2016/06/25/the-silk-road-international-trade-and-global-prosperity,Human,1
https://orangutantradingco.com/product-tag/psilocybe-ovoideocystidiata-spores,Human,0.9985
https://orawellness.com/what-causes-receding-gums-and-how-to-stop-it,Human,1
https://orbispatches.com,AI,0.8218
https://orchid.ganoksin.com/t/glass-filled-rubies/24687,Human,1
https://orchid.ganoksin.com/t/retrieving-silver-from-a-nitric-acid-bath/27369,Human,1
https://oregonent.com/how-to-adjust-to-hearing-your-own-voice-with-hearing-aids,Human,0.999
https://orgosolver.com,Human,0.8315
https://orthotoc.com/hip-pain-causes,Human,0.9995
https://orthotoc.com/most-common-hip-injuries-from-falling,Human,0.998
https://oryon.net/knowledge-base/article/how-to-manually-stop-sharing-a-file-or-remove-a-shared-access-link-in-onedrive,Human,0.9995
https://osrphysicaltherapy.com/the-pros-and-cons-of-dry-needling,Human,0.9951
https://othram.com,Human,0.998
https://ouraring.com/blog/your-menstrual-cycle,Human,0.978
https://outreachmonks.com/dofollow-nofollow-ratio,Human,0.9985
https://outtheboxinc.com/how-to-collect-emails-for-email-marketing,AI,0.9971
https://overgrow.com/t/mushrooms-diy-spores-etc-part-1/5971,Human,1
https://pagesix.com/2016/09/26/liev-schreiber-and-naomi-watts-split-up-after-11-years,Human,0.9985
https://pagesix.com/2025/06/18/celebrity-news/anne-burrells-husband-found-chef-unconscious-on-shower-floor-hours-after-he-saw-her-alive-report,Human,0.9985
https://pagesix.com/2025/06/18/celebrity-news/remembering-anne-burrell-the-brilliant-chef-who-welcomed-me-into-her-home-and-her-heart,Human,0.9971
https://pagesix.com/2025/06/20/style/naomi-watts-and-daughter-kai-schreiber-sparkle-at-armani-beauty-event,Human,1
https://palestineinadish.com/recipes/authentic-chicken-shawarma-recipe,Human,0.999
https://panlasangpinoy.com/filipino-pork-menudo-recipe,Human,1
https://panlasangpinoy.com/pork-menudo-recipe,Human,1
https://paperswithcode.com/author/ishay-haviv,Human,0.9375
https://paperswithcode.com/task/facial-expression-recognition,Human,0.9829
https://paperswithcode.com/task/low-rank-matrix-completion,Human,0.9966
https://pasa.org/awareness/5-ways-to-help-save-gorillas,AI,0.9995
https://pathologytestsexplained.org.au,Human,0.9941
https://paworigins.com/blogs/vet-blogs/decoding-the-darkness-understanding-the-meaning-behind-your-dogs-black-poop,AI,0.9995
https://pawsgr.com/blog/the-dangers-of-matted-fur-and-what-to-do-about-it,Human,1
https://paytm.com/blog/bill-payments/electricity-bills/what-is-ac-power-consumption-how-to-calculate-it,Human,0.9595
https://pcpartpicker.com,Human,0.9697
https://pcpartpicker.com/forums/topic/481900-tips-on-choosing-a-power-supply,Human,0.9956
https://pcpartpicker.com/forums/topic/77606-how-much-extra-wattage-should-a-psu-have,Human,0.9961
https://pcsupport.lenovo.com,Human,0.7329
https://pdf-editor.pdffiller.com,Human,0.9893
https://pdfcandle.com/quality_pdf.aspx,Human,1
https://pdfcompressor.com,Human,0.9946
https://pdfexpert.com,Human,0.9985
https://pdfsimpli.com,Human,1
https://peacefulleadersacademy.com/blog/communication-skills-for-leaders,Human,1
https://peacefulleadersacademy.com/blog/why-is-communication-important-in-leadership,Human,0.9956
https://peacewithgod.net,Human,0.9995
https://peakperformanceclinics.com/whats-causing-my-hip-pain-after-walking,Human,0.9966
https://pediatricms.org/drug-information,Human,0.9995
https://pegasushomecare.com/services/pegasus-personal-care/ways-personal-care-can-help/look-to-your-diet-to-keep-your-gallbladder-healthy,Human,0.9995
https://pegi.info,Human,0.9932
https://pennie.com,Human,0.998
https://people.com/all-about-barron-trump-donald-trump-son-7507615,Human,0.9995
https://people.com/all-about-zodiac-signs-dates-personality-compatibilities-8414328,Human,0.999
https://people.com/foods-to-stock-up-on-before-tariffs-expensive-11717388,Human,0.999
https://people.com/how-did-squid-game-season-2-end-11761407,Human,0.999
https://people.com/how-to-spend-the-first-week-of-2025-with-no-retrogrades-11680412,Human,0.9985
https://people.com/man-refuses-to-let-wife-ground-his-son-sparks-internet-debate-11753866,Human,0.9985
https://people.com/mielle-hair-growth-oil-exclusive-deal-amazon-2025-11736868,Human,0.999
https://people.com/movies/liev-schreiber-breaks-silence-on-split-with-naomi-watts-were-very-close,Human,0.999
https://people.com/movies/liev-schreiber-on-split-from-naomi-watts,Human,0.9995
https://people.com/movies/whats-at-stake-in-naomi-watts-and-liev-schreibers-complicated-split,Human,0.9976
https://people.com/naomi-watts-and-liev-schreiber-reunite-as-they-celebrate-son-s-prom-11741835,Human,0.9985
https://people.com/parents/squid-game-experts-on-how-parents-approach-show-with-kids,Human,0.9995
https://people.com/photos-of-joe-biden-jill-biden-11755467,Human,0.9985
https://people.com/planetary-retrogrades-and-their-meanings-everything-to-know-8644825,Human,0.999
https://people.com/politics/joe-and-jill-biden-love-story,Human,0.999
https://people.com/sports/drew-brees-on-transition-from-football-player-to-commentator-still-love-sport,Human,0.9995
https://people.com/tv/teen-mom-leah-messer-break-up-jason-jordan,Human,0.9995
https://people.com/tv/teen-mom-leah-messer-reason-breakup-jason-jordan,Human,0.9985
https://people.com/what-cancer-season-means-for-your-zodiac-sign-2025-11756041,Human,0.9985
https://people.com/what-is-a-sagittarius-dates-personality-traits-compatibilities-8749825,Human,0.9976
https://people.com/woman-changed-baby-shower-date-now-wants-sister-to-end-vacation-early-reddit-11757326,Human,0.9995
https://personalbanking.bankofireland.com/bank/current-accounts/2nd-level-current-account/features-benefits,Human,0.9985
https://personalphysicianmd.com/the-new-shingles-vaccine,Human,0.9995
https://persons.anau.am/prednisone-helps-eczema,Human,0.999
https://phasesmoon.com,Human,0.998
https://photographylife.com/natural-artificial-light,Human,1
https://photos.google.com/login,Human,0.9971
https://photoscissors.com,Human,0.9868
https://phsinverter.com/blog/2013/09/10/history-of-tape,Human,1
https://picresize.com,Human,0.9941
https://pilotflyingj.com,Human,0.9844
https://pinchofyum.com/browned-butter-chocolate-chip-cookies,Human,0.9839
https://pinggy.io,Human,0.999
https://pitapita.com,Human,0.9937
https://pitevent.com,Human,0.9956
https://pixorize.com/view/101749/video,Human,0.9971
https://pjlibrary.org/beyond-books/pjblog/april-2025/what-is-the-torah,Human,0.999
https://planetechusa.com/what-is-the-difference-between-an-ethernet-hub-and-a-switch,Human,0.9985
https://playerzon.com/blog/how-to-tame-a-cat-in-minecraft,Human,1
https://playhop.com/app/400931,Human,0.9863
https://playhop.com/app/443151,Human,0.9951
https://plotdigitizer.com,Human,0.9985
https://pmc.ncbi.nlm.nih.gov/articles/pmc10037117,Human,0.998
https://pmc.ncbi.nlm.nih.gov/articles/pmc10078085,Human,0.998
https://pmc.ncbi.nlm.nih.gov/articles/pmc10089961,Human,0.999
https://pmc.ncbi.nlm.nih.gov/articles/pmc10186041,Human,0.9966
https://pmc.ncbi.nlm.nih.gov/articles/pmc10552775,Human,0.9985
https://pmc.ncbi.nlm.nih.gov/articles/pmc1071194,Human,0.9995
https://pmc.ncbi.nlm.nih.gov/articles/pmc10835322,Human,0.999
https://pmc.ncbi.nlm.nih.gov/articles/pmc10887702,Human,0.998
https://pmc.ncbi.nlm.nih.gov/articles/pmc10913303,Human,0.9985
https://pmc.ncbi.nlm.nih.gov/articles/pmc11048135,Human,0.9985
https://pmc.ncbi.nlm.nih.gov/articles/pmc11108128,Human,0.9951
https://pmc.ncbi.nlm.nih.gov/articles/pmc11324195,Human,0.998
https://pmc.ncbi.nlm.nih.gov/articles/pmc11836729,Human,0.9976
https://pmc.ncbi.nlm.nih.gov/articles/pmc137819,Human,0.999
https://pmc.ncbi.nlm.nih.gov/articles/pmc2238342,Human,0.9995
https://pmc.ncbi.nlm.nih.gov/articles/pmc2424218,Human,0.9985
https://pmc.ncbi.nlm.nih.gov/articles/pmc2672365,Human,0.999
https://pmc.ncbi.nlm.nih.gov/articles/pmc2686004,Human,0.9985
https://pmc.ncbi.nlm.nih.gov/articles/pmc3001814,Human,0.999
https://pmc.ncbi.nlm.nih.gov/articles/pmc3024208,Human,0.999
https://pmc.ncbi.nlm.nih.gov/articles/pmc3180249,Human,0.9995
https://pmc.ncbi.nlm.nih.gov/articles/pmc324973,Human,0.9995
https://pmc.ncbi.nlm.nih.gov/articles/pmc3395931,Human,0.999
https://pmc.ncbi.nlm.nih.gov/articles/pmc3645333,Human,0.999
https://pmc.ncbi.nlm.nih.gov/articles/pmc3739512,Human,0.998
https://pmc.ncbi.nlm.nih.gov/articles/pmc3853839,Human,0.999
https://pmc.ncbi.nlm.nih.gov/articles/pmc3883610,Human,0.9995
https://pmc.ncbi.nlm.nih.gov/articles/pmc3936692,Human,0.999
https://pmc.ncbi.nlm.nih.gov/articles/pmc3956957,Human,0.9985
https://pmc.ncbi.nlm.nih.gov/articles/pmc4101552,Human,0.999
https://pmc.ncbi.nlm.nih.gov/articles/pmc4128522,Human,0.999
https://pmc.ncbi.nlm.nih.gov/articles/pmc4346501,Human,0.9976
https://pmc.ncbi.nlm.nih.gov/articles/pmc4510267,Human,0.999
https://pmc.ncbi.nlm.nih.gov/articles/pmc4538781,Human,0.9995
https://pmc.ncbi.nlm.nih.gov/articles/pmc4607509,Human,0.999
https://pmc.ncbi.nlm.nih.gov/articles/pmc4661340,Human,0.9995
https://pmc.ncbi.nlm.nih.gov/articles/pmc4807003,Human,0.999
https://pmc.ncbi.nlm.nih.gov/articles/pmc4882631,Human,0.9995
https://pmc.ncbi.nlm.nih.gov/articles/pmc5073000,Human,0.998
https://pmc.ncbi.nlm.nih.gov/articles/pmc5088635,Human,0.999
https://pmc.ncbi.nlm.nih.gov/articles/pmc5369598,Human,0.999
https://pmc.ncbi.nlm.nih.gov/articles/pmc5436771,Human,0.998
https://pmc.ncbi.nlm.nih.gov/articles/pmc5464260,Human,0.998
https://pmc.ncbi.nlm.nih.gov/articles/pmc5582478,Human,0.9985
https://pmc.ncbi.nlm.nih.gov/articles/pmc5722463,Human,0.998
https://pmc.ncbi.nlm.nih.gov/articles/pmc5886019,Human,0.9985
https://pmc.ncbi.nlm.nih.gov/articles/pmc5901393,Human,0.999
https://pmc.ncbi.nlm.nih.gov/articles/pmc6007782,Human,0.998
https://pmc.ncbi.nlm.nih.gov/articles/pmc6267518,Human,0.9985
https://pmc.ncbi.nlm.nih.gov/articles/pmc6325649,Human,0.999
https://pmc.ncbi.nlm.nih.gov/articles/pmc6450257,Human,0.999
https://pmc.ncbi.nlm.nih.gov/articles/pmc6526977,Human,0.9985
https://pmc.ncbi.nlm.nih.gov/articles/pmc6590925,Human,0.999
https://pmc.ncbi.nlm.nih.gov/articles/pmc6773417,Human,0.999
https://pmc.ncbi.nlm.nih.gov/articles/pmc6901412,Human,0.998
https://pmc.ncbi.nlm.nih.gov/articles/pmc6937966,Human,0.9985
https://pmc.ncbi.nlm.nih.gov/articles/pmc7211216,Human,0.9985
https://pmc.ncbi.nlm.nih.gov/articles/pmc7255787,Human,0.999
https://pmc.ncbi.nlm.nih.gov/articles/pmc7336348,Human,0.9985
https://pmc.ncbi.nlm.nih.gov/articles/pmc7487199,Human,0.9985
https://pmc.ncbi.nlm.nih.gov/articles/pmc7570226,Human,0.9985
https://pmc.ncbi.nlm.nih.gov/articles/pmc7674978,Human,0.9985
https://pmc.ncbi.nlm.nih.gov/articles/pmc7871750,Human,0.9995
https://pmc.ncbi.nlm.nih.gov/articles/pmc7885663,Human,0.999
https://pmc.ncbi.nlm.nih.gov/articles/pmc8029770,Human,0.999
https://pmc.ncbi.nlm.nih.gov/articles/pmc8106354,Human,0.9961
https://pmc.ncbi.nlm.nih.gov/articles/pmc8186771,Human,0.9985
https://pmc.ncbi.nlm.nih.gov/articles/pmc8284182,Human,0.998
https://pmc.ncbi.nlm.nih.gov/articles/pmc8313197,Human,0.999
https://pmc.ncbi.nlm.nih.gov/articles/pmc8532914,Human,0.998
https://pmc.ncbi.nlm.nih.gov/articles/pmc8533170,Human,0.9976
https://pmc.ncbi.nlm.nih.gov/articles/pmc8600377,Human,0.9985
https://pmc.ncbi.nlm.nih.gov/articles/pmc8720063,Human,0.998
https://pmc.ncbi.nlm.nih.gov/articles/pmc8768965,Human,0.998
https://pmc.ncbi.nlm.nih.gov/articles/pmc8805473,Human,0.9966
https://pmc.ncbi.nlm.nih.gov/articles/pmc8980288,Human,0.999
https://pmc.ncbi.nlm.nih.gov/articles/pmc9273578,Human,0.999
https://pmc.ncbi.nlm.nih.gov/articles/pmc9407302,Human,0.9971
https://pmc.ncbi.nlm.nih.gov/articles/pmc9478693,Human,0.9985
https://pmc.ncbi.nlm.nih.gov/articles/pmc9516166,Human,0.999
https://pmc.ncbi.nlm.nih.gov/articles/pmc9613388,Human,0.9985
https://pmc.ncbi.nlm.nih.gov/articles/pmc9655392,Human,0.9976
https://pmc.ncbi.nlm.nih.gov/articles/pmc9674097,Human,0.999
https://pmc.ncbi.nlm.nih.gov/articles/pmc9746853,Human,0.9985
https://pmc.ncbi.nlm.nih.gov/articles/pmc9746856,Human,0.9985
https://pmc.ncbi.nlm.nih.gov/articles/pmc9847462,Human,0.9985
https://pmc.ncbi.nlm.nih.gov/articles/pmc9867417,Human,0.9985
https://podarsmarterschools.com/blogs/how-to-make-sure-your-kids-receive-the-best-nutrition-in-growing-years,Human,0.9951
https://podcasts.apple.com/us/podcast/this-organized-life-decluttering-tips-for-moms-entrepreneurs/id1193014252,Human,0.9985
https://poemuseum.org/the-tell-tale-heart,Human,0.9976
https://popsql.com/learn-sql/snowflake/how-to-add-a-column-in-snowflake,Human,0.998
https://popsql.com/learn-sql/sql-server/how-to-add-a-column-in-sql-server,Human,0.9976
https://popularvedicscience.com/astrology/december-3-zodiac-sign,Human,1
https://portal.acha.org/covac/resources/covid_in_focus/understanding_natural_immunity.aspx,Human,0.9971
https://pos.toasttab.com/blog/on-the-line/food-truck-slogans,Human,0.9917
https://potswa.com.au/how-to-paint-terracotta-pots,Human,0.998
https://powersmartusa.com/blogs/powersmart-blog/understanding-gas-generators-key-functions-and-benefits-explained,AI,1
https://pptpclient.sourceforge.net,Human,0.9995
https://practicetestgeeks.com/tx-notary-test,AI,1
https://preferredptaz.com/hip-pain-heres-what-is-causing-it,Human,0.9995
https://prezi.com,AI,0.9697
https://prezi.com/f-qeaaorqic8/digestive-system-of-a-giraffe,Human,0.9658
https://printertesting.com,Human,0.9814
https://privatejetcharter.com/wet-lease-aircraft-vs-dry-lease-aircraft,Human,0.9985
https://prod.omnitron-systems.com/component/allvideoshare/video/what-is-an-ethernet-switch,Human,0.9912
https://project-management.fandom.com/wiki/schedule_variance,Human,0.9971
https://promova.com/english-grammar/so-and-such-in-a-sentence,Human,0.9995
https://prospecthealthcaresolutions.com/what-is-a-j-code-in-medical-billing,Human,0.999
https://protectdemocracy.org/how-to-protect-democracy,Human,0.9995
https://psacsports.org/news/2025/6/25/general-psac-extends-invitation-to-lackawanna-college-to-become-conferences-18th-member-institution.aspx,Human,0.998
https://psychology.iresearchnet.com/social-psychology/emotions/facial-expressions-of-emotion,Human,0.9995
https://puainta.com/blogs/care-healthy-living/bordetella-vaccine-for-dogs,AI,0.9995
https://puainta.com/blogs/care-healthy-living/why-your-cat-is-suddenly-clingy,AI,1
https://pubg.com,Human,0.9517
https://pubmed.ncbi.nlm.nih.gov/10637364,Human,0.9941
https://pubmed.ncbi.nlm.nih.gov/162670,Human,0.9951
https://pubmed.ncbi.nlm.nih.gov/16402943,Human,0.9961
https://pubmed.ncbi.nlm.nih.gov/17635306,Human,0.9937
https://pubmed.ncbi.nlm.nih.gov/17696573,Human,0.9985
https://pubmed.ncbi.nlm.nih.gov/19863501,Human,0.9961
https://pubmed.ncbi.nlm.nih.gov/25842469,Human,0.9961
https://pubmed.ncbi.nlm.nih.gov/28299723,Human,0.9941
https://pubmed.ncbi.nlm.nih.gov/30368339,Human,0.9932
https://pubmed.ncbi.nlm.nih.gov/31313338,Human,0.9941
https://pubmed.ncbi.nlm.nih.gov/31378380,Human,0.9956
https://pubmed.ncbi.nlm.nih.gov/31795801,Human,0.9878
https://pubmed.ncbi.nlm.nih.gov/32721404,Human,0.9951
https://pubmed.ncbi.nlm.nih.gov/33093964,Human,0.9951
https://pubmed.ncbi.nlm.nih.gov/35779183,Human,0.9951
https://pubmed.ncbi.nlm.nih.gov/36011291,Human,0.9951
https://pubmed.ncbi.nlm.nih.gov/36710464,Human,0.9956
https://pubmed.ncbi.nlm.nih.gov/37806804,Human,0.9941
https://pubmed.ncbi.nlm.nih.gov/6929640,Human,0.9951
https://pubmed.ncbi.nlm.nih.gov/7801224,Human,0.9966
https://pubmed.ncbi.nlm.nih.gov/8327871,Human,0.9878
https://pubs.rsc.org,Human,0.9985
https://pubs.usgs.gov/gip/dynamic/inside.html,Human,0.9995
https://puritanboard.com/threads/abraham-took-another-wife-whose-name-was-keturah-genesis-25-1-6.95850,Human,0.9995
https://puritanboard.com/threads/john-2-nazareth-cana-capernaum.70959,Human,1
https://puritanboard.com/threads/what-does-god-love-in-us.70421,Human,1
https://purple.com,Human,0.9839
https://pvwatts.nrel.gov,Human,0.999
https://python-adv-web-apps.readthedocs.io/en/latest/functions.html,Human,0.9995
https://qarabic.com/how-many-times-is-mohammad-mentioned-in-the-quran,Human,0.9995
https://qgis.org/resources/installation-guide,Human,0.9995
https://qph.cf2.quoracdn.net/main-qimg-25a60476921fc910c7f1b53935383f6a-pjlq,Human,0.9976
https://qph.cf2.quoracdn.net/main-qimg-aa3b566f006da11eeff4bc5c2c5a18ba-lq,Human,0.9985
https://qph.cf2.quoracdn.net/main-qimg-c6e168d4a6b8dbe184e708d7f756b377-pjlq,Human,0.9956
https://quality.veevavault.help/en/lr/50960,Human,0.999
https://quatr.us/math/whole-numbers-math.htm,Human,0.998
https://quickonomics.com/terms/market-equilibrium,AI,0.9946
https://quizlet.com/219254721/unit-4-domestic-policy-flash-cards,Human,0.9995
https://quizlet.com/252598029/bedside-swallow-evaluation-flash-cards,Human,0.9995
https://quizlet.com/479979044/ob-exam-1-flash-cards,Human,0.9995
https://quizlet.com/548327796/chapter-12-organizing-your-presentation-flash-cards,Human,0.998
https://quizlet.com/553133443/conservation-of-momentum-quiz-flash-cards,Human,0.9907
https://quizlet.com/876871117/nutrition-test-1-2-3-flash-cards,Human,0.999
https://quizlet.com/explanations/questions/a-cvp-graph-presents-data-on-a-profit-and-loss-on-a-per-unit-basis-b-profit-loss-and-break-even-on-a-total-dollar-basis-c-profit-loss-and-br-78a897ee-196080f4-062f-4f12-b993-9adb31ed0d14,Human,0.998
https://qz.com/laptop-battery-charging-plugged-in-myth-1851324700,Human,0.998
https://rabbit.org/care/babies,Human,0.9995
https://rabbit.org/care/myths-about-baby-rabbits-part-i,Human,0.9995
https://rachelciordas.substack.com/p/which-is-the-best-gluten-free-sandwich,Human,0.9995
https://rachelrossi.design/caulking,Human,1
https://radicalstorage.com/travel/travel-statistics-by-age,Human,0.9844
https://raenickle.weebly.com/swallow-screening-tool-education.html,Human,1
https://ragnarheil.de/use-your-smartphone-as-webcam-for-your-microsoft-teams-or-zoom-meeting,Human,0.9995
https://raisebehavioralhealth.com/blog/building-stronger-bonds-the-power-of-co-parenting-therapy-1,Human,0.9971
https://raisingchildren.net.au/guides/a-z-health-reference/hives,Human,0.9995
https://raisingchildren.net.au/guides/a-z-health-reference/oral-thrush,Human,1
https://raisingchildren.net.au/newborns/behaviour/crying-colic/colic,Human,0.9995
https://raisingchildren.net.au/school-age/nutrition-fitness/daily-food-guides/school-age-food-groups,Human,1
https://rancherdesktop.io,Human,0.9995
https://rankmath.com/kb/should-you-nofollow-external-links,Human,0.9976
https://rawaccel.net,AI,1
https://react.dev,Human,0.9971
https://react.dev/reference/react-dom/server,Human,0.9883
https://readingeggs.com,Human,0.9995
https://rebatekey.com/blog/amazon-sent-wrong-item,Human,0.999
https://recipekeeperonline.com,Human,0.9995
https://recorder.easeus.com,Human,0.999
https://recorder.itopvpn.com,Human,0.998
https://redcliffelabs.com/myhealth/food-and-nutrition/foods-to-avoid-if-diagnosed-with-hypothyroidism,Human,0.9971
https://redcliffelabs.com/myhealth/heart/cold-weather-might-affect-your-heart-here-is-the-list-of-the-top-5-tests-for-you-and-your-loved-ones,Human,1
https://redeeminggod.com/did-jesus-work,Human,0.999
https://refreshthechurch.com,Human,0.9995
https://reincubate.com/camo/use-phone-as-webcam,Human,0.9995
https://reincubate.com/support/how-to/use-android-as-webcam,Human,0.999
https://relationshiprecovery.quora.com/how-to-get-over-my-baby-mother-when-i-still-love-her-and-she-doesn-t-love-me-back-or-respect-me-as-a-human-the-baby-s-f,Human,0.9956
https://remoteplay.dl.playstation.net/remoteplay,AI,0.9497
https://removal.ai,Human,0.998
https://rennlist.com/forums/928-forum/571330-i-over-filled-my-ac-how-do-i-reverse.html,Human,0.9961
https://rennlist.com/forums/992/1476306-my-new-baby-is-damaged-2.html,Human,0.9902
https://rennlist.com/forums/996-forum/877381-does-an-ac-refill-need-a-system-bleed.html,Human,0.9995
https://reproductiverights.org/ansirh-report-abortion-bans-post-roe-care,Human,0.9897
https://research.utmb.edu/research-at-utmb/research-administration/sign-a-pdf/insert-your-signature,Human,0.9995
https://resist.bot,Human,0.9995
https://respiratory-therapy.com/disorders-diseases/infectious-diseases/coronavirus/how-long-does-covid-immunity-last,Human,0.9995
https://resprout.com/how-when-to-harvest-asparagus,Human,0.9995
https://retoucher.online,Human,0.9995
https://reusegrowenjoy.com/how-to-keep-rabbits-out-of-your-garden,Human,1
https://revealjs.com,Human,0.9995
https://rforrabbit.com,Human,0.9863
https://rhealthc.com/mold-illness/dangers-and-symptoms-of-mold-exposure,Human,0.9966
https://riverside.fm,Human,0.9941
https://rmstitanic1912.weebly.com/waiting-to-be-rescued.html,Human,1
https://robinhood.com/us/en/learn/articles/3cykrytzcio70kojgrxhl8/what-is-a-fiscal-year,Human,0.9946
https://robinhood.com/us/en/learn/articles/4hesb9vtcksuhehiuavsus/what-is-capitalization-rate,Human,0.9946
https://robinhood.com/us/en/learn/articles/78jofmjmbutxarlbl4buij/what-is-relative-strength-index-rsi,Human,0.9946
https://roblox-find-the-games.fandom.com/wiki/find_the_codes_2,Human,0.9619
https://rocksteadyboxing.org,Human,0.9995
https://rockypointrx.com/new-shingles-vaccine-soon-to-be-available,Human,1
https://rodgers-associates.com/blog/letter-code-medicare-card-means,Human,0.9995
https://rokslide.com/forums/threads/mold-toxicity.331255,Human,1
https://rootingforblooms.com/how-when-where-and-why-to-prune-your-butterfly-bush,Human,0.5713
https://rotaxmetals.net/metals-used-in-houses,Human,1
https://rts.edu/resources/the-trinity-an-introduction,Human,0.9956
https://ru-mac.livejournal.com/19963121.html,Human,0.999
https://rublon.com/blog/pptp-l2tp-difference,Human,0.9966
https://ruffle.rs,Human,0.9995
https://rugtherock.com/blogs/magazine/sun-symbol,Human,0.9941
https://rutube.ru/video/0c5feea17c1918a41ef927374c2122d4,AI,0.5767
https://rutube.ru/video/6360f72b07ddd58d97530ed54a8a21b9,Human,0.9614
https://sacreditclear.co.za,Human,0.999
https://saintswire.usatoday.com/2025/01/07/drew-brees-saints-2024-season-recap-takeaways-observations-injury-report,Human,1
https://sairhythms.sathyasai.org/song/ashtothram-108-names-bhagawan-sathya-sai-baba,Human,0.9766
https://salempediatricclinic.com/triumphing-over-thrush,Human,0.9971
https://salvagedinspirations.com/how-to-paint-a-plastic-planter-diy-vintage-terracotta,Human,0.9995
https://samhealth.org/news/get-relief-from-muscle-cramps,Human,0.9922
https://samuelhubbard.com/blogs/journal/wide-width-shoe-sizes-explained,Human,0.9966
https://sarahburdgephd.com/treating-erectile-dysfunction-with-cbd-oil,Human,0.9702
https://sawmillcreek.org/showthread.php,Human,0.9976
https://schoolnightvegan.com/home/vegan-peppercorn-sauce,Human,0.9985
https://scitechdaily.com/scientists-find-what-caused-havana-syndrome-that-affected-diplomats-in-cuba-and-it-wasnt-sonic-weapons,Human,0.9995
https://screen-recorder.com,Human,0.9912
https://screen.studio,Human,0.9995
https://screenapp.io,Human,0.9941
https://screenpal.com,Human,0.9478
https://screenrec.com,Human,0.9956
https://scripps.ucsd.edu/undergrad/curriculum/marine-biology,Human,0.9985
https://sdasms.com,AI,0.9897
https://sdbotox.com/blog/facials-hyperpigmentation,Human,0.999
https://seafarersrights.org/carpathias-role-in-titanics-rescue,Human,1
https://seasonherbs.co.uk/blogs/news/how-to-stop-insects-eating-plant-leaves,Human,0.9985
https://securitywing.com/3-steps-to-install-minikube-on-windows-10,Human,1
https://seedtime.com/guide-to-clean-and-repair-your-credit-report,Human,1
https://seekingquietwaters.substack.com/p/beyond-languishing-a-proactive-guide,Human,0.9897
https://selby.org,Human,0.9863
https://sellercentral.amazon.com/seller-forums/discussions/t/8074cbe8-4901-4f78-9734-fdc982f0165b,Human,0.9985
https://sellercentral.amazon.com/seller-forums/discussions/t/bd69f7bc-d1c0-4b2e-bb94-ad190f910675,Human,0.9995
https://seniorsleague.org/notch-bulletin-how-long-have-notch-babies-been-underpaid,Human,0.9995
https://seniorsleague.org/what-is-notch,Human,0.999
https://sensemother.com/amazon-echo-show-black-screen,Human,0.999
https://sequelize.org,Human,0.999
https://servers.legacyminecraft.com/server/65,Human,0.9995
https://setapp.com/how-to/best-mkv-players-for-mac,Human,0.9951
https://setapp.com/how-to/compress-jpg,Human,0.9927
https://setapp.com/how-to/enable-flash-player-on-chrome,Human,0.999
https://setapp.com/how-to/how-to-make-a-pdf-on-iphone,Human,0.9966
https://setapp.com/how-to/how-to-reopen-recently-closed-tabs-on-mac,AI,0.9971
https://setapp.com/how-to/how-to-reset-admin-password-on-mac,Human,0.9951
https://setapp.com/how-to/how-to-reset-lost-mac-password,Human,0.998
https://setapp.com/how-to/sync-icloud-photos,Human,0.999
https://sew4home.com/how-to-measure-for-curtains-drapes-more,Human,1
https://sexinfoonline.com/sexual-headaches,Human,0.999
https://shackelford.law/news-aviation/the-difference-between-wet-and-dry-aircraft-leases,Human,1
https://shackelford.law/news-aviation/whats-the-difference-between-wet-and-dry-aircraft-leases,Human,0.999
https://shadow.tech,Human,0.998
https://share.upmc.com/2015/05/causes-of-diarrhea,Human,0.9976
https://share.upmc.com/2016/08/cold-hands-feet,Human,0.9966
https://share.upmc.com/2017/02/pneumonia-symptoms-causes-risks,Human,0.9976
https://share.upmc.com/2017/04/can-you-live-without-a-liver,Human,0.9897
https://share.upmc.com/2022/08/diet-for-gallbladder-issues,AI,0.9556
https://share.upmc.com/2023/05/rosemary-oil-hair-growth,Human,0.9985
https://share.upmc.com/2025/01/signs-low-potassium,Human,0.9932
https://sharepointmaven.com/how-to-stop-re-sharing-of-content-in-sharepoint-and-onedrive,Human,1
https://sharepointmaven.com/how-to-stop-site-and-file-sharing-in-sharepoint-and-onedrive,Human,1
https://sheltermedicine.wisc.edu/library/resources/post-recovery-bordetella-shedding-in-dogs-for-how-long-and-do-we-need-to-be-concerned,Human,0.9883
https://sheltermedicine.wisc.edu/library/resources/which-bordetella-vaccine-to-use-and-why,Human,0.9883
https://sherenechaney.weebly.com/extracranial-anatomy.html,Human,1
https://sheridancollege.libguides.com/amatenthedition/conference-proceedings,Human,0.9995
https://shiftingroots.com/how-to-grow-glads,Human,0.9976
https://shineon.org/resources/videos/dmp-resources/ways-communicate-deaf-person,Human,0.9883
https://shingrixhcp.com,Human,0.9995
https://shop.arborday.org/treeguide/170,Human,0.9922
https://shop.bodybuilding.com/blogs/tools-and-calculators/how-many-calories-should-you-eat-per-day,Human,0.9897
https://shop.parkrun.com,Human,0.9834
https://shop.recodestudios.com/blogs/beauty/how-to-choose-the-perfect-lipstick-color-for-your-outfit-and-skin-tone,AI,1
https://shopping.yahoo.com/deals/article/amazons-secret-coupon-page-is-a-gold-mine-save-up-to-60-on-car-gear-acs-and-more-185622844.html,Human,0.9995
https://shopping.yahoo.com/home/article/should-you-let-your-dog-sleep-in-bed-with-you-heres-what-trainers-say-201646177.html,Human,0.9995
https://shoprmcgems.com/collections/ruby,Human,0.9971
https://shopthegreatescape.com/collections/above-ground-pools,Human,0.999
https://shrinkpdf.com,Human,0.9961
https://sidetrain.com/guides/when-do-boys-stop-growing,Human,0.9951
https://sign.dropbox.com,Human,0.998
https://signal.org,Human,0.9995
https://siliconpsych.com/agitated-depression-and-the-high-functioning-bipolar-rockstar-of-silicon-valley,Human,1
https://silverbullresources.com,Human,0.9995
https://simplifaster.com/articles/muscle-cramps,Human,0.9995
https://simplyscheduleappointments.com/2023/09/13/how-to-start-a-mobile-notary-business,AI,1
https://sinaireno.org/2021/07/10/isaac-and-rebecca-meet-abraham-and-keturah-marry,Human,0.9995
https://singersroom.com/w86/best-indie-songs-of-all-time,AI,1
https://singulardiscoveries.substack.com/p/the-titanic-rescue,Human,0.998
https://sipbitego.com/creamy-peppercorn-sauce,Human,0.9951
https://sites.google.com/site/bettervampires/faq/vampire-s-seduction-isn-t-working,Human,0.9995
https://sites.google.com/view/shinhoofood/blog/high-quality-canned-tomato-paste-for-amazing-experience,Human,0.9985
https://sixads.net/blog/slogan-examples,Human,0.998
https://skinkraft.com/blogs/articles/how-to-remove-stitch-marks-from-face,Human,0.999
https://skinkraft.com/blogs/articles/red-spots-on-skin,Human,0.998
https://skinkraft.com/blogs/articles/rosemary-oil-for-hair-growth,Human,0.999
https://skyandtelescope.org/astronomy-news/observing-news/this-weeks-sky-at-a-glance-june-20-29,Human,1
https://skycoach.gg/blog/fortnite/articles/fortnite-redeem-codes,Human,0.9585
https://skylinechili.com,Human,0.998
https://slack.com,Human,0.9932
https://slate.tilecleaning.co.uk/removing-a-badly-applied-sealer-from-a-black-slate-kitchen-floor-in-scunthorpe,Human,1
https://slate.tilecleaning.co.uk/stripping-and-re-sealing-a-slate-tiled-floor-in-bromsgrove-worcestershire,Human,1
https://sleepapneahallam.com/2016/02/10/quick-fixes-for-snoring,Human,1
https://slideplayer.com/slide/16002502,Human,0.9995
https://slideplayer.com/slide/8006282,Human,0.9985
https://slideplayer.com/slide/8079983,Human,0.999
https://slll.cass.anu.edu.au/centres/andc/meanings-origins/all,Human,0.9995
https://slothio.com/what-is-a-web-crawler,Human,0.9995
https://slowlivingkitchen.com/how-to-dry-habanero-peppers,AI,0.999
https://slpjesuis.substack.com/p/champs-classroom-management-a-comprehensive,AI,0.999
https://slugstore.ucsc.edu/texas-instruments-ti-84-plus,Human,0.999
https://smalljpg.org,AI,1
https://smartchurchmanagement.com/church-leadership-traits,Human,0.9995
https://snapshot.parabon-nanolabs.com/genealogy,Human,0.999
https://snohomishcountywa.gov/5414/interactive-map-scopi,Human,0.9995
https://snov.io,Human,0.9995
https://socialexploits.com/blog/facial-expressions-definition,Human,0.9995
https://socialsecurityreport.org/ask-rusty-am-i-entitled-to-more-social-security-from-my-ex-husbands,Human,0.9995
https://sodaliteminds.com/sun-symbolism,AI,1
https://softkeys.uk/blogs/blog/how-to-add-archive-folder-in-outlook,Human,0.9805
https://softkeys.uk/blogs/blog/how-to-archive-a-folder-in-outlook,Human,0.9839
https://softkeys.uk/blogs/blog/how-to-change-administrator-name-on-windows-10,Human,0.9678
https://softkeys.uk/blogs/blog/how-to-cite-in-a-powerpoint-mla,Human,0.9937
https://softkeys.uk/blogs/blog/how-to-password-protect-an-excel-file-in-sharepoint,Human,0.9927
https://softkeys.uk/blogs/blog/how-to-set-password-on-excel-file,Human,0.9604
https://softkeys.uk/blogs/blog/how-to-share-powerpoint-on-zoom-without-showing-notes,Human,0.9878
https://softkeys.uk/blogs/blog/how-to-split-full-name-in-excel,Human,0.9551
https://softkeys.uk/blogs/blog/how-to-view-notes-in-powerpoint-while-presenting-on-zoom,Human,0.9883
https://softwareg.com.au/blogs/windows/how-to-check-my-graphics-card-windows-11,Human,0.9888
https://softwareg.com.au/en-us/blogs/windows/how-to-remove-chat-from-windows-11-taskbar,Human,0.9946
https://sosweetpartyshop.com/collections/bridal-shower-wedding,Human,0.9995
https://source.colostate.edu/service-learning-trips-open-doors-to-understanding,Human,0.9961
https://southernhomeandhospitality.com/how-to-clean-slate-floors,Human,0.9995
https://southfloridalimoservices.com/blog/10-fun-facts-about-southern-florida-you-probably-didnt-know.aspx,Human,0.9995
https://spaceplace.nasa.gov/moon-phases,Human,0.9995
https://speeches.byu.edu/talks/brad-wilcox/his-grace-is-sufficient,Human,0.9971
https://speechnotes.co,Human,0.9888
https://spindleandspoonhomestead.com/2025/01/07/how-to-upcycle-old-clothes-fast-ready-to-refashion,Human,0.9995
https://sporeswaps.com/shop/actives-spores/cultures/psilocybe-ovoideocystidiata-research-lc-syringe,AI,0.6528
https://sporeswaps.com/shop/actives-spores/spores/psilocybe-ovoideocystidiata-spore-print-2,Human,0.6157
https://sporked.com/article/what-is-biscoff,Human,0.999
https://sports.yahoo.com/article/bill-cowher-cautions-steelers-pursuit-133000540.html,Human,0.998
https://sports.yahoo.com/article/mets-notebook-jesse-winker-takes-000500645.html,Human,0.999
https://sports.yahoo.com/article/rafael-devers-relishes-first-giants-181905195.html,Human,0.9995
https://sports.yahoo.com/bill-cowher-gives-top-5-142857301.html,Human,1
https://sports.yahoo.com/drew-brees-enters-saints-hall-230551649.html,Human,0.9976
https://sports.yahoo.com/nfl/players/5479,Human,0.9868
https://sportsdigest.in/how-to-redeem-fortnite-codes-easily-a-guide/126235,AI,0.8647
https://sportsspectrum.com/sport/football/2018/03/13/drew-brees-agrees-to-2-year-deal-to-remain-in-new-orleans,Human,1
https://squidgameexperienceuk.com,Human,0.9995
https://squoosh.app,AI,0.999
https://ss64.com/nt/ver.html,Human,0.9995
https://ssnet.org/blog/thursday-wife-for-abraham,Human,0.999
https://stackoverflow.com/a/12472342,Human,0.9995
https://starships.com/how-old-was-anakin-when-he-became-darth-vader,Human,1
https://starwars.fandom.com/wiki/anakin_skywalker,Human,0.9971
https://statecourtreport.org/our-work/analysis-opinion/constitutional-amendment-processes-50-states,Human,0.999
https://steam.supply,Human,1
https://steampowered.worthepenny.com/coupon,AI,0.9897
https://steel.gov.in,Human,0.981
https://step2.medbullets.com/psychiatry/120620/bipolar-disorder,Human,0.9927
https://sticker.ly,Human,1
https://stjohnslarchmont.org/new-to-st-johns/what-to-expect-at-a-sunday-service,Human,0.9951
https://store.steampowered.com/account/redeemwalletcode,Human,0.9814
https://store.steampowered.com/app/1846380/need_for_speed_unbound,Human,0.9858
https://store.steampowered.com/app/2336880/destiny_2_the_final_shape,Human,0.9785
https://store.steampowered.com/app/2513280/sonic_x_shadow_generations,Human,0.9746
https://store.steampowered.com/app/311210/call_of_duty_black_ops_iii,Human,0.9858
https://store.steampowered.com/app/353380/steam_link,Human,0.9746
https://store.steampowered.com/app/383980/rivals_of_aether,Human,0.9824
https://store.steampowered.com/app/883710/resident_evil_2,Human,0.9814
https://store.steampowered.com/hwsurvey/steam-hardware-software-survey-welcome-to-steam,Human,0.981
https://store.steampowered.com/remoteplay,Human,0.9961
https://store.steampowered.com/steamos,Human,0.9761
https://stores.carnegiemuseums.org/colorstrology-what-your-birthday-color-says-about-you,Human,0.9927
https://stories.uq.edu.au/how-magical-are-australia-s-native-magic-mushrooms/index.html,Human,1
https://strapi.io,Human,0.9995
https://streetfighter.fandom.com/wiki/cammy,Human,0.9697
https://stretch.com/blog/how-to-get-rid-of-neck-fat,AI,0.998
https://structureandfunction.net/what-patients-experience-during-dry-needling,AI,0.9766
https://studentportal.gu.se/en/service-and-support/academic-language-and-study-strategies/the-search-read-and-write-guide/giving-an-oral-presentation,Human,0.999
https://stupiddope.com/2025/06/best-weed-to-stock-up-on-for-the-4th-of-july-in-new-york,Human,0.9956
https://stupiddope.com/2025/06/light-up-the-4th-where-to-find-the-strongest-weed-in-new-york-for-the-holiday-weekend,Human,0.9932
https://stvincents.org/about-us/news-press/news-detail,Human,0.9971
https://sugarspunrun.com/funnel-cake-recipe,Human,0.9985
https://sugarspunrun.com/the-best-pizza-dough-recipe,Human,0.999
https://supabase.com/docs/guides/database/tables,Human,0.9976
https://supercell.com/en/privacy-policy,Human,1
https://support-en.wd.com/app/products/downloads/softwaredownloads,Human,0.5708
https://support-in.wd.com/app/answers/detailweb/a_id/51125/~/quick-steps-to-format-external-drives-on-windows-and-macos,Human,0.999
https://support.apple.com/en-au/guide/keynote/tana4da2681/mac,Human,0.9946
https://support.apple.com/en-bn/guide/ipod-touch/iph37b0bfe7b/ios,Human,0.9868
https://support.apple.com/en-ca/guide/icloud/mm7e90c1ba48/icloud,Human,0.9819
https://support.apple.com/en-ca/guide/preview/prvw1509/mac,Human,0.9688
https://support.apple.com/en-gb/102673,Human,0.9995
https://support.apple.com/en-gb/guide/iphone/iph489b9313f/ios,Human,0.9995
https://support.apple.com/en-in/108647,Human,0.9971
https://support.apple.com/en-in/111106,Human,0.9932
https://support.apple.com/en-in/guide/iphone/iph37b0bfe7b/ios,Human,0.999
https://support.apple.com/en-my/guide/iphone/iphdf551cfa2/ios,Human,0.9995
https://support.apple.com/en-om/guide/mac-help/mchlp2528/mac,Human,0.9932
https://support.apple.com/en-sa/102547,Human,0.999
https://support.apple.com/en-us/100100,Human,0.999
https://support.apple.com/en-us/102622,Human,0.999
https://support.apple.com/en-us/102630,Human,0.999
https://support.apple.com/en-us/102633,Human,0.999
https://support.apple.com/en-us/102647,Human,0.9951
https://support.apple.com/en-us/102655,Human,0.9995
https://support.apple.com/en-us/105023,Human,0.999
https://support.apple.com/en-us/108306,Human,0.9995
https://support.apple.com/en-us/108647,Human,0.9951
https://support.apple.com/en-us/108782,Human,0.999
https://support.apple.com/en-us/109509,Human,0.9971
https://support.apple.com/en-us/111106,Human,0.9922
https://support.apple.com/en-us/111115,Human,0.9985
https://support.apple.com/en-us/118447,Human,0.9966
https://support.apple.com/guide/icloud/delete-shared-files-or-folders-mm532b789536/icloud,Human,0.9785
https://support.apple.com/guide/icloud/set-up-icloud-on-your-devices-mmfc0f1e2a/icloud,Human,0.978
https://support.apple.com/guide/icloud/view-your-photos-and-videos-mm73262d11fe/icloud,Human,0.9707
https://support.apple.com/guide/ipad/hear-whats-on-the-screen-or-typed-ipad9a247097/ipados,Human,0.9937
https://support.apple.com/guide/iphone/annotate-and-save-a-webpage-as-a-pdf-iphfd5b616b5/ios,Human,0.999
https://support.apple.com/guide/iphone/block-or-avoid-unwanted-calls-iphe4b3f7823/ios,Human,0.999
https://support.apple.com/guide/iphone/hear-whats-on-the-screen-or-typed-iph96b214f0/ios,Human,0.999
https://support.apple.com/guide/iphone/send-stickers-iph37b0bfe7b/ios,Human,0.999
https://support.apple.com/guide/itunes/transfer-files-itns32636/windows,Human,0.9878
https://support.apple.com/guide/pages-iphone/export-to-word-pdf-or-another-file-format-tance1161f26/ios,Human,0.9854
https://support.apple.com/guide/preview/compress-a-pdf-prvw1509/mac,Human,0.9697
https://support.apple.com/guide/preview/crop-resize-or-rotate-an-image-prvw2015/mac,Human,0.9976
https://support.apple.com/guide/remote-desktop/set-access-privileges-apdfab787da/mac,Human,0.9897
https://support.apple.com/lt-lt/guide/preview/prvw1509/mac,Human,0.9751
https://support.avast.com/en-us/article/disable-other-antivirus,Human,0.9878
https://support.avast.com/en-ww/article/disable-other-antivirus,Human,0.9912
https://support.avg.com/supportarticleview,Human,0.998
https://support.broadcom.com/web/ecx,Human,0.6772
https://support.discord.com/hc/en-us/community/posts/360036085291-allow-users-to-find-messages-from-members-who-left-the-server,Human,1
https://support.discord.com/hc/en-us/community/posts/360043705711-search-user-by-tag-number,Human,0.9995
https://support.discord.com/hc/en-us/community/posts/7192660528535-search-users,Human,0.999
https://support.discord.com/hc/en-us/sections/360007875211-server-boosting,Human,0.9541
https://support.e-lecta.com/knowledgebase/article/50107,Human,1
https://support.garmin.com/en-us,Human,0.9834
https://support.google.com/a/answer/178186,Human,0.999
https://support.google.com/a/answer/9820788,Human,1
https://support.google.com/a/users/answer/10993081,Human,0.999
https://support.google.com/a/users/answer/9539382,Human,0.9995
https://support.google.com/accessibility/android/answer/6006983,Human,0.998
https://support.google.com/accessibility/android/answer/7349565,Human,0.9941
https://support.google.com/accounts/answer/9924802,Human,0.998
https://support.google.com/analytics/answer/1009409,Human,0.9941
https://support.google.com/android/answer/7664448,Human,0.9995
https://support.google.com/android/answer/9064445,Human,0.9897
https://support.google.com/android/thread/170518827/how-can-i-sync-my-amazon-fire-7-tablet-to-my-devices-in-my-google-account,Human,0.999
https://support.google.com/android/thread/228214166/how-do-i-check-if-my-phone-has-a-virus,Human,0.9912
https://support.google.com/androidtv/thread/258616508/not-playing-mkv-files-or-any-other-types,Human,0.9893
https://support.google.com/appsheet/answer/12726090,Human,0.9995
https://support.google.com/business/thread/353267907/my-profile-was-not-verified-but-suspended-and-my-appeal-was-denied,Human,0.9937
https://support.google.com/chrome/thread/295263377/i-lost-all-my-tabs-i-had-by-doing-restarts-and-etc-and-they-are-no-longer-in-my-history-to-show-me,Human,0.998
https://support.google.com/chrome/thread/296728552/google-keeps-crashing-on-my-phone,Human,0.9912
https://support.google.com/chromebook/thread/173733632/how-can-i-make-a-jpg-file-smaller,Human,0.9971
https://support.google.com/chromebook/thread/75253357/logitech-k860-how-do-you-draw-a-square-for-a-screen-cap-print-screen-only-does-full-screen,Human,0.9966
https://support.google.com/docs/answer/10090962,Human,0.999
https://support.google.com/docs/answer/1696711,Human,0.9995
https://support.google.com/docs/thread/101979952/data-from-multiple-columns-into-one-column,Human,0.9941
https://support.google.com/docs/thread/20285422/how-do-i-insert-page-wide-horizontal-line-below-text-without-there-being-a-blank-line-between-them,Human,0.999
https://support.google.com/docs/thread/221106147/how-to-remove-myself-from-a-file-that-someone-shared-with-me,Human,0.9946
https://support.google.com/edu/classroom/thread/40070737/student-s-quiz-assignment-shown-as-turned-in-but-it-shows-no-recorded-response-in-the-google-form,Human,0.999
https://support.google.com/files/answer/15679548,Human,0.9971
https://support.google.com/files/community-video/336519253/how-to-compress-any-files-into-zip,Human,0.9902
https://support.google.com/files/thread/132647594/unable-to-play-mkv-files,Human,0.9766
https://support.google.com/gemini/thread/353071869/gemini-issue-during-conversion-of-scanned-pdf-page-to-the-text-which-can-be-copied-to-ms-word-file,Human,0.9985
https://support.google.com/gemini/thread/353127661/extracting-data-from-gmail-to-google-sheets,Human,0.9902
https://support.google.com/googleplay/android-developer/thread/353289515/my-app-is-in-review-but-no-support,Human,0.9829
https://support.google.com/mail/answer/6596,Human,0.9966
https://support.google.com/messages/thread/184723941/how-do-i-add-stickers-to-messages,Human,0.9956
https://support.google.com/phoneapp/answer/3459196,Human,0.9995
https://support.google.com/photos/answer/10502587,Human,0.999
https://support.google.com/photos/thread/199970549/how-do-i-delete-all-my-photos-on-google-photos-without-deleting-from-iphone,Human,0.9995
https://support.google.com/pixelcamera/answer/14274129,Human,0.998
https://support.google.com/pixelphone/answer/7106961,Human,0.9966
https://support.google.com/webmasters/thread/243135049/do-follow-vs-no-follow-best-practice,Human,0.9897
https://support.intermedia.com/app/articles/detail/a_id/24904/~/how-does-outlook-archiving-work-in-outlook-for-windows%3f,Human,0.9995
https://support.khanacademy.org/hc/en-us/community/posts/219679108-text-to-speech-option,Human,1
https://support.microsoft.com/en-au/office/add-a-shared-mailbox-to-outlook-mobile-f866242c-81b2-472e-8776-6c49c5473c9f,Human,0.9985
https://support.microsoft.com/en-au/office/combine-text-from-two-or-more-cells-into-one-cell-81ba0946-ce78-42ed-b3c3-21340eb164a6,Human,0.9927
https://support.microsoft.com/en-au/office/video-create-a-chart-4d95c6a5-42d2-4cfc-aede-0ebf01d409a8,Human,0.9883
https://support.microsoft.com/en-au/windows/find-information-about-your-windows-device-a66d52c8-3323-44fd-8f34-a9497bb935e1,Human,0.9995
https://support.microsoft.com/en-gb/office/add-or-change-sources-citations-and-bibliographies-159264ec-0a8a-4e9e-acf7-21faa9c371c2,Human,0.9932
https://support.microsoft.com/en-us/account-billing/how-to-change-your-user-account-name-358fadfe-1bf5-cb0a-95a4-9adf9f8a6358,Human,0.9946
https://support.microsoft.com/en-us/account-billing/register-the-password-reset-verification-method-for-a-work-or-school-account-47a55d4a-05b0-4f67-9a63-f39a43dbe20a,Human,0.999
https://support.microsoft.com/en-us/microsoft-edge/internet-explorer-mode-in-microsoft-edge-6604162f-e38a-48b2-acd2-682dbac6f0de,Human,0.9995
https://support.microsoft.com/en-us/microsoft-edge/turn-on-adobe-flash-in-microsoft-edge-565dd3e2-50e7-201f-5b6d-ce602f74f7df,Human,0.9995
https://support.microsoft.com/en-us/office/add-a-border-to-some-text-in-word-dc90dbd4-11ec-4859-91b7-a41a38e73cd3,Human,0.9976
https://support.microsoft.com/en-us/office/add-a-cell-row-or-column-to-a-table-in-word-b030ef77-f219-4998-868b-ba85534867f1,Human,0.9961
https://support.microsoft.com/en-us/office/add-an-email-account-to-outlook-for-windows-6e27792a-9267-4aa4-8bb6-c84ef146101b,Human,0.9731
https://support.microsoft.com/en-us/office/add-or-delete-table-rows-and-columns-d7c33b25-2ffe-469c-aea9-c03b3b50cc80,Human,0.9907
https://support.microsoft.com/en-us/office/add-speaker-notes-to-your-slides-26985155-35f5-45ba-812b-e1bd3c48928e,Human,0.9878
https://support.microsoft.com/en-us/office/allow-messages-to-be-sent-on-your-behalf-when-sharing-a-folder-or-mailbox-afb79d6b-2967-43b9-a944-a6b953190af5,Human,0.9971
https://support.microsoft.com/en-us/office/archive-in-outlook-for-windows-25f75777-3cdc-4c77-9783-5929c7b47028,Human,0.9663
https://support.microsoft.com/en-us/office/archive-items-manually-ecf54f37-14d7-4ee3-a830-46a5c33274f6,Human,0.9995
https://support.microsoft.com/en-us/office/archive-messages-in-outlook-for-mac-10a5f3f2-1c50-4477-af19-034f09289655,Human,0.998
https://support.microsoft.com/en-us/office/archive-older-items-automatically-25f44f07-9b80-4107-841c-41dc38296667,Human,0.999
https://support.microsoft.com/en-us/office/autoarchive-settings-explained-444bd6aa-06d0-4d8f-9d84-903163439114,Human,0.999
https://support.microsoft.com/en-us/office/available-chart-types-in-office-a6187218-807e-4103-9e0a-27cdb19afb90,Human,0.998
https://support.microsoft.com/en-us/office/back-up-your-folders-with-onedrive-d61a7930-a6fb-4b95-b28a-6552e77c3057,Human,0.9995
https://support.microsoft.com/en-us/office/change-or-remove-workbook-passwords-1c17af87-25e2-4dc6-94f0-19ce21ad0b68,Human,0.9922
https://support.microsoft.com/en-us/office/change-the-color-style-or-weight-of-a-line-f96364db-4e03-4d0d-9243-e19084e49253,Human,0.9409
https://support.microsoft.com/en-us/office/change-the-column-width-and-row-height-72f5e3cc-994d-43e8-ae58-9774a0905f46,Human,0.9995
https://support.microsoft.com/en-us/office/collaborate-in-onedrive-d8a2a19a-e306-4ca5-9b00-19b0e96890d6,Human,0.9946
https://support.microsoft.com/en-us/office/combine-first-and-last-names-6a2c1222-837d-482e-94f0-a38a4effb1b5,Human,0.9731
https://support.microsoft.com/en-us/office/combine-text-and-numbers-a32c8e0e-90a2-435b-8635-5dd2209044ad,Human,0.9951
https://support.microsoft.com/en-us/office/combine-text-from-two-or-more-cells-into-one-cell-81ba0946-ce78-42ed-b3c3-21340eb164a6,Human,0.9922
https://support.microsoft.com/en-us/office/compress-a-picture-4598c336-688b-4ade-a582-ef966a978ffd,Human,0.998
https://support.microsoft.com/en-us/office/concatenate-function-8f8ae884-2ca8-4f7a-b093-75d702bea31d,Human,0.9951
https://support.microsoft.com/en-us/office/consolidate-data-in-multiple-worksheets-007ce8f4-2fae-4fea-9ee5-a0b2c9e36d9b,Human,0.9995
https://support.microsoft.com/en-us/office/copy-transfer-or-import-files-to-your-personal-onedrive-7dbda93c-71e6-483f-8914-ad445554cd31,Human,1
https://support.microsoft.com/en-us/office/create-a-bibliography-citations-and-references-17686589-4824-4940-9c69-342c289fa2a5,Human,0.9971
https://support.microsoft.com/en-us/office/create-a-chart-from-start-to-finish-0baf399e-dd61-4e18-8a73-b3fd5d5680c2,Human,0.9878
https://support.microsoft.com/en-us/office/create-a-pivotchart-c1b1e057-6990-4c38-b52b-8255538e7b1c,Human,0.9844
https://support.microsoft.com/en-us/office/create-a-pivottable-to-analyze-worksheet-data-a9a84538-bfe9-40a9-a8e9-f99134456576,Human,0.9644
https://support.microsoft.com/en-us/office/delete-files-or-folders-in-onedrive-21fe345a-e488-4fa7-932b-f053c1bebe8a,Human,0.9961
https://support.microsoft.com/en-us/office/detect-formula-errors-in-excel-3a8acca5-1d61-4702-80e0-99a36a2822c1,Human,0.9966
https://support.microsoft.com/en-us/office/download-files-and-folders-from-onedrive-or-sharepoint-5c7397b7-19c7-4893-84fe-d02e8fa5df05,Human,0.9995
https://support.microsoft.com/en-us/office/download-files-from-onedrive-to-your-device-c81487ff-47e4-480e-98f8-7912f78b5246,Human,0.9961
https://support.microsoft.com/en-us/office/draw-a-line-in-word-or-outlook-d74bd9de-ff43-4942-a75b-1843803d2293,Human,0.9976
https://support.microsoft.com/en-us/office/draw-or-delete-a-line-or-connector-f304ef73-9514-450b-9bb9-28c6057020f2,Human,0.999
https://support.microsoft.com/en-us/office/edit-a-pdf-b2d1d729-6b79-499a-bcdb-233379c2f63a,Human,0.9805
https://support.microsoft.com/en-us/office/edit-or-make-changes-to-a-pdf-file-5a316914-6901-470a-9dcd-fe87a51ceed4,Human,0.9995
https://support.microsoft.com/en-us/office/excel-not-responding-hangs-freezes-or-stops-working-37e7d3c9-9e84-40bf-a805-4ca6853a1ff4,Human,0.9995
https://support.microsoft.com/en-us/office/external-or-guest-sharing-in-onedrive-sharepoint-and-lists-7aa070b8-d094-4921-9dd9-86392f2a79e7,Human,0.957
https://support.microsoft.com/en-us/office/files-save-to-onedrive-by-default-in-windows-33da0077-770c-4bda-b61e-8c8e8ca70ac7,Human,0.9995
https://support.microsoft.com/en-us/office/hide-error-values-and-error-indicators-761401bc-25de-4673-862a-b6f33a7f563f,Human,0.9985
https://support.microsoft.com/en-us/office/hide-error-values-and-error-indicators-in-cells-d171b96e-8fb4-4863-a1ba-b64557474439,Human,0.9966
https://support.microsoft.com/en-us/office/how-do-i-add-a-shared-mailbox-to-my-mobile-device-ffc243cd-7125-42b3-a638-fc554b5bbb16,Human,0.9937
https://support.microsoft.com/en-us/office/how-do-i-archive-an-email-1c14704f-090e-4ddf-86ed-3d9839c7b0da,Human,0.9995
https://support.microsoft.com/en-us/office/how-do-i-set-up-an-icloud-com-email-address-fdaf09a5-eee6-4c68-a19f-5e5b8230319f,Human,0.9995
https://support.microsoft.com/en-us/office/how-do-i-turn-on-autosave-dbd19b49-ff3a-48f5-8294-671e33a6712c,Human,0.9995
https://support.microsoft.com/en-us/office/how-to-correct-a-error-bf801d0a-2a6e-44bd-a70e-0f780ae8f11e,Human,0.999
https://support.microsoft.com/en-us/office/how-to-correct-a-num-error-f5193bfc-4400-43f4-88c4-8e1dcca0428b,Human,0.9956
https://support.microsoft.com/en-us/office/how-to-correct-a-value-error-15e1b616-fbf2-4147-9c0b-0a11a20e409e,Human,0.563
https://support.microsoft.com/en-us/office/insert-a-horizontal-line-9bf172f6-5908-4791-9bb9-2c952197b1a9,Human,0.9995
https://support.microsoft.com/en-us/office/insert-a-line-between-columns-on-a-page-c818ee1f-92c3-43b6-aecd-1227964530d5,Human,0.998
https://support.microsoft.com/en-us/office/insert-or-delete-rows-and-columns-6f40e6e4-85af-45e0-b39d-65dd504a3246,Human,0.9873
https://support.microsoft.com/en-us/office/manage-email-storage-with-in-place-online-archive-mailboxes-1cae7d17-7813-4fe8-8ca2-9a5494e9a721,Human,0.9995
https://support.microsoft.com/en-us/office/manually-upload-files-or-photos-with-onedrive-for-android-3ced081c-8ea8-40ab-b744-052dffe48590,Human,0.9995
https://support.microsoft.com/en-us/office/merge-and-unmerge-cells-5cbd15d5-9375-4540-907f-c673a93fcedf,Human,0.9888
https://support.microsoft.com/en-us/office/merge-columns-power-query-80ec9e1e-1eb6-4048-b500-d5d42d9f0a8d,Human,0.9995
https://support.microsoft.com/en-us/office/merge-queries-and-join-tables-cbd17828-7a50-4dc6-9aac-20af4ef6d8a6,Human,1
https://support.microsoft.com/en-us/office/move-files-to-a-new-windows-pc-using-onedrive-430274dd-e414-4745-991a-a544b5174765,Human,0.9995
https://support.microsoft.com/en-us/office/move-or-copy-cells-rows-and-columns-3ebbcafd-8566-42d8-8023-a2ec62746cfc,Human,0.999
https://support.microsoft.com/en-us/office/open-a-shared-mail-calendar-or-people-folder-in-outlook-for-mac-6ecc39c5-5577-4a1d-b18c-bbdc92972cb2,Human,0.9995
https://support.microsoft.com/en-us/office/open-and-use-a-shared-mailbox-in-outlook-d94a8e9e-21f1-4240-808b-de9c9c088afd,Human,0.9692
https://support.microsoft.com/en-us/office/organize-your-inbox-with-archive-sweep-and-other-tools-in-outlook-on-the-web-49b26f63-6399-4b4a-a580-14b9b1efe96d,Human,0.9985
https://support.microsoft.com/en-us/office/present-your-data-in-a-scatter-chart-or-a-line-chart-4570a80f-599a-4d6b-a155-104a9018b86e,Human,0.9937
https://support.microsoft.com/en-us/office/protect-a-workbook-7e365a4d-3e89-4616-84ca-1931257c1517,Human,0.9961
https://support.microsoft.com/en-us/office/protect-a-worksheet-3179efdb-1285-4d49-a9c3-f4ca36276de6,Human,0.9976
https://support.microsoft.com/en-us/office/protection-and-security-in-excel-be0b34db-8cb6-44dd-a673-0b3e3475ac2d,Human,0.9961
https://support.microsoft.com/en-us/office/record-a-meeting-in-microsoft-teams-34dfbe7f-b07d-4a27-b4c6-de62f1348c24,Human,0.9961
https://support.microsoft.com/en-us/office/reduce-the-file-size-of-a-picture-in-microsoft-office-8db7211c-d958-457c-babd-194109eb9535,Human,0.979
https://support.microsoft.com/en-us/office/remove-a-line-in-word-61caefd1-170f-4cda-9c4b-25a95f81eb61,Human,0.9995
https://support.microsoft.com/en-us/office/remove-or-keep-rows-with-errors-power-query-67046a11-e9f1-4911-a3b1-e9d9fb9e8831,Human,0.9995
https://support.microsoft.com/en-us/office/require-a-password-to-open-or-modify-a-workbook-10579f0e-b2d9-4c05-b9f8-4109a6bce643,Human,0.9956
https://support.microsoft.com/en-us/office/reset-onedrive-34701e00-bf7b-42db-b960-84905399050c,Human,0.998
https://support.microsoft.com/en-us/office/resize-a-table-by-adding-or-removing-rows-and-columns-in-excel-e65ae4bb-e44b-43f4-ad8b-7d68784f1165,Human,0.9995
https://support.microsoft.com/en-us/office/save-a-document-b7f55d8c-d714-4892-8fde-853a82419027,Human,0.9727
https://support.microsoft.com/en-us/office/save-back-up-and-recover-a-file-in-microsoft-office-a7f0a209-ad22-4212-bb53-6cd8e801a6fb,Human,0.9995
https://support.microsoft.com/en-us/office/save-disk-space-with-onedrive-files-on-demand-for-windows-0e6860d3-d9f3-4971-b321-7092438fb38e,Human,0.9985
https://support.microsoft.com/en-us/office/save-documents-online-8ba1f596-6bc9-4e35-99d4-e27a40037789,Human,0.9985
https://support.microsoft.com/en-us/office/save-in-powerpoint-7ef0d0f2-dc24-45d3-808b-be9747ee69f6,Human,0.9907
https://support.microsoft.com/en-us/office/save-your-document-to-onedrive-in-word-d7c23ed3-a80a-4ff4-ade5-91211a7614f3,Human,0.9966
https://support.microsoft.com/en-us/office/save-your-files-cf7536a3-6842-4056-b9cc-443a7f44b104,Human,0.9966
https://support.microsoft.com/en-us/office/save-your-workbook-to-onedrive-in-excel-0cf0055d-49f8-464e-9dfa-8f582b32453b,Human,0.9902
https://support.microsoft.com/en-us/office/see-files-shared-with-you-in-onedrive-2c14e8e6-4e52-4c61-9778-7155d33534a1,Human,0.9995
https://support.microsoft.com/en-us/office/select-cell-contents-in-excel-23f64223-2b6b-453a-8688-248355f10fa9,Human,0.9878
https://support.microsoft.com/en-us/office/share-and-access-another-person-s-mailbox-or-folder-in-outlook-a909ad30-e413-40b5-a487-0ea70b763081,Human,0.9282
https://support.microsoft.com/en-us/office/share-onedrive-files-and-folders-9fcc2f7d-de0c-4cec-93b0-a82024800c07,Human,0.9995
https://support.microsoft.com/en-us/office/split-text-into-different-columns-with-the-convert-text-to-columns-wizard-30b14928-5550-41f5-97ca-7a3e9c363ed7,Human,0.9995
https://support.microsoft.com/en-us/office/start-the-presentation-and-see-your-notes-in-presenter-view-4de90e28-487e-435c-9401-eb49a3801257,Human,0.9951
https://support.microsoft.com/en-us/office/stop-sharing-onedrive-or-sharepoint-files-or-folders-or-change-permissions-0a36470f-d7fe-40a0-bd74-0ac6c1e13323,Human,0.999
https://support.microsoft.com/en-us/office/sv-percent-fields-48f18cd0-b163-49b3-b7ab-6c328e265a71,Human,0.9961
https://support.microsoft.com/en-us/office/transpose-rotate-data-from-rows-to-columns-or-vice-versa-3419f2e3-beab-4318-aae5-d0f862209744,Human,0.999
https://support.microsoft.com/en-us/office/uninstall-office-for-mac-eefa1199-5b58-43af-8a3d-b73dc1a8cae3,Human,0.9404
https://support.microsoft.com/en-us/office/upload-and-save-files-and-folders-to-onedrive-a5710114-6aeb-4bf5-a336-dffa7cc0b77a,Human,0.9985
https://support.microsoft.com/en-us/office/upload-photos-and-files-to-onedrive-b00ad3fe-6643-4b16-9212-de00ef02b586,Human,0.998
https://support.microsoft.com/en-us/office/use-presenter-view-in-powerpoint-fe7638e4-76fb-4349-8d81-5eb6679f49d7,Human,0.999
https://support.microsoft.com/en-us/office/use-the-speak-text-to-speech-feature-to-read-text-aloud-459e7704-a76d-4fe2-ab48-189d6b83333c,Human,0.9995
https://support.microsoft.com/en-us/office/video-save-files-online-146dd625-a740-4a53-96e4-a02c21d9de3e,Human,0.9907
https://support.microsoft.com/en-us/office/video-upload-files-and-folders-to-onedrive-for-work-or-school-45114744-6d42-45cd-8975-f9617819bdeb,Human,0.9951
https://support.microsoft.com/en-us/office/working-with-a-matrix-in-power-view-5dfdfec3-1906-401c-8ef7-54f19c18989b,Human,0.999
https://support.microsoft.com/en-us/topic/archive-folder-is-automatically-added-to-your-office-365-mailbox-b8801bbf-f622-b595-ae0a-fe614d7c6ef9,Human,0.9995
https://support.microsoft.com/en-us/topic/wd2000-how-to-create-ruling-lines-or-blank-lines-in-word-36a348e1-1aac-ab8d-1531-52e60c3bbaa3,Human,0.9976
https://support.microsoft.com/en-us/topic/windows-10-update-history-8127c2c6-6edf-4fdf-8b9f-0f7be1ef3562,Human,0.9717
https://support.microsoft.com/en-us/windows/change-or-reset-your-password-in-windows-8271d17c-9f9e-443f-835a-8318c8f68b9c,Human,0.9849
https://support.microsoft.com/en-us/windows/configure-windows-hello-dae28983-8242-bb2a-d3d1-87c9d265a5f0,Human,0.9438
https://support.microsoft.com/en-us/windows/customize-the-taskbar-in-windows-0657a50f-0cc7-dbfd-ae6b-05020b195b07,AI,1
https://support.microsoft.com/en-us/windows/find-information-about-your-windows-device-a66d52c8-3323-44fd-8f34-a9497bb935e1,Human,0.9995
https://support.microsoft.com/en-us/windows/keyboard-shortcut-for-print-screen-601210c0-b3a9-7b58-bc40-bae4dcf5f108,Human,0.9985
https://support.microsoft.com/en-us/windows/sign-in-options-in-windows-8ae09c04-c5da-41c9-972f-b126a13d18a8,Human,0.9668
https://support.microsoft.com/en-us/windows/tips-to-improve-pc-performance-in-windows-b3b3ef5b-5953-fb6a-2528-4bbed82fba96,Human,0.9834
https://support.microsoft.com/en-us/windows/virus-and-threat-protection-in-the-windows-security-app-1362f4cd-d71a-b52a-0b66-c2820032b65e,Human,0.9819
https://support.microsoft.com/en-us/windows/windows-11-and-secure-boot-a8ff1202-c0d9-42f5-940f-843abef64fad,Human,0.9971
https://support.mozilla.org/en-us/kb/end-support-adobe-flash,Human,0.998
https://support.mozilla.org/en-us/kb/how-do-i-restore-my-tabs-last-time,Human,0.9946
https://support.mozilla.org/en-us/kb/how-set-tab-pickup-firefox-view,Human,0.9917
https://support.mozilla.org/en-us/questions/1309845,Human,0.998
https://support.my.uq.edu.au/app/answers/detail/a_id/3326/~/how-do-i-save-my-onedrive-files%3f,Human,0.9995
https://support.norton.com/sp/en/us/home/current/solutions/v116457581,Human,0.9985
https://support.novabackup.com/hc/en-us/articles/360006722134-how-to-temporarily-disable-your-anti-virus-anti-malware-and-firewall-programs-to-install-novabackup,Human,1
https://support.office.com/en-us/article/add-a-shared-mailbox-to-outlook-on-the-web-98b5a90d-4e38-415d-a030-f09a4cd28207,Human,0.9692
https://support.office.com/en-us/article/archive-items-manually-ecf54f37-14d7-4ee3-a830-46a5c33274f6,Human,0.9995
https://support.office.com/en-us/article/create-a-chart-from-start-to-finish-0baf399e-dd61-4e18-8a73-b3fd5d5680c2,Human,0.9878
https://support.office.com/en-us/article/insert-a-line-9bf172f6-5908-4791-9bb9-2c952197b1a9,Human,0.9995
https://support.office.com/en-us/article/upload-and-save-files-and-folders-to-onedrive-a5710114-6aeb-4bf5-a336-dffa7cc0b77a,Human,0.9985
https://support.office.com/en-us/article/using-the-speak-text-to-speech-feature-459e7704-a76d-4fe2-ab48-189d6b83333c,Human,0.999
https://support.orcid.org/hc/en-us/articles/360006973133-add-works-to-your-orcid-record,Human,0.9995
https://support.photofy.com/hc/en-us/articles/37099905091348-how-to-use-imessage-stickers-on-ios,Human,0.9932
https://support.playhive.com/discord-user-id,Human,0.9893
https://support.ptc.com/help/arbortext/r8.3.0.0/en/editor/editor_help/help7856_3.html,Human,0.9961
https://support.ricssoftware.com/hc/en-us/articles/360004062052-which-windows-operating-system-am-i-running,Human,0.998
https://support.someone.health/what-is-a-medicare-reference-number,Human,0.999
https://support.sou.edu/kb/articles/how-to-check-your-version-of-windows-10,Human,0.999
https://support.sou.edu/kb/articles/how-to-enable-flash-in-your-web-browser,Human,0.9985
https://support.spotify.com/us/article/jam,Human,0.9995
https://support.spotify.com/us/article/spotify-wrapped,Human,0.9985
https://support.starwars.com/hc/en-us/articles/360001388883-how-do-i-add-stickers-to-my-imessages,Human,0.999
https://support.suretyhome.com/t/adobe-flash-web-browsers/9329,Human,1
https://support.taxslayerpro.com/hc/en-us/articles/360009165254-temporarily-disabling-a-firewall-or-antivirus-software,Human,0.999
https://support.techsmith.com/hc/en-us/articles/115001763452-check-the-windows-10-build,Human,0.9932
https://support.thepocketlab.com/knowledge/measuring-dew-point-and-heat-index,Human,0.9976
https://support.ti.davidson.edu/hc/en-us/articles/115011953907-add-a-shared-mailbox-to-microsoft-outlook,Human,0.9932
https://support.tsplus.net/support/solutions/articles/44002010656-how-to-disable-remote-desktop-access-for-administrators,Human,1
https://support.uplisting.io/docs/airbnb-host-service-fee,Human,0.9995
https://support.voicemod.net/hc/en-us/articles/360013422219-can-t-connect-with-discord,Human,0.9995
https://support.zandahealth.com/zipping-and-splitting-large-files,AI,0.9751
https://supportmidlands.co.uk/2020/09/02/onedrive-for-business-removing-shares-and-disconnecting-from-shared-folders,Human,0.999
https://supreme.justia.com/cases/federal/us/606/23-1002,Human,0.9922
https://suretynow.com/post/how-to-become-a-notary-public-in-texas-step-by-step-guide,AI,1
https://surgeonadamharris.com/understanding-the-position-that-relieves-gallbladder-pain,AI,1
https://susansklarmd.com/diagnosing-understanding-burning-mouth-syndrome,Human,0.998
https://suspensionsecrets.co.uk/adjust-tune-toe,Human,0.998
https://suspensionsecrets.co.uk/toe,Human,0.9985
https://sustainablefashion.ie/sustainable-fashion-tips/how-to-upcycle-your-old-clothes,AI,1
https://sustainablepulse.com/2017/10/13/six-middle-eastern-countries-ban-glyphosate-herbicides-over-probable-carcinogen-fears,Human,0.9985
https://sustainablepulse.com/2019/05/28/glyphosate-herbicides-now-banned-or-restricted-in-17-countries-worldwide-sustainable-pulse-research,Human,0.9985
https://sustainablereview.com/11-easy-diy-tricks-to-transform-your-wardrobe-with-upcycled-fashion,AI,1
https://sustainhealth.fit/lifestyle/how-f1-drivers-travel-between-countries,Human,0.9995
https://svenstudios.com/2023/05/natural-light-vs-studio-light,AI,0.8911
https://svpow.com/2011/05/23/the-worlds-longest-cells-speculations-on-the-nervous-systems-of-sauropods,Human,1
https://swallowing-assessment-form.pdffiller.com,Human,0.9961
https://swallowingdisorderfoundation.com/swallowing-assessment-techniques,Human,0.9995
https://swallownocamels.com/2024/04/05/april-2-4-27-a-d-from-cana-to-capernaum-step-by-step-with-jesus-3,Human,0.9976
https://swayfeatures.com/2023/10/13/what-is-californias-dtsc,AI,0.9995
https://sweetasbookcafe.com/top-6-most-careless-zodiac-signs,AI,1
https://sweetcsdesigns.com/10-minute-perfect-broiled-lobster-tails-recipe,Human,0.9985
https://sweetpotatosoul.com/air-fryer-green-beans,Human,1
https://sweetwaterinn.com/blog/facts-about-the-university-of-florida,Human,0.998
https://swimply.com,Human,0.9995
https://swoodsonsays.com/the-easy-way-how-to-upcycle-clothes-that-are-too-small,Human,1
https://swoopfunding.com/uk/business-loan-calculator/business-valuation-calculator,Human,0.9966
https://swoopfunding.com/za/business-loan-calculator/business-valuation-calculator,AI,0.9985
https://swordsmanfinancial.com/guaranteed-minimum-withdrawal-benefit,Human,0.999
https://swspackaging.com/2023/02/the-evolution-of-tape-a-history-and-overview-of-tape-in-the-packaging-industry,Human,0.9995
https://symbolismandmetaphor.com/sun-symbolism-meanings,Human,0.9995
https://symbolismguide.com/sun-symbolism-meanings,AI,1
https://symbolsandmeanings.net/sun-symbolism-through-history,Human,0.999
https://symfony.com/doc/current/security.html,Human,0.9878
https://symfony.com/doc/current/serializer.html,Human,0.9976
https://syn-192-081-218-146.res.spectrum.com/mundo/17018196,Human,0.9995
https://syn-192-081-218-146.res.spectrum.com/mundo/2375792,Human,0.9995
https://synapse.patsnap.com/article/what-drugs-are-in-development-for-multiple-sclerosis,Human,0.998
https://synapse.patsnap.com/article/what-is-diclofenac-diethylamine-used-for,AI,1
https://syncedwithdara.com/how-to-continue-your-tabs-where-you-left-off-using-google-chrome,Human,1
https://syndicationpro.com/blog/real-estate-noi-how-to-calculate-formula,Human,0.9995
https://synergybb.com/blog/business-valuation-factors,Human,0.8965
https://synergyptaw.com/dry-needling-101-what-you-should-know,Human,0.9995
https://synergywellnesscenter.com/blog/how-to-get-rid-of-a-double-chin,Human,0.9746
https://syntaxfl.com/eb3-visa,AI,0.9634
https://sys32hub.com/how-to-save-files-to-onedrive,AI,0.8623
https://system76.com/laptops,Human,0.9941
https://systembooster.minitool.com/boost-pc/valorant-stuttering.html,Human,1
https://t-nation.com/t/when-did-you-stop-growing-in-height/173711,Human,0.9995
https://tablematters.com/miso-fridge,Human,0.9995
https://tableplus.com/blog/2018/09/how-to-add-column-in-sql-server.html,Human,1
https://tabletalkmagazine.com/article/2019/12/is-the-trinity-biblical,Human,0.9995
https://tabular.email/blog/best-reply-for-thank-you-emails,AI,0.9971
https://tacopalenque.com,Human,0.9927
https://tactiq.io/learn/screen-record-zoom-meeting,Human,0.9976
https://tailoredathlete.com/pages/suit-jackets-sizing,Human,0.998
https://tailwindcss.com/docs/border-style,Human,0.9893
https://tailwindcss.com/docs/styling-with-utility-classes,Human,0.98
https://tailwindcss.com/docs/text-decoration-line,Human,0.9854
https://takecontrol.substack.com/p/how-organic-is-your-organic-milk,Human,0.999
https://takemeback.to/01-january-1902,AI,1
https://takemeback.to/year/1902,Human,1
https://takeout.google.com,Human,0.998
https://takeout.google.com/takeout/transfer/custom/photos,Human,0.998
https://talk.collegeconfidential.com/t/how-to-get-college-to-send-info-to-college-email/3592827,Human,0.9995
https://talk.collegeconfidential.com/t/mailing-lists-how-to-get-on-them/1875596,Human,1
https://talk.collegeconfidential.com/t/path-to-becoming-a-marine-biologist/974750,Human,1
https://talk.collegeconfidential.com/t/tell-me-about-industrial-engineering-or-systems-engineering-and-design/1895916,Human,1
https://tall.life/height-calculator-how-tall-will-i-be,Human,0.998
https://tamanhhospital.vn/benh/hoi-chung-ong-co-chan,Human,0.9976
https://tamararubin.com/2020/01/how-toxic-is-my-tempurpedic-brand-mattress-toxicants-found-include-arsenic-94-ppm-antimony-98-lead-9,Human,0.9995
https://tarabishyorthopedics.com/hip-pain-when-walking-and-treatment,AI,0.9946
https://targetbp.org/tools_downloads/how-to-accurately-measure-blood-pressure-2,Human,0.999
https://targetjobs.co.uk/careers-advice/interviews-and-assessment-centres/what-can-you-bring-company-tricky-graduate-interview-question,Human,0.9819
https://tastecooking.com/fake-rolex-canned-tomatoes,Human,1
https://tastesbetterfromscratch.com/lobster-roll,Human,0.9995
https://tasty.co/recipe/pizza-dough,AI,0.9834
https://tastylicious.com/how-long-does-miso-paste-last,Human,0.998
https://tax2win.in/tax-glossary/government-and-policy,AI,1
https://taylor.acedentaloftexas.com/can-you-drink-coffee-after-a-tooth-extraction-is-it-safe,Human,0.999
https://tcfcares.org/importance-of-nutrition-for-kids,AI,1
https://tdeecalculator.net,Human,0.9995
https://teachercareercoach.com,Human,1
https://teacherscollege.screenstepslive.com/a/1112041-record-gallery-view-and-shared-screen-for-a-zoom-meeting,Human,0.9976
https://teachertrainingindia.co.in/blog/phonics-strategies-for-readers,Human,0.9985
https://teachmeanatomy.info,Human,0.998
https://teachmeanatomy.info/head/muscles/facial-expression,Human,0.9985
https://teachmeanatomy.info/neck/vessels/arterial-supply,Human,0.9985
https://teachmeanatomy.info/neuroanatomy/vessels/arterial-supply,Human,0.9985
https://teachtolovelearning.com/ways-to-remember-waxing-and-waning-moon-phases,AI,1
https://teamaustin.com/blog/toilet-constantly-running-fix,AI,0.9897
https://teambayanihan.com/ommunity-pantries,AI,0.999
https://teambuilding.com/blog/one-minute-games,Human,0.9995
https://teamflect.com/blog/performance-management/constructive-feedback-examples-for-your-manager,Human,0.9946
https://teamhub.com/blog/schedule-variance-percentage-analysis-explained,AI,1
https://teamhub.com/blog/schedule-variance-percentage-explained,AI,1
https://teams.live.com/free,Human,0.998
https://teamsonpurpose.com.au/the-power-of-trust-in-teams,Human,0.9971
https://teamtreehouse.com/community/create-a-function-python,Human,1
https://teamtreehouse.com/community/function-help-python,Human,1
https://teamtreehouse.com/community/how-do-i-add-column,Human,1
https://teamtreehouse.com/community/how-does-nodejs-work,Human,1
https://tech.co/website-builders/best-website-builders-beginners,Human,0.9966
https://tech.hindustantimes.com/how-to/how-to-redeem-v-bucks-gift-cards-on-fortnite-mobile-xbox-and-playstation-71644836653794.html,Human,0.998
https://tech.rochester.edu/tutorials/outlook-online-archive,Human,0.9995
https://tech.yahoo.com/apps/articles/install-linux-terminal-apps-every-120016476.html,Human,0.9995
https://tech.yahoo.com/computing/10,Human,0.9897
https://tech.yahoo.com/computing/deals/articles/amazon-selling-speedy-1-699-234700230.html,AI,0.9912
https://tech.yahoo.com/deals/article/echo-show-5-is-the-perfect-intro-to-alexa--its-70-thats-20-off-for-presidents-day-230345205.html,Human,0.999
https://tech.yahoo.com/phones/article/heres-what-to-do-when-you-drop-your-smartphone-in-120201088624.html,Human,1
https://tech.yahoo.com/streaming/deals/article/the-best-streaming-deals-this-week-june-21-2025-160338282.html,Human,0.998
https://tech4gamers.com/how-to-change-cyberpowerpc-keyboard-color,Human,0.998
https://tech4gamers.com/how-to-change-the-color-of-your-keyboard,AI,0.7798
https://techannounce.ttu.edu/client/viewmessage.aspx,Human,0.999
https://techbloggingfool.com/2020/08/15/how-to-stop-sharing-onedrive-files,Human,0.9995
https://techbriefly.com/2023/12/29/what-does-boosting-a-discord-server-do,AI,1
https://techcommunity.microsoft.com/discussions/excelgeneral/automatically-moving-rows-in-office-365-excel-based-on-rank-or-largest-to-smalle/3838406,Human,0.9146
https://techcommunity.microsoft.com/discussions/excelgeneral/combine-data-from-2-columns-into-1-column/242822,Human,0.9995
https://techcommunity.microsoft.com/discussions/excelgeneral/formula-to-find-and-combine-text/4008292,Human,1
https://techcommunity.microsoft.com/discussions/excelgeneral/how-to-change-the-password-of-a-workbook-in-excel-for-microsoft-365/3716401,Human,0.9976
https://techcommunity.microsoft.com/discussions/excelgeneral/how-to-move-entire-row-to-another-sheet-based-on-cell-value-in-excel/3874921,Human,0.9976
https://techcommunity.microsoft.com/discussions/excelgeneral/how-to-password-protect-document-but-allow-read-only-if-you-do-not-have-password/3807787,Human,0.998
https://techcommunity.microsoft.com/discussions/excelgeneral/move-entire-row-based-on-cell-value-to-new-sheet-and-delete-from-old-sheet-autio/4010145,Human,1
https://techcommunity.microsoft.com/discussions/excelgeneral/protecting-an-excel-file/4097862,AI,0.9463
https://techcommunity.microsoft.com/discussions/excelgeneral/separate-full-name-field-into-three-separate-columns-/1013973,Human,1
https://techcommunity.microsoft.com/discussions/excelgeneral/split-data-first-name--last-name/1407209,Human,1
https://techcommunity.microsoft.com/discussions/excelgeneral/what-is-the-best-way-to-make-charts-for-large-constantly-updating-workbooks/4039785,Human,0.9995
https://techcommunity.microsoft.com/discussions/microsoft-365/change-one-click-archive-folder-in-outlookowa/164065,Human,1
https://techcommunity.microsoft.com/discussions/outlookgeneral/cant-add-shared-mailboxes/4384735,Human,0.9971
https://techcommunity.microsoft.com/discussions/windows10space/how-to-change-user-name-windows-10/3630358,AI,1
https://techcommunity.microsoft.com/t5/excel/migrate-data-from-multiple-columns-to-one-column/m-p/3844784,Human,0.9995
https://techwiser.com/how-to-boost-a-discord-server-and-why-you-should,Human,0.9971
https://techwiser.com/how-to-shrink-file-size-of-jpg-jpeg-without-losing-quality,Human,0.7988
https://techwiser.com/how-to-use-nvidia-share-to-record-desktop-on-windows,Human,0.9995
https://techwiser.com/roblox-gather-speed-codes,Human,0.501
https://techwiser.com/what-chat-windows-11-taskbar-how-disable,Human,0.9995
https://tempurpedic.ca/en/faqs,Human,0.9995
https://terraria.fandom.com/wiki/extractinator,Human,0.9546
https://terrix.fandom.com/wiki/tieflings,Human,0.9985
https://texas-notary-public-training-academy.thinkific.com,AI,0.9707
https://texasaquaticscience.org/marine-biologist-career,Human,0.9995
https://texascannabisclinic.com/delta-8-and-delta-9,Human,0.999
https://texasgateway.org/resource/matter-and-energy-chemical-formulas,Human,0.9907
https://thatsweetroar.com/blog/why-does-my-voice-sound-bad-on-a-recording,Human,1
https://the-art-of-autism.com/stop-speculating-whether-barron-trump-is-autistic-stopthebullying,Human,1
https://the-gadgeteer.com/2023/11/04/cyberpower-pc-ck60-custom-mechanical-gaming-keyboard-a-solid-custom-keyboard-from-a-solid-cutom-pc-maker,Human,0.9985
https://theanesthesiaconsultant.com/tag/how-does-propofol-work,Human,0.999
https://theaquilareport.com/the-end-of-the-kingdom,Human,0.9995
https://theaterofthesea.com,Human,0.9941
https://theblacktux.com/blogs/guides/suit-size-chart-calculator,Human,0.9985
https://thebrunswicknews.com/news/national_news/real-estate-q-a-do-i-have-to-use-a-wire-transfer-to-pay-for/article_8eea77af-961c-5855-bcd0-b1cf49c7479e.html,Human,0.9946
https://thecampusagency.com/what-comes-after-generation-z-understanding-generation-alpha,AI,1
https://thecatsite.com/threads/cat-ripping-out-mats.127822,Human,0.9995
https://thecauseway.us,Human,0.9985
https://thecoconutmama.com/does-all-purpose-flour-go-bad,Human,0.9961
https://thecoconutmama.com/does-whole-wheat-flour-go-bad,AI,0.9604
https://thecollegeinvestor.com/40493/genz-age-range,Human,0.999
https://theconfidentmom.com/01/essential-oils/simple-diy-natural-laundry-fabric-softener,Human,1
https://thedreamcatch.com/why-we-need-to-be-citizens-of-the-world,Human,0.9995
https://thefinancebuff.com/using-a-wire-transfer-for-real-estate-settlement.html,Human,0.9995
https://thefoothub.com.au/corn-treatment,Human,0.9995
https://theforest.fandom.com/wiki/console_commands,Human,0.999
https://theganongroup.com/what-drew-brees-and-the-non-call-can-teach-you-about-bitter-sales-decisions,Human,1
https://theglutenfreeaustrian.com/gluten-free-artisan-dutch-oven-bread,Human,0.9995
https://thegreenmadhouse.com/diy/how-to-paint-terracotta-pot,Human,0.9995
https://theimaginationtree.com/sand-clay-recipe-and-handprint-keepsakes,Human,1
https://thejudge13.com/2025/06/25/ferrari-move-to-give-hamilton-worst-ever-f1-record,Human,0.9985
https://thekingcenter.org/about-tkc/martin-luther-king-jr,Human,0.9995
https://thekingcenter.org/about-tkc/the-king-philosophy,Human,0.998
https://theknowledgeexchangeblog.com/2017/12/11/is-technology-really-the-answer-to-social-isolation-and-loneliness,Human,1
https://thelink.ascensus.com/articles/2018/11/14/what-is-a-loan-offset-and-how-do-recent-regulatory-changes-apply,Human,0.9995
https://thematbakh.com/boiled-lobster-tails,Human,0.9985
https://thematbakh.com/sides-for-lobster,Human,0.9961
https://themdc.org/billing-services/how-to-pay-your-bill,Human,0.9961
https://themopoga.net/squid-game-parents-guide,Human,0.8926
https://therealfooddietitians.com/air-fryer-salmon-bites,Human,0.999
https://thestarryeye.typepad.com/newage/2023/09/colors-for-the-day-you-were-born.html,Human,0.9966
https://thestockbandit.com/double-top,Human,0.9995
https://thesweetsetup.com/apps/best-photo-management-solution,Human,0.9995
https://thetolkien.forum/threads/how-large-was-ancalagon-the-black-really.23583,Human,0.9995
https://theveganatlas.com/a-guide-to-miso-what-it-is-and-how-to-use-it,Human,0.9995
https://theweek.com/news/world-news/953870/what-is-havana-syndrome,Human,0.9995
https://thewell.northwell.edu/covid/natural-immunity-or-vaccine,AI,0.8037
https://thewell.northwell.edu/healthy-living-fitness/dehydration-warning-signs,Human,0.9214
https://thewell.northwell.edu/healthy-living-fitness/why-does-my-tongue-hurt,Human,0.9648
https://thischangedmypractice.com/systemic-corticosteroids-skin-disease,Human,0.9995
https://thocc.org/health-community/health-resources/health-library/detail,Human,0.9966
https://thoracickey.com/extracranial-carotid-and-vertebral-artery-disease,Human,0.9956
https://threatpost.com/flashs-final-countdown-has-begun/127475,Human,1
https://threepotatofour.com/pages/imessage-sticker-bundle,Human,0.9995
https://tidcf.nrcan.gc.ca/en/trees/factsheet/25,Human,0.998
https://timewade.com/how-to-add-shared-mailbox,AI,0.9995
https://tinyjpg.com,Human,0.9995
https://tinypng.com,Human,0.9883
https://tinywow.com,Human,0.9961
https://titan.email,Human,0.9995
https://tldv.io,Human,0.8311
https://toledo.oh.gov/residents/water/pay-my-bill,Human,0.9927
https://tools.emailhippo.com,Human,1
https://toolscord.com,Human,0.999
https://topvegasbuyer.com/blog/how-silver-is-extracted-from-silverware,Human,0.9976
https://totallywilduk.co.uk/2021/04/13/beech-tree,Human,1
https://tottministries.org/the-coming-kingdom-what-is-the-kingdom-and-how-is-kingdom-now-theology-changing-the-focus-of-the-church-by-andy-woods,Human,0.9995
https://tradingeconomics.com/united-states/debt-balance-total,Human,0.998
https://tradingeconomics.com/united-states/households-debt-to-gdp,Human,0.9995
https://tradingeconomics.com/united-states/stock-market,Human,0.9746
https://translate.google.com,Human,0.9927
https://trials.modernatx.com/study,Human,0.6372
https://trishagee.com/2024/11/22/reading-code-is-hard-and-tips-to-improve,Human,0.9995
https://tssprosealants.com/guide-to-sealing-slate-best-tips,AI,1
https://tssprosealants.com/sealing-slate-tile,Human,0.999
https://tssprosealants.com/sealing-slate-tile-maintenance-tips,AI,1
https://ttsmaker.com,Human,0.8115
https://ttsreader.com,Human,0.999
https://tucson.com/business/article_d903f4a0-64fe-5d82-a0b4-9d160c7de35b.html,Human,0.9966
https://tucson.com/business/investment/personal-finance/article_a0e376ce-8a52-59e3-92af-86e5a3c107d7.html,Human,0.9971
https://tungstenpt.com/blogs/f/what-to-expect-and-what-to-do-after-a-session-of-dry-needling,AI,0.8369
https://tuportal6.temple.edu/web/its/zoom,Human,0.9995
https://turborepo.com/docs,Human,0.9995
https://tv.youtube.com/learn/slingtv,Human,0.9985
https://tv.youtube.com/welcome,Human,0.999
https://twolovesstudio.com/blog/basic-light-setup-food-photography,Human,1
https://twolovesstudio.com/blog/natural-light-photography,Human,1
https://ubiminds.com/en-us/code-error,AI,1
https://ufs.uky.edu/general-ledger-accounts,Human,0.9941
https://uid.dli.mt.gov,Human,0.9946
https://uk.indeed.com/career-advice/career-development/logical-fallacies-examples,Human,0.9966
https://uk.indeed.com/career-advice/career-development/microsoft-azure-certifications,Human,0.9653
https://uk.indeed.com/career-advice/finding-a-job/how-to-become-marine-biologist,Human,0.999
https://uk.news.yahoo.com/squid-game-most-complained-bbfc-age-rating-2021-111225985.html,Human,0.9995
https://uk.style.yahoo.com/crispy-towels-fluffy-again-doing-164207810.html,Human,1
https://uk.style.yahoo.com/showering-less-pandemic-bad-health-135035312.html,Human,0.9995
https://uk.style.yahoo.com/treat-thrush-babies-children-091600548.html,Human,1
https://ultahost.com/knowledge-base/install-minikube-on-ubuntu,AI,1
https://ultahost.com/knowledge-base/restrict-rdp-access-by-ip-address,AI,1
https://umarkets.net/glossary/double-top,Human,0.9941
https://undsci.berkeley.edu/glossary/controlled-variable,Human,0.9956
https://unesdoc.unesco.org/ark:/48223/pf0000081704,Human,1
https://unitedpatientsgroup.com/blog/delta-8-everything-you-need-to-know,Human,0.999
https://unm-student.custhelp.com/app/answers/detail/a_id/7708/~/stop-sharing-onedrive-for-business-files-or-folders-or-change-permissions,Human,0.9985
https://uo.com,Human,0.9995
https://up.codes/d/sds,Human,1
https://upgrade-resolution.pdffiller.com,Human,0.9883
https://upraise.io/blog/efficiently-give-feedback-boss,Human,1
https://upslide.net/blog/ways-to-make-beautiful-financial-charts-and-graphs-in-excel,Human,1
https://upstox.com/learning-center/share-market/double-top-double-bottom-meaning-patterns-use-in-trading,AI,0.9746
https://uptimerobot.com,Human,0.9995
https://urbanhomesteading.ca/two-ways-to-dry-hot-peppers-and-what-to-do-with-them,Human,0.9995
https://us.amazon.com/live/video/081a1bbc30e34615bcc16e96396076c2,Human,0.9956
https://us.forums.blizzard.com/en/d3/t/any-way-to-optimise-performance-on-my-pc/64710,AI,0.939
https://us.forums.blizzard.com/en/overwatch/t/what-is-considered-a-normal-edpi/542647,Human,1
https://us.kendamil.com,Human,0.9995
https://us.support.blizzard.com/en/article/288679,Human,0.9995
https://us.support.blizzard.com/en/article/298823,Human,1
https://users.rust-lang.org/t/how-to-use-existing-certificate-file-for-my-https-server/131143,Human,1
https://uwaterloo.ca/chem13-news-magazine/december-2014-january-2015/chemistry/natural-gas-methane-and-propane-fuel-gases,Human,0.998
https://valdperformance.com,Human,1
https://valheim.fandom.com/wiki/food,Human,0.9932
https://valiantceo.com/the-many-different-uses-for-a-sublimation-printer,AI,1
https://valorant.fandom.com/f/p/4400000000000045291,Human,0.9736
https://valorantforums.com/d/4587-valorant-taking-too-long-to-load,AI,1
https://valtoco.com,Human,0.9976
https://veriskope.com/2021/01/flash-2021-seven-valid-options-to-keep-using-your-flash-application,Human,0.9985
https://vi-control.net/community/threads/compressing-hard-drives-good-or-bad-idea.149079,Human,0.9995
https://viettimarketing.com/ad-agency-springfield-mo/how-to-collect-emails-for-email-marketing,Human,0.998
https://viewfromthewing.com/airline-greenwashing-is-literally-causing-deforestation-by-paying-restaurants-not-to-fry-with-their-cooking-oil,Human,0.999
https://villains.fandom.com/wiki/thragg,Human,0.9951
https://vims.pl/en/maintenance-definition-types-and-application,Human,0.9927
https://vinnews.com/2025/04/04/market-meltdown-dow-drops-2230-points-as-recession-fears-grip-wall-street,Human,0.9976
https://vinnymulveyfitness.com/myofascial-trigger-point-dry-needling,Human,0.999
https://virunga.org/wildlife/primates/mountain-gorillas/conservation,Human,0.9966
https://visaenvoy.com/us/eb-3-visa,Human,0.998
https://vite.dev/guide/build,Human,0.999
https://vivekavani.com/swami-vivekananda-death-4-july-1902,Human,1
https://vivekavani.com/swami-vivekananda-quotes-death,Human,1
https://vlc-user-documentation.readthedocs.io/en/latest/userguide/media.html,Human,0.9995
https://voguesplash.com,AI,0.9746
https://voicechanger.io,Human,1
https://voicesona.com,Human,0.999
https://walawusa.com/eb-3,Human,0.9873
https://wallethub.com/answers/cc/how-to-earn-points-on-amazon-credit-card-2140661013,Human,0.9956
https://wallethub.com/answers/cc/how-to-redeem-amazon-store-card-rewards-1000354-2140671074,Human,0.9878
https://wallethub.com/edu/cc/costco-credit-card-benefits/145550,Human,0.9946
https://watch.hgtv.com,Human,0.9995
https://watchcharge.com,Human,0.9922
https://we4u.ind.in/blog/the-complete-guide-to-fill-gas-in-ac,AI,1
https://weareradiant.com,Human,0.9897
https://web.musc.edu/about/news-center/2024/05/28/discussing-delta-eight-thc-q-and-a-with-musc-scientists-who-study-cannabis,Human,0.9854
https://webster.tb.edu.ge/the-importance-of-global-citizenship-to-the-student-lifestyle,Human,0.9961
https://weekdaypescatarian.com/sides-for-lobster,Human,1
https://wellness-through-art.org/facial-expressions-of-emotion,Human,1
https://whatsmyos.com,Human,0.999
https://whatsonqueerbc.com/woq-bc-stories/costumes-gender-hallwoeen,Human,1
https://whatyoumakeitblog.com/gods-love-for-us,Human,1
https://wiki.download.fo/install-instructions,Human,0.9976
https://wiki.processmaker.com/3.0/tasks,Human,0.9995
https://wiki.processmaker.com/3.2/tasks,Human,0.9995
https://wildalaskancompany.com/blog/what-is-miso-paste,Human,0.998
https://wilkes.libguides.com/scholarly/citing,Human,1
https://wimpoleclinic.com/blog/does-rosemary-water-grow-hair,Human,0.9868
https://wimpoleclinic.com/blog/rosemary-oil-before-and-after-hair-loss-results,Human,0.9971
https://windowsreport.com/valorant-not-updating,Human,0.9995
https://windsorpeak.com/vbulletin/showthread.php,Human,0.998
https://witchesofthecraft.com/2024/12/03/december-3-birthday-horoscope,Human,0.9995
https://withjoy.com/blog/wedding-shower-favors-to-wow-your-guests,Human,0.9927
https://wmich.edu/writing/punctuation/hyphen,Human,0.9907
https://wnbf.com/ixp/498/p/healthy-living-new-york-seniors,Human,1
https://womensbehaviour.quora.com/why-do-girls-move-on-so-quickly-after-a-breakup-while-guys-take-so-much-long-time-do-women-feel-less-pain-or-something,Human,0.999
https://workspace.google.com,Human,0.9873
https://workspace.google.com/marketplace/app/email_notifications_for_google_forms/984866591130,Human,0.9995
https://workspace.google.com/products/drive,Human,0.9258
https://workspace.google.com/resources/esignature,Human,0.9556
https://workspacetips.io/tips/chrome/reopen-recently-closed-tabs-in-chrome,Human,0.7236
https://woshub.com/blocking-remote-network-access-for-local-accounts,Human,1
https://woshub.com/download-install-windows-updates-manually,Human,0.9941
https://wowvendor.com,Human,0.9873
https://wss.mahadiscom.in/wss/loadcalculator.aspx,Human,0.9995
https://wvumedicine.org/news-feed/news-article/wvu-medicine/front-page/early-diagnosis-and-heart-surgery-save-wvu-medicine-children-s-patient,Human,0.9819
https://wwf.panda.org/discover/knowledge_hub/endangered_species/great_apes/gorillas/save_solutions_gorillas,Human,1
https://wwf.panda.org/discover/knowledge_hub/endangered_species/great_apes/gorillas/western_lowland_gorilla,Human,0.999
https://www-2.rotman.utoronto.ca/insightshub/economics-trade-policy/preparing-recession,Human,0.9995
https://www.1stdirectpools.com/blog/post/how-heat-inflatable-above-ground-swimming-pool,Human,0.999
https://www.39dollarglasses.com/blog/what-color-frame-should-you-pick-based-on-your-eye-color,Human,0.9995
https://www.3chi.com,Human,0.9873
https://www.3eco.com/glossary/what-does-sds-stand-for,Human,0.979
https://www.3eco.com/glossary/what-is-sds-authoring-software,Human,0.9854
https://www.3m.com.au/3m/en_au/manufacturing-au/stories/full-story,Human,0.9897
https://www.3m.com/3m/en_us/p/d/b40069621,Human,0.9976
https://www.4029tv.com/article/rosie-o-donnell-defends-sharing-video-suggesting-barron-trump-has-autism/8369601,Human,0.9937
https://www.4leafperformance.com/trust-builds-retention-from-the-inside-out,Human,0.999
https://www.4pawsanimal.com/services/cats/blog/matting-cats,Human,0.9995
https://www.aaaai.org/conditions-treatments/related-conditions/mcas,Human,0.9956
https://www.aaaai.org/tools-for-the-public/conditions-library/allergies/hives-(urticaria)-and-angioedema-overview,Human,0.9941
https://www.aaaai.org/tools-for-the-public/conditions-library/allergies/toxic-mold,Human,0.9932
https://www.aad.org/public/diseases/a-z/hives-chronic-relief,Human,0.9922
https://www.aad.org/public/diseases/a-z/hives-overview,Human,0.9878
https://www.aad.org/public/diseases/a-z/leprosy-risk,Human,0.9839
https://www.aad.org/public/diseases/acne/derm-treat/scars/self-care,Human,0.9893
https://www.aad.org/public/diseases/acne/diy/skin-color,Human,0.9912
https://www.aad.org/public/diseases/eczema/childhood/treating/corticosteroids-applied-to-skin,Human,0.9863
https://www.aad.org/public/everyday-care/injured-skin/burns/treat-corns-calluses,Human,0.9917
https://www.aad.org/public/everyday-care/itchy-skin/poison-ivy/treat-rash,Human,0.9819
https://www.aad.org/public/everyday-care/skin-care-secrets/routine/fade-dark-spots,Human,0.9873
https://www.aaha.org/resources/2022-aaha-canine-vaccination-guidelines/vaccine-lifestyle-calculator,Human,0.9995
https://www.aandhinsurance.com/how-mold-affects-health,Human,0.999
https://www.aao.org/eye-health/tips-prevention/your-blue-eyes-arent-really-blue,Human,0.999
https://www.aao.org/eyenet/article/new-shingles-vaccine-approved,Human,0.9971
https://www.aao.org/practice-management/coding/injectable-drugs,Human,0.9951
https://www.aapc.com/resources/what-is-hcpcs,Human,0.9995
https://www.aarp.org/caregiving/home-care/new-technology-social-isolation,Human,0.998
https://www.aarp.org/home-living/simple-decluttering-and-organization-tips,Human,0.9946
https://www.aarp.org/medicare/faq/when-will-i-get-my-medicare-card,Human,0.9951
https://www.abdental4u.com/blog/can-you-drink-iced-coffee-after-tooth-extraction,Human,0.9854
https://www.abitape.eu,Human,0.8159
https://www.aboutchromebooks.com/how-to-activate-adobe-flash-player-on-chrome,AI,1
https://www.academia.edu/30529963/the_occurrence_recreational_use_cultivation_and_chemistry_of_psilocybe_ovoideocystidiata_a_new_bluing_species_agaricales_from_ohio_pennsylvania_and_west_virginia,Human,0.9995
https://www.academia.edu/35011190/carpathias_care_for_titanics_survivors,Human,1
https://www.academia.edu/8733164/digestion_in_ruminant,Human,0.9995
https://www.accountancyage.com/2025/06/25/75-of-gen-z-accountants-want-to-run-their-own-business/gen-z-accountants-4,Human,0.9819
https://www.accountingtools.com/articles/definition-of-an-employee,Human,0.9995
https://www.accuweather.com/en/weather-news/why-your-blood-pressure-can-spike-when-its-cold-outside-2/432844,Human,0.9995
https://www.acenet.edu/national-guide/pages/course.aspx,Human,0.9951
https://www.acog.org/advocacy/abortion-is-essential/come-prepared/abortion-access-fact-sheet,Human,0.9902
https://www.acowtancy.com/textbook/acca-pm/cost-volume-profit-analysis/break-even-charts-and-profit-volume/notes,Human,0.9951
https://www.actorsconnection.com/seminars/2025-01-15-zoom-free-online-seminar-pilot-season-2025-with-up-to-date-actor,Human,1
https://www.actpower.com/blog/how-to-select-the-right-power-supply-for-your-application,Human,0.9521
https://www.adigitalblogger.com/chart-patterns/double-top-pattern,Human,0.9985
https://www.adinkrasymbols.org,Human,0.9985
https://www.adorama.com/alc/how-to-remove-the-background-of-an-image-in-photoshop,Human,0.9951
https://www.adorama.com/alc/natural-light-photography,Human,0.9995
https://www.advisor.ca/investments/products/guaranteed-withdrawal-benefits,Human,0.999
https://www.advocatehealth.com/health-services/primary-care/preventive-care/vaccinations/shingles,Human,0.9995
https://www.adweek.com/media/discord-how-to-boost-a-server-on-mobile,Human,0.9985
https://www.adweek.com/performance-marketing/heres-how-to-use-stickers-in-imessage-on-ios-10,Human,0.9995
https://www.aei.org/articles/when-and-how-markets-think-for-themselves,Human,0.9971
https://www.aei.org/carpe-diem/why-socialism-always-fails,Human,0.9995
https://www.aei.org/economics/why-trade-wars-have-yet-to-sink-global-growth,Human,0.9927
https://www.affordablehealthinsurance.com/affordable-care-act,AI,0.9541
https://www.agardenforthehouse.com/how-i-strain-and-store-used-cooking-oil,Human,0.9951
https://www.agc.org,Human,0.9897
https://www.aicareercoach.org,Human,0.8682
https://www.aichc.org/scientists-unveil-how-general-anesthesia-works,Human,0.999
https://www.airdroid.com/file-transfer/fix-icloud-photos-not-showing,Human,1
https://www.airdroid.com/remote-control/how-to-connect-two-computers,Human,0.9893
https://www.airdroid.com/remote-control/how-to-use-android-phone-as-webcam,Human,0.9956
https://www.airtv.net,Human,0.999
https://www.akc.org/dog-breeds/cane-corso,Human,0.9937
https://www.akc.org/dog-breeds/german-shepherd-dog,Human,0.9922
https://www.akc.org/expert-advice/health/bordetella-vaccine-dogs,Human,0.9995
https://www.akc.org/expert-advice/health/puppy-shots-complete-guide,Human,0.9995
https://www.akc.org/expert-advice/health/puppy-teething-and-nipping,Human,0.9976
https://www.akc.org/expert-advice/puppy-information/timeline-of-puppy-teething,Human,1
https://www.alexandani.com/blogs/the-wire/mind-body-spirit-letting-the-sunshine-in,Human,0.9971
https://www.alexandani.com/blogs/the-wire/symbol-meaning-sun,Human,0.9956
https://www.algolia.com,Human,0.9995
https://www.allergyfreealaska.com/the-everything-guide-to-gluten-free-bread-including-troubleshooting,Human,0.998
https://www.allergymums.co.uk/biscoff-cookies-dairy-and-egg-free,Human,0.9995
https://www.allergytampa.com/2023/06/25/6-home-remedies-to-clear-sinuses,AI,0.9985
https://www.alleydog.com/glossary/definition.php,Human,0.998
https://www.allrecipes.com/12-foods-to-buy-before-tariffs-raise-prices-11712311,Human,0.9785
https://www.allrecipes.com/article/gyro-vs-shawarma,Human,0.9868
https://www.allrecipes.com/article/how-to-cook-lobster-tail,Human,0.9946
https://www.allrecipes.com/article/how-to-dispose-of-cooking-oil,Human,0.9927
https://www.allrecipes.com/article/how-to-stock-emergency-pantry,Human,0.9771
https://www.allrecipes.com/article/how-to-store-flour,Human,0.9927
https://www.allrecipes.com/canned-diced-and-whole-tomato-taste-test-8386584,Human,0.9961
https://www.allrecipes.com/gallery/side-dishes-for-lobster,Human,0.9902
https://www.allrecipes.com/peppercorn-sauce-recipe-7484937,Human,0.9673
https://www.allrecipes.com/recipe/15343/menudo,AI,0.8965
https://www.allrecipes.com/recipe/166081/deep-fried-oreos,Human,0.959
https://www.allrecipes.com/recipe/20171/quick-and-easy-pizza-crust,Human,0.9678
https://www.allrecipes.com/recipe/20586/homemade-vanilla-pudding,Human,0.9556
https://www.allrecipes.com/recipe/220751/quick-chicken-piccata,Human,0.9697
https://www.allrecipes.com/recipe/236746/nicks-pepper-sauce-sauce-au-poivre,Human,0.9873
https://www.allrecipes.com/recipe/258013/easy-tortilla-pizza,Human,0.9712
https://www.allrecipes.com/recipe/6698/moms-zucchini-bread,Human,0.9883
https://www.allrecipes.com/recipe/6788/amish-white-bread,Human,0.9531
https://www.allrecipes.com/recipe/68837/menudo-rojo-red-menudo,Human,0.9678
https://www.allrecipes.com/recipe/99234/boiled-lobster,Human,0.9502
https://www.allrecipes.com/what-are-san-marzano-tomatoes-7253617,Human,0.9883
https://www.altenergymag.com/article/2025/01/sodium-batteries-for-use-in-grid-storage-systems-and-electric-vehicles/44327,AI,1
https://www.alteryx.com/blog/merge-data-in-excel,Human,0.9951
https://www.always.co.uk/en-gb/period-hub/menstrual-cycle/the-hormones-during-your-menstrual-cycle,Human,0.9966
https://www.alzdiscovery.org/cognitive-vitality/blog/can-mold-harm-your-brain,Human,0.9961
https://www.amazon.co.jp/-/en/gp/help/customer/display.html,Human,0.9976
https://www.amazon.com/become-notary-signing-agent-agents-ebook/dp/b0dq3k7sv6,Human,0.998
https://www.amazon.com/cowher-power-tradition-pittsburgh-steelers/dp/1572439211,Human,0.9844
https://www.amazon.com/cyberpowerpc-sk100-mechanical-individually-programmable/dp/b07jcs1lrt,Human,0.998
https://www.amazon.com/dell-latitude-7420-processor-bluetooth/dp/b09wxzv2t2,Human,0.9834
https://www.amazon.com/fmc/ssd-storefront,Human,0.9937
https://www.amazon.com/forensic-genealogy-colleen-fitzpatrick/dp/0976716003,Human,0.9893
https://www.amazon.com/hp/shopwithpoints/servicing,Human,0.9937
https://www.amazon.com/live/video/01cf88b54cde4241b06e580fff30c9d8,Human,0.9951
https://www.amazon.com/live/video/03b3103ecf6f467da6fa5d87c360288f,Human,0.9966
https://www.amazon.com/live/video/062e735f7f8e4d3f89a12fe8d765846a,Human,0.9946
https://www.amazon.com/live/video/06a9c275c2974af99fc8aa5712f0f72d,Human,0.9961
https://www.amazon.com/live/video/0a2d0827522d4ae38696c90504dbd9f2,Human,0.9951
https://www.amazon.com/sendtokindle/android,Human,0.9966
https://www.amazon.com/symptoms-too-much-potassium-hyperkalemia/dp/b0cgz1pw9w,Human,0.9814
https://www.amberscript.com/en/blog/why-do-i-hate-my-recorded-voice,Human,1
https://www.amd.com/en/products/software/ryzen-master.html,Human,0.9946
https://www.amd.com/en/products/specifications.html,Human,0.9941
https://www.amd.com/en/support/downloads/drivers.html/graphics/radeon-600-500-400/radeon-rx-500-series/radeon-rx-570.html,Human,0.9927
https://www.amd.com/en/support/downloads/drivers.html/graphics/radeon-rx/radeon-rx-6000-series/amd-radeon-rx-6600.html,Human,0.9912
https://www.americansale.com,Human,0.9897
https://www.americanyacht.net/plan-yachting-trip/what-to-bring,Human,0.9995
https://www.amerikanhastanesi.org/mayo-clinic-care-network/mayo-clinic-health-information-library/symptoms/high-potassium-hyperkalemia,Human,0.998
https://www.amerikanhastanesi.org/mayo-clinic-care-network/mayo-clinic-health-information-library/symptoms/white-tongue,Human,0.999
https://www.ameristarperimeter.com/us/en,Human,0.9995
https://www.anandtech.com/show/5461/vlc-hack-for-encrypted-bluray-playback-capability,Human,0.999
https://www.ancestry.co.uk/first-name-meaning/buddha,AI,1
https://www.ancestry.co.uk/search/collections/8785,Human,0.9907
https://www.ancestry.com/first-name-meaning/buddha,AI,1
https://www.ancientjewreview.com/read/2023/11/13/teaching-abortion-in-bible-and-religious-studies-courses,Human,0.9995
https://www.angelbird.com,Human,0.9849
https://www.animateyour.science/post/how-to-effectively-incorporate-citations-into-your-scientific-poster,Human,0.998
https://www.annavanvalin.com/blog/why-you-hate-the-sound-of-your-own-voice-and-how-to-get-over-it,Human,0.999
https://www.anz.com.au/personal/home-loans/tips-and-guides/offset-accounts-explained,Human,0.9995
https://www.aol.com/11-plants-always-trellis-why-170100254.html,Human,0.999
https://www.aol.com/5-natural-ways-keep-ticks-200100969.html,Human,0.9976
https://www.aol.com/8-reasons-plants-leaves-holes-081500392.html,Human,0.999
https://www.aol.com/brooklyn-beckham-says-asking-nicola-031215074.html,Human,0.9971
https://www.aol.com/clean-credit-reports-220454975.html,Human,0.9912
https://www.aol.com/clean-glass-oven-door-according-005457903.html,Human,1
https://www.aol.com/coca-cola-stock-continue-beat-211800585.html,Human,0.999
https://www.aol.com/desantis-signs-bill-law-ensures-191500804.html,Human,0.9995
https://www.aol.com/entertainment/joe-biden-jill-biden-timeline-174903776.html,Human,0.999
https://www.aol.com/entertainment/pilot-season-2023-scoop-possible-000002954.html,Human,0.9995
https://www.aol.com/fireflies-disappearing-alarming-rates-garden-220127821.html,Human,0.999
https://www.aol.com/hands-always-cold-answers-why-100023806.html,Human,0.999
https://www.aol.com/jeff-bezos-lauren-sa-nchez-152507306.html,Human,0.9961
https://www.aol.com/jill-biden-reveals-initial-thoughts-231719460.html,Human,0.9956
https://www.aol.com/keep-skunks-yard-162600793.html,Human,0.999
https://www.aol.com/leprosy-could-endemic-us-know-214255615.html,Human,0.998
https://www.aol.com/lifestyle/actual-age-ranges-millennials-gen-123001607.html,Human,0.999
https://www.aol.com/melania-trump-breaks-silence-over-105410502.html,Human,0.999
https://www.aol.com/mustard-clothes-using-household-staples-150100261.html,Human,0.9976
https://www.aol.com/news/pinellas-county-approves-125-7-023134129.html,AI,1
https://www.aol.com/one-thing-most-people-forget-150000555.html,Human,0.9795
https://www.aol.com/orthopedic-doctors-evaluate-biological-age-070000298.html,Human,0.9995
https://www.aol.com/padilla-responds-vance-jose-remark-150850567.html,Human,0.999
https://www.aol.com/perfect-cat-breed-match-zodiac-152043022.html,Human,0.8901
https://www.aol.com/serious-signs-illness-cats-shouldn-160710117.html,Human,0.981
https://www.aol.com/tiktok-trend-shows-color-based-160757577.html,Human,0.999
https://www.aol.com/vet-reveals-she-believes-10-111000962.html,Human,0.999
https://www.aol.com/whats-difference-between-organic-regular-182652803.html,Human,0.9961
https://www.apexspeed.com/forums/showthread.php,Human,0.998
https://www.apkmirror.com/apk/sling-tv-l-l-c/sling-live-tv-shows-movies-android-tv/sling-live-tv-freestream-android-tv-9-4-125-release/sling-live-tv-freestream-android-tv-9-4-125-2-android-apk-download,Human,0.9951
https://www.apollo247.com/health-queries/ive-been-wondering-if-cold-weather-can-affect-blood-pressure-ive-noticed-my-blood-pressure-usually_hqu,AI,1
https://www.apollopharmacy.in/salt/propofol,Human,0.999
https://www.apple.com/by/iphone-13-pro/specs,Human,0.998
https://www.apple.com/homepod-mini,Human,0.999
https://www.apple.com/icloud,Human,0.998
https://www.apple.com/newsroom/2023/04/apple-cards-new-high-yield-savings-account-is-now-available-offering-a-4-point-15-percent-apy,Human,0.9932
https://www.apple.com/uk,Human,0.9995
https://www.applewoodseed.com/product/morning-glory-heavenly-blue,Human,1
https://www.appventurez.com/blog/ev-charging-management-system-cost,AI,1
https://www.archives.gov/federal-register/constitution,Human,0.9995
https://www.archives.gov/founding-docs/amendments-11-27,Human,0.999
https://www.archives.gov/publications/prologue/2012/spring/titanic.html,Human,0.9995
https://www.arielcorp.com/support/application-manual/gas_method/gas_properties-natural-gas.html,Human,0.9995
https://www.artemishospitals.com/blog/low-hemoglobin-causes-signs-treatment,Human,0.9951
https://www.artworkarchive.com,Human,0.999
https://www.ashkris.com/post/shawarma-a-culinary-journey-through-history,AI,1
https://www.ashleyfurniture.com/c/mattresses/tempur-pedic/breeze,Human,0.9927
https://www.askamanager.org,Human,0.9985
https://www.askdrsears.com/topics/feeding-eating/family-nutrition/iron/8-ways-prevent-anemia,Human,0.9985
https://www.askwoody.com/forums/topic/websites-that-still-require-flash-after-eol,Human,0.9985
https://www.asnnotary.org,Human,0.9995
https://www.aspcapro.org/resource/bordetella-and-mistaken-injections,Human,0.998
https://www.aspcapro.org/resource/vaccine-storage-handling-and-administration,Human,0.9966
https://www.aspinallfoundation.org/gabon,Human,1
https://www.assignnmentinneed.com/blog/understanding-control-variables-essential-for-accurate-experiments,AI,1
https://www.assignnmentinneed.com/blog/understanding-control-variables-the-key-to-reliable-experiments,Human,0.999
https://www.astronomy.com/observing/full-moon-calendar-dates-times-types,Human,0.9858
https://www.astronomy.com/science/a-scientific-guide-to-the-zodiac-symbols-signs-and-flaws,AI,0.7856
https://www.astronomy.com/science/earth-has-been-hiding-a-fifth-layer-in-its-inner-core,Human,0.9971
https://www.astronomy.com/the-sky-this-week/the-sky-this-week-from-june-20-to-27-2025,Human,0.9985
https://www.athsport.co/blogs/learn/how-to-prevent-muscle-cramps,Human,0.9946
https://www.atlantawatershed.org/bill-pay-options,Human,0.999
https://www.atwoods.com/farm-animals/feed-treats-and-supplements/feed-supplements-and-vitamins/calf-manna-performance-supplement-9ada3287,Human,0.9683
https://www.audizine.com/forum/showthread.php/353566-alignmnet-specs-for-track-toe-in-or-toe-out,Human,1
https://www.aurorahealthcare.org/services/heart-vascular/conditions/extracranial-carotid-artery-aneurysm,Human,0.9995
https://www.aurorahealthcare.org/services/orthopedics/conditions/hip-bursitis,Human,0.999
https://www.auroraorganic.com,Human,0.9995
https://www.autozone.com/diy/climate-control/diagnosing-car-ac-problems,Human,0.9995
https://www.autozone.com/diy/climate-control/how-to-flush-your-cars-ac-system,Human,0.9995
https://www.autozone.com/diy/climate-control/how-to-recharge-car-ac,Human,0.9985
https://www.autozone.com/diy/motor-oil/car-leaking-oil-how-to-fix-engine-oil-leaks-at-home,AI,0.6079
https://www.avclub.com/gilmore-girls-pilot-the-lorelais-first-day-at-chil-1798176063,Human,0.9995
https://www.avira.com/en/blog/whats-a-graphics-card-and-how-do-you-check-it-on-your-windows-device-or-mac,AI,0.9741
https://www.avocadogreenmattress.com/products/green-natural-organic-mattress,Human,0.9995
https://www.awemedseries.com/articles-and-videos/should-you-be-using-topical-steroids-on-eczema,AI,0.7515
https://www.awesomescreenshot.com,Human,0.9971
https://www.axios.com/2024/04/01/havana-syndrome-russia-attacks-us-officials,Human,0.9995
https://www.azlyrics.com/lyrics/parkermccollum/comeon.html,Human,0.9976
https://www.babynamespedia.com/pronounce/saja,Human,0.9971
https://www.backstage.com/magazine/article/pilot-season-3-27835,Human,0.998
https://www.backyardchickens.com/threads/how-to-determine-rabbit-gender-with-pictures.911906,Human,0.9995
https://www.backyardchickens.com/threads/rabbit-sexing-6-days-old.1294128,Human,1
https://www.backyardherds.com/threads/please-help-sex-these-baby-bunnies.43837,Human,0.9995
https://www.badgerandblade.com/forum/threads/suit-sizes-the-length-of-the-jacket-short-regular-long.39088,Human,0.999
https://www.bajajallianz.com/blog/wellness/how-many-calories-should-you-eat.html,Human,0.9951
https://www.bankatfirstnational.com/wallet-wise-blog/november/kids-bank-account,Human,0.9995
https://www.bankofamerica.com/smallbusiness/deposits/business-advantage-banking,Human,0.9917
https://www.baoms.org.uk/patients/conditions/2/burning_mouth_syndrome,Human,0.9985
https://www.barefootteflteacher.com/p/what-is-presentation-practice-production,Human,0.9985
https://www.barkography.com/blog/what-is-natural-light-photography,Human,1
https://www.bbc.co.uk/cbbc/watch/p02czk96,Human,0.998
https://www.bbcboards.net/printthread.php,Human,0.9819
https://www.bbcboards.net/showthread.php,Human,0.9961
https://www.bclstore.com,Human,0.9941
https://www.bcpl.info,Human,0.9995
https://www.bda.uk.com/resource/healthy-eating-for-children.html,Human,0.9927
https://www.bea.gov,Human,0.9951
https://www.beau-coup.com/bridal-shower-favors.htm,Human,0.9819
https://www.becomingminimalist.com/creative-ways-to-declutter,Human,1
https://www.becomingminimalist.com/declutter-large-spaces,Human,0.9995
https://www.becomingsandy.com/journal/recipe-menudo,Human,1
https://www.bedsider.org/birth-control/implant,Human,0.9966
https://www.beehiiv.com/newsletter-glossary/bounces,AI,0.9912
https://www.behindthegospels.com/p/christ-the-construction-worker,Human,0.9985
https://www.belk.com/size-charts/size-chart-mens-suits-2020.html,Human,0.9971
https://www.bellababyphotography.com,Human,1
https://www.bellflowerdentalgroup.com/dentistry-blog/conquer-tooth-abscess-pain-in-bellflower-ca,AI,1
https://www.benefittitle.com/safety-tips-for-wiring-funds-for-a-home-sale-or-closing,Human,0.9951
https://www.bestwaystore.co.uk/collections/filter-pumps-heaters,Human,0.9937
https://www.betterhelp.com/advice/body-language/7-universal-facial-expressions-what-do-they-mean,Human,0.999
https://www.betterhelp.com/advice/personality-disorders/bpd-treatment-how-to-navigate-the-disorder,Human,0.9995
https://www.betterhelp.com/advice/relations/relationship-quotes-about-the-importance-of-mutual-respect-and-trust,Human,0.9917
https://www.bexleyecofest.co.uk/post/ways-to-upcycle-old-clothes,Human,1
https://www.bfphealth.com/helpful-resources/2020/12/10/oral-thrush-candida-in-babies-and-toddlers,Human,0.9995
https://www.bhf.org.uk/informationsupport/heart-matters-magazine/medical/tests/angiogram,Human,0.9741
https://www.bhf.org.uk/informationsupport/heart-matters-magazine/medical/tests/blood-pressure-measuring-at-home,Human,0.6831
https://www.bhf.org.uk/informationsupport/heart-matters-magazine/nutrition/breakfast-cereals-ranked-best-to-worst,Human,0.9575
https://www.bhf.org.uk/informationsupport/heart-matters-magazine/nutrition/foods-that-lower-blood-pressure,Human,0.9116
https://www.bhf.org.uk/informationsupport/heart-matters-magazine/nutrition/how-many-calories-should-i-eat-a-day,Human,0.9775
https://www.bhf.org.uk/informationsupport/heart-matters-magazine/research/effect-cold-weather-heart,Human,0.9585
https://www.bhf.org.uk/informationsupport/risk-factors/high-cholesterol,Human,0.9829
https://www.bhf.org.uk/informationsupport/risk-factors/high-cholesterol/understanding-your-cholesterol-levels,Human,0.9297
https://www.bhf.org.uk/informationsupport/support/manage-your-blood-pressure-at-home,Human,0.8921
https://www.bhf.org.uk/informationsupport/support/practical-support/will-cold-weather-affect-my-heart-condition,Human,0.978
https://www.bhf.org.uk/informationsupport/tests/angiogram,Human,0.9038
https://www.bibguru.com,Human,0.9985
https://www.bibleengagementblog.com/2020/09/15/why-pray-scripture,Human,0.9995
https://www.biblefeed.org/blog/let-us-make-man-in-our-image-evidence-for-the-trinity,Human,0.9995
https://www.biblegateway.com/passage,Human,0.9971
https://www.biblegateway.com/resources/encyclopedia-of-the-bible/cana-galilee,Human,0.9878
https://www.biblicaltraining.org/learn/background/le104-what-church/le104-04-the-importance-of-church-leadership,Human,0.9971
https://www.biblicaltraining.org/learn/institute/th104-a-guide-to-christian-theology/th104-46-importance-of-church-leadership,Human,0.9976
https://www.biblicaltraining.org/library/cana-of-galilee,Human,0.9995
https://www.bibliography.com,Human,0.9995
https://www.bibme.org,Human,0.9976
https://www.bigcountrynewsconnection.com/lifestyles/health/genetic-tests-for-autism-intellectual-disability-not-being-done-on-medicaid-kids/article_06948a4a-e388-5561-8808-626560c8d114.html,Human,0.9976
https://www.bilaterals.org,Human,0.9971
https://www.bimmerforums.com/forum/showthread.php,Human,0.9927
https://www.biological-age.com,Human,1
https://www.biorxiv.org/content/10.1101/2025.06.24.661302v1,Human,0.9956
https://www.bipolaruk.org/bipolar-type-2-linked-but-distinct-in-so-many-ways,Human,0.999
https://www.bipolaruk.org/faqs/are-there-different-types-of-bipolar,Human,1
https://www.bipolaruk.org/understanding-bipolar,Human,0.9995
https://www.bisecthosting.com/clients/index.php,AI,0.9917
https://www.bissell.com,Human,0.9956
https://www.bitmoji.com,Human,0.9775
https://www.bizparentz.org/pilot-season,Human,1
https://www.blossommusic.com/know-before-you-go,Human,0.9995
https://www.bluedothq.com,Human,0.999
https://www.bluewaterportfolios.com/retirement-income-playbook/variable-annuity-with-guaranteed-lifetime-withdrawal-benefits-glwb,Human,0.999
https://www.bmj.com/content/373/bmj.n1605,Human,0.9995
https://www.boatbookings.com/blog/2019/11/19/what-should-i-wear,Human,1
https://www.bobvila.com/articles/caulking-the-bathroom,Human,0.999
https://www.bobvila.com/articles/how-does-a-generator-work,Human,0.9971
https://www.bobvila.com/articles/how-long-does-grout-take-to-dry,Human,0.9912
https://www.bobvila.com/articles/how-to-clean-slate,Human,0.9971
https://www.bobvila.com/articles/how-to-use-vinegar-in-laundry,AI,0.9902
https://www.bobvila.com/articles/morning-glory-care,Human,0.9966
https://www.bodi.com/blog/ask-the-expert-how-many-calories-should-i-be-eating,Human,0.9995
https://www.bodylogicmd.com/for-women/hot-flashes-and-hormones,Human,1
https://www.boisedentist.com/a-complete-guide-to-emergency-toothache-relief,Human,0.9941
https://www.boldtcastle.com/visitorinfo/visitor-information,Human,0.999
https://www.bonobology.com/showering-together,Human,1
https://www.bornfree.org.uk/field-conservation/gorillas,Human,0.9912
https://www.botanicalinterests.com,Human,0.999
https://www.boyleagrisupplies.ie,Human,0.9805
https://www.bracesdoc.ca/post/soft-food-recipes-for-sore-teeth,Human,0.9995
https://www.branchenvironmental.com/health-effects-of-mold,Human,1
https://www.breastcancer.org/treatment-side-effects/hot-flashes/causes,AI,0.9629
https://www.bridgewayfirm.com/news-updates/eb-3-visa-for-international-nurses,AI,1
https://www.bridwellautocenter.com/how-to-remove-excess-freon-from-car-ac,Human,0.999
https://www.brilliantearth.com/news/marriage-compatibility-zodiac,Human,0.998
https://www.britannica.com/video/history-zodiac/-256435,Human,0.9985
https://www.british-sign.co.uk/bsl-greetings-signs-british-sign-language,Human,0.7139
https://www.brook.org.uk/your-life/contraceptive-implant,Human,0.9985
https://www.brook.org.uk/your-life/pubic-lice,Human,0.9985
https://www.brookings.edu/articles/global-china-domestic-politics-and-foreign-policy,Human,0.9932
https://www.brookings.edu/articles/knowledge-and-skills-for-becoming-global-citizens,Human,0.9995
https://www.brookings.edu/articles/the-bucket-list-for-involved-citizens-76-things-you-can-do-to-boost-civic-engagement,Human,0.9966
https://www.brownhealth.org/be-well/foods-boost-your-immune-system,Human,0.9976
https://www.brownhealth.org/be-well/top-10-foods-lower-cholesterol,Human,0.999
https://www.brownhealth.org/be-well/what-mono,Human,0.9976
https://www.bsfinternational.org,Human,0.9971
https://www.bu.edu/dbin/mlkjr/collection/index.php,Human,0.9971
https://www.buddhistdoor.net/features/if-you-become-a-practitioner-practice-like-the-buddha,Human,0.9751
https://www.buddhistdoor.net/features/the-role-of-mindfulness-of-the-breath-in-meditation-traditions,Human,0.8525
https://www.budget.senate.gov/download/basic-federal-budget-terminology,Human,0.9912
https://www.buildwindows.com/how-to-disable-windows-defender-windows-11,Human,0.999
https://www.bullionvault.com/gold-guide/gold-coins,Human,0.999
https://www.burpee.com,Human,0.9976
https://www.businessinsider.com/americans-preppers-looking-to-stock-up-emergency-supplies-anxiety-builds-2025-6,Human,1
https://www.businessinsider.com/americans-worried-tariffs-stock-up-essentials-cut-back-luxuries-2025-4,Human,1
https://www.businessinsider.com/best-bottled-water-to-buy-review-taste-test,Human,0.9995
https://www.businessinsider.com/cooling-rice-after-cooking-may-reduce-blood-sugar-spikes-study-2022-4,Human,1
https://www.businessinsider.com/f1-driver-drama-good-business-ceo-2025-6,Human,0.999
https://www.businessinsider.com/generation-you-are-in-by-birth-year-millennial-gen-x-baby-boomer-2018-3,Human,0.9995
https://www.businessinsider.com/guides/beauty/white-spots-on-tongue,Human,0.9995
https://www.businessinsider.com/guides/health/dental/white-tongue,Human,0.9995
https://www.businessinsider.com/guides/health/mental-health/bipolar-symptoms,Human,0.9995
https://www.businessinsider.com/guides/health/sex-relationships/how-to-get-over-a-breakup,Human,0.9995
https://www.businessinsider.com/guides/health/sex-relationships/orgasm-headache,Human,0.9966
https://www.businessinsider.com/guides/health/treatments/how-to-check-blood-pressure,Human,1
https://www.businessinsider.com/guides/home/is-costco-membership-worth-it,Human,0.9961
https://www.businessinsider.com/guides/pets/flying-with-a-cat,Human,0.9985
https://www.businessinsider.com/guides/streaming/how-to-watch-mens-college-world-series-2025,Human,0.9995
https://www.businessinsider.com/guides/streaming/sling-tv-channels,Human,0.9844
https://www.businessinsider.com/guides/tech/amazon-gift-card-redeem,Human,0.999
https://www.businessinsider.com/guides/tech/app-crashing-on-android,Human,0.9995
https://www.businessinsider.com/guides/tech/can-you-split-payments-on-amazon,Human,0.9985
https://www.businessinsider.com/guides/tech/discord-id,Human,0.9995
https://www.businessinsider.com/guides/tech/how-to-access-icloud-photos,Human,1
https://www.businessinsider.com/guides/tech/how-to-access-icloud-photos-on-android,Human,1
https://www.businessinsider.com/guides/tech/how-to-change-admin-on-windows-10,Human,1
https://www.businessinsider.com/guides/tech/how-to-charge-laptop-in-car,Human,0.9961
https://www.businessinsider.com/guides/tech/how-to-insert-a-line-in-word,Human,0.999
https://www.businessinsider.com/guides/tech/how-to-redeem-steam-code,Human,0.9995
https://www.businessinsider.com/guides/tech/how-to-remove-background-in-photoshop,Human,0.9995
https://www.businessinsider.com/guides/tech/how-to-remove-password-from-excel,Human,0.998
https://www.businessinsider.com/guides/tech/how-to-restore-google-chrome-tabs,Human,0.9995
https://www.businessinsider.com/guides/tech/how-to-zip-a-file,Human,0.9985
https://www.businessinsider.com/guides/tech/what-is-text-to-speech,Human,0.999
https://www.businessinsider.com/guides/tech/what-version-of-windows-do-i-have,Human,0.999
https://www.businessinsider.com/heres-how-apple-will-fix-icloud-in-ios-8-2014-9,Human,1
https://www.businessinsider.com/how-formula-one-team-transports-drivers-cars-staff-world-season-2023-11,Human,0.998
https://www.businessinsider.com/how-to-become-notary-signing-agent-texas-training-costs-2023-1,Human,1
https://www.businessinsider.com/jill-biden-joe-biden-wife-educator-biography-2020-3,Human,0.9985
https://www.businessinsider.com/joe-biden-jill-biden-relationship-timeline-2020-8,Human,0.9995
https://www.businessinsider.com/moving-to-north-carolina-from-florida-climate-crisis-2023-8,Human,0.9995
https://www.businessinsider.com/personal-finance/banking/best-teen-checking-accounts,Human,0.9995
https://www.businessinsider.com/personal-finance/banking/how-to-open-a-bank-account-for-a-minor,Human,0.9985
https://www.businessinsider.com/personal-finance/credit-cards/amazon-credit-card-points,Human,0.9985
https://www.businessinsider.com/personal-finance/credit-score/average-american-debt,Human,0.9995
https://www.businessinsider.com/personal-finance/credit-score/how-to-remove-collections-from-credit-report,Human,0.9995
https://www.businessinsider.com/photos-titanic-passengers-getting-rescued-by-carpathia-2020-4,Human,1
https://www.businessinsider.com/useful-skills-you-can-learn-this-minute-2015-6,Human,1
https://www.butte.edu/departments/cas/tipsheets/punctuation/hyphen.html,Human,0.9985
https://www.buzzfeed.com/sheldonstinson/can-we-guess-your-birth-month-by-the-images-you-ch-62vx6jouw,Human,0.9985
https://www.bwindiugandagorillatrekking.com/how-can-we-save-gorillas,Human,0.998
https://www.c-sharpcorner.com/article/how-to-check-graphics-card-on-windows-112,Human,0.9927
https://www.c-sharpcorner.com/article/move-windows-11-taskbar-to-left,Human,1
https://www.cadillacnews.com/ap/national/ap-news-summary-at-7-42-p-m-edt/article_e02e4f2c-3cb9-5fdd-a8b8-dd7a19e87c7a.html,Human,0.998
https://www.cadillacnews.com/asking-eric-husband-and-wife-divided-over-estranged-stepchildren-s-inheritance/article_88ebed5b-ff3a-4d4f-a472-b4c7bc908ad3.html,Human,0.999
https://www.calculatoratoz.com/en/ac-power-calculator/calc-6444,Human,0.9951
https://www.calculatorsoup.com,Human,0.9995
https://www.calendar.com/blog/its-get-organized-week-a-simple-guide-to-decluttering-and-simplifying,Human,0.9819
https://www.caltech.edu/about/news/facial-expressions-how-brains-process-emotion-54800,Human,0.9907
https://www.camh.ca/en/health-info/guides-and-publications/when-a-family-member-is-suicidal,Human,0.9995
https://www.camh.ca/en/health-info/guides-and-publications/when-a-family-member-is-unwilling-to-seek-help,Human,0.9995
https://www.camscanner.com,AI,0.9658
https://www.canadianliving.com/health-fitness/article/this-test-is-the-best-way-to-find-out-biological-age,Human,0.9326
https://www.cancer.gov/about-cancer/treatment/side-effects/constipation,Human,0.9961
https://www.cancer.gov/about-nci/budget,Human,0.9961
https://www.cancer.gov/publications/dictionaries/cancer-drug/def/delta-8-tetrahydrocannabinol,Human,0.9858
https://www.cancer.gov/publications/dictionaries/cancer-drug/def/propofol,Human,0.9858
https://www.cancer.gov/publications/dictionaries/cancer-terms/def/angiogram,Human,0.9834
https://www.canva.com/features/pdf-to-png-converter,Human,0.9907
https://www.canva.com/help/sign-up-log-in,Human,0.9819
https://www.canva.com/website-builder,Human,0.9819
https://www.caranddriver.com/car-accessories/g42938164/best-obd2-car-scanners-tested,Human,0.9927
https://www.caranddriver.com/news/a44388939/tesla-nacs-charging-network-compatibility,Human,0.9995
https://www.cardenasmarkets.com,Human,0.9946
https://www.careerexplorer.com/careers/marine-biologist/how-to-become,AI,0.9985
https://www.carmenpuscas.com/prayer-why-pray---bible-verses.html,Human,0.9917
https://www.carolinayachtcharters.com,Human,1
https://www.carparts.com/blog/what-products-stop-oil-from-leaking,Human,0.9561
https://www.carrentalgateway.com/glossary/lead-acid-battery,Human,0.9937
https://www.cateater.com,Human,0.9844
https://www.catsdom.com/why-is-my-cat-so-clingy,Human,1
https://www.cbo.gov/publication/61181,AI,0.9336
https://www.cbo.gov/topics/health-care/affordable-care-act,AI,0.8159
https://www.cbsnews.com/boston/video/adding-salt-to-your-food-could-harm-your-liver-study-says,Human,0.9961
https://www.cbsnews.com/minnesota/news/bill-cowher-pittsburgh-steelers-coach-60th-birthday-legacy,Human,1
https://www.cbsnews.com/news/5-year-havana-syndrome-investigation-finds-new-evidence-of-who-might-be-responsible-60-minutes,Human,0.999
https://www.cbsnews.com/news/can-glwb-products-protect-retirement-income,Human,0.9971
https://www.cbsnews.com/news/credit-card-debt-record-high,Human,0.9912
https://www.cbsnews.com/news/dow-jones-stocks-today-djia-trump-tariffs,Human,0.9863
https://www.cbsnews.com/news/dow-jones-today-stock-tariff-trump-4-3-25,Human,0.999
https://www.cbsnews.com/news/how-is-the-price-of-gold-determined-by-sellers,Human,0.999
https://www.cbsnews.com/news/how-to-compare-1-ounce-gold-coins,Human,1
https://www.cbsnews.com/news/how-to-remove-negative-items-from-your-credit-report,Human,0.9897
https://www.cbsnews.com/news/investing-in-1-ounce-gold-bars-this-july-costly-mistakes-to-avoid,Human,0.999
https://www.cbsnews.com/news/new-shingles-vaccine-shingrix-who-should-get-it,Human,0.9995
https://www.cbsnews.com/news/retirement-income-review-glwb-gmwb,Human,0.999
https://www.cbsnews.com/news/rosie-odonnell-autism-comments-on-barron-trump-backlash,Human,0.998
https://www.cbsnews.com/news/shingles-vaccine-lowers-heart-disease-study,Human,0.999
https://www.cbsnews.com/news/what-is-socialism,Human,1
https://www.cbsnews.com/pittsburgh/news/pittsburgh-steelers-bill-cowher-super-bowl-ben-roethlisberger,Human,0.998
https://www.cbsnews.com/tag/barron-trump/2,Human,0.9966
https://www.cbssports.com/nfl/news/a-complete-breakdown-of-the-saints-qb-failures-since-drew-brees-retired-in-2021-heres-what-went-so-wrong,Human,0.9995
https://www.cbssports.com/nfl/news/bill-cowher-turns-67-five-things-you-might-not-know-about-steelers-hall-of-fame-coach,Human,0.999
https://www.cbssports.com/nfl/news/look-hall-of-fame-coach-bill-cowher-visits-steelers-practice-shares-warm-embrace-with-mike-tomlin,Human,0.9985
https://www.cbssports.com/watch/live,Human,0.9932
https://www.ccp.edu,Human,0.9966
https://www.cdaquatics.co.uk/adding-new-fish-to-established-tank-55_blog_post,Human,0.8999
https://www.cdc.gov/cholesterol/about/ldl-and-hdl-cholesterol-and-triglycerides.html,Human,0.9961
https://www.cdc.gov/clean-hands/about/index.html,Human,0.9893
https://www.cdc.gov/covid/about/reinfection.html,Human,0.9658
https://www.cdc.gov/covid/prevention/index.html,Human,0.9946
https://www.cdc.gov/covid/signs-symptoms/index.html,Human,0.7568
https://www.cdc.gov/diabetes/healthy-eating/diabetes-meal-planning.html,AI,0.5352
https://www.cdc.gov/epstein-barr/about/index.html,Human,0.9946
https://www.cdc.gov/epstein-barr/about/mononucleosis.html,Human,0.9976
https://www.cdc.gov/food-safety/signs-symptoms/index.html,Human,0.9951
https://www.cdc.gov/healthy-pets/rodent-control/clean-up.html,Human,0.9961
https://www.cdc.gov/healthy-weight-growth/tips-parents-caregivers/index.html,Human,0.998
https://www.cdc.gov/high-blood-pressure/measure/index.html,Human,0.999
https://www.cdc.gov/leprosy/about/index.html,Human,0.9985
https://www.cdc.gov/leprosy/hcp/clinical-overview/index.html,Human,0.998
https://www.cdc.gov/lice/about/pubic-lice.html,Human,0.9976
https://www.cdc.gov/lice/treatment/pubic-lice.html,Human,0.9985
https://www.cdc.gov/mold-health/about/index.html,Human,0.9302
https://www.cdc.gov/mpox/signs-symptoms/index.html,Human,0.9932
https://www.cdc.gov/niosh/mold/health-problems/index.html,Human,0.9976
https://www.cdc.gov/norovirus/about/index.html,Human,0.9976
https://www.cdc.gov/nutrition/features/good-nutrition-starts-early.html,Human,0.9976
https://www.cdc.gov/nutrition/php/resources/healthy-eating-benefits-for-children.html,Human,0.9961
https://www.cdc.gov/pertussis/hcp/vaccine-recommendations/index.html,Human,0.9985
https://www.cdc.gov/shingles/hcp/vaccine-considerations/index.html,Human,0.9966
https://www.cdc.gov/shingles/vaccines/index.html,Human,0.9971
https://www.cdc.gov/vaccines/basics/explaining-how-vaccines-work.html,Human,0.9941
https://www.cdkeys.com,Human,0.999
https://www.cdph.ca.gov/programs/cid/dcdc/pages/bodylice.aspx,Human,0.9995
https://www.cdph.ca.gov/programs/cid/dcdc/pages/covid-19/cdph-home-quarantine-guidance.aspx,Human,0.998
https://www.cdph.ca.gov/programs/cid/dcdc/pages/respiratory-viruses/when-and-why-to-wear-a-mask.aspx,Human,0.999
https://www.cedars-sinai.org/blog/healthy-bowel-movements.html,Human,0.9937
https://www.cedars-sinai.org/blog/why-hot-flashes-occur-and-how-to-treat-them.html,Human,0.998
https://www.cedarville.edu/insights/computer-help/post/windows-how-to-zip-compress-multiple-files,Human,0.998
https://www.cedarville.edu/insights/post/windows-how-to-zip-compress-multiple-files,Human,0.9985
https://www.cellphone911az.com/our-blog-1/2023/10/1/what-to-do-when-a-phone-is-dropped-in-water,Human,0.9966
https://www.cemetech.net/forum/viewtopic.php,Human,0.9741
https://www.centraloregondaily.com/archives/central-oregon-daily/this-website-helps-you-deal-with-amazons-new-minimum-cost-for-free-shipping/article_b0a699ec-ddbc-599d-9f4c-9f9a7df67a45.html,Human,0.9932
https://www.centraloregondaily.com/news/consumer/amazon-raises-free-shipping-minimums-for-some-who-dont-have-prime-memberships/article_8007bc2c-d783-5c1a-bc39-6d2f53bbbbbe.html,Human,0.9888
https://www.certificationcamps.com/azure-certifications-guide,Human,0.9976
https://www.chairish.com/blog/what-is-a-chesterfield-sofa,Human,0.9976
https://www.challengedathletes.org/albee-granillos-experience-meeting-drew-brees,Human,0.9995
https://www.cham.org/healthwisearticle.aspx,Human,0.999
https://www.champssports.com,Human,0.9883
https://www.champtitles.com,Human,0.9932
https://www.chartgo.com/home.html,Human,0.9971
https://www.chartgo.com/index.jsp,Human,0.9985
https://www.chase.com/business/knowledge-center/grow/value-your-biz,Human,0.9995
https://www.chase.com/digital/customer-service/helpful-tips/business-banking/security/add-users-assign-rights,Human,0.9927
https://www.chase.com/personal/banking/education/basics/can-a-teenager-open-a-bank-account,Human,1
https://www.chase.com/personal/banking/education/basics/how-to-wire-money,Human,0.9995
https://www.chase.com/personal/checking/high-school-checking,Human,0.9995
https://www.chase.com/personal/credit-cards/amazon/earn-rewards,Human,0.998
https://www.chase.com/personal/investments/learning-and-insights/article/social-security-rules-for-married-and-divorced-people,Human,0.9941
https://www.chausa.org/advocacy/resources/policy-briefs/accessible-and-affordable-health-care-for-everyone,Human,0.9863
https://www.cheatsheet.com/news/kim-kardashian-katy-perry-jared-kushner-guests-rumored-jeff-bezos-10-million-wedding.html,Human,0.999
https://www.cheatsheet.com/news/liev-schreiber-naomi-watts-divorced-after-11-years-together-pretend-in-love-chuck.html,Human,0.9995
https://www.cheatsheet.com/news/squid-game-age-rating-parental-guide-violent-show.html,Human,0.9917
https://www.chefsuccess.com/threads/can-you-put-a-pizza-stone-on-the-bbq.61301,Human,0.9995
https://www.chefsuccess.com/threads/how-do-i-adjust-cooking-times-with-a-pizza-stone-for-the-perfect-crust.79988,Human,1
https://www.chegg.com/homework-help/questions-and-answers/23-following-organic-material-select-functional-group-required-blocks-think-compound-speci-q247705262,Human,0.998
https://www.chegg.com/homework-help/questions-and-answers/b-ti-84-calculator-calculates-derivative-function-point-numerically-shows-f-x-x-f-0-0-uses-q50973655,Human,0.9985
https://www.chegg.com/homework-help/questions-and-answers/convinced-boss-need-increase-cooperation-across-apartments-web-project-assigned-lead-succe-q247723636,Human,0.9985
https://www.chegg.com/homework-help/questions-and-answers/cvp-graph-break-even-point-point-contribution-margin-line-crosses-total-cost-line-target-s-q103189081,Human,0.9976
https://www.chegg.com/homework-help/questions-and-answers/following-collisions-examples-perfectly-inelastic-collisions-select-apply-golf-club-hittin-q230516407,Human,0.9985
https://www.chegg.com/homework-help/questions-and-answers/following-statements-knowledge-workers-false-currently-comprise-95-us-workforce-b-expected-q92916806,Human,0.9976
https://www.chegg.com/homework-help/questions-and-answers/following-statements-knowledge-workers-true--compensation-tailored-knowledge-workers-b-kno-q131424112,Human,0.9888
https://www.chegg.com/homework-help/questions-and-answers/following-statements-true-knowledge-workers--generally-limited-employment-opportunities-co-q51043499,Human,0.9995
https://www.chegg.com/homework-help/questions-and-answers/foreign-exchange-market-initially-equilibrium-point-o-suppose-authorities-liberalize-forei-q247711412,Human,0.999
https://www.chegg.com/homework-help/questions-and-answers/little-toe-big-toe--1-superior-2-lateral-3-anterior-4-proximal-5-deep-6-posterior-q247712593,Human,0.9961
https://www.chegg.com/homework-help/questions-and-answers/mastery-problem-cvp-analysis-constructing-cost-volume-profit-chart-cvp-analysis-contributi-q48041335,Human,0.9971
https://www.chegg.com/homework-help/questions-and-answers/one-calculate-schedule-variance--earned-value-planned-value-b-earned-value-actual-cost-c-e-q36386678,Human,0.9951
https://www.chemeketa.edu,Human,0.9941
https://www.chemspider.com,Human,0.9873
https://www.chesterfield.gov,Human,0.999
https://www.chesterfield.gov/236/utilities,Human,0.9976
https://www.chesterfield.gov/448/account-management---pay-my-bill,Human,0.9995
https://www.chesterfieldschools.org,AI,0.9155
https://www.chhs.colostate.edu/krnc/monthly-blog/is-rice-good-for-you,Human,0.9829
https://www.chicagotribune.com/2021/01/17/how-long-does-a-tempur-pedic-mattress-last,Human,0.9917
https://www.childrensmercy.org/departments-and-clinics/gastroenterology/constipation-and-encopresis/family-guide-to-childhood-constipation,Human,0.9995
https://www.childrensmercy.org/departments-and-clinics/heart-center/champ,Human,0.9985
https://www.childrensmn.org/educationmaterials/childrensmn/article/15752/propofol-diprivan-for-sedation,Human,0.9937
https://www.childrensmn.org/educationmaterials/parents/article/8322/pubic-lice-crabs,Human,0.9951
https://www.childressfabrics.com/post/why-the-chesterfield-style-sofa-is-so-popular,AI,0.9995
https://www.chilipeppermadness.com/preserving-chili-peppers/dehydrating-peppers,Human,0.9985
https://www.chilipeppermadness.com/recipes/nacho-cheese-sauce-recipe,Human,0.9961
https://www.chilipeppermadness.com/recipes/peppercorn-sauce,Human,0.9976
https://www.chipcookies.co,Human,0.999
https://www.chiropractictucker.com/having-hip-pain-while-walking,Human,0.9995
https://www.chmeetings.com/top-church-leadership-roles-and-responsibilities,Human,0.9995
https://www.choosingtherapy.com/bipolar-disorder-signs-symptoms,AI,0.9961
https://www.choosingtherapy.com/how-to-love-yourself,AI,0.6699
https://www.choosingtherapy.com/thought-disorder,AI,1
https://www.chowdownmovie.com/how-old-was-darth-vader-when-he-died,AI,1
https://www.chrishowlett.me/chris_howlett/2015/05/jesus-trail-nazareth-to-cana.html,Human,0.999
https://www.christianitytoday.com,Human,0.978
https://www.christineburke.com,Human,1
https://www.chunkbase.com/apps/nether-fortress-finder,Human,0.999
https://www.churchleadership.com,Human,0.9961
https://www.churchofjesuschrist.org/study/scriptures/ot,Human,0.9971
https://www.churchtimes.co.uk/articles/2025/27-june/features/features/the-case-for-the-festival-church,Human,1
https://www.ci.richmond.ca.us/list.aspx,Human,0.9995
https://www.cincinnati.com/story/entertainment/2025/06/21/how-to-keep-deer-rabbits-squirrels-out-of-garden/84166053007,Human,1
https://www.cinderly.com/posts/use-stickers-imessage,Human,0.9976
https://www.cio.com/article/220233/7-signs-youre-ready-to-hire-a-career-coach-and-3-signs-youre-not.html,Human,0.999
https://www.cio.com/article/409828/top-16-microsoft-azure-certifications-to-expedite-your-it-career.html,Human,0.999
https://www.cirquedusoleil.com,Human,0.9971
https://www.citethisforme.com,Human,0.9956
https://www.cityheadshots.com/blog/pilot-season,Human,0.9927
https://www.cityheadshots.com/blog/when-is-pilot-season,Human,0.9985
https://www.clarionledger.com,Human,0.9951
https://www.cleanandscentsible.com/how-to-declutter-and-organize-any-space,Human,1
https://www.cleantalk.co.uk/threads/sealing-a-slate-floor.7753,Human,1
https://www.clearme.com/member-terms,Human,0.999
https://www.clearscore.com,Human,1
https://www.clearscore.com/za,Human,0.9995
https://www.clevelandcable.com/cable-calculator,Human,0.9946
https://www.clevelandcliffs.com,Human,0.9937
https://www.clinique.com/skin-school-blog/how-to/best-eyeshadow-for-blue-eyes,Human,0.9971
https://www.clippingpathsource.com/blogs/tips/mastering-the-art-of-light-a-deep-dive-into-natural-light-photography,AI,1
https://www.closettcandyy.ca/post/how-to-recycle-clothes-that-can-t-be-repaired-donated-or-resold,Human,0.9995
https://www.cloudfuze.com/how-to-revoke-sharing-permissions-of-a-sharepoint-file,Human,0.9995
https://www.cloudthat.com/resources/blog/demystifying-azure-certification-a-comprehensive-guide,Human,0.978
https://www.cloudthat.com/resources/blog/how-to-get-azure-certified-in-2024-a-comprehensive-guide,Human,0.9399
https://www.cmadocs.org/newsroom/news/view/articleid/28113/coding-corner-july-2019-hcpcs-code-updates-for-drugs-and-biologicals,Human,0.9995
https://www.cmcwic.org/en-us/about-us/blog/how-to-prevent-anemia,AI,1
https://www.cmru.ca/2023/12/29/the-isolation-caused-by-technology,Human,1
https://www.cnn.com/2016/02/22/health/reason-why-cold-hands,Human,0.999
https://www.cnn.com/2016/09/27/entertainment/naomi-watts-liev-schreiber-split,Human,0.999
https://www.cnn.com/2017/05/14/asia/china-xian-one-belt-one-road-silk-road,Human,0.9995
https://www.cnn.com/2019/02/21/health/leprosy-cases-study,Human,0.999
https://www.cnn.com/2021/10/24/entertainment/squid-game-children-netflix-wellness-cec,Human,0.999
https://www.cnn.com/2022/07/02/health/abortion-myths-mental-health-wellness,Human,0.9995
https://www.cnn.com/2023/01/16/politics/martin-luther-king-jr-polling-analysis,Human,0.999
https://www.cnn.com/2023/02/16/health/covid-19-infection-immunity,Human,0.998
https://www.cnn.com/2023/08/28/business/amazon-raises-shipping-minimum,Human,0.998
https://www.cnn.com/2023/09/27/health/new-hot-flash-science-wellness,Human,0.9985
https://www.cnn.com/2023/11/23/sport/drew-brew-arm-nfl-spt-intl,Human,0.9985
https://www.cnn.com/2023/12/19/economy/economy-fed-recession,Human,0.9985
https://www.cnn.com/2024/02/09/health/delta-8-thc-cannabis-wellness,Human,0.998
https://www.cnn.com/2024/03/18/health/havana-syndrome-studies,Human,0.9976
https://www.cnn.com/2025/01/10/politics/new-evidence-havana-syndrome,Human,0.9971
https://www.cnn.com/2025/04/04/investing/stock-market-dow-tariffs,Human,0.998
https://www.cnn.com/2025/04/16/health/shingles-vaccine-dementia-prevention-wellness,Human,0.9985
https://www.cnn.com/2025/05/08/politics/joe-biden-jill-biden-view-interview-takeaways,Human,0.9985
https://www.cnn.com/2025/05/09/health/shingles-heart-disease-vaccine-shots-wellness,Human,0.9985
https://www.cnn.com/2025/06/24/business/video/the-lead-gas-iran-oil-donald-trump-us-war-strike-attack,Human,0.9956
https://www.cnn.com/2025/06/25/investing/stock-market-record-dow,Human,0.9971
https://www.cnn.com/2025/06/26/economy/us-gdp-q1-final,Human,0.999
https://www.cnn.com/videos/health/2023/01/23/what-is-snoring-lbb-orig.cnn,Human,0.999
https://www.codefnn.com/news-1/is-squid-game-appropriate-for-kids,Human,0.9995
https://www.codewithc.com/forums/topic/what-is-a-python-function,AI,1
https://www.coffeeandchlorophyll.com/blog/2020hummingbirdmigration,Human,0.9995
https://www.coginiti.co/tutorials/beginner/add-a-column,Human,0.9971
https://www.coinflation.com,Human,0.9834
https://www.collaboratedconsulting.org/post/how-to-successfully-use-champs-classroom-management-in-6-12th-grade-math,Human,1
https://www.collinsdictionary.com/us/dictionary/english/ccp,Human,0.9966
https://www.commercialrealestate.loans/capitalization-rate-calculator,Human,0.9819
https://www.commercialrealestate.loans/commercial-real-estate-glossary/cap-rates-in-commercial-real-estate,Human,0.9922
https://www.commonsensemedia.org/tv-reviews/squid-game,Human,0.998
https://www.commonsensemedia.org/tv-reviews/squid-game-the-challenge/user-reviews/child,Human,0.998
https://www.commonsensemedia.org/tv-reviews/squid-game/user-reviews/adult,Human,0.9971
https://www.commonsensemedia.org/tv-reviews/squid-game/user-reviews/child,Human,0.9971
https://www.commonsensemedia.org/videos/squid-game-tv-review,Human,0.9917
https://www.communitybible.com,AI,0.6357
https://www.compassion.com/stories/god-is-love.htm,Human,0.9824
https://www.compress2go.com,Human,0.9941
https://www.computerlanguage.com/results.php,Human,0.9902
https://www.computerworld.com/article/1669098/where-do-browsers-stand-on-flashs-impending-demise.html,Human,0.999
https://www.computerworld.com/article/1682225/windows-10-a-guide-to-the-updates.html,Human,0.9966
https://www.computerworld.com/article/3603716/use-phone-as-webcam-windows.html,Human,0.998
https://www.computerworld.com/article/3827205/onedrive-windows.html,Human,0.9985
https://www.computerworld.com/video/4011945/online-learning-whats-next-for-higher-education-skills-training.html,Human,0.9985
https://www.congress.gov/bill/111th-congress/house-bill/3200,Human,0.998
https://www.connecthear.org/post/10-easy-tips-for-communicating-with-deaf-people,Human,1
https://www.constellation.com/energy-101/energy-efficiency-tips/economical-ways-to-heat-pool.html,Human,0.9858
https://www.consumeraffairs.com/finance/average-american-debt-statisitics.html,Human,0.9995
https://www.contentcamel.io/how-to-reduce-file-size-of-pdf,Human,1
https://www.contractscounsel.com/b/contract-lawyer,Human,0.999
https://www.contractscounsel.com/b/what-is-a-contract-lawyer,Human,0.9995
https://www.coopers-seafood.com/how-to-boil-lobster-tails,Human,0.999
https://www.copdfoundation.org/copd360social/community/questions-and-answers/pneumonia-recovery.aspx,Human,0.9946
https://www.corvetteforum.com/forums/autocrossing-and-roadracing/3479187-alignment-toe-out-or-degrees.html,Human,0.999
https://www.corvetteforum.com/forums/c3-tech-performance/4252003-bleed-air-from-a-c-manifold-gauge-set-and-using-self-sealing-r134-cans.html,Human,0.9995
https://www.corvetteforum.com/forums/c3-tech-performance/4761634-where-to-measure-toe-in.html,Human,0.999
https://www.corvetteforum.com/forums/c3-tech-performance/4932878-help-diagnosing-brake-issue.html,Human,0.999
https://www.countryforcity.com/posts/flower-boxes-or-the-battle-with-the-chipmunks,Human,1
https://www.countyofglenn.net/resources/environment/department-toxic-substances-control-dtsc,Human,0.9854
https://www.courthousenews.com/french-woman-who-burned-grandfather-alive-faces-life-sentence,Human,0.998
https://www.courthousenews.com/justices-side-with-bank-robbers-seeking-new-sentences-under-reform-law,Human,0.9995
https://www.cplegacy.com,Human,0.9946
https://www.cpr.org/2025/06/25/colorado-weather-rain-amount-to-avert-wildfire,Human,0.9956
https://www.craftmensclinic.com/blog/cbd-oil-for-erectile-dysfunction,Human,0.9995
https://www.creative-photographer.com/natural-light-portraits,Human,0.9995
https://www.creativeuniondesign.com/blog/16-best-bridal-shower-favors,Human,1
https://www.credit.com/blog/how-to-clean-credit-report,Human,0.9902
https://www.creditkarma.com,Human,0.9917
https://www.creditkarma.com/calculators/credit-cards/debt-repayment,Human,0.9917
https://www.creditkarma.com/financial-planning/i/how-to-plan-for-recession,Human,0.9917
https://www.creeklinehouse.com/diy-homemade-fabric-softener-for-just,Human,0.9995
https://www.criminalip.io,Human,0.9873
https://www.crossrivertherapy.com/autism/is-barron-trump-autistic,AI,0.5498
https://www.crossrivertherapy.com/autism/medication,AI,1
https://www.crunchyroll.com/series/g6zjmgexy/fruits-basket,AI,1
https://www.crystalstorms.me/8-reasons-shower-husband,Human,0.9995
https://www.cscc.edu/academics/college-credit-plus/parents.shtml,Human,0.9985
https://www.csu.edu/continuingeducation/microsoft_azure.htm,Human,0.9956
https://www.ctm.co.za,Human,0.9961
https://www.cuemath.com/calculus/constant-of-integration,Human,0.9966
https://www.cuemath.com/numbers/whole-numbers,Human,0.9966
https://www.cuemath.com/numbers/whole-numbers-from-1-to-100,Human,0.9897
https://www.cuofamerica.com/news/where-to-put-money-during-a-recession,Human,0.9995
https://www.curseforge.com/minecraft/mc-mods/stalwart-dungeons,Human,0.9971
https://www.curseforge.com/minecraft/mc-mods/yungs-better-nether-fortresses,Human,0.9868
https://www.curtainstudio.co.nz/how-to-measure-for-curtains,Human,0.9995
https://www.customguide.com/excel/concatenate-excel,Human,0.9985
https://www.customguide.com/excel/excel-formula-error,Human,0.9941
https://www.customguide.com/excel/how-to-add-a-column-to-a-table-in-excel,Human,0.9976
https://www.customguide.com/excel/how-to-make-a-graph-in-excel,Human,0.9951
https://www.customguide.com/excel/how-to-move-cells-in-excel,Human,0.9985
https://www.customguide.com/onedrive/save-office-files-to-onedrive,Human,0.999
https://www.customguide.com/onenote/how-do-i-stop-sharing-a-onenote-notebook,Human,0.9985
https://www.cutwaterspirits.com,Human,0.9995
https://www.cvmus.com/vascular-procedures/angiogram-procedure-what-expect-and-faq,AI,1
https://www.cybertruckownersclub.com/forum/threads/how-does-tesla-decide-where-to-install-superchargers.3485,Human,0.999
https://www.cyracom.com/deaf-hard-of-hearing-communication,Human,0.6641
https://www.dailymail.co.uk/femail/article-14842593/lauren-sanchezs-wedding-look-revealed-bride-bes-glam-squad-includes-dolce-gabbana-exec-drag-queen-tailor-make-artist-specialises-babydoll-style.html,Human,0.998
https://www.dailymail.co.uk/health/article-14163219/causes-havana-syndrome-revealed.html,Human,0.9932
https://www.dailymail.co.uk/health/article-14846819/women-think-bed-wives-rank-partners-penis-length-girth.html,Human,0.9951
https://www.dailymail.co.uk/news/article-2718400/ever-wondered-hitler-got-strange-moustache-emmy-nominated-series-the-world-wars-sheds-new-light-conflicts-defined-20th-century.html,Human,0.9985
https://www.dailymail.co.uk/tvshowbiz/article-14844311/beyonc-commands-attention-double-denim-arrives-hand-hand-husband-jay-z-row-seats-saint-laurent-menswear-pfw.html,Human,0.9971
https://www.dailymail.co.uk/tvshowbiz/article-3835330/reports-claim-naomi-watts-split-liev-schreiber-wanted-travel-world-attend-events.html,Human,0.9995
https://www.dailymail.co.uk/tvshowbiz/article-4528808/naomi-watts-reflects-shock-split-liev-schreiber.html,Human,0.9961
https://www.dailymotion.com/video/x2aopos,Human,0.9976
https://www.dailymotion.com/video/x9g6e9c,AI,0.9966
https://www.dailymotion.com/video/x9jis3q,Human,1
https://www.dailymotion.com/video/x9lib76,Human,0.9756
https://www.dailymotion.com/video/x9libfe,Human,0.9985
https://www.dailymotion.com/video/x9lx636,Human,0.999
https://www.dailymotion.com/video/x9ly77i,Human,0.9937
https://www.dailymotion.com/video/x9ly9du,Human,0.9995
https://www.dailystory.com/blog/6-ways-you-can-collect-email-addresses-without-a-website,Human,1
https://www.daltile.com,Human,0.9985
https://www.dammannsgardenco.com/blog/how-to-keep-rabbits-out-of-your-garden,Human,0.998
https://www.dataforprogress.org/blog/2022/1/26/democratic-socialism-and-socialism-are-increasingly-salient-among-democrats,Human,0.999
https://www.datalabsagency.com/2016/04/11/excel-data-visualisation-artwork,Human,0.9995
https://www.davestravelcorner.com/journals/destination-africa/5-ways-to-support-mountain-gorilla-conservation,Human,1
https://www.dbsalliance.org,Human,0.9814
https://www.deafumbrella.com/post/2019/05/06/tips-for-a-deaf-friendly-home-deaf-awareness-week-2019,Human,0.9995
https://www.deafumbrella.com/post/deaf-friendly-communication-guide,AI,1
https://www.deafumbrella.com/post/effective-communication-deaf-people,Human,0.9995
https://www.decatur.de/javascript/dew,Human,0.9761
https://www.defenseworld.net/2025/06/26/sg-americas-securities-llc-boosts-stock-position-in-bjs-restaurants-inc-nasdaqbjri.html,Human,0.9976
https://www.dekalbcountyga.gov/watershed-management/payment-information,Human,0.9907
https://www.dellrefurbished.com/laptops,Human,0.9702
https://www.deloitte.com/global/en/issues/work/genz-millennial-survey.html,Human,0.9741
https://www.delreychurch.com/who-we-are/church-leadership,Human,0.9995
https://www.delta.com/us/en/pet-travel/overview,Human,0.9966
https://www.deltadentalct.com/blog/entry/2022/can-you-reverse-receding-gums,Human,0.998
https://www.deltadentalnj.com/blog/entry/2019/can%20you%20reverse%20receding%20gums,Human,0.999
https://www.deltadentalvablog.com/2022/12/can-you-reverse-receding-gums,Human,0.9995
https://www.deltanews.tv/news/national/court-blocks-trump-ev-charger-funding-hold/article_72c9b9b4-1148-5c04-a97a-9adef8030279.html,Human,0.9976
https://www.deltanews.tv/news/national/gop-subpoenas-jill-biden-work-husband-to-testify-on-bidens-fitness/article_c0665f4d-8759-5f90-a381-e48237ab0359.html,Human,0.9995
https://www.dentalfearcentral.org/forum/threads/extractions-how-soon-is-it-ok-to-drink-coffee-m.8513,Human,0.9995
https://www.dentalfearcentral.org/forum/threads/how-badly-should-i-be-freaking-out-about-noticeably-receded-gums.32348,Human,0.9995
https://www.dentalfearcentral.org/forum/threads/what-to-eat-when-you-can%e2%80%99t-bite.24691,Human,1
https://www.dentalhealth.org/burning-mouth-syndrome,Human,0.9995
https://www.dentalhealth.org/news/promising-new-treatment-could-regenerate-gum-tissue-and-prevent-tooth-loss,Human,0.9995
https://www.dentistcorpuschristitexas.com/the-dangers-of-an-abscessed-tooth,Human,0.9995
https://www.denvaxindia.com/blog/low-hemoglobin-causes-symptoms-diet-tips-to-boost-it-naturally,Human,0.9995
https://www.destructoid.com/fortnite-codes,Human,0.999
https://www.destructoid.com/riot-games-disappointed-in-employees-response-to-league-of-legends-legacy-fan-project,Human,0.9995
https://www.detroitnews.com/story/life/home-garden/blogs/gardening/2023/09/13/gorgeous-morning-glories-vines-provide-fresh-color-to-your-fall-garden/70834888007,Human,0.9995
https://www.developmenteducationreview.com/issue/issue-24/role-economic-citizenship-education-advancing-global-citizenship,Human,0.9995
https://www.developmenteducationreview.com/issue/issue-33/role-global-citizens-today%e2%80%99s-world,Human,0.9995
https://www.diabetes.org.uk/living-with-diabetes/eating/i-have-type-2-diabetes,Human,0.9995
https://www.diabetes.org.uk/living-with-diabetes/eating/what-is-a-healthy-balanced-diet,Human,0.9995
https://www.dictionary.com/browse/as%20such,Human,0.9971
https://www.dictionary.com/browse/ccp,Human,0.999
https://www.dictionary.com/browse/champ,Human,0.998
https://www.dictionary.com/browse/chesterfield,Human,0.9976
https://www.dictionary.com/browse/control-variable,Human,0.998
https://www.dictionary.com/browse/employee,Human,0.999
https://www.dictionary.com/browse/maintenance,Human,0.9985
https://www.dictionary.com/browse/methane,Human,0.998
https://www.dictionary.com/browse/mono,Human,0.9927
https://www.dictionary.com/browse/notch,Human,0.9976
https://www.dictionary.com/browse/notch-baby,Human,0.9941
https://www.dictionary.com/compare-words/waxing-moon-vs-waning-moon,Human,0.9971
https://www.dictionary.com/e/homogeneous-vs-heterogeneous,Human,0.9775
https://www.dictionary.com/e/horoscope-meaning,Human,0.9995
https://www.didsburydentalpractice.dentist/blog/can-i-drink-coffee-after-tooth-extraction,Human,0.999
https://www.didsburydentalpractice.dentist/blog/what-happens-to-the-abscess-after-tooth-extraction,Human,0.873
https://www.differencebetween.info/difference-between-waxing-and-waning,Human,0.9785
https://www.digipixinc.com/blogs/technology/how-to-check-the-graphics-card-in-windows-11,Human,0.9912
https://www.digitalcitizen.life/add-remove-icons-taskbar-windows-11,Human,0.9937
https://www.digitalcitizen.life/how-determine-what-version-windows-7-you-have,Human,0.9893
https://www.digitalcitizen.life/move-windows-11-start-menu-left,Human,0.9341
https://www.digitalcitizen.life/turn-android-smartphone-webcam-windows,Human,0.9951
https://www.digitalcitizen.life/what-version-edition-type-windows-10-have-installed,Human,0.98
https://www.dischem.co.za/articles/post/how-to-use-a-blood-pressure-monitor,Human,0.9995
https://www.discounttirecenters.com/specials,Human,0.9995
https://www.discoverchampions.com,Human,0.9995
https://www.discoveryeducation.com,Human,0.999
https://www.diskgenius.com,AI,1
https://www.disneytouristblog.com/inside-disney-worlds-historic-backstage-building-that-mightve-doomed-muppetvision,Human,0.998
https://www.distancede.com/distance-entre-nazareth-et-cana-liban/histoirededistance/2005324.aspx,Human,0.9829
https://www.distancesfrom.com/distance-from-nazareth-to-cana-israel/distancehistory/1970485.aspx,Human,0.998
https://www.dlkgroup.com/post/unleashing-your-inner-macgyver-tips-for-gen-z-s-to-be-resourceful-in-the-workplace,AI,1
https://www.dmacc.edu,Human,0.9985
https://www.dnadentalstudio.com/can-i-drink-tea-and-coffee-after-tooth-extraction,AI,1
https://www.docsity.com/en/docs/ippsa-exam-questions-with-100percent-correct-answers-2024/11573788,Human,0.9995
https://www.docuseal.com,Human,1
https://www.docwirenews.com/post/what-to-eat-to-prevent-anemia,Human,0.9985
https://www.dodge.com,Human,0.999
https://www.doi.gov/budget/appropriations,Human,0.9976
https://www.doinggoodtogether.org/bhf/blog/10-simple-ways-to-do-good-with-your-family,Human,0.9995
https://www.doityourself.com/forum/carpentry-cabinetry-interior-woodworking/609895-question-about-wall-cabinet-runs-screw-together-before-after-mounting-wall.html,Human,0.9946
https://www.doityourself.com/forum/designing-kitchens-bathrooms/118563-caulking.html,Human,0.998
https://www.doityourself.com/forum/plumbing-piping/17722-toilet-runs-every-5-10-min-30-secs.html,Human,0.998
https://www.doityourself.com/forum/toilets-sinks-showers-dishwashers-tubs-garbage-disposals/574136-how-properly-caulk-bathtub.html,Human,0.9956
https://www.doityourself.com/forum/wall-flooring-indoor-tiling/382915-slate-tile-cleaning-resealing.html,Human,0.9907
https://www.doityourself.com/forum/wall-flooring-indoor-tiling/405204-poll-wet-tile-walked-after-5-6-hours.html,Human,0.9932
https://www.doityourself.com/forum/wall-flooring-indoor-tiling/43993-porcelain-tile-when-can-walk.html,Human,0.9995
https://www.doityourself.com/forum/wall-flooring-indoor-tiling/565686-sand-mix-hardening.html,Human,0.9849
https://www.doityourself.com/stry/how-do-you-flush-out-an-auto-ac-system,Human,0.9927
https://www.doityourself.com/stry/how-to-seal-slate-flooring-tiles,Human,0.9849
https://www.doityourself.com/stry/toilet-runs-every-5-10-minutes-for-30-seconds,Human,0.9746
https://www.dol.gov/general/aboutdol/history/coalstrike,Human,0.9946
https://www.dol.gov/general/topic/unemployment-insurance,Human,0.9961
https://www.dolldivine.com/how-to-run-flash-player.php,Human,1
https://www.domesticpolicycaucus.com,Human,0.9995
https://www.domino.com/content/what-is-a-box-spring,Human,1
https://www.dontpayfull.com/explore/amazon-free-shipping,Human,0.8804
https://www.douglas-budget.com/lifestyles/health/article_d65ded8e-692c-5011-9e37-dea3d9dcec5b.html,Human,0.9971
https://www.dougresler.com/main-blog/tag/psalms,Human,0.999
https://www.drjeffreysthompson.com/blog/im-told-i-snore-loudly-could-i-have-sleep-apnea,Human,0.9502
https://www.drtimsaquatics.com/resources/fishless-cycling,Human,0.998
https://www.dshs.texas.gov/hansens-disease-leprosy,Human,0.9966
https://www.dshs.texas.gov/hivstd/info/pubic-lice,Human,0.9985
https://www.duetdisplay.com,Human,0.9995
https://www.dwellcc.org/essays/chronological-study-pauls-ministry,Human,0.999
https://www.dwellcc.org/essays/leadership-and-authority-church,Human,1
https://www.dynamed.com/condition/pubic-lice-and-body-lice,Human,0.9497
https://www.dynamed.com/condition/serum-osmolal-gap,Human,0.9497
https://www.dynaparqps.com,Human,0.5029
https://www.dyslexiauk.co.uk/revision-skills-and-techniques-for-learners-with-dyslexia,AI,1
https://www.e-education.psu.edu/earth109/node/870,Human,0.9995
https://www.e-education.psu.edu/ebf200/node/192,Human,0.9976
https://www.e-education.psu.edu/ebf200/node/266,Human,1
https://www.e-education.psu.edu/fsc432/content/natural-gas-composition-and-specifications,Human,0.999
https://www.e-education.psu.edu/fsc432/content/natural-gas-liquids,Human,0.999
https://www.eaglebrookchurch.com/media/past-messages/loss-of-leadership,Human,0.9868
https://www.earthdepot.com/how-to-harden-fill-dirt,AI,1
https://www.easybib.com,Human,0.9951
https://www.easymapmaker.com,Human,0.999
https://www.eatwithcarmen.com/how-to-store-miso-paste,AI,0.9995
https://www.eazypeazymealz.com/lobster-how-to-cook-lobster-tail,Human,0.9985
https://www.echolive.ie/wow/arid-41654447.html,Human,0.9927
https://www.echolive.ie/wow/arid-41654456.html,Human,0.9966
https://www.edaboard.com/threads/how-to-calculate-ac-power-by-cadence.407968,Human,0.9995
https://www.education.vic.gov.au/school/teachers/teachingresources/discipline/science/continuum/pages/bodysystem.aspx,Human,1
https://www.eeoc.gov/employers/small-business/employee-rights,Human,0.9985
https://www.eeoc.gov/wysk/what-you-should-know-about-pregnant-workers-fairness-act,Human,0.9985
https://www.efi.com,Human,0.812
https://www.eicatholic.org/post/the-conversion-of-paul-change-sacraments-and-mission,Human,0.9995
https://www.elcaminohealth.org/stay-healthy/blog/gallbladder-attacks-what-you-should-know,Human,0.9985
https://www.electricalsafetyfirst.org.uk/amps-to-watts-calculator,Human,0.999
https://www.electrifyamerica.com,Human,0.9951
https://www.electrifying.com/blog/knowledge-hub/how-to-charge-a-non-tesla-at-a-tesla-supercharger,Human,1
https://www.elevenforum.com/t/any-way-to-change-background-color-of-restart-and-shutdown-screens-yet.23738,Human,0.999
https://www.elevenforum.com/t/archiving-in-new-outlook.20881,Human,0.999
https://www.elevenforum.com/t/change-administrator-name.31867,Human,0.9985
https://www.elevenforum.com/t/chat-icon-on-taskbar.16041,Human,0.999
https://www.elevenforum.com/t/compress-hard-drive.19249,Human,0.9937
https://www.elevenforum.com/t/disable-show-more-options-context-menu-in-windows-11.1589,Human,0.9985
https://www.elevenforum.com/t/enabling-secure-boot.36079,Human,0.999
https://www.elevenforum.com/t/find-gpu-or-graphics-card-specs-in-windows-11.8439,Human,0.9985
https://www.elevenforum.com/t/force-files-saves-to-onedrive.10601,Human,0.9976
https://www.elevenforum.com/t/hop-to-stop-microsoft-defender-temporarily.31430,AI,0.9897
https://www.elevenforum.com/t/how-do-i-move-the-taskbar-from-the-bottom-edge-to-the-left-edge.21354,Human,0.9893
https://www.elevenforum.com/t/how-do-i-move-the-taskbar.18029,Human,0.9985
https://www.elevenforum.com/t/how-do-you-tell-it-what-graphics-card-to-use-in-windows-11.6209,Human,0.9995
https://www.elevenforum.com/t/how-to-unpin-search-desktop-widget-and-chat-icons-from-taskbar.4388,Human,0.9961
https://www.elevenforum.com/t/is-it-possible-to-change-the-username-to-admin.10580,Human,0.9971
https://www.elevenforum.com/t/make-default-save-folders-on-pc-but-syncing-with-onedrive-cloud.20091,Human,0.998
https://www.elevenforum.com/t/need-help-resolving-this-pop-up.37380,Human,0.999
https://www.elevenforum.com/t/regarding-laptop-charging.15743,Human,0.9995
https://www.elevenforum.com/t/share-onedrive-files-and-folders-in-windows-11.12586,Human,0.9966
https://www.elevenforum.com/t/stop-sharing-onedrive-files-and-folders-in-windows-11.12592,Human,0.9966
https://www.elevenforum.com/t/xbox-game-bar-keeps-crashing.37363,Human,0.9995
https://www.elevenforum.com/t/zip-compress-files-and-folders-in-windows-11.8235,Human,0.9961
https://www.elgaronline.com/abstract/9781800883147.00016.xml,Human,0.9961
https://www.ellevatenetwork.com/articles/8391-planning-to-be-proactive-instead-of-reactive,Human,0.999
https://www.elmajdal.net/win11/how-to-move-taskbar-to-top-or-sides-in-windows-11,AI,1
https://www.emailtooltester.com/en/blog/how-to-build-an-email-list,Human,0.9829
https://www.empire.ca/node/12426,Human,0.9937
https://www.employeeconnect.com/upskilling-workplace-stay-competitive,Human,0.9995
https://www.eng-tips.com/threads/calculate-the-dew-point-of-natural-gas-if-i-know-the-composition.53663,Human,0.9995
https://www.englishalex.com/post/how-to-use-so-and-such-in-english-rules-and-common-word-combinations-audio-included,Human,0.999
https://www.enotes.com/topics/fahrenheit-451/questions/what-does-the-sun-represent-in-ray-bradbury-s-662994,Human,0.9956
https://www.enotes.com/topics/history/questions/what-was-jesus-christs-occupation-exactly-184333,Human,0.9902
https://www.enotes.com/topics/new-moon/questions/new-moon-film-there-number-instances-where-word-118877,Human,0.999
https://www.enotes.com/topics/twelfth-night/act-scene-summaries,Human,0.9951
https://www.enotes.com/topics/twelfth-night/quotes/quotes-context,Human,0.9941
https://www.entconsultants.net/how-to-adjust-to-hearing-your-own-voice-with-hearing-aids,Human,0.9985
https://www.epa.gov/ghgemissions/carbon-dioxide-emissions,Human,0.998
https://www.epa.gov/mold/can-mold-cause-health-problems,Human,0.999
https://www.epa.gov/mold/mold-and-health,Human,0.999
https://www.epfl.ch/schools/enac/about/diversity-office/inclusive-language,Human,0.999
https://www.ericandleandra.com/2012/05/11/israel-2012-galilee-part-1-cana-and-nazereth,Human,1
https://www.ers.ga.gov,Human,0.9995
https://www.esfcu.org,Human,0.9946
https://www.espn.com/nfl/player/_/id/2580/drew-brees,Human,0.9941
https://www.espn.com/nfl/player/stats/_/id/2580/drew-brees,Human,0.9658
https://www.espn.com/nfl/story/_/id/28465916/bill-cowher-elected-pro-football-hall-fame-centennial-class,Human,0.999
https://www.espn.com/rugby/story/_/id/45550791/british-irish-lions-finn-russell-laughs-talk-johnny-sexton-feud,Human,0.9985
https://www.estate-lawn.com/instructions/early-spring-crabgrass-preventer,Human,0.999
https://www.ethanchlebowski.com/kitchen-reports/are-san-marzano-tomatoes-actually-worth-it,Human,1
https://www.etonline.com/media/videos/exclusive_liev_schreiber_and_naomi_watts_have_split_after_11_years_together-199020,Human,0.998
https://www.etui.org/publications/editorial-banning-glyphosate-matter-democracy,Human,0.9995
https://www.eui.eu/servicesandadmin/computingservice/software/guidezip,Human,1
https://www.eukhost.com/kb/how-to-compress-a-file-using-7-zip,Human,1
https://www.eukhost.com/kb/how-to-restrict-remote-desktop-rdp-access,Human,1
https://www.eurekalert.org/news-releases/642019,Human,1
https://www.eurocockpit.eu/campaign/wet-leasing-faults-flaws-call-action,Human,0.9995
https://www.evernow.com/learn/what-causes-hot-flashes,Human,0.9946
https://www.everydaycheapskate.com/food-items-to-stock-up-on-now,Human,0.9995
https://www.everydaycheapskate.com/uses-for-white-vinegar,Human,0.9912
https://www.evgo.com,Human,0.9995
https://www.ewg.org/foodscores/products/0021788916291-biscofflotusbiscoffcookies88oz,Human,0.9971
https://www.ewg.org/foodscores/products/021788516934-lotusbiscoffcookiebutter,Human,0.9966
https://www.excel-easy.com,Human,1
https://www.excelbeachservice.com/post/helpful-hints-for-the-beach-4-how-to-build-a-sandcastle,Human,0.999
https://www.exitlag.com/blog/best-graphic-settings-to-play-valorant,Human,0.9961
https://www.exitlag.com/blog/fortnite-codes-how-to-redeem-and-unlock-rewards,AI,1
https://www.exitlag.com/blog/fortnite-redeem-codes-for-free-rewards,AI,1
https://www.exoticindiaart.com/blog/what-are-the-different-types-of-buddha-statues-and-their-meanings,Human,0.9971
https://www.extension.iastate.edu/news/yard-and-garden-pre-emergence-crabgrass-control,Human,0.9995
https://www.eyesandhour.com/how-long-does-miso-last-in-the-fridge,Human,0.9995
https://www.ezyzip.com,AI,0.998
https://www.f-secure.com/gb-en/articles/8-signs-your-phone-has-a-virus-what-to-do-about-it,Human,0.9912
https://www.f150lightningforum.com/forum/threads/polite-and-easy-ways-to-charge-at-tesla-superchargers.14834,Human,0.9976
https://www.fa.ufl.edu/directives/account-code,Human,0.9951
https://www.facebook.com/photo.php,Human,0.9907
https://www.fairfieldsuntimes.com/arts_and_entertainment/health/genetic-tests-for-autism-intellectual-disability-not-being-done-on-medicaid-kids/article_f572fc82-2deb-520c-a2f9-c6d6aacc145b.html,Human,0.9985
https://www.fairobserver.com/history/my-memories-of-the-emergency-the-darkest-period-in-independent-indias-history,Human,0.9995
https://www.falconerelementary.com/apps/pages/index.jsp,Human,0.9897
https://www.familyhandyman.com/project/how-to-re-caulk-a-shower-or-bathtub,Human,0.9956
https://www.familyhandyman.com/project/how-to-stop-a-running-toilet,Human,0.9995
https://www.fatsecret.com/default.aspx,Human,0.9814
https://www.fdacs.gov/consumer-resources/recreation-and-leisure/aquarium-fish/aquarium-water-quality-nitrogen-cycle,Human,0.9897
https://www.fdacs.gov/consumer-resources/recreation-and-leisure/aquarium-fish/aquarium-water-quality-sources-of-water,Human,0.9897
https://www.fdic.gov,Human,0.8364
https://www.fdle.state.fl.us/forensics/disciplines/genetic-genealogy,Human,0.9995
https://www.fdle.state.fl.us/forensics/disciplines/genetic-genealogy/resource-historical-information.aspx,Human,0.9976
https://www.felinitycatcare.com/post/understanding-fur-mats,Human,1
https://www.ferrarichat.com/forum/threads/how-do-the-f1-teams-travel.32632,Human,0.9995
https://www.fhi.no/en/pe/skadedyrveilederen/lus/facts-about-pubic-lice-,Human,0.9937
https://www.files2zip.com,Human,0.9785
https://www.filmtvlaw.com/blog/2019/10/16/dates-for-tv-pitching-season-pilot-season-and-upfronts,Human,1
https://www.filmtvlaw.com/blog/2023/3/15/pilot-season-pitching-season-and-upfronts-for-2023,Human,0.999
https://www.financialplanningassociation.org/article/journal/jul11-expected-value-guaranteed-minimum-withdrawal-benefit-gmwb-annuity-rider,Human,0.9766
https://www.findinghealthychurch.com/why-is-church-leadership-important,Human,0.9922
https://www.finehomesandliving.com/beauty/7-ways-to-draw-attention-to-your-eyes-a-beauty-guru-approved-guide/article_210111e4-1d50-11ec-8871-1f17cfd5ece5.html,Human,0.9873
https://www.firecrawl.dev,Human,0.999
https://www.fishkeeper.co.uk/faq/how-long-do-i-need-to-leave-my-tropical-tank-before-i-can-add-my-first-fish,Human,0.9824
https://www.fishlore.com/aquariumfishforum/threads/how-long-do-i-wait-to-add-fish-to-my-new-tank.256399,Human,0.9995
https://www.fishlore.com/aquariumfishforum/threads/when-can-i-add-fish-to-my-new-tank.536174,Human,1
https://www.fleabites.net/how-to-use-dawn-dish-soap-for-fleas-on-dogs-and-cats,Human,0.9995
https://www.flhsmv.gov/motor-vehicles-tags-titles/personalized-specialty-license-plates/specialty-license-plates,Human,0.9673
https://www.flickr.com/photos/nationalarchives/51986236496,Human,0.9854
https://www.floridakidcare.org,Human,1
https://www.floridastateparks.org/parks-and-trails/henderson-beach-state-park,Human,0.9985
https://www.fluidlife.com/blog-power-of-leadership-and-communication,AI,0.9995
https://www.flyingmag.com/how-to-fly-with-a-cat,Human,0.9985
https://www.focusonkidspeds.com/pediatric-tips/the-importance-of-a-balanced-diet-for-kids,Human,0.9995
https://www.fodors.com/community/canada/how-do-you-keep-rabbits-from-eating-your-plants-in-the-garden-704181,Human,0.999
https://www.fodors.com/community/united-states/favorite-recipe-for-lobster-tails-577749,Human,0.9829
https://www.foodbloggersofcanada.com/everything-bloggers-need-to-know-about-nofollow-links,Human,0.9995
https://www.foodfaithfitness.com/menudo,Human,0.9956
https://www.foodsafety.gov/food-safety-charts/food-safety-during-power-outage,Human,0.9995
https://www.fooducate.com/community/post/biscoff-spread-not-a-viable-peanut-butter-alternative/57a33ff3-bc19-97a5-4080-a8269a97077a,Human,0.999
https://www.fool.com/investing/2025/06/21/dow-sp-500-nasdaq-going-to-plunge-forecast-answer,Human,0.9956
https://www.fool.com/investing/2025/06/25/2-dividend-stocks-to-double-up-on-right-now,Human,0.9951
https://www.fool.com/investing/how-to-invest/what-to-invest-in-recession,Human,0.9961
https://www.fool.com/investing/how-to-invest/what-to-invest-in/recession-proof-stocks,Human,0.9927
https://www.forbes.com/advisor/credit-cards/average-credit-card-debt,Human,0.9941
https://www.forbes.com/advisor/credit-cards/should-you-redeem-credit-card-rewards-for-amazon-spending,Human,0.9985
https://www.forbes.com/advisor/pet-insurance/pet-care/kennel-cough-bordetella-vaccine,Human,0.9956
https://www.forbes.com/councils/forbesagencycouncil/2020/12/11/evolutionary-branding-how-to-create-a-slogan-that-sells,Human,0.9956
https://www.forbes.com/councils/forbesbusinessdevelopmentcouncil/2023/09/05/the-power-of-effective-communication-in-leadership,Human,0.9971
https://www.forbes.com/councils/forbescoachescouncil/2022/07/08/how-to-deliver-constructive-feedback-to-your-manager,Human,0.9976
https://www.forbes.com/councils/forbescoachescouncil/2022/07/14/what-does-a-career-coach-do-eight-ways-they-may-be-able-to-help,Human,0.998
https://www.forbes.com/councils/forbescoachescouncil/2023/07/21/effective-communication-how-leaders-can-inspire-engage-and-succeed,Human,0.9971
https://www.forbes.com/councils/forbeshumanresourcescouncil/2024/08/01/20-benefits-of-a-career-coach-for-early-career-job-seekers,Human,0.998
https://www.forbes.com/councils/forbestechcouncil/2025/06/25/how-predictive-maintenance-supports-resilient-manufacturing,Human,0.9966
https://www.forbes.com/councils/theyec/2020/05/14/how-to-determine-what-your-business-is-worth-in-five-minutes-or-less,Human,0.9966
https://www.forbes.com/health/cbd/delta-8-vs-delta-9,Human,0.9961
https://www.forbes.com/health/nutrition/calorie-calculator,Human,0.9854
https://www.forbes.com/profile/drew-brees,Human,0.9956
https://www.forbes.com/sites/cherylrobinson/2024/04/28/how-to-be-a-proactive-leader-in-a-reactive-work-environment,Human,0.9976
https://www.forbes.com/sites/danabrownlee/2019/10/20/5-reasons-why-trust-matters-on-teams,Human,0.9971
https://www.forbes.com/sites/dennisjaffe/2018/12/05/the-essential-importance-of-trust-how-to-build-it-or-restore-it,Human,0.9941
https://www.forbes.com/sites/forbes-personal-shopper/2025/06/18/4th-of-july-mattress-sales,Human,0.9951
https://www.forbes.com/sites/forbes-personal-shopper/2025/06/23/dreamcloud-mattress-sale,Human,0.9912
https://www.forbes.com/sites/forbes-personal-shopper/2025/06/26/amazon-prime-day-2025-details,Human,0.9956
https://www.forbes.com/sites/forbescoachescouncil/2020/07/27/problem-with-your-boss-heres-how-to-give-constructive-helpful-feedback,Human,0.998
https://www.forbes.com/sites/jamiecartereurope/2021/09/03/whats-your-real-star-sign-heres-why-youve-probably-been-reading-the-wrong-horoscope-your-entire-life,Human,0.9985
https://www.forbes.com/sites/luisromero/2022/11/15/five-reasons-leading-with-respect-is-the-best-option,Human,0.9971
https://www.forbes.com/sites/nickmorgan/2011/02/02/243,Human,0.9976
https://www.forbes.com/sites/qai/2022/09/18/how-to-survive-a-recession-without-burning-through-savings-and-selling-off-investments,Human,0.9976
https://www.forbes.com/sites/technology/article/phone-virus,Human,0.9966
https://www.forbes.com/sites/tomhager/2023/06/02/are-you-eligible-for-ex-spousal-social-security-benefits-as-a-divorced-spouse,Human,0.998
https://www.forbes.com/sites/tracybrower/2023/08/20/the-power-of-being-proactive-5-ways-to-develop-this-surprising-skill,Human,0.9966
https://www.forbes.com/sites/tracybrower/2024/10/21/how-to-answer-what-can-you-bring-to-the-company-job-interview,Human,0.9976
https://www.forbes.com/sites/trevornace/2017/07/02/birthstones-discover-birthstone-color-month,Human,0.9941
https://www.forbes.com/sites/trevornace/2019/08/26/4-layers-of-the-earth-made-easy,Human,0.9971
https://www.forensicgenealogists.org,Human,0.9995
https://www.forensicgenealogyservices.com,Human,1
https://www.forexfactory.com/thread/443571-double-top-double-bottom-fallacy,Human,1
https://www.formulabot.com,AI,0.9946
https://www.fortinet.com/de/resources/cyberglossary/what-is-ethernet-switching,Human,0.9917
https://www.fortinet.com/products/endpoint-security/forticlient,Human,0.9995
https://www.fortinet.com/resources/cyberglossary/what-is-ethernet-switching,Human,0.999
https://www.fortinet.com/uk/resources/cyberglossary/what-is-ethernet-switching,Human,0.999
https://www.forums.sf-fandom.com/thread-18854.html,Human,1
https://www.fotor.com/features/blemish.html,Human,1
https://www.fox26houston.com/news/masks-guns-ambush-killing-reward-increased-25-thousand-houston-cold-case,Human,0.9971
https://www.fox5atlanta.com/news/how-old-are-you-really-tests-reveal-your-biological-age,Human,0.9971
https://www.fox7austin.com/news/should-austin-residents-pay-parks-maintenance-fee,Human,0.9961
https://www.foxbusiness.com/economy/americans-credit-card-household-debt-reach-all-time-high,Human,0.998
https://www.foxbusiness.com/politics/federal-judge-orders-trump-admin-release-ev-funds-signed-biden-states,Human,0.999
https://www.foxbusiness.com/retail/amazon-prime-1-day-delivery-10-million-items,Human,0.9966
https://www.foxite.com/archives/what-is-the-use-of-compress-drive-0000326998.htm,Human,1
https://www.foxnews.com/gowatch,Human,0.9966
https://www.foxnews.com/health/melania-trump-speaks-autism-rumors-affected-son-irreparable-damage,Human,0.9858
https://www.foxnews.com/politics/barron-trump-all-grown-up-look-first-sons-transformation-from-2017-2025,Human,0.9951
https://www.foxnews.com/politics/jill-biden-ex-husband-joe-affair-claim,Human,0.9907
https://www.foxnews.com/travel/historian-uncovers-compelling-evidence-true-location-where-jesus-turned-water-wine,Human,0.9971
https://www.foxsports.com/instant-access,Human,0.999
https://www.foxsports.com/live/fs2,Human,0.9985
https://www.foxsports.com/nfl/drew-brees-player,Human,0.9951
https://www.foxweather.com/learn/phases-of-moon,Human,0.9995
https://www.fredericksons.com/blog/fabric-softener-vs-vinegar,Human,0.9106
https://www.free-from.com/blog/tasting-gluten-free-bread,Human,1
https://www.free-power-point-templates.com/articles/raci-matrix-in-powerpoint-2010-using-shapes,Human,1
https://www.freecodecamp.org/news/concatenate-in-excel-how-to-combine-text-and-concat-strings,Human,0.9995
https://www.freecodecamp.org/news/how-to-define-and-call-functions-in-python,AI,1
https://www.freecodecamp.org/news/how-to-remove-a-background-in-photoshop-cc,Human,0.9995
https://www.freecodecamp.org/news/how-to-reopen-closed-tabs-restore-pages-in-chrome-safari-and-firefox,Human,0.9976
https://www.freecodecamp.org/news/how-to-restore-tabs-in-google-chrome-restore-your-last-session-and-pages,Human,0.999
https://www.freecodecamp.org/news/python-functions-define-and-call-a-function,Human,1
https://www.freecodecamp.org/news/what-exactly-is-node-guide-for-beginners,Human,0.9995
https://www.freecodecamp.org/news/what-is-node-js,Human,0.9946
https://www.freeviewer.org/blog/how-to-add-a-shared-mailbox-in-outlook-365-simple-tricks,Human,0.9858
https://www.freshwatersystems.com/blogs/blog/how-to-cycle-a-fish-tank,Human,0.9966
https://www.frugallyblonde.com/easy-lavender-and-vinegar-fabric-softener,Human,0.9995
https://www.fs.com/blog/ethernet-switch-port-types-overview-779.html,Human,0.9497
https://www.ftc.gov/business-guidance/resources/can-spam-act-compliance-guide-business,Human,0.9917
https://www.ftc.gov/enforcement/refunds/fortnite-refunds,Human,0.9951
https://www.fully-kiosk.com,Human,1
https://www.funcenterpools.com/en/help/hot-tub-water-care/bromine/how-do-you-maintain-a-bromine-hot-tub,Human,0.9966
https://www.fusioncharts.com/blog/step-by-step-guide-on-how-to-make-a-graph-in-excel,Human,0.9985
https://www.futurepointindia.com/predictions/know-your-lucky-color,Human,0.9897
https://www.ga.gov.au/education/minerals-energy/australian-mineral-facts/iron,Human,0.9995
https://www.gainesvillefl.gov/news-articles/emmanuel-garilus-makes-history,Human,0.9976
https://www.galaxie.com/article/jets48-3-04,Human,1
https://www.gallbladderattack.com/gallbladder-pain-what-to-eat,Human,0.998
https://www.gamerpower.com,Human,0.9956
https://www.ganoksin.com/video/notes-on-lead-glass-filled-rubies,Human,0.9995
https://www.gantshillurc.co.uk/ministers-blog/cana-towns-and-cities-in-the-bible,Human,1
https://www.gardeningetc.com/advice/how-to-get-rid-of-chipmunks-in-the-garden,Human,0.9995
https://www.gardeningetc.com/advice/morning-glory-not-blooming,Human,0.9995
https://www.gardeningknowhow.com/edible/vegetables/pepper/drying-hot-peppers.htm,Human,0.9995
https://www.gardeningknowhow.com/edible/vegetables/pumpkin/saving-pumpkin-seeds-how-to-store-pumpkin-seed-for-planting.htm,Human,0.9985
https://www.gardeningknowhow.com/ornamental/bulbs/gladiola/care-of-gladiolas-how-to-grow-gladiolas-in-your-garden.htm,Human,0.9995
https://www.gardeningknowhow.com/ornamental/bulbs/gladiola/growing-glads-in-containers.htm,Human,0.9976
https://www.gardeningknowhow.com/ornamental/shrubs/butterfly-bush/butterfly-bush-pruning-how-to-prune-a-butterfly-bush.htm,Human,0.999
https://www.gardeningknowhow.com/ornamental/shrubs/butterfly-bush/overwinter-a-butterfly-bush.htm,Human,0.999
https://www.gardeningknowhow.com/ornamental/vines/morning-glory/morning-glory-not-blooming.htm,Human,0.9995
https://www.gardeningknowhow.com/ornamental/vines/morning-glory/morning-glory-seeds.htm,Human,0.9995
https://www.gardensbythebay.com.sg,Human,0.9688
https://www.gasmonkeygarage.com,Human,0.999
https://www.gauthmath.com/solution/1812488553776198/what-is-the-difference-between-a-waxing-moon-and-a-waning-moon-a-waxing-moon-loo,Human,0.9893
https://www.gauthmath.com/solution/what-does-c-represent-in-an-antiderivative-unknown-a-variable-a-constant-1714831304301573,AI,0.9741
https://www.gearupbooster.com,Human,0.9912
https://www.gedmatch.com,AI,0.5889
https://www.geeksforgeeks.org/abstract-classes-in-python,Human,0.9678
https://www.geeksforgeeks.org/business-studies/what-is-schedule-variance-and-how-to-calculate-it,Human,1
https://www.geeksforgeeks.org/chemistry/butane,Human,0.9995
https://www.geeksforgeeks.org/chemistry/difference-between-homogeneous-and-heterogeneous-mixture,Human,0.9995
https://www.geeksforgeeks.org/chemistry/ethane-formula-structure-properties-uses-sample-questions,Human,1
https://www.geeksforgeeks.org/chemistry/heterogeneous-mixture,Human,0.9995
https://www.geeksforgeeks.org/chemistry/hydroxyl-group,Human,1
https://www.geeksforgeeks.org/chemistry/nomenclature-of-alcohols-phenols-and-ethers,Human,0.9995
https://www.geeksforgeeks.org/computer-networks/pptp-full-form,Human,1
https://www.geeksforgeeks.org/computer-networks/switched-ethernet,Human,0.9985
https://www.geeksforgeeks.org/computer-science-fundamentals/utility-software,Human,0.9697
https://www.geeksforgeeks.org/css/css-text-formatting,AI,1
https://www.geeksforgeeks.org/css/how-to-vertically-center-text-with-css,Human,1
https://www.geeksforgeeks.org/difference-between-cost-variance-and-schedule-variance,Human,1
https://www.geeksforgeeks.org/different-ways-to-connect-one-computer-to-another-computer,Human,1
https://www.geeksforgeeks.org/excel/concatenate-in-excel,AI,0.9995
https://www.geeksforgeeks.org/excel/hide-error-values-and-indicators-in-cells-in-excel,Human,1
https://www.geeksforgeeks.org/excel/how-to-combine-text-with-date-or-time-in-excel,Human,1
https://www.geeksforgeeks.org/excel/how-to-create-graphs-in-excel,Human,0.9937
https://www.geeksforgeeks.org/excel/password-protect-excel-file-guide,Human,0.9731
https://www.geeksforgeeks.org/excel/separate-first-last-name-excel,AI,0.9985
https://www.geeksforgeeks.org/finance/relative-strength-index-rsi-works-formula-calculation,AI,1
https://www.geeksforgeeks.org/git/how-to-fix-git-authentication-failed-error,Human,0.8892
https://www.geeksforgeeks.org/insert-horizontal-vertical-lines-microsoft-word,Human,0.9658
https://www.geeksforgeeks.org/java/abstract-classes-in-java,Human,1
https://www.geeksforgeeks.org/java/generating-random-numbers-in-java,Human,0.999
https://www.geeksforgeeks.org/linux-unix/zip-command-in-linux-with-examples,Human,0.9902
https://www.geeksforgeeks.org/machine-learning/eigenvector-computation-and-low-rank-approximations,Human,0.9995
https://www.geeksforgeeks.org/marketing/slogan-meaning-purpose-and-types,AI,1
https://www.geeksforgeeks.org/maths/antiderivatives,Human,0.9995
https://www.geeksforgeeks.org/maths/application-of-integrals,Human,0.9995
https://www.geeksforgeeks.org/maths/control-variable,Human,0.999
https://www.geeksforgeeks.org/maths/numbers,Human,0.9995
https://www.geeksforgeeks.org/maths/whole-numbers,Human,0.9995
https://www.geeksforgeeks.org/microeconomics/cbse-class-11-microeconomics-notes,Human,0.9995
https://www.geeksforgeeks.org/microeconomics/effects-of-changes-in-demand-and-supply-on-market-equilibrium,Human,1
https://www.geeksforgeeks.org/network-devices-hub-repeater-bridge-switch-router-gateways,Human,0.9995
https://www.geeksforgeeks.org/node-js/uses-of-nodejs,Human,0.9922
https://www.geeksforgeeks.org/node-js/why-node-js,Human,0.9966
https://www.geeksforgeeks.org/operating-systems/what-is-disk-compression,Human,1
https://www.geeksforgeeks.org/physics/dc-circuit,Human,0.9995
https://www.geeksforgeeks.org/python/abstract-classes-in-python,Human,0.9678
https://www.geeksforgeeks.org/python/find-maximum-values-position-in-columns-and-rows-of-a-dataframe-in-pandas,Human,0.9976
https://www.geeksforgeeks.org/python/python-functions,Human,1
https://www.geeksforgeeks.org/python/python-reading-excel-file-using-openpyxl-module,Human,1
https://www.geeksforgeeks.org/python/python-user-defined-functions,Human,0.9956
https://www.geeksforgeeks.org/python/set-the-first-column-and-row-as-index-in-pandas,Human,0.9995
https://www.geeksforgeeks.org/sql-server/sql-server-alter-table-add-column,Human,0.9995
https://www.geeksforgeeks.org/sql/sql-alter-add-drop-modify,AI,0.6904
https://www.geeksforgeeks.org/techtips/how-to-check-your-graphics-card-gpu-in-windows-10-and-11,Human,1
https://www.geeksforgeeks.org/techtips/how-to-disable-virus-protection-on-your-computer,Human,0.9995
https://www.geeksforgeeks.org/techtips/how-to-reopen-closed-tabs-in-chrome-safari-and-firefox,Human,1
https://www.geeksforgeeks.org/techtips/how-to-zip-and-unzip-files-in-windows,Human,0.999
https://www.geeksforgeeks.org/tips-to-prepare-for-microsoft-azure-cloud-certification-exam,Human,0.9995
https://www.geeksforgeeks.org/websites-apps/how-to-make-discord-use-less-cpu,AI,0.9443
https://www.geeksforgeeks.org/websites-apps/how-to-set-up-voicemod-on-discord,Human,0.999
https://www.geeksforgeeks.org/what-is-a-webcrawler-and-where-is-it-used,Human,1
https://www.geeky-gadgets.com/how-to-change-your-apple-id-email,AI,1
https://www.gemsngems.com/blog/discover-your-birthstone-color-by-month,Human,0.9985
https://www.gemsngems.com/blog/what-is-a-glass-filled-sapphire,Human,0.9976
https://www.gemsngems.com/product-category/natural-gemstones/semi-precious-gems/natural-lead-glass-filling-ruby,Human,0.998
https://www.gemstonedetective.com/post/composite-gemstones-lead-glass-filled-rubies,Human,0.9995
https://www.generac.com,Human,0.9985
https://www.generationzalpha.com/blog/gen-z-generation,AI,1
https://www.georgiaaquarium.org,Human,0.9932
https://www.getafollower.com/blog/discord-server-boost,AI,0.9546
https://www.getresponse.com,Human,0.9976
https://www.getsmarteraboutmoney.ca/learning-path/more-complex-investments/guaranteed-minimum-withdrawal-benefit-gmwb-products,AI,0.9219
https://www.gettogetherfinance.com/blog/double-top-pattern-vs-double-bottom-pattern,Human,0.9995
https://www.getyourguide.com/en-au/tel-aviv-district-l2403/food-drinks-tc103,Human,0.999
https://www.giantbomb.com/obi-wan-kenobi/3005-669,Human,0.9956
https://www.ginniemae.gov/investors/disclosures_and_reports/pages/bulletinsdisppage.aspx,Human,0.9961
https://www.gktw.org,Human,0.9985
https://www.glasgowlife.org.uk/museums/venues/riverside-museum,Human,0.9995
https://www.globalcitizen.org/en,Human,0.9985
https://www.globalcitizen.org/en/content/why-we-all-need-to-be-global-citizens-five-key-rea,Human,0.9995
https://www.globalcitizenshipstudies.com/post/the-importance-of-global-citizenship-and-how-it-shapes-our-world,AI,1
https://www.globalknowledge.com/us-en/resources/resource-library/white-papers/how-to-become-a-microsoft-certified-azure-administrator-associate,Human,0.9941
https://www.globalnegotiator.com/international-trade/dictionary/maintenance,Human,1
https://www.globeair.com/g/wet-lease,AI,1
https://www.gloskinbeauty.com/blog/glo-how-to-emphasize-blue-eyes,Human,0.9966
https://www.gmrgold.com/video/what-are-your-gold-coins-worth-gmrgold.cfm,Human,1
https://www.goalcast.com/how-to-be-more-proactive-step-step-guide,Human,0.9995
https://www.godaddy.com/resources/au/smallbusiness/create-a-catchy-slogan-for-your-business,Human,0.9038
https://www.goelerando.fr,Human,0.999
https://www.goldinvestments.co.uk/gold-price/live-gold-coin-prices,Human,0.9995
https://www.golongtd.com/p/gl-pod-khari-blasingame-and-the-art,Human,0.9995
https://www.goodmorningamerica.com/food/story/pantry-stocked-key-long-lasting-ingredients-69618307,Human,1
https://www.google.com/about/careers/applications/jobs/results/123542274414912198-proactive-security-lead,Human,0.9917
https://www.google.com/intl/en_au/drive,Human,0.939
https://www.google.com/intl/en_us/search/howsearchworks/how-search-works/organizing-information,Human,0.9995
https://www.gordonfuneralhomes.com/obituary/john-slishsr,Human,0.9731
https://www.gornphoto.com/pilot-season-2023-10-essentials-steps-to-land-a-role,Human,0.938
https://www.gourmetfoodstore.com/lemon-butter-boiled-lobster-tails-recipe-15709,Human,0.9995
https://www.governmentjobs.com/careers/chesterfieldco,Human,1
https://www.gracelifeinternational.com/god-loves-jesus-more-than-he-loves-us-right,Human,0.9995
https://www.grammarcheck.net,Human,0.9995
https://www.graphmaker.ai,Human,0.998
https://www.gravitatedesign.com/blog/what-is-a-web-crawler-and-how-do-they-work,Human,0.9966
https://www.greenmangaming.com,Human,0.9834
https://www.grepmed.com/how_to_add_signature_field_to_adobe_pdf,Human,0.9995
https://www.groomsclub.com/pages/fit-finder,Human,0.9932
https://www.groovypost.com/howto/check-current-version-windows-7-vista,Human,0.9995
https://www.groovypost.com/howto/check-your-graphics-card-on-windows-11,Human,0.9966
https://www.groovypost.com/howto/ignore-all-errors-in-microsoft-excel,Human,0.9985
https://www.groovypost.com/howto/move-the-windows-11-start-button-to-the-left-corner,Human,0.9995
https://www.groovypost.com/howto/optimize-windows-10-for-gaming,Human,0.9995
https://www.groovypost.com/howto/remove-the-teams-chat-icon-from-the-windows-11-taskbar,Human,0.999
https://www.groupon.com/coupons/amazon,Human,0.9966
https://www.growfragrance.com/blogs/learn/you-can-use-white-vinegar-as-a-fabric-softener,Human,0.8521
https://www.growingagreenerworld.com/pruning-butterfly-bushes,Human,1
https://www.gse.harvard.edu/ideas/usable-knowledge/24/10/what-causing-our-epidemic-loneliness-and-how-can-we-fix-it,Human,0.9956
https://www.gsi.ie/en-ie/education/our-planet-earth/pages/the-earth-structure.aspx,Human,0.9995
https://www.gty.org/library/sermons-library/81-36/the-life-of-the-church,Human,0.9995
https://www.gty.org/library/sermons-library/90-283/does-god-love-the-world-part-1,Human,0.9922
https://www.gty.org/read,Human,0.9888
https://www.guardiantales.com,Human,0.7344
https://www.guide2free.com/hot-deals/how-to-get-free-shipping-on-amazon-without-prime,AI,1
https://www.gustiamo.com/gustiblog/are-those-real-san-marzano-tomatoes,Human,1
https://www.gustiamo.com/gustiblog/smaller-cans-taste-better,Human,0.9995
https://www.guttmacher.org/gpr/2006/08/abortion-and-mental-health-myths-and-realities,Human,0.9995
https://www.h2health.com/what-to-expect-during-your-first-dry-needling-session,Human,0.999
https://www.hammernutrition.eu/article/low-electrolyte-foods-what-to-avoid-86,Human,0.9927
https://www.harborfreight.com/25-cfm-vacuum-pump-61245.html,Human,0.9941
https://www.harborfreight.com/automotive/auto-shop-tools/air-conditioning.html,Human,0.9873
https://www.harborfreight.com/coupons,Human,0.9961
https://www.harmonybiblechurch.org/new-blog-1/2017/5/13/a-captain-to-the-rescue,Human,0.999
https://www.harvard.com/book/9781761030468,Human,1
https://www.hawkesbury.ca,Human,0.9995
https://www.hazard-herald.com/lifestyles/health/genetic-tests-for-autism-intellectual-disability-not-being-done-on-medicaid-kids/article_b994fed2-08d7-5284-868b-f6d46287ce7e.html,Human,0.9995
https://www.health.harvard.edu,Human,0.999
https://www.health.nsw.gov.au/environment/factsheets/pages/mould.aspx,Human,0.9932
https://www.health.nsw.gov.au/infectious/factsheets/pages/leprosy.aspx,Human,0.9966
https://www.health.nsw.gov.au/mentalhealth/psychosocial/strategies/pages/communicating-psychosis.aspx,Human,0.9976
https://www.health.tas.gov.au/professionals/health-literacy/health-literacy-workplace-toolkit/spoken-communication/communicating-people-who-are-hearing-impaired,Human,0.9956
https://www.health.vic.gov.au/infectious-diseases/leprosy-hansens-disease,Human,0.9995
https://www.healthcareittoday.com/2023/08/29/the-lonely-epidemic-social-isolation-and-technology,Human,0.9717
https://www.healthcentral.com/article/how-can-you-lower-a-high-hemoglobin-level,Human,0.9995
https://www.healthcentral.com/condition/bipolar-causes,Human,0.9995
https://www.healthcentral.com/condition/bipolar-disorder,Human,0.9995
https://www.healthcentral.com/condition/bipolar-disorder/bipolar-disorder-difference-one-two,Human,1
https://www.healthcentral.com/condition/bipolar-disorder/living-with-bipolar-2,Human,0.9995
https://www.healthcentral.com/condition/coronavirus,Human,0.9995
https://www.healthcentral.com/condition/eczema/oral-steroids-for-eczema,Human,0.9985
https://www.healthcentral.com/condition/eczema/when-eczema-treatment-fails,Human,1
https://www.healthcentral.com/condition/hyperkalemia,Human,0.9985
https://www.healthcentral.com/condition/hypertension/does-blood-pressure-increase-when-sick,Human,0.9995
https://www.healthcentral.com/condition/migraine/treating-migraines-masturbation,Human,0.9995
https://www.healthcentral.com/condition/multiple-sclerosis/side-effects-of-ms-medications,Human,1
https://www.healthcentral.com/condition/multiple-sclerosis/understanding-your-ms-treatment-options,Human,1
https://www.healthcentral.com/condition/pneumonia,Human,0.999
https://www.healthcentral.com/slideshow/hyperkalemia-warning-signs-you-need-to-know,Human,0.9971
https://www.healthcentral.com/video/bipolar-disorder/what-causes-bipolar-i-disorder,Human,0.999
https://www.healthcentral.com/video/topical-steroids-eczema,Human,0.9995
https://www.healtheuniversity.ca/en/cardiaccollege/active/exercise_and_cold_weather/pages/heart-disease-and-cold-weather.aspx,Human,0.9995
https://www.healthline.com/health-news/anesthesia-works-but-why,Human,0.9863
https://www.healthline.com/health-news/how-long-does-immunity-last-after-covid-19-what-we-know,Human,0.9941
https://www.healthline.com/health-news/why-hypertension-heart-attack-stroke-risks-are-higher-in-the-winter,Human,0.9844
https://www.healthline.com/health/13-self-love-habits-every-woman-needs-to-have,Human,0.9858
https://www.healthline.com/health/acne-scars,Human,0.9517
https://www.healthline.com/health/after-abortion,Human,0.9839
https://www.healthline.com/health/antibiotics-for-boils,Human,0.9863
https://www.healthline.com/health/atypical-pneumonia,Human,0.9902
https://www.healthline.com/health/baby/thrush-in-babies,Human,0.98
https://www.healthline.com/health/beauty-skin-care-scars-spots,Human,0.9854
https://www.healthline.com/health/beauty-skin-care/do-acne-scars-go-away,Human,0.9868
https://www.healthline.com/health/beauty-skin-care/how-to-remove-dark-spots-caused-by-pimples,Human,0.9795
https://www.healthline.com/health/beauty-skin-care/pockmarks,Human,0.9824
https://www.healthline.com/health/best-diet-plan-for-anemia,Human,0.9868
https://www.healthline.com/health/biotin-hair-growth,Human,0.9883
https://www.healthline.com/health/bipolar-disorder,Human,0.9795
https://www.healthline.com/health/bipolar-disorder/bipolar-1-vs-bipolar-2,Human,0.9902
https://www.healthline.com/health/bipolar-disorder/bipolar-causes,Human,0.9834
https://www.healthline.com/health/bipolar-disorder/what-bipolar-feels-like,Human,0.9858
https://www.healthline.com/health/bubble-bath-soaps,Human,0.9907
https://www.healthline.com/health/can-you-be-constipated-and-still-poop,Human,0.9917
https://www.healthline.com/health/can-you-live-without-liver,Human,0.9863
https://www.healthline.com/health/cbd-sex-effectiveness,Human,0.9927
https://www.healthline.com/health/childrens-health/best-colic-remedies,Human,0.9814
https://www.healthline.com/health/chronological-ageing,Human,0.9868
https://www.healthline.com/health/cirrhosis-of-the-liver-life-expectancy,Human,0.9873
https://www.healthline.com/health/cold-feet-and-hands,Human,0.9844
https://www.healthline.com/health/cold-fingers,Human,0.9844
https://www.healthline.com/health/consumer-healthcare-guide/pros-and-cons-obamacare,Human,0.9966
https://www.healthline.com/health/covid-cough-vs-normal-cough,Human,0.9897
https://www.healthline.com/health/delta-8-vs-delta-9-vs-delta-10,Human,0.9854
https://www.healthline.com/health/dental-and-oral-health/how-long-until-a-tooth-infection-kills-you,Human,0.9878
https://www.healthline.com/health/dental-and-oral-health/sore-tongue,Human,0.9897
https://www.healthline.com/health/dental-and-oral-health/white-tongue,Human,0.9771
https://www.healthline.com/health/diabetes/diabetes-rice,Human,0.9917
https://www.healthline.com/health/diarrhea,Human,0.9927
https://www.healthline.com/health/do-abortions-hurt,Human,0.9873
https://www.healthline.com/health/do-guys-keep-growing-until-age-25,Human,0.9932
https://www.healthline.com/health/drugs/nexplanon,Human,0.9824
https://www.healthline.com/health/drugs/nexplanon-side-effects,Human,0.9873
https://www.healthline.com/health/dry-eye/hormones-and-the-menstrual-cycle,Human,0.9775
https://www.healthline.com/health/eating-soap,Human,0.9814
https://www.healthline.com/health/eczema/alternatives-to-steroids-for-eczema,Human,0.9839
https://www.healthline.com/health/eczema/steroid-cream-for-eczema,Human,0.9746
https://www.healthline.com/health/electrolyte-disorders,Human,0.9829
https://www.healthline.com/health/erectile-dysfunction/is-smoking-weed-good-or-bad-for-ed,Human,0.9854
https://www.healthline.com/health/essential-oils-for-hair-growth,Human,0.9897
https://www.healthline.com/health/food-nutrition/brown-rice-vs-white-rice,Human,0.9907
https://www.healthline.com/health/gallbladder-diet,Human,0.9878
https://www.healthline.com/health/gallbladder-pain-relief,Human,0.999
https://www.healthline.com/health/gastric-sleeve-diet,Human,0.9834
https://www.healthline.com/health/hard-skin-removal,Human,0.9595
https://www.healthline.com/health/healthy-sex/cbd-and-libido,Human,0.9766
https://www.healthline.com/health/healthy-sex/does-sex-help-migraines,Human,0.9927
https://www.healthline.com/health/healthy-sex/orgasm-headache,Human,0.9839
https://www.healthline.com/health/heart/angiogram-vs-angioplasty,Human,0.9897
https://www.healthline.com/health/high-potassium-hyperkalemia,Human,0.9849
https://www.healthline.com/health/high-potassium/effects-on-the-body,Human,0.9868
https://www.healthline.com/health/high-potassium/signs-and-symptoms,Human,0.9902
https://www.healthline.com/health/hip-pain-when-standing,Human,0.959
https://www.healthline.com/health/hip-pain-when-walking,Human,0.9893
https://www.healthline.com/health/hives,Human,0.9819
https://www.healthline.com/health/hives-that-come-and-go-daily,Human,0.9746
https://www.healthline.com/health/home-remedies-for-abscess-tooth,Human,0.9683
https://www.healthline.com/health/how-long-can-you-go-without-pooping,Human,0.9927
https://www.healthline.com/health/how-long-do-hives-last,Human,0.9858
https://www.healthline.com/health/how-long-does-it-take-to-get-sick-from-mold-exposure,Human,0.9868
https://www.healthline.com/health/how-much-mold-exposure-is-harmful,Human,0.9902
https://www.healthline.com/health/how-to-check-blood-pressure-by-hand,Human,0.9917
https://www.healthline.com/health/how-to-get-rid-of-calluses,Human,0.9868
https://www.healthline.com/health/how-to-get-rid-of-double-chin,Human,0.9912
https://www.healthline.com/health/how-to-get-rid-of-mono-fast,Human,0.9775
https://www.healthline.com/health/how-to-get-rid-of-old-scars,Human,0.9897
https://www.healthline.com/health/how-to-increase-hemoglobin,Human,0.9927
https://www.healthline.com/health/how-to-raise-blood-pressure,Human,0.9756
https://www.healthline.com/health/how-to-remove-dead-skin-from-feet,Human,0.9805
https://www.healthline.com/health/how-to-shower,Human,0.9883
https://www.healthline.com/health/is-the-shingles-vaccine-an-mrna-vaccine,Human,0.9951
https://www.healthline.com/health/leg-cramps-at-night,Human,0.9873
https://www.healthline.com/health/leprosy,Human,0.9795
https://www.healthline.com/health/live-donor-liver-transplant,Human,0.9868
https://www.healthline.com/health/loose-stools,Human,0.9785
https://www.healthline.com/health/low-blood-pressure-diet,Human,0.9746
https://www.healthline.com/health/low-triglycerides,Human,0.9727
https://www.healthline.com/health/medicare/how-do-i-find-my-medicare-number,Human,0.9888
https://www.healthline.com/health/mens-health/hot-flashes-men,Human,0.9785
https://www.healthline.com/health/mental-health/family-manipulation,Human,0.9785
https://www.healthline.com/health/mold-and-neurological-symptoms,Human,0.9888
https://www.healthline.com/health/mold-in-house,Human,0.9863
https://www.healthline.com/health/monocytes-high,Human,0.98
https://www.healthline.com/health/mononucleosis,Human,0.9844
https://www.healthline.com/health/mother-wound,Human,0.9844
https://www.healthline.com/health/mouth-sores-from-chemo,Human,0.9854
https://www.healthline.com/health/multiple-sclerosis/drugs,Human,0.9785
https://www.healthline.com/health/multiple-sclerosis/infusion-treatments,Human,0.9844
https://www.healthline.com/health/natural-remedies-for-receding-gums,Human,0.9897
https://www.healthline.com/health/osmolality-blood,Human,0.9893
https://www.healthline.com/health/osmolality-urine,Human,0.9854
https://www.healthline.com/health/pain-relief/how-to-stop-leg-muscle-cramps,Human,0.9761
https://www.healthline.com/health/pooping-after-eating,Human,0.9854
https://www.healthline.com/health/receding-gums-grow-back,Human,0.9897
https://www.healthline.com/health/rosemary-oil-for-hair,Human,0.9858
https://www.healthline.com/health/schizophrenia/how-to-help-someone-with-schizophrenia,Human,0.9893
https://www.healthline.com/health/sexually-transmitted-diseases/how-do-you-know-if-you-have-crabs,Human,0.9902
https://www.healthline.com/health/snoring,Human,0.9956
https://www.healthline.com/health/snoring-remedies,Human,0.9873
https://www.healthline.com/health/std/pubic-lice,Human,0.9785
https://www.healthline.com/health/stuffy-nose-relief,Human,0.9692
https://www.healthline.com/health/thought-disorder,Human,0.9868
https://www.healthline.com/health/thrush,Human,0.9873
https://www.healthline.com/health/tingling-in-feet,Human,0.9775
https://www.healthline.com/health/tongue-burn,Human,0.9692
https://www.healthline.com/health/tongue-color,Human,0.9937
https://www.healthline.com/health/triglycerides,Human,0.9688
https://www.healthline.com/health/vaccinations/thrombosis-with-thrombocytopenia-syndrome,Human,0.9819
https://www.healthline.com/health/video/mold-in-house,Human,0.9868
https://www.healthline.com/health/video/voltaren-gel,Human,0.981
https://www.healthline.com/health/vinegar-in-laundry,Human,0.9912
https://www.healthline.com/health/voltaren-gel,Human,0.9922
https://www.healthline.com/health/walking-pneumonia-vs-pneumonia,Human,0.9805
https://www.healthline.com/health/weight-loss-surgery-recovery-time,Human,0.9937
https://www.healthline.com/health/wet-cough,Human,0.981
https://www.healthline.com/health/what-does-a-hot-flash-feel-like,Human,0.9873
https://www.healthline.com/health/what-is-delta-9,Human,0.9897
https://www.healthline.com/health/what-is-general-anesthesia,Human,0.9922
https://www.healthline.com/health/when-do-boys-stop-growing,Human,0.9941
https://www.healthline.com/health/womens-health/stages-of-menstrual-cycle,Human,0.9902
https://www.healthline.com/nutrition/best-gluten-free-bread,Human,0.9932
https://www.healthline.com/nutrition/does-flour-go-bad,Human,0.9912
https://www.healthline.com/nutrition/grass-fed-milk,Human,0.9883
https://www.healthline.com/nutrition/healthiest-milk,Human,0.9961
https://www.healthline.com/nutrition/how-many-calories-per-day,Human,0.9956
https://www.healthline.com/nutrition/is-white-rice-bad-for-you,Human,0.9946
https://www.healthline.com/nutrition/lose-fat-in-face-cheeks,Human,0.9829
https://www.healthline.com/nutrition/rosemary-oil-benefits,Human,0.9951
https://www.healthline.com/nutrition/what-is-tofu,Human,0.9907
https://www.healthpartners.com/blog/healthy-poop-chart,Human,0.9995
https://www.healthtap.com/sexual-health/questions/1336962-what-are-possible-causes-of-a-severe-headache-when-masturbating,Human,1
https://www.healthychildren.org/english/ages-stages/baby/crying-colic/pages/calming-a-fussy-baby.aspx,Human,0.9951
https://www.healthychildren.org/english/ages-stages/baby/crying-colic/pages/colic.aspx,Human,0.9917
https://www.healthychildren.org/english/health-issues/conditions/abdominal/pages/abdominal-pains-in-infants.aspx,Human,0.9941
https://www.healthychildren.org/english/health-issues/conditions/abdominal/pages/constipation.aspx,Human,0.9873
https://www.healthychildren.org/english/health-issues/conditions/infections/pages/thrush-and-other-candida-infections.aspx,Human,0.9907
https://www.healthychildren.org/english/health-issues/conditions/skin/pages/hives.aspx,Human,0.9893
https://www.healthywa.wa.gov.au/articles/a_e/angiogram,Human,0.9956
https://www.healthywa.wa.gov.au/articles/n_r/pubic-lice,Human,0.9956
https://www.heartfoundation.org.nz/wellbeing/managing-risk/blood-pressure-and-your-heart/using-a-home-blood-pressure-monitor,Human,0.856
https://www.heartfoundation.org.nz/your-heart/heart-tests/coronary-angiography,Human,0.9946
https://www.heathrowexpress.com,Human,0.9976
https://www.hellobonsai.com,Human,0.9761
https://www.hellofax.com,Human,0.9985
https://www.hellofresh.co.uk,Human,0.9985
https://www.hellotech.com/guide/for/how-to-change-administrator-on-windows-10,Human,0.9995
https://www.hellotech.com/guide/for/how-to-reset-admin-password-on-mac,Human,0.9966
https://www.hellotech.com/guide/for/how-to-zip-a-file-mac-windows-pc,Human,0.9995
https://www.heritagebridge.com/blog/forensic-genealogy-vs-traditional-genealogy,Human,0.9785
https://www.heritagebridge.com/blog/what-does-a-forensic-genealogist-do,Human,0.9995
https://www.herworld.com/life/dining-room-design-celebrities,Human,1
https://www.hims.com/blog/cbd-for-erectile-dysfunction-can-it-help,Human,0.999
https://www.hisstank.com/forum/g-i-joe-customs-general-discussion/156985-getting-sand-harden-stick-diorama.html,Human,0.9961
https://www.hiya.com,Human,0.999
https://www.hluhluwegamereserve.com/giraffe-facts,Human,1
https://www.hogwartslegacy.com,Human,0.9775
https://www.hollisterco.com/shop/us/womens-short-sleeve-tops-tops,Human,0.958
https://www.hollisterco.com/shop/us/womens-t-shirts-tops,Human,0.9292
https://www.home.saxo/en-au/learn/guides/commodities/trading-natural-gas,Human,0.9956
https://www.homedepot.com/c/ab/how-to-choose-the-best-iron/9ba683603be9fa5395fab9019637da26,Human,0.9966
https://www.homedepot.com/c/ah/how-to-caulk/9ba683603be9fa5395fab9012f8277f,Human,0.9971
https://www.homedepot.com/c/ah/how-to-fix-a-running-toilet/9ba683603be9fa5395fab90138bd8691,Human,0.9932
https://www.homedepot.com/c/ah/how-to-grout-tile/9ba683603be9fa5395fab90116d5c33,Human,0.9976
https://www.homedepot.com/c/ah/how-to-install-kitchen-cabinets/9ba683603be9fa5395fab9039ac0c70,Human,0.998
https://www.homedepot.com/c/ah/how-to-install-tile-floor/9ba683603be9fa5395fab909b1ae90d,Human,0.999
https://www.homedepot.com/c/ah/how-to-measure-curtains/9ba683603be9fa5395fab90a2ca03be,Human,0.999
https://www.homesandgardens.com/gardens/do-you-deadhead-butterfly-bushes,Human,0.9985
https://www.homesandgardens.com/gardens/homemade-bug-sprays,Human,0.9995
https://www.homesandgardens.com/gardens/how-to-keep-chipmunks-out-of-potted-plants,Human,0.999
https://www.homesandgardens.com/interior-design/decluttering-tips,Human,0.9985
https://www.homesandgardens.com/life-design/where-to-put-vinegar-in-a-washing-machine,Human,0.9995
https://www.homesandgardens.com/shopping/how-long-should-a-mattress-last,Human,0.9995
https://www.homesandgardens.com/solved/how-to-deep-clean-your-house,Human,0.998
https://www.homestratosphere.com/are-chesterfield-couches-comfortable,Human,0.9902
https://www.homestratosphere.com/what-is-a-chesterfield-sofa,Human,0.9966
https://www.honkerflats.com/how-to-grow-gladiolus.html,Human,1
https://www.hoperises.org,Human,0.9971
https://www.hopkinsarthritis.org/arthritis-info/gout/gout-treatment,Human,1
https://www.hopkinsarthritis.org/arthritis-info/rheumatoid-arthritis/ra-treatment,Human,0.9985
https://www.hopkinssjogrens.org/disease-information/sjogrens-disease/burning-mouth-syndrome,Human,0.9995
https://www.horoscope.com/us/editorial/faqs/editorial-faq-what-are-zodiac-signs.aspx,Human,1
https://www.horoscope.com/zodiac-signs,Human,0.9971
https://www.horoscopejoy.com/december-3rd-zodiac-horoscope,Human,1
https://www.hostinger.com/tutorials/how-to-make-a-website,AI,1
https://www.hostinger.com/tutorials/how-to-use-7zip-to-compress-files,AI,0.7817
https://www.hostpapa.com/blog/marketing/how-to-build-an-email-list,Human,0.9946
https://www.hostyapp.com/airbnb-service-fee-all-you-need-to-know,Human,0.9976
https://www.houstongardencenters.com,Human,0.9995
https://www.howacarworks.com/steering/adjusting-toe-alignment-on-wheels,Human,0.9995
https://www.howtomoney.com/costco-executive-membership,Human,0.9995
https://www.hpcwire.com/off-the-wire/hpe-expands-proliant-gen12-with-new-amd-servers,Human,0.9932
https://www.hrci.org,Human,0.9922
https://www.hrmm.org/history-blog/media-monday-the-pier-titanic-never-reached-and-the-carpathia,Human,1
https://www.htc.com/us/support/htc-10/faq/why-are-the-apps-on-my-phone-crashing-and-force-closing.html,Human,0.9951
https://www.hubbslegal.com/social-security-disability/disabled-divorced-spouse-benefits,Human,0.9995
https://www.hud.loans/cap-rate-calculator,Human,0.9961
https://www.humana.com,Human,0.9976
https://www.hungryhuy.com/vietnamese-dipping-fish-sauce-recipe-nuoc-cham-nuoc-mam-cham,Human,0.999
https://www.hunton.com/the-nickel-report/a-course-correction-for-nepa-supreme-court-underscores-the-need-for-agency-deference-and-limits-the-scope-of-nepa-reviews,Human,0.9985
https://www.hy-vee.com/deals,Human,0.9985
https://www.hyperadvisor.net/post/what-does-compress-drive-to-save-space-actually-do-in-windows,Human,0.9995
https://www.iacareercoaches.org/post/how-do-i-become-a-career-coach,Human,0.999
https://www.ibiology.org/neuroscience/anesthesia-brain,Human,0.9985
https://www.ibxtpa.com,Human,0.9946
https://www.ichakadizes.com/post/what-is-mutual-trust-and-respect,Human,1
https://www.idownloadblog.com/2020/05/17/overcoming-icloud-photos-fears,Human,0.9995
https://www.iga.net/en/articles/6_perfect_side_dishes_to_serve_with_lobster,Human,0.998
https://www.igi-global.com/dictionary/management-of-electrical-maintenance-of-university-buildings-using-deterioration-models/17716,Human,0.9546
https://www.igi-global.com/dictionary/participation-informing-transforming-local-government/3832,Human,0.9653
https://www.igi-global.com/dictionary/psychosocial-impact-ict-efficiency-speech/19568,Human,0.9609
https://www.igi-global.com/dictionary/reinforcing-responsible-learning/58863,Human,0.9712
https://www.ign.com/articles/list-of-roblox-game-codes,Human,0.9238
https://www.ign.com/wikis/ark-survival-evolved/kibble,Human,0.999
https://www.ign.com/wikis/minecraft/cat,Human,0.9966
https://www.ign.com/wikis/the-elder-scrolls-5-skyrim/prophet,Human,0.9961
https://www.iise.org,Human,0.999
https://www.ikea.co.id/en/inspirations/how-to-measure-curtains-correctly,AI,1
https://www.ilovepdf.com,Human,0.9961
https://www.ilovezip.com,AI,0.5996
https://www.imagesmaller.com,Human,0.9995
https://www.imarest.org/education-and-training/marine-careers/biology.html,Human,0.9995
https://www.imdb.com/list/ls028396665,Human,0.998
https://www.imdb.com/list/ls594450439,Human,0.9956
https://www.imdb.com/list/ls594450446,Human,0.9956
https://www.imdb.com/name/nm0184752,Human,0.998
https://www.imdb.com/name/nm2118348,Human,0.9976
https://www.imdb.com/news/ni41772055,Human,0.9995
https://www.imdb.com/news/ni60505986,Human,0.9985
https://www.imdb.com/news/ni61125298,Human,0.9946
https://www.imdb.com/news/ni62202996,Human,0.9995
https://www.imdb.com/news/ni63946209,Human,0.999
https://www.imdb.com/news/ni64079600,Human,0.999
https://www.imdb.com/news/ni64874043,Human,1
https://www.imdb.com/title/tt0871426,Human,0.9966
https://www.imdb.com/title/tt10919420,Human,0.9917
https://www.imdb.com/title/tt10919420/parentalguide,Human,0.9976
https://www.imdb.com/title/tt7428334,Human,0.9961
https://www.imobie.com/screen-record/nvidia-screen-recorder.htm,Human,0.9946
https://www.imobie.com/support/fix-app-keeps-crashing-android.htm,Human,1
https://www.imobie.com/voice-changer/how-to-use-voice-changer-on-discord.htm,Human,0.9043
https://www.imobie.com/voice-changer/voice-changer-for-discord-mobile.htm,Human,0.9951
https://www.in.pampers.com/pregnancy/baby-names/article/buddhist-baby-girl-names,Human,0.9658
https://www.inaturalist.org/taxa/348835-psilocybe-ovoideocystidiata,Human,0.9956
https://www.indeed.com/career-advice/career-development/how-to-become-marine-biologist,Human,0.9985
https://www.indeed.com/career-advice/career-development/slogans-for-a-company,Human,0.9717
https://www.indeed.com/career-advice/finding-a-job/how-to-find-career-coach,Human,0.9995
https://www.independent.org/tir/2025-summer/reason-ideology-democracy-murphy,Human,0.9673
https://www.indevtech.com/blog/tip-of-the-week-moving-the-taskbar-in-windows-11,Human,0.915
https://www.indiamart.com/proddetail/mini-website-and-landing-pages-2853647947991.html,Human,1
https://www.indigocottagecrafts.com/post/embrace-eco-friendly-crafting-sustainable-practices-for-beautiful-creations,AI,1
https://www.indy100.com/science-tech/chernobyl-elephant-foot-2672410255,Human,1
https://www.inkmeo.com/blogs/parental-advice/the-importance-of-teaching-kids-about-nutrition,Human,0.9233
https://www.inmotionhosting.com/blog/power-supply-units,Human,0.9634
https://www.inmotionhosting.com/support/email/email-bounce-back-errors,Human,0.9653
https://www.inmotionhosting.com/support/website/compress-file,Human,0.9585
https://www.insanelymac.com/blog/flash-player-alternative,Human,0.9941
https://www.insidenetwork.com/how-to-change-the-administrator-name-on-windows-10,Human,0.9995
https://www.inspiringbiblicalleadership.org/post/essential-church-leadership-skills-roles-and-responsibilities-a-guide-for-beginners,AI,0.9995
https://www.reddit.com/r/mobilerepair/comments/1fm320c/any_advice_how_i_can_fix_those_crashing_issues_on,Human,0.9995
https://www.reddit.com/r/morbidquestions/comments/14pausx/how_long_can_a_person_survive_if_all_of_their,Human,0.9966
https://www.reddit.com/r/morbidquestions/comments/1jjbbf3/how_long_could_a_person_live_without_certain,Human,0.9951
https://www.reddit.com/r/msp/comments/10xsqz2/macro_pdf,Human,0.9966
https://www.reddit.com/r/mushroomgrowers/comments/ulbnqb/actives_outdoor_p_ovoid_bed_first_time,Human,0.998
https://www.reddit.com/r/nanotank/comments/1dsff97/first_nano_shrimp_tankany_tips,Human,0.9971
https://www.reddit.com/r/newworldgame/comments/1fql5so/legacy_and_standard_server_differences,Human,0.9927
https://www.reddit.com/r/newworldgame/comments/1fujjck/legacy_servers_all_pre_aeternum_servers_and,Human,0.9995
https://www.reddit.com/r/newzealand/comments/yef86j/glyphosate_why_isnt_it_banned_here,Human,0.9985
https://www.reddit.com/r/nfl/comments/1icqw1o/the_unbelievable_fact_that_drews_brees_played_in,Human,0.9985
https://www.reddit.com/r/nfl/comments/1lkt6zf/highlight_the_only_receiving_touchdown_of_drew,Human,0.9961
https://www.reddit.com/r/nfl/comments/aa4zm9/the_pittsburgh_steelers_have_had_3_head_coaches,Human,0.9922
https://www.reddit.com/r/nfl/comments/ggm1z7/bill_cowher_was_on_pace_to_threaten_the_wins,Human,0.9985
https://www.reddit.com/r/nonmurdermysteries/comments/1866thv/whats_the_real_cause_of_havana_syndrome,Human,0.9922
https://www.reddit.com/r/nutrition/comments/1ibsyfv/difference_between_white_rice_and_processed_sugar,AI,0.5615
https://www.reddit.com/r/nutrition/comments/plut65/how_important_is_nutrition_specifically,Human,0.9868
https://www.reddit.com/r/nvidia/comments/xfn4se/does_low_latency_mode_really_help_with_low_input,Human,0.9976
https://www.reddit.com/r/oblivion/comments/1lfupki/i_made_a_list_of_all_the_real_life_zodiac_signs,Human,0.9966
https://www.reddit.com/r/obs/comments/1fv5qfa/using_my_phone_as_a_webcam,Human,0.9966
https://www.reddit.com/r/occult/comments/2p53ll/the_importance_of_the_sun,Human,0.999
https://www.reddit.com/r/pakistan/comments/q8m4hq/would_you_condone_sharia_law_in_pakistan,Human,0.9966
https://www.reddit.com/r/pcmasterrace/comments/13aj97i/is_a_500w_power_supply_enough_for_a_ryzen_7_5700g,Human,0.9897
https://www.reddit.com/r/pcmasterrace/comments/18jjar3/how_do_i_check_what_graphics_card_i_have,Human,0.9946
https://www.reddit.com/r/pcmasterrace/comments/19dco97/new_to_pc_gaming_how_do_i_optimize_my_new_gaming,Human,0.9917
https://www.reddit.com/r/pcmasterrace/comments/pjfokj/how_to_check_what_windows_version_do_i_have_in,Human,0.9922
https://www.reddit.com/r/pdf/comments/11c1zn3/enhance_pdf,Human,0.9893
https://www.reddit.com/r/pdf/comments/13xleaw/how_to_reduce_the_size_of_a_pdf_file,Human,0.9971
https://www.reddit.com/r/pdf/comments/14tofss/request_how_to_create_easy_blocks_that_accept,Human,0.9932
https://www.reddit.com/r/pdf/comments/1bdpgu1/microsoft_edge_pdf_editor,Human,0.9917
https://www.reddit.com/r/pdf/comments/sttkh3/compressed_pdf_but_still_too_big_i_need_it_to_be,Human,0.9834
https://www.reddit.com/r/peanutallergy/comments/18zjd2x/biscoff_cookie_butter,Human,0.9888
https://www.reddit.com/r/personalfinance/comments/17azk0o/advice_on_claiming_a_divorced_spouses_benefits,Human,0.998
https://www.reddit.com/r/personalfinance/comments/uagf5p/help_me_understand_an_annuity_rider_called,Human,0.9976
https://www.reddit.com/r/phineasandferb/comments/x1bzy6/does_anyone_know_where_i_could_be_able_to_see,Human,0.998
https://www.reddit.com/r/photography/comments/3cbt2q/whats_the_big_deal_with_natural_light,Human,0.998
https://www.reddit.com/r/photography/comments/6ksc9x/general_guidelines_for_shooting_in_natural_light,Human,0.999
https://www.reddit.com/r/photoshop/comments/17aorf5/background_removal_help,Human,0.9976
https://www.reddit.com/r/physicaltherapy/comments/16ugdep/what_is_normal_for_dry_needling,Human,0.998
https://www.reddit.com/r/physicaltherapy/comments/9zs8xv/strong_emotional_reaction_after_my_first_dry,Human,1
https://www.reddit.com/r/pitbulls/comments/1bgbh64/i_have_a_question_when_do_they_start_loosing_teeth,Human,0.9985
https://www.reddit.com/r/pools/comments/17itpnu/how_to_heat_an_8_round_above_ground_pool_about,Human,0.9971
https://www.reddit.com/r/popculturechat/comments/146becd/not_naomi_and_billy_finally_being_married,Human,0.9937
https://www.reddit.com/r/powerpoint/comments/1ald5da/has_anyone_had_to_present_a_raci_matrix,Human,0.9976
https://www.reddit.com/r/prephysicianassistant/comments/wsl57q/anatomy_and_physiology_1,Human,0.9961
https://www.reddit.com/r/preppers/comments/q1xcp3/seeds_how_to_store_them,Human,0.9888
https://www.reddit.com/r/psychology/comments/1jthn90/men_who_regularly_use_cannabis_or_synthetic,Human,0.8862
https://www.reddit.com/r/puppy101/comments/1c3e7sr/what_age_did_your_puppy_start_loosing_teeth,Human,0.9971
https://www.reddit.com/r/puppy101/comments/xpty92/dog_daycare_requires_bordetella_every_6_months,Human,0.9941
https://www.reddit.com/r/puzzles/comments/15gns2x/without_giving_the_answer_can_someone_explain_how,Human,0.9961
https://www.reddit.com/r/questions/comments/bu9la9/what_colors_of_clothes_make_blue_eyes_pop,Human,0.9878
https://www.reddit.com/r/rcdrift/comments/zide1j/measure_toe_inout_without_a_set_up_stand,Human,0.9951
https://www.reddit.com/r/religion/comments/11zhmhe/what_did_the_ancient_egyptians_believe_what_was,Human,0.9893
https://www.reddit.com/r/religion/comments/kow840/what_was_jezus_occupation,Human,0.9995
https://www.reddit.com/r/renfaire/comments/al330v/a_beginners_guide_to_thrifty_garb,Human,0.9985
https://www.reddit.com/r/roblox/comments/1e747wt/how_to_find_ugc_codes_any_good_ugc_games,Human,0.9976
https://www.reddit.com/r/robloxjailbreak/comments/zvyq1o/what_is_the_fastest_vehicles_in_jailbreak,Human,0.9844
https://www.reddit.com/r/science/comments/bz5q5f/having_an_abortion_is_not_harmful_to_a_womans,Human,0.9961
https://www.reddit.com/r/selflove/comments/1hougp8/how_do_you_start_loving_yourself_more,Human,0.9941
https://www.reddit.com/r/skeptic/comments/16go0b7/are_the_health_risks_of_household_mold_exagerated,Human,0.9946
https://www.reddit.com/r/skyrim/comments/s82490/i_cant_use_vampires_seduction_in_the_dawnguard,Human,0.9961
https://www.reddit.com/r/slingtv/comments/17xgarn/must_watch_sling_tv,Human,0.9951
https://www.reddit.com/r/slingtv/comments/1gc50pa/can_i_watch_the_world_series_tonight_on_sling,Human,0.9951
https://www.reddit.com/r/slp/comments/4y9k5g/acute_care_bedside_swallow_report,Human,0.9976
https://www.reddit.com/r/slp/comments/yh3oij/acute_care_slps_bedside_swallow_evaluation,Human,0.9976
https://www.reddit.com/r/smallbusiness/comments/119wmx8/how_to_valuate_a_business,Human,0.9878
https://www.reddit.com/r/squidgame/comments/1io4vay/what_age_is_appropriate_to_watch_the_show,Human,0.9971
https://www.reddit.com/r/squidgame/comments/q9ziv9/am_i_old_enough_to_watch_it,Human,0.9985
https://www.reddit.com/r/statistics/comments/2mlfna/mathematically_what_does_it_mean_to_control_for_a,Human,0.9976
https://www.reddit.com/r/sysadmin/comments/1eksaxx/how_do_i_refuse_a_shared_folder_in_onedrive,Human,0.998
https://www.reddit.com/r/teaching/comments/t6b6q5/champs_for_high_school,Human,0.9995
https://www.reddit.com/r/techsupport/comments/101mase/my_android_tablet_has_a_virus_and_i_dont_know_how,Human,0.999
https://www.reddit.com/r/techsupport/comments/129dle3/is_there_any_way_to_move_the_task_bar_in_windows,Human,0.9985
https://www.reddit.com/r/techsupport/comments/15r5uke/i_dropped_my_phone_in_water_what_should_i_do,Human,0.9985
https://www.reddit.com/r/techsupport/comments/1881wh6/need_help_how_does_one_play_mkv_files_on_windows,Human,0.9922
https://www.reddit.com/r/techsupport/comments/387yt0/safe_source_to_download_codecs,Human,0.9966
https://www.reddit.com/r/techsupport/comments/qgezi1/restrict_rdp_access_for_a_specific_user,Human,0.9961
https://www.reddit.com/r/techsupport/comments/umrsc7/how_do_i_enable_secure_boot_on_my_desktop_pc,Human,0.9961
https://www.reddit.com/r/techsupport/comments/x7vq3o/how_do_i_format_an_ssd_in_windows_10,Human,0.9966
https://www.reddit.com/r/titanic/comments/15egcmh/wait_which_ship_rescued_the_titanic_was_it_the,Human,0.9956
https://www.reddit.com/r/todayilearned/comments/1bg1a6c/til_leprosy_is_still_around_and_affects,Human,0.9966
https://www.reddit.com/r/todayilearned/comments/bis50x/til_scotch_tape_is_a_pejorative_name_invented_in,Human,0.9917
https://www.reddit.com/r/todayilearned/comments/opowsa/til_that_nonsurgical_adhesive_tape_wasnt_invented,Human,0.9946
https://www.reddit.com/r/todayilearned/comments/uuy5wb/til_pubic_lice_are_usually_spread_through_human,Human,0.9956
https://www.reddit.com/r/tolkienfans/comments/1efrvev/ancalagon_size_estimation,Human,0.999
https://www.reddit.com/r/tolkienfans/comments/nr6ccd/what_is_the_biggest_size_for_ancalagon_the_black,Human,0.9985
https://www.reddit.com/r/treadmills/comments/pty0aq/anyone_else_get_hip_joint_pain_after_30_min,Human,0.9941
https://www.reddit.com/r/treeidentification/comments/19bk4j9/beech_or_birch_tree_the_one_with_green_leaves_in,Human,0.9985
https://www.reddit.com/r/trees/comments/1ljideq/what_actually_is_delta_8_flower,Human,0.9971
https://www.reddit.com/r/ultimate/comments/165tnk0/what_are_everyones_anticramping_tips_for,Human,0.9971
https://www.reddit.com/r/ultraprocessedfood/comments/1ahyrfm/is_organic_milk_any_better,Human,0.998
https://www.reddit.com/r/upcycling/comments/uixtki/i_want_to_start_up_upcycling_clothing_but_have_no,Human,0.9932
https://www.reddit.com/r/urticaria/comments/18222xh/how_long_did_your_hives_go_on_for,Human,0.9995
https://www.reddit.com/r/urticaria/comments/1914dc0/how_long_does_urticaria_typically_lasts_its_day,Human,0.999
https://www.reddit.com/r/userexperience/comments/13ifn9y/is_getting_a_career_coach_worth_it,Human,0.9897
https://www.reddit.com/r/videos/comments/7lupbg/how_to_make_pizza_at_home_easy_recipe,Human,0.9897
https://www.reddit.com/r/videos/comments/my4vre/quickest_way_to_remove_background_photoshop_2021,Human,0.9971
https://www.reddit.com/r/web_design/comments/8omb5i/best_way_to_create_a_super_simple_website,Human,0.9976
https://www.reddit.com/r/webdev/comments/cfebyu/newbie_how_do_you_make_your_image_file_size,Human,0.9927
https://www.reddit.com/r/weddingplanning/comments/b0980j/party_favors_for_bridal_shower,Human,0.9927
https://www.reddit.com/r/weightlifting/comments/jon2p8/any_of_you_guys_use_voltaren_gel_for_joint_pains,Human,0.9976
https://www.reddit.com/r/windows/comments/1cbnqjg/what_happened_to_that_story_of_windows_10_will_be,Human,0.9951
https://www.reddit.com/r/windows/comments/1di13kz/how_to_see_what_version_of_windows_you_use,Human,0.9956
https://www.reddit.com/r/windows/comments/gyefbo/is_it_a_good_idea_to_compress_c_drive,Human,0.9922
https://www.reddit.com/r/windows/comments/zjzt61/is_there_anyway_to_save_a_document_to_one_drive,Human,0.9985
https://www.reddit.com/r/workingmoms/comments/11wiu5z/if_youve_done_a_largescale_declutter_of_your_home,Human,0.9985
https://www.reddit.com/r/writers/comments/18c0gex/trying_to_describe_a_certain_facial_expression,Human,0.9966
https://www.reddit.com/r/writers/comments/1akwtbr/writing_a_bibliography_and_citing_authors,Human,0.9961
https://www.reddit.com/r/writing/comments/4nv61m/master_list_of_facial_expressions_for_writers_in,Human,0.9883
https://www.reddit.com/r/writing/comments/mrfz2l/what_the_hell_is_a_semicolon_and_when_do_i_use_it,Human,0.9951
https://www.redmondpie.com/how-to-change-your-voice-on-discord-on-pc-with-vozard,AI,0.9966
https://www.reduceimages.com,Human,0.9995
https://www.reef2reef.com/threads/sand-hardened-how-to-remove.892905,Human,0.9995
https://www.reef2reef.com/threads/when-to-add-fish.970588,Human,0.999
https://www.reef2reef.com/threads/when-to-add-next-fish.912543,Human,0.9995
https://www.reelpaper.com/blogs/reel-talk/upcycling-clothing,Human,0.9775
https://www.regain.us/advice/general/understanding-the-difference-in-bipolar-types-i-and-ii,Human,0.9995
https://www.regain.us/advice/general/what-is-disordered-thinking-and-how-can-it-affect-you-in-your-life-and-relationships,Human,0.999
https://www.regain.us/advice/love/13-signs-you-know-how-to-love-yourself,Human,0.9995
https://www.reidhealth.org/blog/why-does-my-hip-pop-when-i-walk,Human,0.9995
https://www.relayuk.bt.com,Human,0.9976
https://www.reliablesoft.net/what-is-nofollow-link,Human,0.999
https://www.remote.tools/remote-work/how-to-find-someone-on-discord,Human,1
https://www.remotemouse.net,Human,1
https://www.remove.bg,Human,0.999
https://www.reneediane.com/post/parentification-and-its-long-term-effects,AI,1
https://www.reneelab.com/how-to-play-and-edit-mkv-files.html,Human,1
https://www.researchgate.net/profile/bijit-kundu,Human,1
https://www.researchgate.net/publication/339675756_lead_glass_filledrepaired_rubies,Human,0.9995
https://www.researchgate.net/publication/367335846_understanding_global_citizenship_1_understanding_global_citizenship_discussion_paper,AI,0.9995
https://www.researchgate.net/publication/369836952_an_unusual_tin_glass-filled_ruby,Human,0.9995
https://www.resetera.com/threads/at-the-end-of-the-day-who-was-a-more-competent-jedi-knight-anakin-before-turning-into-vader-or-luke.139877,Human,0.9985
https://www.resetera.com/threads/microsoft-extends-free-windows-10-security-updates-until-october-13-2026-if-you-opt-into-windows-backup-or-spend-1-000-microsoft-rewards-points.1227417/page-2,Human,0.9995
https://www.resetera.com/threads/pc-gaming-optimized-the-ultimate-guide-including-nvidia-amd-cp-g-sync-freesync-hdr-best-settings.757693,Human,0.9976
https://www.resumebuilder.com/1-in-5-remote-workers-have-2-full-time-jobs,Human,0.999
https://www.rethink.org/advice-and-information/about-mental-illness/mental-health-conditions/bipolar-disorder,Human,0.9775
https://www.retrograde.today,AI,0.9834
https://www.revealmosaic.com/post/how-will-an-abortion-affect-me-physically,Human,0.9995
https://www.revivesportspine.com/blog/2017/2/12/7-things-you-need-to-know-about-dry-needling,Human,1
https://www.rewind.ai,Human,0.9966
https://www.richlandcountysc.gov/government/departments/budget-and-grants-management/annual-budget-reports/current-fiscal-year-reports,Human,0.9937
https://www.rinse.com/blog/care/baking-soda-and-vinegar-laundry,Human,0.9707
https://www.rinse.com/blog/care/homemade-fabric-softener,AI,1
https://www.rinse.com/blog/care/how-to-use-fabric-softener,AI,1
https://www.rit.edu/study/industrial-and-systems-engineering-ms,Human,0.9819
https://www.robokiller.com,Human,0.9985
https://www.rocketlawyer.com,Human,0.998
https://www.rootsofloneliness.com/does-technology-make-us-more-alone,Human,0.9985
https://www.rossstores.com,Human,0.9985
https://www.rottentomatoes.com/m/american_psycho,Human,0.9922
https://www.rottentomatoes.com/tv/squid_game,Human,0.9873
https://www.rottentomatoes.com/tv/squid_game/s03,Human,0.9824
https://www.roundwoodvets.co.uk/single-post/why-is-my-cat-so-clingy,AI,0.9995
https://www.rspca.org.uk/adviceandwelfare/pets/fish/environment,Human,0.9741
https://www.rspca.org.uk/adviceandwelfare/pets/rabbits/sexing,Human,0.9717
https://www.rsu.lv/en/guidelines-citing-references-and-compiling-bibliography,Human,0.9946
https://www.rubicon.com/blog/used-cooking-oil-recycling,Human,0.9995
https://www.ruletech.com.au/how-to/how-to-separate-full-name-in-excel,Human,0.9966
https://www.rush.edu/news/7-common-causes-hip-pain,Human,0.9951
https://www.rush.edu/news/cold-hands-and-frigid-digits,Human,0.9961
https://www.rush.edu/news/snoring-kids,Human,0.9951
https://www.rustoleum.com/inspiration/allproject/allcategory/painted-terra-cotta-pots,Human,0.999
https://www.sadieseasongoods.com/upcycled-clothing,Human,0.9995
https://www.sage.com/en-us/blog/glossary/what-is-a-general-ledger,Human,0.9961
https://www.sandandsisal.com/2014/05/how-to-paint-terracotta-pots.html,Human,1
https://www.sandstonecare.com/blog/bipolar,Human,0.8452
https://www.sandstonecare.com/blog/what-is-delta-8-11-facts-about-the-newest-marijuana-strain,Human,0.9985
https://www.sans.org,Human,0.9976
https://www.savatree.com/resource-center/tree-varieties/copper-beech-tree,Human,0.9922
https://www.savewizard.net,Human,0.9995
https://www.savinadental.com/how-to-treat-a-tongue-burn,Human,0.9995
https://www.sba.gov/business-guide/plan-your-business/write-your-business-plan,Human,0.999
https://www.scan.co.uk/products/750w-be-quiet!-system-power-10-80plus-bronze-wired-psu-single-rail-625a-plus12v-black-atx-psu,Human,0.9985
https://www.sce.com/save-money/rates-financing/electric-vehicle-plan,Human,0.9971
https://www.schlessellaw.com/five-common-types-of-wills-in-new-york,AI,0.8652
https://www.scholarhat.com/tutorial/azure/10-reasons-to-get-a-microsoft-azure-certification,Human,0.9971
https://www.schoolofrock.com/resources/vocals/10-ways-to-improve-singing-with-a-microphone,Human,0.999
https://www.schwab.com/ira/roth-ira,Human,0.9912
https://www.schwab.com/learn/story/how-to-use-relative-strength-index-rsi,Human,0.9893
https://www.schwartz.co.uk/products/pour-over-sauces/sauce-mixes/creamy-mild-peppercorn-sauce,Human,0.9971
https://www.science.org.au/curious/technology-future/how-make-perfect-sandcastle,Human,0.9995
https://www.scienceabc.com/humans/can-you-live-without-a-liver.html,Human,0.9995
https://www.sciencefocus.com/news/new-measurement-biological-age,Human,1
https://www.sciencefocus.com/planet-earth/earths-mysterious-core,Human,0.9995
https://www.sciencefocus.com/space/why-is-the-moon-white,Human,0.998
https://www.scotchblue.com/3m/en_us/scotchblue/about-us,Human,0.9922
https://www.scotchbrand.com/3m/en_us/p/d/b5005497000,Human,0.9961
https://www.scotchbrand.com/3m/en_us/scotch-brand/about,Human,1
https://www.screencapture.com,Human,0.9912
https://www.screencastify.com,Human,0.998
https://www.scribbr.com/citation/generator/cite/conference-session,Human,0.998
https://www.scriptolab.com/minecraft-pixel-art-en.php,Human,0.9951
https://www.scripturalgrace.com/post/power-of-a-praying-woman-bible-verses,Human,0.9985
https://www.sdcba.org,Human,0.9976
https://www.sdhumane.org/adopt/available-pets,Human,0.9995
https://www.sdhumane.org/services/vaccinations,Human,0.9985
https://www.seamester.com/blog/7-high-school-classes-that-all-aspiring-marine-biologists-should-take,Human,0.981
https://www.seamester.com/blog/how-to-become-a-marine-biologist,Human,0.9995
https://www.seattleurbanfarmco.com/blog/planting-and-harvesting-asparagus,Human,0.9995
https://www.secureserver.net/help/what-does-my-email-bounce-mean-3568,AI,0.9995
https://www.seguridadaerea.gob.es/en/ambitos/operaciones-aereas/arrendamientos-dry-y-wet,Human,0.98
https://www.sensationalkids.ie/supporting-children-with-dyslexia-tips-for-parents-and-educators,Human,0.9976
https://www.sensiblefinancial.com/guaranteed-minimum-withdrawal-benefit-annuities,Human,0.999
https://www.sensiblefinancial.com/guaranteed-minimum-withdrawal-benefit-annuities-part-2-solution-rock-solid-financial-security-good-true,Human,0.9995
https://www.senso-ji.jp/english,Human,0.9985
https://www.sentarahealthplans.com/en/members/manage-plans,Human,0.9971
https://www.seohorizon.com/marketing/crafting-catchy-slogans,Human,0.9937
https://www.sephora.co.uk/p/rouge-is-not-my-name-satin-lipstick,Human,0.9961
https://www.seriouseats.com/detroit-style-pizza-recipe,Human,0.9941
https://www.servicenow.com/community/agent-chat-routing-and-sidebar/advanced-work-assignment-awa-faqs/ta-p/2306792,Human,0.9995
https://www.servicenow.com/community/developer-forum/email-script-amp-notification/td-p/3301114,Human,1
https://www.servicenow.com/community/developer-forum/reply-to-inbound-email-to-append-to-ritm-comment-based-on-email/td-p/3301651,Human,0.9985
https://www.setforset.com/blogs/news/how-to-get-rid-of-neck-fat-with-exercise-diet,Human,0.9966
https://www.sevenforums.com/hardware-devices/382443-how-decide-what-power-supply-buy.html,Human,1
https://www.sevenforums.com/network-sharing/203428-connect-directly-another-computer-without-using-net.html,Human,0.9995
https://www.sexualwellbeing.ie/sexual-health/sexually-transmitted-infections/types-of-stis/pubic-lice.html,Human,0.9985
https://www.shaalaa.com/question-bank-solutions/what-meant-i-homogeneous-mixtures-ii-heterogeneous-mixtures-give-two-examples-homogeneous_72974,Human,0.999
https://www.shaheen.senate.gov/shaheen-baldwin-introduce-legislation-to-make-affordable-care-act-premium-tax-credits-permanent-lowering-costs-for-millions-of-americans,Human,0.9966
https://www.shaneco.com/theloupe/fashion/how-to-print-locket-sized-photos-for-a-meaningful-gift,Human,0.9985
https://www.sharkclean.com/sharkus.sales_offers.deals,Human,0.9951
https://www.sheetgo.com/blog/excel-functions/concatenate-excel,Human,0.9966
https://www.sheknows.com/living/articles/1012279/best-clothing-colors-for-blue-eyes,Human,0.9995
https://www.sheppardpratt.org/care-finder/hospital-outpatient-clinic/general-neuropsychiatry-services/thought-disorders-services,Human,0.9976
https://www.shessinglemag.com/blogs/sex-relationships/how-to-move-on-from-the-mother-of-your-child,Human,0.998
https://www.shessinglemag.com/blogs/sex-relationships/signs-your-baby-mama-is-over-you,Human,0.999
https://www.shinebright.us/post/what-is-a-career-coach,Human,0.9946
https://www.shingrix.com,Human,0.9863
https://www.shoezone.com/blog/shoe-width-fittings-explained,Human,0.9995
https://www.shopclearwaterpools.com/how-to-heat-an-above-ground-pool,Human,0.998
https://www.shopify.com/blog/business-valuation,Human,0.9976
https://www.shopify.com/blog/general-ledger-accounting,Human,0.9966
https://www.shopify.com/blog/slogan-examples,Human,0.9971
https://www.shopify.com/tools/slogan-maker,Human,0.9951
https://www.shoploveable.com/blogs/love-letters/shine-on-discover-the-meaning-of-the-sun-symbol,Human,0.9844
https://www.shopperlib.com/easy-tips-on-how-to-identify-a-lead-glass-filled-ruby,Human,0.9995
https://www.shopperlib.com/lead-glass-filled-rubies-a-perfect-waste-of-money,Human,0.9995
https://www.shrink.media/product/resize-jpg-images-online,Human,0.9863
https://www.shrink.media/tools/jpg-compress,AI,0.999
https://www.shrm.org/executive-network/insights/8-tips-building-recession-proof-business,Human,0.9761
https://www.shrm.org/topics-tools/news/hr-magazine/trust-matters-work,Human,0.9668
https://www.signnow.com,Human,0.9912
https://www.silverdaledentalcenter.com/top-10-tips-to-stop-snoring,Human,0.9946
https://www.simafamilydental.com/can-i-drink-coffee-after-a-tooth-extraction,Human,1
https://www.simplilearn.com/azure-administrator-responsibilities-article,AI,1
https://www.simplilearn.com/azure-cloud-architect-certification-training-course,Human,0.9961
https://www.simplilearn.com/microsoft-azure-fundamentals-az-900-certification,Human,0.9697
https://www.simplilearn.com/project-and-process-metrics-article,Human,0.9985
https://www.simplilearn.com/tutorials/excel-tutorial/concatenate-in-excel,Human,0.9795
https://www.simplilearn.com/tutorials/excel-tutorial/how-to-make-a-graph-in-excel,Human,0.96
https://www.simplilearn.com/tutorials/java-tutorial/abstract-class-in-java,Human,0.9995
https://www.simplilearn.com/tutorials/nodejs-tutorial/what-is-express-js,Human,0.9941
https://www.simplilearn.com/tutorials/nodejs-tutorial/what-is-nodejs,Human,0.9902
https://www.simplilearn.com/tutorials/python-tutorial/python-functions,Human,0.9995
https://www.simplilearn.com/tutorials/sql-tutorial/add-column-in-sql,Human,0.9946
https://www.simplilearn.com/what-is-a-web-crawler-article,Human,0.9976
https://www.simplywigs.co.uk/blog/does-rosemary-oil-really-help-hair-growth,Human,0.9985
https://www.singlecare.com/blog/birth-control-implant-nexplanon-contraceptive,Human,0.9912
https://www.siparent.com/what-parents-need-to-know-about-squid-game,Human,0.9995
https://www.sixfiguresunder.com/29-non-food-items-you-should-keep-stocked-at-home,Human,0.9995
https://www.sixsistersstuff.com/recipe/easy-no-bake-peanut-butter-bars,Human,0.9995
https://www.skillslab.io/marketing/easy-ways-to-collect-email-addresses,Human,1
https://www.skindeeplasermd.com/blog/how-to-reduce-double-chin-fat,Human,0.9976
https://www.skyblock.bz,Human,0.9971
https://www.slateaccounting.com/insights/how-to-value-a-business,Human,0.998
https://www.slazzer.com,Human,0.9985
https://www.slcpodiatrist.com/blog/5-reasons-why-you-keep-getting-calluses-on-your-feet,AI,1
https://www.slideteam.net/blog/35-best-matrix-chart-powerpoint-templates-to-make-better-decisions,Human,0.9966
https://www.slumberland.com/collections/all-mattresses,Human,0.9985
https://www.smithsonianmag.com/smart-news/what-you-didnt-know-about-scotch-tape-180961914,Human,1
https://www.smoothroots.co/blogs/cbd/how-to-use-cbd-oil-for-erectile-dysfunction,Human,0.999
https://www.smorescience.com/why-is-moon-white,Human,0.9995
https://www.snaptechit.com/self-help-video/how-to-manually-add-a-shared-mailbox-in-outlook,Human,0.9985
https://www.snexplores.org/article/explainer-earth-layer-layer,Human,0.998
https://www.snopes.com/fact-check/ice-sign-free-food-in-n-out-burger,Human,0.998
https://www.socialchamp.com,Human,0.9902
https://www.socialstudies.com/blog/capitalism-socialism-communism-whats-the-difference,Human,0.999
https://www.socialstudies.com/blog/the-lasting-legacy-of-martin-luther-king-jr-s-i-have-a-dream-speech,AI,1
https://www.socialworkers.org/about/ethics/code-of-ethics/code-of-ethics-english/social-workers-ethical-responsibilities-to-clients,Human,0.9971
https://www.sofasbysaxon.com/us/quality-chesterfield-sofas-i1851,Human,0.9893
https://www.softwarehubs.com/how-to-guide/flash-player.html,Human,0.998
https://www.softwarehubs.com/troubleshooting/view-your-gpu.html,Human,0.998
https://www.softwaretestinghelp.com/discord-voice-changer,Human,0.9854
https://www.sogolytics.com/blog/how-has-technology-affected-social-interaction,Human,0.9429
https://www.soilassociation.org/take-action/organic-living/what-is-organic/organic-milk-dairy,Human,1
https://www.solidworks.com,Human,0.9907
https://www.solidworks.com/support/hardware-certification,Human,0.999
https://www.solidworks.com/support/system-requirements,Human,0.9976
https://www.solix.com/products/answers/how-to-create-archive-folder-outlook,Human,0.9946
https://www.sololearn.com/en/discuss/1162883/why-abstract-classes-are-used,Human,1
https://www.solta.com,Human,0.9995
https://www.someecards.com/lifestyle/couples/tk-surprising-things-couples-actually-do-in-the-shower-together,Human,0.9985
https://www.sos.la.gov/notaryandcertifications/becomealouisiananotary,Human,0.999
https://www.souschef.co.uk/blogs/the-bureau-of-taste/whats-so-special-about-san-marzano-tomatoes,Human,0.998
https://www.southerntidemedia.com/7-excel-error-messages-youre-sick-of-seeing-and-how-to-fix-them,Human,1
https://www.sparklecat.com/diary/travel-cat-airplane,Human,0.9995
https://www.sparkpeople.com/blog/blog.asp,Human,0.9829
https://www.spaworld.com.au/learn/what-s-better-for-a-spa-chlorine-or-bromine-common-questions-pros-and-cons-of-eac,Human,0.999
https://www.speakingvoices.com/post/why-your-voice-sounds-different-on-the-phone,Human,0.9995
https://www.spellbook.legal,Human,0.999
https://www.spidersoftwareindia.com/blog/cup-and-handle-chart-pattern-2023,AI,1
https://www.spine-health.com/conditions/spine-anatomy/all-about-l5-s1-lumbosacral-joint,Human,0.9561
https://www.sportandspinephysio.com.au/post/is-dry-needling-painful-addressing-common-myths-and-concerns,AI,0.9995
https://www.sports-health.com/blog/5-walking-tips-avoid-hip-pain,Human,0.9985
https://www.spotlightstores.com/buying-guides/curtains-blinds/how-to-measure-your-windows,Human,0.999
https://www.springworks.in/blog/importance-of-respect-in-workplace,Human,0.9985
https://www.spurstalk.com/forums/showthread.php,Human,0.9951
https://www.squarespace.com,Human,0.9834
https://www.staplescopyandprint.ca/printonlineinfo/filesubmissioninfo.aspx,Human,0.9985
https://www.startallback.com,Human,0.9985
https://www.state-journal.com,Human,0.9927
https://www.stateparkmarina.com,Human,0.9995
https://www.steamboatnatchez.com,Human,0.9995
https://www.steelers.com/history/bios/cowher_bill,Human,0.998
https://www.steelers.com/history/bios/cowher_bill_4hof,Human,0.9961
https://www.stephenkarlisch.com/blog/natural-light-photography-or-is-it,Human,1
https://www.stinehome.com,Human,0.9888
https://www.stockgro.club/blogs/stock-market-101/double-top-pattern,AI,1
https://www.stoleninspiration.com/yacht-party-outfits,AI,0.9839
https://www.stonefamilyfarmstead.com/help-my-cat-has-matted-fur,Human,0.9995
https://www.stonyfield.com,Human,0.9858
https://www.stopautoleaks.com/videos/fix-oil-leak-kw-super-turbo-engine-oil-stop-leak,Human,0.9995
https://www.stopsaving.com/technical-analysis-course/double-top-patterns,Human,0.9995
https://www.storylane.io/tutorials/how-to-move-rows-up-and-down-microsoft-excel,Human,0.9995
https://www.storytellingwithdata.com,Human,0.9995
https://www.str.org/w/how-to-explain-the-trinity-to-latter-day-saints,Human,0.9976
https://www.stratascratch.com,Human,0.9951
https://www.stroke-manual.com/extracranial-doppler-sonography,Human,0.999
https://www.study-english-grammar.com/post/such-a,Human,0.9995
https://www.styleforum.net/threads/what-to-wear-to-a-yacht-social.62957,Human,0.9985
https://www.styleforum.net/threads/whats-the-most-common-jacket-size.116135,Human,0.999
https://www.sugarcrm.com/blog/8-steps-for-legal-email-marketing,Human,0.9907
https://www.summit.org/resources/videos/what-is-the-church-for,Human,0.9971
https://www.sunbelttexas.com/post/how-to-value-a-business,AI,1
https://www.sunrisecouplestherapy.com/post/17-dirty-talk-phrases-every-couple-should-use-in-bed-according-to-sex-therapists,Human,0.9995
https://www.supermoney.com/encyclopedia/guaranteed-minimum-accumulation-benefit,AI,1
https://www.supermoney.com/encyclopedia/guaranteed-minimum-withdrawal-benefit,AI,1
https://www.svasthealthtech.com/challenges-in-j-code-billing-and-how-to-overcome-them,AI,1
https://www.svhhearthealth.com.au/procedures/procedures-treatments/coronary-angiogram,Human,0.9985
https://www.sweetwater.com/sweetcare/articles/getting-started-with-external-hard-drives,Human,0.9956
https://www.sweetwater.com/sweetcare/articles/how-to-format-an-external-hard-drive-on-windows-10,Human,0.9961
https://www.sweetwaternow.com/why-we-pray-together,Human,0.9995
https://www.swimming.org/masters/swimfit-training-camp-avoiding-foot-cramp,Human,1
https://www.sydney.edu.au/news-opinion/news/2018/02/14/what-is-your-real-biological-age-.html,Human,1
https://www.sydney.edu.au/news-opinion/news/2018/05/02/no-evidence-of-serious-mental-health-issues-for-women-after-abor.html,Human,0.9995
https://www.sydney.edu.au/news-opinion/news/2020/03/19/glyphosate-contamination-global-hotspots-in-world-first-map.html,Human,1
https://www.sydney.edu.au/vet-hospital/general-practice/preventative-health/vaccinations.html,Human,0.9995
https://www.sysopt.com/showthread.php,Human,0.9985
https://www.tabasco.com,Human,0.5957
https://www.tampacolorectal.com/blog/when-to-be-concerned-how-long-should-constipation-last,Human,0.9995
https://www.target.com/s/peppercorn+sauce,Human,0.9907
https://www.tasteofhome.com/article/best-san-marzano-tomatoes,Human,0.9995
https://www.tasteofhome.com/article/gluten-free-baking-guide,Human,0.9985
https://www.tasteofhome.com/article/how-to-clean-a-pizza-stone,Human,0.9995
https://www.tasteofhome.com/article/how-to-clean-oven-glass,Human,0.9995
https://www.tasteofhome.com/article/how-to-dispose-of-oil,Human,0.9966
https://www.tasteofhome.com/collection/the-best-gluten-free-bread-you-can-buy,Human,0.9995
https://www.tasteofhome.com/recipes/broiled-lobster-tail,Human,0.9922
https://www.tastingtable.com/1208956/trader-joes-speculoos-vs-lotus-biscoff-the-battle-for-the-better-cookie-butter,Human,0.9907
https://www.tastingtothrive.com/20-minute-marry-me-chickpeas-using-canned-chickpeas,Human,0.9868
https://www.tbn.org,Human,0.9995
https://www.tdcaa.com/journal/investigative-genetic-genealogy-igg-a-guide-for-prosecutors,Human,0.9897
https://www.teachwithmrst.com/post/a-culture-of-mutual-trust-and-respect-supports-effective-relationships,Human,1
https://www.teamterriblegames.com,Human,0.9976
https://www.techbusinessnews.com.au/hard-drive-compression,Human,0.9805
https://www.techbuyer.com/uk/blog/what-is-a-power-supply-unit-psu,Human,0.9976
https://www.techopedia.com/antivirus/how-to-turn-off-antivirus-software,Human,0.9917
https://www.techrounder.com/mac/what-is-a-macos-base-system,Human,0.9976
https://www.techwhoop.com/iphone/how-to-make-a-pdf-on-iphone,Human,0.6553
https://www.ted.com/talks/fahad_saeed_the_importance_of_using_inclusive_language,Human,0.9946
https://www.tek-tips.com/threads/compress-drive-to-save-disk-space-whats-that.187833,Human,1
https://www.tek-tips.com/threads/how-to-restrict-rdp-users-to-the-desktop.1799003,Human,1
https://www.tek-tips.com/threads/need-excel-formula-to-break-up-first-and-last-name.822224,Human,1
https://www.tek-tips.com/threads/restrict-a-remote-desktop-user-to-1-directory.1557520,Human,1
https://www.tek.com/en/documents/application-note/fundamentals-ac-power-measurements,Human,0.9922
https://www.tella.com,Human,0.9961
https://www.tempurpedic.com,Human,0.9932
https://www.tempursealy.com,Human,0.9971
https://www.tenthacrefarm.com/storing-seeds-long-term-seed-saving,Human,0.9995
https://www.tetra-fish.com/learning-center/getting-started/how-to-setup-an-aquarium.aspx,Human,1
https://www.texasmonthly.com/being-texan/felix-longoria-affair,Human,0.999
https://www.texasnotary.com,Human,0.9927
https://www.tgarcia.education/post/why-nutrition-is-key-to-your-child-s-health-and-well-being,AI,1
https://www.the-rheumatologist.org/article/methotrexate-codes-billing-updated,Human,0.998
https://www.theadvocate.com/new_orleans/sports/saints/the-story-of-drew-brees-and-the-1-in-500-injury-that-couldnt-stop-his/article_abaf4c0a-c805-11e8-9412-2391641ec153.html,Human,0.9946
https://www.thebiblerecap.com,Human,0.999
https://www.thebiggreenk.com/blog/what-pest-is-snacking-on-your-plants,Human,1
https://www.thebirthposter.com,Human,0.9971
https://www.thebricks.com,Human,0.999
https://www.thebugsquad.com/fleas/dawn-for-fleas,Human,0.9995
https://www.thecalculatorsite.com/conversions/common/watts-amps.php,Human,0.9893
https://www.thecbdedshow.org,Human,0.998
https://www.thecbdedshow.org/2024/12/cbd-may-enhance-sexual-health,AI,1
https://www.thechampfoundation.org,Human,0.999
https://www.thecommons.earth/blog/5-upcycled-clothing-brands-you-should-know-about,Human,0.9868
https://www.thecountrychiccottage.net/how-to-use-a-sublimation-printer,Human,0.937
https://www.thecountrychiccottage.net/marbled-flower-pot,Human,0.8926
https://www.thecountrychiccottage.net/sublimation-blanks,Human,0.9233
https://www.thecountrycook.net/easy-breakfast-pizza,Human,0.9985
https://www.thecountrycook.net/the-best-southern-fried-chicken,Human,0.9995
https://www.thedesertreview.com/news/comit-c-vico-del-valle-sends-demand-letter-to-the-desert-review/article_16eaa706-db16-410b-ad56-597b643337d8.html,Human,0.9946
https://www.thedivorcemagazine.co.uk/how-to-tell-people-youre-getting-a-divorce,AI,0.998
https://www.thedrive.com/news/judge-says-feds-cant-withhold-money-from-state-ev-charger-programs,Human,0.9985
https://www.thegardenglove.com/keep-squirrels-out-of-potted-plants-and-bulbs,Human,0.9995
https://www.theglobeandmail.com/investing/markets/indices/hgx/pressreleases/25288541/11-fabulous-ways-to-make-600-fast-all-in-cash,Human,0.9995
https://www.theglobeandmail.com/investing/markets/stocks/cost/pressreleases/28692674/3-little-known-perks-of-a-costco-executive-membership,Human,1
https://www.theglobeandmail.com/investing/markets/stocks/ge/pressreleases/33061436/zackscom-featured-highlights-sprouts-farmers-market-adobe-ge-aerospace-and-resmed,Human,0.9995
https://www.theglobeandmail.com/investing/markets/stocks/pltr/pressreleases/33061313/3-growth-stocks-im-loading-up-on,Human,1
https://www.thegomezfamily.info/blog/historical-development-trinity,Human,0.9946
https://www.thegritandpolish.com/blog/pretty-garden-bed-cover-roundup,Human,0.9995
"https://www.theguardian.com/notesandqueries/query/0,,-198288,00.html",Human,0.9995
https://www.thehumanesociety.org,Human,0.9966
https://www.thejournal.ie/jury-acquits-man-accused-of-three-in-a-bed-sexual-assault-in-limerick-6744851-jun2025,Human,0.9995
https://www.themodestman.com/how-to-upcycle-clothes,Human,0.9995
https://www.theobserver.ca/opinion/columnists/fall-the-best-time-to-do-almost-all-transplanting,Human,0.9995
https://www.theory.com,Human,0.5015
https://www.thepodcasthost.com/mindset/i-hate-my-voice,Human,1
https://www.thepoolfactory.com/blogs/equipment/how-to-heat-an-above-ground-swimming-pool-while-saving,Human,0.9795
https://www.thepoolfactory.com/collections/pool-heaters,Human,0.5273
https://www.therustypelican.com/posts/how-to-pair-wine-with-lobster,Human,0.9707
https://www.thesaurus.com/browse/as-such,Human,0.9995
https://www.thesewingroomalameda.com/fashion-studies-blog/2022/1/4/upcycle-sewing-4-tips-for-making-old-clothes-new-againnbsp,Human,0.9941
https://www.theshortcut.com/p/ps5-ssd-upgrade,Human,0.9961
https://www.thetruthstandsforever.com/prayer---bible-verses1.html,Human,0.9912
https://www.thetruthstandsforever.com/prayer---bible-verses2.html,Human,0.9912
https://www.theupsstore.com/print,Human,0.999
https://www.thewatchtower.com/blogs_on/how-to-use-your-phone-as-a-webcam,Human,0.998
https://www.thewrap.com/melania-trump-lawsuit-barron-autism,Human,0.9995
https://www.thewrap.com/rosie-odonnell-defends-speculating-barron-trump-is-autistic,Human,0.9985
https://www.thinkingfaith.org/articles/20080925_1.htm,Human,0.9995
https://www.thisoldhouse.com/bathrooms/21016460/how-to-caulk-a-bathtub,Human,0.9897
https://www.thisoldhouse.com/electrical/21015441/power-on-demand-how-it-works,Human,0.9912
https://www.thorne.com/products/dp/biological-age,Human,0.9922
https://www.thoughtriver.com/resources/review-contract-lawyer-vs.-general-counsel-whats-the-difference,Human,0.9609
https://www.thryv.com/blog/techniques-building-email-list,Human,0.9995
https://www.tht.org.uk/sexual-health/stis/pubic-lice,Human,0.9995
https://www.thyssenkrupp-materials.co.uk/technical-knowledge-hub/iron-vs-steel,Human,1
https://www.tidjma.tn/en/glossary/pm-schedule-variance-sv-4829,AI,0.9995
https://www.tiktok.com/channel/bridal-shower-favors,Human,0.9995
https://www.tiktok.com/channel/bridal-shower-party-favors,Human,1
https://www.timeanddate.com/astronomy/moon/phases.html,Human,0.9995
https://www.timeanddate.com/astronomy/moon/waning-crescent.html,Human,0.9995
https://www.timeanddate.com/worldclock/sunearth.html,Human,0.9956
https://www.timelesschesterfields.com/blog/history-of-the-chesterfield,Human,0.9697
https://www.timelesschesterfields.com/us/blog/the-history-of-the-chesterfield-sofa,Human,0.96
https://www.timetrackapp.com/en/blog/schedule-variance,Human,0.999
https://www.tinyquip.com/fix-apps-keep-crashing-on-android,Human,0.998
https://www.today.com/video/shingles-vaccine-what-to-know-about-its-added-benefits-238987333838,Human,0.9966
https://www.todaysparent.com/family/family-health/mom-rage-is-a-real-thing-heres-how-to-deal-with-it,Human,0.999
https://www.todoist.com/inspiration/organize-your-home,Human,0.999
https://www.todoist.com/inspiration/organize-your-life,Human,0.9985
https://www.toe-beans.com/blogs/pet-blog/care-overly-clingy-cats,Human,0.9985
https://www.toe-beans.com/blogs/pet-blog/how-travel-plane-cat,Human,0.9995
https://www.tomshardware.com/how-to/create-python-functions,Human,0.999
"https://www.tomshardware.com/news/format-hard-drive-command-prompt,37632.html",Human,0.9941
https://www.totalassignment.com/blog/control-variables,Human,1
https://www.toughconvos.com/post/what-is-global-citizenship-and-why-is-it-important,Human,1
https://www.townfairtire.com/information/wheel-alignment/caster-camber-and-toe-alignments,Human,0.9995
https://www.toysrus.com,Human,0.9922
https://www.tpt.org/independent-lens/video/independent-lens-the-longoria-affair-clip-3,Human,0.998
https://www.traceyourpast.com/newsletters/behind-the-scenes-of-the-titanic-rescue-ship,Human,0.9985
https://www.trainerroad.com/forum/t/how-do-i-prevent-spams-cramp-in-my-calf/13704,Human,1
https://www.translatorscafe.com/unit-converter/en-us/calculator/ac-power,Human,0.9976
https://www.transtutors.com/questions/which-of-the-following-statements-about-knowledge-workers-is-true-group-of-answer--10010048.htm,Human,0.9995
https://www.travelmole.com/presszone/msc-cruises-hits-the-big-screen-in-epicracing-film-f1-the-movie-event-film-of-the-summer-na,Human,0.9995
https://www.travishale.com/mastering-text-functions-in-excel-concatenate-textjoin-left-right-mid-and-more,AI,1
https://www.trentfurniture.co.uk/news/blog/blogid-46/what-is-a-chesterfield-sofa,Human,0.9995
https://www.tribecasalon.com/rosemary-water-secret-amazing-hair,Human,0.9976
https://www.trihydro.com/news/news-details/2021/04/06/dtsc-proposes-increased-governance-and-fee-reform,Human,0.9888
https://www.trinitycollege.edu,Human,0.998
https://www.trivalent.com/what-is-an-sds-safety-data-sheet,Human,0.9678
https://www.troublefreepool.com/threads/anyone-have-any-ingenious-ways-to-heat-water-in-an-above-ground.93944,Human,0.9995
https://www.troublefreepool.com/threads/how-do-i-use-bromine-in-my-spa-or-hot-tub.84,Human,0.9995
https://www.truereligion.com/buddha-v-notch-baby-tee/209764.html,Human,0.9927
https://www.truist.com,Human,0.9922
https://www.truist.com/checking/truist-confidence-banking,Human,0.9995
https://www.truist.com/checking/truist-one-banking,Human,0.9985
https://www.trupanion.com/pet-blog/article/matted-cat-hair,Human,0.9966
https://www.tshof.org/store/p43/drew_brees.html,Human,0.9995
https://www.tubebuddy.com,Human,0.998
https://www.tumblr.com/catsharky/732293584000253952/my-tav-wasnt-raised-by-tieflings-and-hasnt,Human,0.9985
https://www.tumblr.com/gffa/170173733020/spiraling-off-that-text-about-how-young-anakin-was,Human,1
https://www.tumblr.com/lairofsentinel/632336501467906048/average-lifespan-of-races-of-forgotten-realms,Human,0.9995
https://www.tumblr.com/mylordshesacactus/170401018158/please-make-a-post-about-the-story-of-the-rms,Human,1
https://www.tumblr.com/padawanlost/619180261215780864/wasnt-obi-wan-25-in-aotc-and-he-was-still-a,Human,0.9995
https://www.tutor2u.net/business/reference/market-equilibrium,Human,1
https://www.tutor2u.net/economics/topics/market-equilibrium,AI,1
https://www.tutor2u.net/politics/reference/socialism,Human,0.9985
https://www.twi-global.com/technical-knowledge/faqs/what-is-preventive-maintenance,Human,0.9995
https://www.twigandtale.com/blogs/twig-and-tale-blog/our-favourite-upcycling-tips,Human,0.9995
https://www.twopurplefigs.com/how-to-cook-lobster-tail,Human,1
https://www.txst.edu/philosophy/resources/fallacy-definitions.html,Human,0.998
https://www.tylercauble.com/blog/commercial-real-estate-cap-rates,Human,0.9995
https://www.uassistme.com/blog/9-productivity-hacks-to-easy-to-be-true-0,Human,1
https://www.ubreakifix.com,Human,0.9995
https://www.ubuntuwildlifetrust.com/2020/07/27/lets-talk-about-giraffe-and-their-long-neck,Human,0.9985
https://www.uc.edu,Human,0.9966
https://www.ucl.ac.uk/isd/how-to/open-shared-mailbox-outlook-2016-for-windows,Human,0.9985
https://www.ufl.edu/about,Human,0.999
https://www.ugreen.com/blogs/charger/how-to-charge-a-laptop-without-a-charger,AI,1
https://www.un.org/en/academic-impact/global-citizenship,Human,0.999
https://www.un.org/en/academic-impact/page/global-citizenship-education,Human,0.9995
https://www.un.org/en/climatechange/science/causes-effects-climate-change,Human,0.9995
https://www.unep.org/topics/chemicals-and-pollution-action/pollution-and-health/heavy-metals/used-lead-acid-batteries,Human,0.9951
https://www.unpolishedponderings.com/blog/thoughtful-wedding-gift-ideas,Human,0.9995
https://www.upcounsel.com/what-is-a-contract-lawyer,AI,0.9971
https://www.urbanoutfitters.com/shop/true-religion-crystal-logo-graphic-notch-cap-sleeve-baby-tee,Human,0.999
https://www.urmc.rochester.edu/encyclopedia/content,Human,0.9995
https://www.urtech.ca/2025/05/solved-video-simple-guide-to-replace-the-battery-on-dell-precision-in-5-minutes,Human,1
https://www.usatoday.com/story/entertainment/celebrities/2025/06/24/jeff-bezos-lauren-sanchez-wedding-guest-list-celebrities/84333818007,Human,0.999
https://www.usatoday.com/story/entertainment/celebrities/2025/06/25/jeff-bezos-lauren-sanchez-arrive-italy-wedding/84351536007,Human,0.9985
https://www.usatoday.com/story/entertainment/movies/2025/06/26/brad-pitt-f1-the-movie-racing-interview/84318857007,Human,0.9995
https://www.usatoday.com/story/graphics/2024/11/25/mercury-retrograde-nov-2024-sagittarius/76565379007,Human,0.999
https://www.usatoday.com/story/life/2024/07/02/what-is-my-zodiac-star-sign/74192581007,Human,1
https://www.usatoday.com/story/life/health-wellness/2024/08/17/hands-always-cold/74477939007,Human,0.9995
https://www.usatoday.com/story/life/health-wellness/2024/11/20/what-does-biotin-do/75900383007,Human,1
https://www.usatoday.com/story/life/horoscopes/2023/12/03/horoscopes-today/71790685007,Human,0.9995
https://www.usatoday.com/story/life/horoscopes/2024/12/03/horoscopes-today/76725724007,Human,0.999
https://www.usatoday.com/story/life/pets/2024/11/22/how-to-travel-fly-with-a-cat/76432598007,Human,0.999
https://www.usatoday.com/story/money/2024/10/01/what-to-stock-up-on-port-strike/75466382007,Human,0.9995
https://www.usatoday.com/story/money/2025/06/26/best-tool-pay-off-credit-card-debt/84331802007,Human,0.9995
https://www.usatoday.com/story/money/cars/2025/06/26/costco-fast-ev-charger-experiment-spacex/84335283007,Human,1
https://www.usatoday.com/story/money/markets/2025/04/03/stocks-investors-digest-trump-tariffs/82787337007,Human,0.9995
https://www.usatoday.com/story/money/markets/2025/04/04/stocks-trump-tariff-plan/82808040007,Human,0.9995
https://www.usatoday.com/story/news/2022/09/02/what-years-gen-x-millennials-baby-boomers-gen-z/10303085002,Human,0.9995
https://www.usatoday.com/story/news/2023/02/08/gen-z-explained/11150085002,Human,1
https://www.usatoday.com/story/news/health/2023/10/03/leprosy-in-the-us-are-armadillos-playing-a-role-experts-explain/70644190007,Human,0.9995
https://www.usatoday.com/story/news/health/2025/04/18/delta-8-9-10-difference/83143258007,Human,0.9995
https://www.usatoday.com/story/news/nation/2021/05/18/havana-syndrome-symptoms-and-causes/5142677001,Human,0.9995
https://www.usatoday.com/story/news/politics/2025/03/20/barron-trump-birthday-19/79216622007,Human,0.9985
https://www.usatoday.com/story/news/politics/elections/2024/06/28/jill-biden-after-debate-video/74244737007,Human,0.9995
https://www.usatoday.com/story/shopping/2025/06/20/stream-a-minecraft-movie-hbo-max-sling/84163996007,Human,0.9976
https://www.usatoday.com/story/shopping/2025/06/22/how-to-watch-stream-the-gilded-age-season-3-for-free-with-hbo-max-on-sling/84243461007,Human,0.9961
https://www.usatoday.com/story/tech/tips/2023/04/13/how-restore-closed-tabs-chrome-safari/11280777002,Human,1
https://www.usatoday.com/story/travel/experience/america/2025/06/10/most-treasured-views-in-america/84017012007,Human,0.9966
https://www.usatoday.com/videos/news/health/2024/07/02/what-is-delta-8/74277933007,Human,0.9971
https://www.uscellular.com/support/help/spam-calls,Human,0.999
https://www.usemotion.com/blog/how-to-get-organized,Human,0.998
https://www.usenourish.com/blog/7-day-gallbladder-disease-menu-plan,Human,0.9985
https://www.usenourish.com/blog/foods-that-are-good-for-your-gallbladder,Human,0.9995
https://www.uslegalwills.com/mywill,Human,0.9985
https://www.ussteel.com,Human,0.998
https://www.utmb.edu/drgarcia/the-longoria-incident,Human,0.9995
https://www.v-f.us/blog/2017/7/26/what-is-the-story-behind-a-chesterfield,Human,1
https://www.validatebp.org,Human,0.9995
https://www.vanlifeuksurvivorsguide.co.uk/post/how-to-charge-your-laptop-in-a-van,Human,1
https://www.vaseline.com/uk/articles/skin-concern/dry-skin-feet.html,Human,1
https://www.vcu.edu,Human,0.9995
https://www.veem.com/library/can-wire-transfers-be-reversed,AI,0.999
https://www.veohtu.com/stopcramp.html,Human,0.9985
https://www.veracash.com/gold-price-and-chart,Human,0.9976
https://www.verdantlaw.com/category/california/dtsc,Human,0.9985
https://www.verizon.com/support/knowledge-base-15634,Human,0.9712
https://www.verizon.com/support/knowledge-base-206809,Human,0.9614
https://www.verizon.com/support/knowledge-base-213069,Human,0.9761
https://www.verizon.com/support/knowledge-base-234208,Human,0.9766
https://www.verizon.com/support/knowledge-base-240229,Human,0.9697
https://www.verizon.com/support/knowledge-base-308752,Human,0.9565
https://www.vertex42.com,Human,0.9995
https://www.vibin-vi.com/post/what-to-wear-on-a-yacht-cruise-style-guide-for-the-open-sea,Human,0.9072
https://www.videogamer.com/guides/fortnite-how-to-redeem-codes,Human,0.999
https://www.videogamer.com/guides/how-to-tame-a-cat-in-minecraft,Human,0.999
https://www.viewsonic.com/library/tech/usb-c-usb-b-and-usb-a-whats-the-difference,Human,0.9966
https://www.vin.com/apputil/content/defaultadv1.aspx,Human,0.9995
https://www.visiblebody.com,Human,0.9966
https://www.visitflorida.com/15-florida-adventures,Human,0.9893
https://www.vitas.com/hospice-and-palliative-care-basics/paying-for-hospice/hospice-and-the-medicare-beneficiary-identifier-number,Human,0.9297
https://www.vocabulary.com/articles/wc/as-such-is-the-new-therefore,Human,1
https://www.vocabulary.com/dictionary/as%20such,Human,0.9971
https://www.vocabulary.com/dictionary/champ,Human,0.9985
https://www.vocabulary.com/dictionary/chesterfield,Human,0.998
https://www.vocabulary.com/dictionary/employee,Human,0.999
https://www.vocabulary.com/dictionary/facial%20expression,Human,0.999
https://www.vocabulary.com/dictionary/maintenance,Human,0.999
https://www.vocabulary.com/dictionary/mono,Human,0.9985
https://www.vocabulary.com/dictionary/zodiac,Human,0.9995
https://www.voltarengel.com,Human,0.9976
https://www.vumc.org/health-policy/press-room/people-what-know-about-new-shingles-vaccine-and-why-you-should-get-it-asap-if-youre-over,Human,0.9971
https://www.w3schools.com/cs/cs_abstract.php,Human,0.9321
https://www.w3schools.com/css/css_border.asp,Human,0.9653
https://www.w3schools.com/css/css_text_decoration.asp,Human,0.9736
https://www.w3schools.com/excel/excel_charts.php,Human,0.9351
https://www.w3schools.com/excel/excel_concat.php,Human,0.9619
https://www.w3schools.com/excel/excel_formulas.php,Human,0.9678
https://www.w3schools.com/excel/excel_move_cells.php,Human,0.9751
https://www.w3schools.com/excel/excel_ranges.php,Human,0.9688
https://www.w3schools.com/java/java_abstract.asp,Human,0.9565
https://www.w3schools.com/java/java_howto_random_number.asp,Human,0.8506
https://www.w3schools.com/nodejs,Human,0.855
https://www.w3schools.com/nodejs/nodejs_intro.asp,Human,0.915
https://www.w3schools.com/postgresql/postgresql_add_column.php,Human,0.9736
https://www.w3schools.com/python/python_file_remove.asp,Human,0.9648
https://www.w3schools.com/python/python_functions.asp,Human,0.9307
https://www.w3schools.com/python/python_ref_functions.asp,Human,0.9497
https://www.w3schools.com/python/ref_string_split.asp,Human,0.9531
https://www.w3schools.com/sql/sql_alter.asp,Human,0.9736
https://www.waivio.com/@abojode/what-was-jesus-occupation-before,Human,0.9995
https://www.waivio.com/@diivy/what-was-jesus-occupation-before-his-ministry--the-old-path,Human,1
https://www.waka.com/2024/10/08/what-the-tech-how-to-get-free-shipping-from-amazon-prime-even-if-youre-not-a-member,AI,1
https://www.wakefieldparentcarers.co.uk/what-parents-need-to-know-about-squid-game,Human,0.9976
https://www.waketech.edu/career-and-college-promise,Human,0.9995
https://www.waketech.edu/course/bio-168,Human,0.9946
https://www.walgreens.com/store/c/blood-pressure-monitors/id=361299-tier3,Human,0.958
https://www.walgreens.com/topic/pharmacy/scheduler/shingles-vaccine_31.jsp,Human,0.9673
https://www.walgreens.com/topic/promotion/covid-vaccine.jsp,Human,0.959
https://www.wanderlustingk.com/travel-blog/flying-international-with-cat,Human,1
https://www.warrencountyky.gov/tree/american-beech,Human,0.979
https://www.waterfront-properties.com/blog/what-is-florida-known-for.html,AI,0.9658
https://www.wayfair.com/sca/ideas-and-advice/guides/how-to-measure-for-curtains-t11364,Human,0.9946
https://www.wayfair.com/sca/ideas-and-advice/guides/how-to-pick-the-right-curtain-size-for-your-window-t22766,Human,0.9927
https://www.wayfair.com/sca/ideas-and-advice/guides/what-is-a-box-spring-t11155,Human,0.9966
https://www.wayfair.com/sca/ideas-and-advice/guides/what-is-a-chesterfield-chair-t22634,Human,0.9966
https://www.wbu.com,Human,0.9927
https://www.wcb.ny.gov,Human,0.9985
https://www.weavervillefamilymed.com/can-i-drink-coffee-after-tooth-extraction,AI,0.9995
https://www.webexhibits.org/calendars/moon.html,Human,0.9995
https://www.webmaxy.co/blog/marketing/famous-slogans-examples,Human,0.9995
https://www.webmd.com/a-to-z-guides/autoimmune-diseases,Human,0.9995
https://www.webmd.com/a-to-z-guides/causes-of-yellow-eyes,Human,0.9995
https://www.webmd.com/a-to-z-guides/cold-feet-reasons,Human,0.9995
https://www.webmd.com/a-to-z-guides/high-potassium-complications,Human,0.9995
https://www.webmd.com/a-to-z-guides/hyperkalemia-potassium-importance,Human,0.9985
https://www.webmd.com/a-to-z-guides/iron-deficiency-anemia,AI,0.8252
https://www.webmd.com/a-to-z-guides/serum-osmolality-test,Human,0.9995
https://www.webmd.com/a-to-z-guides/ss/slideshow-mononucleosis-warning-signs,Human,0.9985
https://www.webmd.com/a-to-z-guides/understanding-anemia-basics,Human,0.9995
https://www.webmd.com/a-to-z-guides/understanding-mononucleosis-causes,Human,1
https://www.webmd.com/a-to-z-guides/video/video-high-potassium-causes,Human,0.998
https://www.webmd.com/a-to-z-guides/what-is-general-anesthesia,Human,0.9995
https://www.webmd.com/a-to-z-guides/what-to-know-about-high-monocyte-count,Human,0.9893
https://www.webmd.com/allergies/remedies-for-hives,Human,0.9966
https://www.webmd.com/allergies/sinus-congestion,Human,0.9976
https://www.webmd.com/beauty/how-to-get-rid-of-a-double-chin,Human,0.9844
https://www.webmd.com/bipolar-disorder/bipolar-2-disorder,Human,0.9976
https://www.webmd.com/bipolar-disorder/bipolar-disorder-forms,Human,0.9995
https://www.webmd.com/bipolar-disorder/bipolar-vs-depression,Human,0.9971
https://www.webmd.com/bipolar-disorder/mental-health-bipolar-disorder,Human,0.9995
https://www.webmd.com/cholesterol-management/high-triglycerides-what-you-need-to-know,Human,0.9893
https://www.webmd.com/cholesterol-management/video/triglycerides,Human,0.999
https://www.webmd.com/cold-and-flu/5-ways-get-rid-stuffy-nose,Human,0.9961
https://www.webmd.com/covid/can-you-get-covid-twice,Human,0.9995
https://www.webmd.com/covid/coronavirus-covid-19-bronchitis,Human,0.999
https://www.webmd.com/covid/mucus-in-chest-overview,Human,0.999
https://www.webmd.com/diet/calories-chart,Human,0.9985
https://www.webmd.com/diet/health-benefits-basmati-rice,Human,0.9854
https://www.webmd.com/diet/health-benefits-biotin,Human,0.9985
https://www.webmd.com/diet/health-benefits-brown-rice,Human,0.9863
https://www.webmd.com/diet/health-benefits-cbd,Human,0.999
https://www.webmd.com/diet/video/heart-health-groceries,Human,0.9995
https://www.webmd.com/diet/what-to-know-about-gluten-free-bread,Human,0.9971
https://www.webmd.com/digestive-disorders/diarrhea-causes,Human,0.999
https://www.webmd.com/digestive-disorders/digestive-diseases-constipation,Human,0.9902
https://www.webmd.com/digestive-disorders/digestive-diseases-diarrhea,Human,0.9995
https://www.webmd.com/digestive-disorders/features/gallbladder-diet-foods-for-gallbadder-problems,Human,0.999
https://www.webmd.com/digestive-disorders/gallbladder-pain-causes,Human,0.999
https://www.webmd.com/digestive-disorders/water-a-fluid-way-to-manage-constipation,Human,0.998
https://www.webmd.com/digestive-disorders/why-cant-i-poop,Human,0.9985
https://www.webmd.com/drugs/2/drug-174302/shingrix-pf-intramuscular/details,Human,0.999
https://www.webmd.com/drugs/2/drug-22221-1065/diclofenac-sodium-topical/diclofenac-1-topical/details,Human,0.9951
https://www.webmd.com/drugs/2/drug-54/voltaren-oral/details,Human,0.9985
https://www.webmd.com/fatty-liver-disease/digestive-diseases-liver-failure,Human,0.999
https://www.webmd.com/first-aid/infected-toe,Human,0.9995
https://www.webmd.com/fitness-exercise/remedies-for-muscle-cramps,Human,0.9966
https://www.webmd.com/food-recipes/food-poisoning/ss/slideshow-raw-food-dangers,Human,0.9971
https://www.webmd.com/food-recipes/what-is-pizza-made-of,AI,0.6084
https://www.webmd.com/health-insurance/video/what-is-the-aca,Human,0.9985
https://www.webmd.com/heart-disease/atrial-fibrillation/atrial-fibrillation-with-low-blood-pressure,Human,0.9976
https://www.webmd.com/hypertension-high-blood-pressure/how-pick-home-blood-pressure-monitor,Human,0.9849
https://www.webmd.com/hypertension-high-blood-pressure/hypertension-home-monitoring,Human,0.9966
https://www.webmd.com/hypertension-high-blood-pressure/ss/slideshow-surprising-things-raise-blood-pressure,Human,0.999
https://www.webmd.com/lung/can-black-mold-kill-you,Human,0.9995
https://www.webmd.com/lung/mold-mildew,Human,0.9985
https://www.webmd.com/lung/understanding-pneumonia-basics,Human,0.998
https://www.webmd.com/lung/understanding-pneumonia-symptoms,Human,0.9971
https://www.webmd.com/lung/video/pneumonia-inside-look,Human,0.9922
https://www.webmd.com/menopause/menopause-hot-flashes,Human,0.9995
https://www.webmd.com/menopause/why-so-hot,Human,0.9995
https://www.webmd.com/mental-health/addiction/what-is-delta-8,Human,0.9897
https://www.webmd.com/mental-health/burnout-symptoms-signs,Human,0.9531
https://www.webmd.com/mental-health/what-is-circumstantial-thought-process,Human,0.9858
https://www.webmd.com/migraines-headaches/video/can-sex-cause-headaches,Human,0.998
https://www.webmd.com/multiple-sclerosis/ms-drug-treatments,Human,0.9956
https://www.webmd.com/multiple-sclerosis/ms-treatment,Human,0.999
https://www.webmd.com/obesity/what-to-expect-after-weight-loss-surgery,Human,0.9995
https://www.webmd.com/oral-health/abscessed-tooth,Human,0.999
https://www.webmd.com/oral-health/burning-mouth-syndrome-facts,Human,0.999
https://www.webmd.com/oral-health/receding_gums_causes-treatments,Human,0.9961
https://www.webmd.com/oral-health/remedies-for-oral-thrush,Human,0.9995
https://www.webmd.com/oral-health/tongue-problem-basics-sore-or-discolored-tongue-and-tongue-bumps,Human,0.9951
https://www.webmd.com/oral-health/treatments-tooth-infections,Human,0.9971
https://www.webmd.com/oral-health/what-is-thrush,Human,0.9961
https://www.webmd.com/pain-management/features/propofol-faq,Human,0.998
https://www.webmd.com/pain-management/hip-pain-causes-and-treatment,Human,0.9985
https://www.webmd.com/pain-management/ss/slideshow-muscle-cramps-foods,Human,0.9995
https://www.webmd.com/pain-management/treatments-for-herniated-disk,Human,0.9995
https://www.webmd.com/parenting/baby/how-to-treat-crying-and-colic-in-babies,Human,0.9995
https://www.webmd.com/parenting/baby/ss/slideshow-treating-colic,Human,1
https://www.webmd.com/parenting/features/food-smart-kids,Human,0.9995
https://www.webmd.com/pets/how-to-change-fish-tank-water,Human,0.9966
https://www.webmd.com/schizophrenia/schizophrenia-flares,Human,0.999
https://www.webmd.com/skin-problems-and-treatments/acne/guide-to-treating-acne-scars-and-skin-damage,Human,0.9956
https://www.webmd.com/skin-problems-and-treatments/acne/how-to-remove-pimple-scars,Human,0.9995
https://www.webmd.com/skin-problems-and-treatments/eczema/eczema-treatments-fail,Human,0.9995
https://www.webmd.com/skin-problems-and-treatments/eczema/oral-steroids-for-eczema,Human,0.9995
https://www.webmd.com/skin-problems-and-treatments/hives-urticaria-angioedema,Human,0.999
https://www.webmd.com/skin-problems-and-treatments/leprosy-symptoms-treatments-history,Human,0.9995
https://www.webmd.com/skin-problems-and-treatments/shingles/shingles-vaccine-basics,Human,0.999
https://www.webmd.com/sleep-disorders/features/easy-snoring-remedies,Human,0.999
https://www.webmd.com/sleep-disorders/sleep-apnea/snoring,Human,0.9995
https://www.webmd.com/vaccines/natural-immunity-overview,Human,0.999
https://www.webmd.com/vitamins/ai/ingredientmono-1439/cannabidiol-cbd,Human,0.999
https://www.webmd.com/vitamins/ai/ingredientmono-1653/delta-8-tetrahydrocannabinol-delta-8-thc,Human,0.9956
https://www.webmd.com/vitamins/ai/ingredientmono-313/biotin,Human,0.9985
https://www.webmd.com/women/luteal-phase,Human,0.9946
https://www.website.com,AI,0.9951
https://www.webstercountycitizen.com/lifestyles/entertainment/article_565ff110-9a33-54ea-a7a1-dad3cb7c1390.html,Human,0.999
https://www.webx.pk/blog/how-to-make-money,Human,0.9966
https://www.weddingshoppeinc.com/pages/mens-suit-size-chart,Human,0.9995
https://www.wederm.com/2021/02/24/6-home-remedies-for-dry-skin-on-feet,Human,0.9956
https://www.wederm.com/2021/04/27/what-are-the-white-spots-on-my-skin,Human,0.9961
https://www.wederm.com/2023/09/12/leprosy-symptoms-to-watch-for,Human,0.9961
https://www.weebly.com,Human,0.9844
https://www.weednews.co/cbd-for-erectile-dysfunction,Human,0.999
https://www.wellpoint.com,Human,0.9961
https://www.wellsfargo.com,Human,0.9985
https://www.westcoastseeds.com/blogs/wcs-academy/grow-morning-glory,Human,0.9966
https://www.westcoastseeds.com/blogs/wcs-academy/store-seeds,Human,0.9976
https://www.westerndigital.com,Human,0.9961
https://www.westmont.edu/civil-disobedience-and-legacy-martin-luther-king-jr,Human,0.9995
https://www.westpacwealth.com/business-valuations,Human,0.998
https://www.wfmz.com/partners/afp/putin-says-recession-in-russia-must-not-be-allowed-to-happen/article_fe5596b5-7066-57e0-9fc2-3652ec6fa662.html,Human,0.9971
https://www.whatpsu.com,Human,0.9985
https://www.whatsapp.com/download,Human,0.9937
https://www.whistleout.com/cellphones/guides/wet-phone-what-to-do-if-you-drop-your-phone-in-water,Human,0.9995
https://www.whitehouse.gov,Human,0.9858
https://www.whitehouse.gov/omb/budget,Human,0.9941
https://www.whowhatwear.com/what-to-wear-on-a-boat,Human,0.9995
https://www.wikihow.com/access-icloud-photos-from-your-pc,Human,0.9966
https://www.wikihow.com/access-nvidia-overlay,Human,0.9775
https://www.wikihow.com/access-photos-on-icloud,Human,0.9946
https://www.wikihow.com/add-fish-to-a-new-tank,Human,0.998
https://www.wikihow.com/add-vinegar-to-laundry,Human,0.998
https://www.wikihow.com/be-a-drag-queen,Human,0.998
https://www.wikihow.com/be-proactive,Human,0.9839
https://www.wikihow.com/block-remote-desktop-access,Human,0.9971
https://www.wikihow.com/boil-lobster-tails,Human,0.998
https://www.wikihow.com/calculate-your-body-age,Human,0.9922
https://www.wikihow.com/calculate-your-total-daily-calorie-needs,Human,0.9976
https://www.wikihow.com/caulk-a-bathroom-sink,Human,0.9971
https://www.wikihow.com/caulk-a-bathtub,Human,0.9971
https://www.wikihow.com/change-keyboard-color,Human,0.998
https://www.wikihow.com/change-the-windows-taskbar-position,Human,0.9043
https://www.wikihow.com/change-your-password-from-your-windows-10-lock-screen,Human,0.9048
https://www.wikihow.com/charge-a-laptop-battery-for-the-first-time,Human,0.9946
https://www.wikihow.com/check-a-pc-operating-system,Human,0.9873
https://www.wikihow.com/check-your-windows-version,Human,0.998
https://www.wikihow.com/choose-the-right-lipstick-for-you,Human,0.9937
https://www.wikihow.com/cite-images-in-powerpoint,Human,0.9966
https://www.wikihow.com/combine-two-columns-in-excel,Human,0.9927
https://www.wikihow.com/communicate-with-deaf-people,Human,0.999
https://www.wikihow.com/compress-a-pdf-file,Human,0.9941
https://www.wikihow.com/compress-large-files,Human,0.9971
https://www.wikihow.com/connect-a-desktop-to-a-laptop,Human,0.9941
https://www.wikihow.com/connect-two-computers,Human,0.9956
https://www.wikihow.com/connect-two-computers-together-with-an-ethernet-cable,Human,0.9932
https://www.wikihow.com/connect-two-computers-using-usb,Human,0.9966
https://www.wikihow.com/consolidate-in-excel,Human,0.9976
https://www.wikihow.com/convert-a-photo-to-pdf-on-an-iphone,Human,0.9951
https://www.wikihow.com/create-a-graph-in-excel,Human,0.9946
https://www.wikihow.com/create-an-icloud-account,Human,0.9946
https://www.wikihow.com/cut-ties-with-family-members-who-hurt-you,Human,0.999
https://www.wikihow.com/determine-if-condensation-will-occur,Human,0.9937
https://www.wikihow.com/determine-the-sex-of-a-rabbit,Human,0.9976
https://www.wikihow.com/disable-virus-protection-on-your-computer,AI,0.9658
https://www.wikihow.com/discord-user-search,Human,0.9961
https://www.wikihow.com/enable-secure-boot-for-valorant,Human,0.9971
https://www.wikihow.com/family-oriented-meaning,Human,0.9961
https://www.wikihow.com/figure-cap-rate,Human,0.9995
https://www.wikihow.com/find-or-change-my-computer%27s-administrator,Human,0.9971
https://www.wikihow.com/fix-an-oil-leak,Human,0.9976
https://www.wikihow.com/fix-clinginess-in-cats,Human,0.8833
https://www.wikihow.com/fix-your-car%27s-air-conditioner,Human,0.9971
https://www.wikihow.com/format-an-external-hard-drive,Human,0.9863
https://www.wikihow.com/format-an-ssd-drive,Human,0.9941
https://www.wikihow.com/fullscreen-a-game,Human,0.9976
https://www.wikihow.com/fully-discharge-a-laptop-battery,Human,0.9961
https://www.wikihow.com/get-free-shipping-on-amazon,AI,0.9858
https://www.wikihow.com/get-rid-of-a-horizontal-line-in-microsoft-word,Human,0.9927
https://www.wikihow.com/get-rid-of-neck-fat,Human,0.9985
https://www.wikihow.com/give-plants-iron,Human,0.9966
https://www.wikihow.com/harden-a-sand-dollar,Human,0.9985
https://www.wikihow.com/have-a-pleasant-facial-expression,Human,0.9976
https://www.wikihow.com/heal-scratch-marks-on-your-face,Human,0.9961
https://www.wikihow.com/help-puppy-teeth-fall-out,Human,0.9951
https://www.wikihow.com/insert-a-line-in-word,Human,0.9834
https://www.wikihow.com/install-a-power-supply,Human,0.9985
https://www.wikihow.com/install-android-on-kindle-fire,Human,0.9995
https://www.wikihow.com/keep-rabbits-out-of-your-garden-organically,Human,0.9976
https://www.wikihow.com/kill-fleas-with-dawn-dishsoap,Human,0.9976
https://www.wikihow.com/know-if-you-are-growing-taller,Human,0.9922
https://www.wikihow.com/lessen-a-double-chin,Human,0.9966
https://www.wikihow.com/love,Human,0.9956
https://www.wikihow.com/love-yourself,Human,0.9956
https://www.wikihow.com/make-a-bar-graph-in-excel,Human,0.9897
https://www.wikihow.com/make-a-flea-trap,Human,0.9961
https://www.wikihow.com/make-a-zip-file,Human,0.9971
https://www.wikihow.com/make-and-use-iron-on-transfers,Human,0.9878
https://www.wikihow.com/make-morning-glories-bloom,Human,0.9922
https://www.wikihow.com/make-peppercorn-sauce,Human,0.98
https://www.wikihow.com/make-pinned-tabs-reopen,Human,0.9971
https://www.wikihow.com/make-rosemary-hair-oil,Human,0.9976
https://www.wikihow.com/match-lipstick-to-your-skin-undertones,Human,0.9507
https://www.wikihow.com/measure-fabric-for-curtains,Human,0.9961
https://www.wikihow.com/measure-for-a-suit,Human,0.9976
https://www.wikihow.com/measure-for-curtains,Human,0.9771
https://www.wikihow.com/move-rows-in-excel,Human,0.9912
https://www.wikihow.com/move-the-start-menu-back-to-the-left-on-windows-11,AI,0.9966
https://www.wikihow.com/paint-a-terracotta-pot,Human,0.9956
https://www.wikihow.com/password-protect-an-excel-spreadsheet,Human,0.9956
https://www.wikihow.com/print-locket%e2%80%90sized-pictures,Human,0.979
https://www.wikihow.com/prune-a-butterfly-bush,Human,0.9941
https://www.wikihow.com/put-a-picture-in-a-locket,Human,0.9878
https://www.wikihow.com/redeem-fortnite-gift-card,Human,0.9951
https://www.wikihow.com/redeem-v-bucks,Human,0.9971
https://www.wikihow.com/reduce-pdf-file-size,Human,0.9951
https://www.wikihow.com/relationships/compliment-a-guy-in-bed,Human,0.9941
https://www.wikihow.com/remove-background-with-photoshop-elements,Human,0.999
https://www.wikihow.com/reset-a-lost-admin-password-on-mac-os-x,Human,0.998
https://www.wikihow.com/reset-any-user%27s-password-on-a-mac,Human,0.9985
https://www.wikihow.com/resize-a-jpeg,Human,0.9985
https://www.wikihow.com/respond-to-%22thank-you%22,Human,0.9946
https://www.wikihow.com/restore-last-session-on-chrome-on-pc-or-mac,Human,0.9966
https://www.wikihow.com/reuse-old-clothes,Human,0.9971
https://www.wikihow.com/save-a-wet-cell-phone,Human,0.9966
https://www.wikihow.com/season-pampered-chef-stoneware,Human,0.9922
"https://www.wikihow.com/set,-reset,-remove-and-recover-the-password-of-excel-files",Human,0.998
https://www.wikihow.com/set-up-a-romantic-bath,Human,0.9922
https://www.wikihow.com/set-up-and-maintain-spa-water-bromine,Human,0.9546
https://www.wikihow.com/shades-of-blue-eyes,Human,0.999
https://www.wikihow.com/shower-together,Human,0.999
https://www.wikihow.com/sign-out-of-icloud-on-iphone-or-ipad,Human,0.9917
https://www.wikihow.com/stimulate-gum-growth,Human,0.9985
https://www.wikihow.com/take-blood-pressure-manually,Human,0.9976
https://www.wikihow.com/take-derivatives,Human,0.9917
https://www.wikihow.com/take-two-cats-on-a-plane,Human,0.999
https://www.wikihow.com/talk-dirty,Human,0.998
https://www.wikihow.com/tell-whether-the-moon-is-waxing-or-waning,Human,0.9922
https://www.wikihow.com/turn-off-windows-defender-in-windows-10,Human,0.9951
https://www.wikihow.com/turn-on-secure-boot,Human,0.9976
https://www.wikihow.com/turn-your-spouse-into-a-vampire-with-dawnguard-in-skyrim,Human,0.999
https://www.wikihow.com/use-an-android-tablet,Human,0.999
https://www.wikihow.com/use-tesla-supercharger,Human,0.9956
https://www.wikihow.com/use-your-samsung-galaxy-tab-as-a-phone,Human,0.9976
https://www.wikihow.com/voice-changer-for-discord,Human,0.999
https://www.wikihow.com/waxing-gibbous-moon-meaning,Human,0.9966
https://www.wikihow.com/what%27s-the-most-common-zodiac-sign,Human,0.9883
https://www.wikihow.com/what-is-the-best-zodiac-sign,Human,0.9971
https://www.wikihow.com/what-to-say-when-a-guy-asks-what-you-like-in-bed,Human,0.9985
https://www.wikihow.com/what-to-wear-to-a-drag-show,Human,0.999
https://www.wikihow.com/when-do-boys-stop-growing,Human,0.9927
https://www.wildlifetrusts.org/wildlife-explorer/trees-and-shrubs/common-beech,Human,0.9985
https://www.wilkdental.com/can-you-reverse-gum-recession,Human,0.9082
https://www.windowscentral.com/accessories/headphones-headsets/logitech-g522-lightspeed-review,Human,0.998
https://www.windowschimp.com/remove-chat-from-taskbar,AI,0.9429
https://www.wineberserkers.com/t/how-long-does-miso-last/27538,Human,0.9995
https://www.winkbeds.com/pages/shop-winkbed,Human,0.998
https://www.wintips.org/how-to-move-a-row-or-a-column-in-excel,Human,1
https://www.withspice.com/blog/artisan-pizza-dough-crispy-chewy-bubbly-crust,Human,1
https://www.wix.com,Human,0.998
https://www.wix.com/blog/catchy-slogan-examples,Human,1
https://www.wix.com/blog/how-to-build-an-email-list,Human,0.9995
https://www.wix.com/blog/how-to-build-website-from-scratch-guide,Human,1
https://www.wix.com/blog/how-to-make-money-as-a-notary-public,Human,0.9849
https://www.wny-lawyers.com/2024/07/how-to-contest-a-will-in-new-york-step-by-step-guide,Human,0.9878
https://www.wny-lawyers.com/writing-your-own-will,Human,0.9961
https://www.womanandhome.com/health-and-wellbeing/biological-age-calculator-20430,Human,0.9995
https://www.wordonfire.org/videos/christology-in-the-old-testament,Human,0.9966
https://www.wordonfire.org/videos/sermons/join-your-life-to-christs-sacrifice,Human,0.9976
https://www.worldofcruising.co.uk/editors-corner/carpathia-titanic-sinking-aftermath,Human,0.9995
https://www.worldvillage.com/heres-the-reason-why-your-voice-sounds-so-different-in-a-recording,Human,1
https://www.wormsandgermsblog.com/2011/03/articles/animals/dogs/kennel-cough-vaccination-and-boarding,Human,0.9946
https://www.wowhead.com/classic/news/earn-a-level-85-character-boost-in-mists-of-pandaria-classic-by-defeating-377050,Human,0.9995
https://www.wpc.plus,Human,0.9917
https://www.wrappedoccasions.com/product-category/theme/bridal-shower-favors,Human,0.9995
https://www.wrike.com/project-management-guide/faq/what-is-schedule-variance-in-project-management,Human,0.9922
https://www.wrlaw.com/2018/09/what-are-the-most-commonly-used-business-valuation-methods,Human,0.9976
https://www.wscubetech.com/resources/python/main-function,Human,0.9697
https://www.wwdlaw.com/child-custody-and-relocation-dont-move-until-you-read-this-2,Human,0.999
https://www.xboxachievements.com/forum/topic/340422-prophet-im-missing-quotvampire-seductionquot,Human,0.998
https://www.xppower.com,Human,0.9976
https://www.xs.com/en/blog/double-top-pattern,AI,0.9893
https://www.xtracover.com/blog/dropped-your-phone-in-water-here-the-right-way-to-fix-it,Human,0.9985
https://www.yahoo.com/entertainment/articles/famous-birthdays-june-26-nick-070006964.html,Human,0.998
https://www.yahoo.com/entertainment/articles/katy-perry-orlando-bloom-break-132400229.html,Human,0.999
https://www.yahoo.com/entertainment/articles/kim-kardashian-khloe-kardashian-arrive-125300536.html,Human,0.9995
https://www.yahoo.com/entertainment/does-teen-mom-leah-messer-160231671.html,Human,0.9985
https://www.yahoo.com/entertainment/network-tv-pilot-season-mostly-170026243.html,Human,0.9995
https://www.yahoo.com/entertainment/sling-delivers-the-buzziest-shows-on-max-and-dozens-of-live-tv-channels-for-one-low-price-222452866.html,Human,0.9961
https://www.yahoo.com/lifestyle/12-surprising-ways-keep-rabbits-174430702.html,Human,1
https://www.yahoo.com/lifestyle/12-zodiac-signs-dates-personality-100000545.html,Human,0.9995
https://www.yahoo.com/lifestyle/5-planets-retrograde-same-time-015139934.html,Human,1
https://www.yahoo.com/lifestyle/9-sexy-moves-to-try-on-your-guy-in-the-shower.html,Human,1
https://www.yahoo.com/lifestyle/articles/color-aura-based-birth-date-214445488.html,Human,0.9937
https://www.yahoo.com/lifestyle/articles/june-22-june-28-horoscope-112650761.html,Human,0.9971
https://www.yahoo.com/lifestyle/articles/luckiest-color-based-zodiac-sign-141100382.html,Human,0.9912
https://www.yahoo.com/lifestyle/articles/rare-tortie-ragdoll-cats-one-150000384.html,Human,0.9985
https://www.yahoo.com/lifestyle/beginners-guide-talking-dirty-bed-135500497.html,Human,0.9995
https://www.yahoo.com/lifestyle/caulk-shower-tub-111501319.html,Human,1
https://www.yahoo.com/lifestyle/clean-glass-oven-door-163019252.html,Human,0.9951
https://www.yahoo.com/lifestyle/clean-glass-oven-door-according-140934341.html,Human,0.9995
https://www.yahoo.com/lifestyle/cut-back-buddleia-timing-expert-060036605.html,Human,0.9995
https://www.yahoo.com/lifestyle/deals/article/these-are-the-20-early-prime-day-deals-our-editors-are-eyeing-starting-at-just-10-162305892.html,Human,0.9995
https://www.yahoo.com/lifestyle/does-biotin-help-hair-growth-125112040.html,Human,0.999
https://www.yahoo.com/lifestyle/does-flour-bad-know-153000236.html,Human,0.9995
https://www.yahoo.com/lifestyle/does-rosemary-oil-actually-hair-153000537.html,Human,1
https://www.yahoo.com/lifestyle/enable-secure-boot-protect-pc-140000662.html,Human,0.9951
https://www.yahoo.com/lifestyle/gold-star-vs-executive-costco-174525944.html,Human,1
https://www.yahoo.com/lifestyle/grow-gladiolus-enjoy-garden-arrangements-170100969.html,Human,0.9961
https://www.yahoo.com/lifestyle/guide-every-retrograde-during-2025-221303542.html,Human,1
https://www.yahoo.com/lifestyle/guide-months-birth-colors-really-103000554.html,Human,1
https://www.yahoo.com/lifestyle/home-seller-paid-steps-real-205831063.html,Human,0.9985
https://www.yahoo.com/lifestyle/ingredient-why-a1-steak-sauce-164532876.html,Human,0.999
https://www.yahoo.com/lifestyle/keep-chipmunks-potted-plants-6-090028135.html,Human,0.9995
https://www.yahoo.com/lifestyle/long-keep-miso-spoils-112527924.html,Human,0.9995
https://www.yahoo.com/lifestyle/miso-complete-guide-buying-storing-194133464.html,Human,0.999
https://www.yahoo.com/lifestyle/no-more-double-chin-lose-134036094.html,Human,0.9995
https://www.yahoo.com/lifestyle/orgasms-sexual-arousal-headache-134700621.html,Human,1
https://www.yahoo.com/lifestyle/pets-week-coulee-region-hume-185226422.html,Human,0.9961
https://www.yahoo.com/lifestyle/protect-bathroom-vanity-unwanted-moisture-133047659.html,Human,0.9995
https://www.yahoo.com/lifestyle/puppy-teething-timeline-expect-every-013746130.html,Human,0.9932
https://www.yahoo.com/lifestyle/red-lobster-side-dishes-ranked-133005412.html,Human,1
https://www.yahoo.com/lifestyle/shingles-vaccine-reduces-risk-heart-121418875.html,Human,0.9985
https://www.yahoo.com/lifestyle/squid-game-netflix-appropriate-kids-201252867.html,Human,0.999
https://www.yahoo.com/lifestyle/why-people-coffee-repel-chipmunks-223000058.html,Human,0.9985
https://www.yahoo.com/lifestyle/youre-dealing-cough-now-everyone-133103615.html,Human,0.9995
https://www.yahoo.com/news/barron-trump-autistic-other-controversial-201123792.html,Human,0.9985
https://www.yahoo.com/news/diy-dress-ideas-5-sexy-ways-upcycle-old-184329682.html,Human,0.9976
https://www.yahoo.com/news/elon-musk-barron-trump-very-002534979.html,Human,0.9995
https://www.yahoo.com/news/fact-check-false-rumor-claims-140000805.html,Human,0.9966
https://www.yahoo.com/news/fact-check-yes-photo-young-000000810.html,Human,0.9985
https://www.yahoo.com/news/insurance-company-being-monitored-financial-090440875.html,Human,0.9995
https://www.yahoo.com/news/photos-show-carpathia-saved-700-175304863.html,Human,0.9995
https://www.yahoo.com/news/weed-killer-banned-50-countries-110015427.html,Human,0.9995
https://www.yahoo.com/news/wreck-sunken-30m-yacht-bayesian-171652966.html,Human,0.9966
https://www.yahoo.com/tech/best-sling-tv-deals-save-171648650.html,Human,0.9995
https://www.yahoo.com/tech/move-taskbar-windows-11-122512677.html,Human,0.9932
https://www.yahoo.com/tech/windows-11-let-phone-webcam-212150624.html,Human,0.999
https://www.yahoo.com/video/best-side-dishes-serve-lobster-202410917.html,Human,0.9985
https://www.yelp.com/biz/mr-rooter-plumbing-of-indianapolis-and-central-indiana-fishers,Human,0.9956
https://www.yihufish.com/fishkeeping-articles/freshwater/my-first-freshwater-aquarium/introducing-new-fish,AI,0.5381
https://www.yogadownload.com/blog/tabid/424/postid/1595/simple-ways-to-show-love-to-yourself-others-regularly.aspx,Human,1
https://www.yogurtathome.com/single-post/organic-milk-vs-regular-non-organic-dairy-milk,Human,0.9995
https://www.youcompress.com,Human,0.999
https://www.younghouselove.com/painting-terra-cotta-pots,Human,1
https://www.yourcloudlibrary.com/en/home.html,Human,0.999
https://www.yourteacherspetcreature.com/blogs/classroom-management/what-is-champs-classroom-management-and-how-can-you-use-it-in-the-classroom,Human,0.9941
https://www.ypo.education/heart/angiogram-t152/video,Human,0.9966
https://www.ysnetting.com/how-to-stop-bugs-from-eating-plants,AI,0.981
https://www.yvonneandmitchel.com/post/how-to-upcycle-clothes-your-ultimate-guide,Human,0.9971
https://www.z-table.com/derivatives-on-ti-84.html,Human,0.9995
https://www.z-table.com/derivatives-on-ti-nspire.html,Human,0.9995
https://www.zabitat.com/blogs/news/wrought-iron-products-add-old-world-style-to-your-home,Human,0.9995
https://www.zamnesia.com/blog-creating-a-magic-mushroom-outdoor-patch-n374,Human,0.9937
https://www.zamnesia.com/us/blog-harvest-magic-mushrooms-n1914,Human,0.9951
https://www.zazzle.com/bridal+shower+favor+bags,Human,0.9985
https://www.zeclinics.com/blog/maintaining-water-quality-in-zebrafish-tanks,AI,0.9971
https://www.zenbusiness.com/blog/slogan-generators,Human,0.999
https://www.zerobounce.net,Human,0.9985
https://www.zmedsolutions.net/what-are-j-codes-in-medical-billing-what-are-they-representing,AI,1
https://www.zmescience.com/feature-post/natural-sciences/geology-and-paleontology/planet-earth/thickest-layer-earth-mantle,Human,0.999
https://www.zodiacsign.com,Human,0.9995
https://www.zodiacsigns-horoscope.com/zodiac-calendar/december-3-zodiac-sagittarius,Human,0.9995
https://www.zoo.org/savinggorillas,Human,0.9995
https://www.zoochat.com/community/threads/conservation-successes-bring-hope-for-mountain-gorilla.471220,Human,1
https://www1.racgp.org.au/newsgp/clinical/how-long-does-immunity-last-after-a-covid-infectio,Human,0.999
https://www9.health.gov.au/mbs/search.cfm,Human,0.8306
https://xltools.net/excel-combine-cells-merge-data,Human,1
https://xodo.com,Human,0.9985
https://xtractresources.com,Human,0.9995
https://yachtybynature.com/index.php/2019/08/02/yacht-rock-outfits,Human,0.9995
https://yalebooks.yale.edu/2024/06/07/loneliness-and-screens-causes-and-consequences,Human,0.9985
https://yardandgarden.extension.iastate.edu/article/2018/03/harvesting-asparagus,Human,0.999
https://yardandgarden.extension.iastate.edu/faq/how-deep-should-i-plant-gladiolus-bulbs,Human,0.9897
https://yardandgarden.extension.iastate.edu/faq/when-should-i-plant-gladiolus-bulbs-outdoors,Human,0.9971
https://yardandgarden.extension.iastate.edu/faq/when-should-i-stop-harvesting-my-asparagus,Human,0.9897
https://yardandgarden.extension.iastate.edu/how-to/how-control-crabgrass,Human,0.9995
https://yardandgarden.extension.iastate.edu/how-to/how-harvest-and-store-seeds,Human,0.9526
https://yardandgarden.extension.iastate.edu/how-to/how-protect-gardens-rabbits,Human,0.9971
https://yardandgarden.extension.iastate.edu/how-to/how-store-seeds-and-test-germination-rates,Human,0.9995
https://ymi.today/2022/03/how-do-i-know-that-god-really-loves-me,Human,0.9995
https://yodalearning.com/tutorials/combine-text-date-time-excel-reporting-tips,Human,0.9995
https://yonutz.com,Human,0.9976
https://yorkshireskincentre.co.uk/blog/how-to-get-rid-of-neck-fat,Human,0.9893
https://you.stonybrook.edu/chineseforeignpolicy/period-01,Human,0.999
https://youglish.com/pronounce/hello/signlanguage,AI,0.9062
https://youglish.com/pronounce/s%c3%a5ja/swedish,Human,0.9731
https://youthfirstinc.org/is-social-media-causing-social-isolation,Human,0.9995
https://zeenews.india.com/video/news/dna-swami-vivekananda-died-in-meditation-in-1902-2630897.html,Human,0.9941
https://zenfolio.com/blog/use-natural-light-photography,Human,0.9937
https://ziasabers.com/blog/why-did-anakin-become-darth-vader-in-star-wars,Human,0.999
https://zipextractor.app,Human,0.9907
https://zoneenterprisesusa.com,Human,0.9995
https://zoneenterprisesusa.com/tapesandadhesives/adhesive-tape-consultant/adhesive-tape-history,Human,0.9941
https://zooatlanta.org/conservation-action/gorillas-on-the-line,Human,0.9995
https://zoom.byu.edu,Human,0.9946
https://zorgle.co.uk/how-to-collect-emails-for-email-marketing,AI,1
