"url","type","content"
"http://hpagrisnet.gov.in/online-van-68-error-valorant-apk-69599t48.html","error",""
"http://kinneydrugs.com","error",""
"http://www.fsis.usda.gov/food-safety/safe-food-handling-and-preparation/food-safety-basics/molds-food-are-they-dangerous","OK","Skip navigation

An official website of the United States government

Here’s how you know 
Food Safety and Inspection Service
ABOUT FSIS
CONTACT US
CAREERS
NEWS & EVENTS
EMPLOYEES
FOOD SAFETY
 
SCIENCE & DATA
 
POLICY
 
INSPECTION
RECALLS
SEARCH
FULL MENU
ALERT: Kraft Heinz Foods Company Recalls… See more details
Food Safety
Recalls & Public Health Alerts
Food Safety Stats
Foodborne Illness and Disease
Safe Food Handling and Preparation
Food Safety Basics
Additives in Meat and Poultry Products
Aditivos en Productos Cárnicos y Avícolas
Agua en Carnes y Aves
Ahumar Carnes y Aves
Air Fryers and Food Safety
Alergias Alimentarias: Los “9 Grandes”
Appliance Thermometers
Asar a la parrilla y seguridad alimentaria
Cleanliness Helps Prevent Foodborne Illness
Cocción Versus Seguridad
Cocinar en Hornos Microondas
Cooking for Groups
Cooking with Microwave Ovens
Cutting Boards
Cómo Encontrar el Número de Establecimiento del USDA (EST) en el Empaque de Alimentos
Cómo las Temperaturas Afectan a los Alimentos
Danger Zone 40F - 140F
Deep Fat Frying
Doneness Versus Safety
El Color de la Carne y Las Aves
El Gran Deshielo: Métodos Seguros para Descongelar
El Manejo Adecuado de los Alimentos Pedidos Por Correo
Entendiendo las Retiradas de Alimentos del Mercado del FSIS
Fechas en Productos Alimenticios
Food Allergies: The “Big 9”
Food Thermometers
Freidoras de Aire y Seguridad Alimentaria
Freír en Grasa y Seguridad Alimentaria
Glosario de Términos de Empaque
Glossary of Packaging Terms
Grilling Food Safely
Grilling and Food Safety
Guía del Consumidor Sobre Inocuidad Alimentaria: Tormentas y Huracanes Severos
High Altitude Cooking
Hongos en los Alimentos: ¿Son Peligrosos?
How Temperatures Affect Food
How to Find the USDA Establishment Number
Importación de Productos Cárnicos, Avícolas y Ovoproductos a Estados Unidos
Importing Meat, Poultry & Egg Products US
Irradiation and Food Safety FAQ
Keeping ""Bag"" Lunches Safe
Keeping Food Safe During an Emergency
La Cocción En Elevaciones Altas
La Congelación Y Seguridad Alimentaria
La Limpieza Ayuda a Prevenir Enfermedades Transmitidas Por Los Alimentos
Las Ollas de Cocción Lenta y la Seguridad Alimentaria
Las Sobras de Comida e Inocuidad Alimentaria
Lavado de Alimentos: ¿Promueve la Inocuidad Alimentaria?
Mail Order Food Safety
Manipulación Adecuada de Alimentos Para Llevar
Mantenga los Alimentos Seguros - Conceptos Básicos de Inocuidad Alimentaria
Manteniendo Seguros Los Almuerzos En ""Bolsas""
Materiales de Empaque para Carnes y Aves
Meat and Poultry Labeling Terms
Meat and Poultry Packaging Materials
Molds on Food: Are They Dangerous?
Natural Flavors on Meat and Poultry Labels
Preguntas Frecuentes Sobre Irradiación y Seguridad Alimentaria
Preguntas y Respuestas Sobre la Seguridad Alimentaria Durante un Tailgate
Sabores Naturales de Carnes y Aves en las Etiquetas
Safe Handling of Take-Out Foods
Seguridad Alimentaria Durante Caminatas, Campamentos y Paseos en Bote
Seguridad Alimentaria de Comida No Perecedera
Slow Cookers and Food Safety
Smoking Meat and Poultry
Tabla de Temperatura Interna Mínima Segura
Tablas de Cortar
Tailgating Food Safety Q & A
Termómetros para Alimentos
Termómetros para Electrodomésticos
Términos de Etiquetado de Carnes y Aves
Understanding FSIS Food Recalls
Voluntarios Sobre la Seguridad Alimentaria
Water in Meat & Poultry
Zona de Peligro (40 F - 140 F)
Food Product Dating
Freezing and Food Safety
Leftovers and Food Safety
Refrigeration
Safe Temperature Chart
Shelf-Stable Food
The Big Thaw — Safe Defrosting Methods
The Color of Meat and Poultry
Washing Food: Does it Promote Food Safety?
Food Safety While Hiking, Camping & Boating
Meat & Catfish
Poultry
Eggs
Emergencies
USDA Meat and Poultry Hotline
Brochures & Publications
Food Defense and Emergency Response
Subscribe for Updates
Call Our Hotline
For help with meat, poultry, and egg products, call the toll-free USDA Meat and Poultry Hotline:
1-888-MPHOTLINE
1-888-674-6854
Report a Problem with Food Online
If you have a problem with a food product, let FSIS know or find the appropriate public health organization.
Report Problem
Molds on Food: Are They Dangerous?

Some molds cause allergic reactions and respiratory problems. And a few molds, in the right conditions, produce ""mycotoxins,"" poisonous substances that can make people sick. When you see mold on food, is it safe to cut off the moldy part and use the rest? To find the answer to that question, delve beneath the surface of food to where molds take root.

What Are Molds?

Molds are microscopic fungi that live on plant or animal matter. No one knows how many species of fungi exist, but estimates range from tens of thousands to perhaps 300,000 or more. Most are filamentous (threadlike) organisms and the production of spores is characteristic of fungi in general. These spores can be transported by air, water, or insects.

Unlike bacteria that are one-celled, molds are made of many cells and can sometimes be seen with the naked eye. Under a microscope, they look lik"
"http://www.icoachmath.com/math_dictionary/whole-numbers.html","error",""
"https://1533221.mediaspace.kaltura.com/media/actg+2020+-+chap+5++video+4+-+margin+of+safety+and+cvp+graph/1_z8jazef6","error",""
"https://2peasrefugees.boards.net/thread/5134/tempurpedic-mattress-longer-2-years","OK","2Peas Refugees
Skip Navigation
Home
Gallery
Search
Help

Welcome Guest. Please Login or Register.

2Peas Refugees
NSBR Resurrected
Have you had a Tempurpedic mattress for longer than 2 years?
Reply
Have you had a Tempurpedic mattress for longer than 2 years?
Actions
« Prev
1
Next »
Sarah*H
Pearl Clutcher





Posts: 4,089

Threads: 0


	
Aug 9, 2014 at 10:09pm  
Quote
Post by Sarah*H on Aug 9, 2014 at 10:09pm
And if so, do you still like it?  Would you recommend it?  Is there anything about it that you don't like?


We bought a Sealy memory foam mattress 3 years ago and both dh & I hate it.  It was a new style when we bought it (i.e. no reviews) and my current research shows universally bad reviews for it now.  I don't want to waste money again.  Most of the Tempurpedic reviews are good but there are some that say the support declines after two years.  


Sarah*H
Bring me that horizon!

PeaNut 239,162
December 2005
Posts: 29,196
Layouts: 417
Loc: The final frontier

Refupea #84


cannmom
UnstopPeable





Posts: 1,902

Threads: 0



Congrats on a whole decade!
	
Aug 9, 2014 at 10:20pm justcindy likes this
Quote
Post by cannmom on Aug 9, 2014 at 10:20pm
We have had our Tempurpedic for about 4 years. I do not like it. It holds body heat and becomes too soft for me. I'm usually cold but the Tempurpedic makes me sweat when I sleep. I would love  to get a new mattress. I really would not recommend the Tempurpedic brand to anyone.




blueviolet
Shy Member





Posts: 31

Threads: 0


	
Aug 9, 2014 at 10:31pm  
Quote
Post by blueviolet on Aug 9, 2014 at 10:31pm
We've had ours for 3 years. I haven't noticed a decline in support, and for the most part, I really like it. We can feel that the middle line between us is a bit firmer than the sides where we sleep, but it hasn't affected our sleep. I know that the tempurpedic guarantee is something like it will be replaced if there is more than a 2"" drop over the mattress, they lay a yardstick across the bed to measure if there are any dips. I always felt that that was bit of a crock, since the foam will by nature get softer, and that won't show as much in a dip of the mattress as a spring mattress where you can see dips much more dramatically.

But I'm always thankful to be back on my own mattress after sleeping in hotel or anywhere else. 




M in Carolina
Pearl Clutcher





Posts: 3,128

Threads: 0


	
Aug 9, 2014 at 10:42pm  
Quote
Post by M in Carolina on Aug 9, 2014 at 10:42pm
I love mine. You can pick the hardness so if you prefer a harder mattress, there is an ultra firm so when it does mold to your body, it has more support. We have a split king with the adjustable bases. Dh's side is the ultra firm. I have the regular. The body shaping really has made a huge difference in how well I sleep as well as supporting my inflamed joints. I still find it heaven to relax into my bed every night.

The mattress is hot. I sweat anyway, so it's not big deal to me. The mattresses also slide apart and have to slid back. I stuff pillows in the crack, but I am looking for a better way to fill the middle.

I LOVE the adjustable base. I have severe pain and nerve damage in my back that pinches my nerves so badly that sometimes I can't walk well. I love being able to comfortably sit up in bed. Lifting the head of my bed also helps my heart work more effectively. I feel awful if I have to lie flat. My husband's snoring has also decreased dramatically since he lifts the head of his bed.

There is a new cool touch tempurpedic. They have a great warranty, and the material lasts a long time. We've had our bed 3 years which still looks new. The material also doesn't mold or hold in moisture. The last coil mattress we bought with a tempurpedic cover was looking ratty at 3 years.


 Southern Side eyed Pea
""Unless we each conform, unless we obey orders, unless we follow our leaders blindly, there is no possible way we can remain free.""
~Major Frank Burns, 'Novocaine Mutiny' M*A*S*H


styxgirl
Pearl Clutcher





Posts: 4,064
Threads: 0


	
Aug 9, 2014 at 10:52pm via Tapatalk  
Quote
Post by styxgirl on Aug 9, 2014 at 10:52pm
We've had our about 3 years or so. Split king. I didn't want it but DH did. Now, I love it but DH wishes he had the softer one.


Sent from my iPhone using Tapatalk


Nicole - styxgirl

PeaNut 183,117
January 2005
Posts: 3,838
Loc: Middle of the USA


carhoch
Pearl Clutcher





Be yourself everybody else is already taken


Posts: 3,101

Threads: 0
Location: We’re RV’s so It change all the time .


	
Aug 9, 2014 at 10:59pm  
Quote
Post by carhoch on Aug 9, 2014 at 10:59pm
Mine is 9 year old and i still love it




anonrefugee
Prolific Pea





Posts: 9,589

Threads: 0


	
Aug 9, 2014 at 11:12pm via mobile  
Quote
Post by anonrefugee on Aug 9, 2014 at 11:12pm
We've had ours 7 or 8 years, I was just thinking about it tonight. I don't see any low or high spots, and it's still supportive. DH is a big guy, and his part seems level with mine. We didn't buy the boards Tempurp"
"https://2peasrefugees.boards.net/thread/74560/make-lobster-tails","OK","2Peas Refugees
Skip Navigation
Home
Gallery
Search
Help

Welcome Guest. Please Login or Register.

2Peas Refugees
NSBR Resurrected
How do you make lobster tails?
Reply
How do you make lobster tails?
Actions
« Prev
1
Next »
buddysmom
UnstopPeable





Posts: 2,420

Threads: 0


	
Feb 13, 2018 at 6:28pm Kate * likes this
Quote
Post by buddysmom on Feb 13, 2018 at 6:28pm
I bought some today for tomorrow--for the first time--cold water ones. 

I've seen you can bake, broil, boil, steam them.

I'd like to do it without butter so I'm thinking boiling?

Do you cut the back first to make it easier?

Any good and easy options?

Thanks!


ETA--OMG-I set them on a plate on the counter to thaw and my cat grabbed one and tried to run away with it!


Last Edit: Feb 13, 2018 at 6:38pm by buddysmom
Buddysmom
Member Since November 2002
PeaNut Number: 54471

Refupea No. 661






imsirius
Prolific Pea





Call it as I see it.


Posts: 7,661
Threads: 0
Location: Floating in the black veil.



Congrats on a whole decade!
	
Feb 13, 2018 at 6:38pm  
Quote
Post by imsirius on Feb 13, 2018 at 6:38pm
Cut back after boiling. Make sure to look up a good recipe because you can turn succulent, tender lobster into to rubber grossness if you overcook even a minute too long.

How Long to Cook Lobster Tails on the Stove top: Simmer lobster tails, uncovered, for 8 to 12 minutes or until shells turn bright red and the meat is tender when poked with a fork. For larger or smaller tails, adjust the cooking time as needed. Drain in a colander.

or this one: www.lobstergram.com/cooking-lobster-tails


Last Edit: Feb 13, 2018 at 6:41pm by imsirius


basketdiva
Pearl Clutcher





Posts: 3,694

Threads: 0


	
Feb 13, 2018 at 6:45pm  
Quote
Post by basketdiva on Feb 13, 2018 at 6:45pm
Lobster without is just wrong!!  






dewryce
Persistent Pea





Posts: 15,385

Threads: 0


	
Feb 13, 2018 at 6:50pm freecharlie, christine58, and 6 more like this
Quote
Post by dewryce on Feb 13, 2018 at 6:50pm
Step 1: Drive to good quality seafood restaurant
Step 2: Order meal and add a lobster tail
Step 3: Enjoy




imsirius
Prolific Pea





Call it as I see it.


Posts: 7,661
Threads: 0
Location: Floating in the black veil.



Congrats on a whole decade!
	
Feb 13, 2018 at 6:53pm  
Quote
Post by imsirius on Feb 13, 2018 at 6:53pm
Feb 13, 2018 at 6:50pm dewryce said:
Step 1: Drive to good quality seafood restaurant
Step 2: Order meal and add a lobster tail
Step 3: Enjoy
 😂😂😂😂😂





aljack
RefuPea Fixture





Dole whip me


Posts: 934
Threads: 0


	
Feb 13, 2018 at 6:54pm  
Quote
Post by aljack on Feb 13, 2018 at 6:54pm
We prefer grilled with butter and garlic but doesn’t sound like your style. We also broil them in a similar style.

Either way, we split in half and pour butter over them.

When we used to boil them, we would cut or split the top to easily pull out. Makes for pretty presentation to.

Enjoy!




busy
VIPea





Posts: 11,421

Threads: 0


	
Feb 13, 2018 at 6:58pm  
Quote
Post by busy on Feb 13, 2018 at 6:58pm
Grill them and really - have butter. It really does bring out the flavor of the lobster.




Delta Dawn
Eternal Pea





Posts: 21,498

Threads: 0


	
Feb 13, 2018 at 6:59pm  
Quote
Post by Delta Dawn on Feb 13, 2018 at 6:59pm
I grilled ours on Saturday night and we had 10 of them between the 3 of us. The one I had last night (Monday) tasted like an ash tray. It wasn't blackened but it had picked up a lot of smokey flavour from the BBQ and it tasted like cigarette ash would. It wasn't as good as the first night I made them. I don't quite understand that as it wasn't blackened but it sure tasted smokey.

I have boiled them in the past, too, and they turned out great. We got these gigantic ones from the fish store. Ex-dh took photos because the tails were so big.

The ones I had the other night and leftover last night were much smaller. They were still very good the first night. I paid $10 for 2 tails (it was a buy one get one free deal which is a good deal at my grocery store).



Clarice Starling with my good bag and cheap shoes.


cindyupnorth
VIPea





Tony is MY Hoochie


Posts: 12,378

Threads: 0
Location: The boonies of MN


	
Feb 13, 2018 at 8:29pm NoWomanNoCry, azredhead, and 2 more like this
Quote
Post by cindyupnorth on Feb 13, 2018 at 8:29pm
Seriously, you.can.not.eat.lobster.without.butter.

it's wrong.




cindyupnorth
VIPea





Tony is MY Hoochie


Posts: 12,378

Threads: 0
Location: The boonies of MN


	
Feb 13, 2018 at 8:30pm  
Quote
Post by cindyupnorth on Feb 13, 2018 at 8:30pm
Oh, we boil them til bright red, crack them open and eat dipped in butter. You don't have to defrost.




Delta Dawn
Eternal Pea





Posts: 21,498

Threads: 0


	
Feb 13, 2018 at 8:33pm  
Quote
Post by Delta Dawn on Feb 13, 2018 at 8:33pm
^^^ cindyupnorth is right. Lots of butter. Boiling from frozen works just fine. I thawed mine because I bought them earlier in the day. Totally not necessary.


Clarice Starling with my good bag and cheap shoes.

"
"https://admx.help","error",""
"https://alfornogrill.com/what-is-shawarma-and-how-to-properly-enjoy-one","error",""
"https://americanrarecoinandcollectibles.com/product-information-and-pricing-for-buyers/buyers-circulated-u-s-gold-coins","OK","Skip to content
Skip to primary sidebar
GOLD: $3,337.00 $3.60
|SILVER: $36.95 $0.05
|PLATINUM: $1,401.10 $25.00
|PALLADIUM: $1,144.50 $-0.20
Call 952-830-1400 or 800-927-7273
SCHEDULE AN APPOINTMENT
[fibosearch]

In business for over 30 years!

AMERICAN RARE COIN AND COLLECTIBLES

Upfront Pricing. Honest Reputation. Prompt Delivery.

Buy From Us
Sell to Us
About Us
Contact Us
Circulated U.S. Gold Coins

Circulated U.S. Gold coins represent a nice combination of bullion value and collector appeal. American Rare Coin provides coins that are accurately graded and nice by industry standards. The following chart reflects our current selling price for the indicated coins in various grades. (Each $20 gold coin contains .9675 of an ounce of gold.  The $10 coins contain .48375 of an ounce of gold.  And, the $5 gold coins contain .24187 of an ounce of gold.)

Grading Circulated U.S. Gold Coins

Circulated gold coins use one of four potential grades; AU, XF, VF, and LP.

Almost Uncirculated (AU): A coin with mint luster, no significant scratches or rim dings, and only the slightest signs on circulation. Some breaks in the mint luster will be evident in the open fields of the coin.

Extra Fine (XF): A coin with obvious signs of circulation. Most the detail is clearly visible. Some luster may remain. There are no serious scratches or dings.

Very Fine (VF): A fairly well worn coin. Most detail is visible, but getting weak. Although clearly circulated, the coin should still be relatively free of damage.

Low Premium (LP): A cull. A coin that is either damaged or excessively worn. Not nice enough to make the grade of VF.

Circulated U.S. Gold Coin Prices – VF/XF/AU Condition

American Rare coin prides itself in providing attractive coins that are accurately graded to the general public and very competitively priced. The following chart represents indication prices for the most commonly traded gold coins. Call 952-830-1400 or 1-800-927-7273 or email info@CoinsOnLine.com to confirm pricing.

TAKE NOTE:  It’s always a good idea to check out our In-Stock Specials first before proceeding – you never know what you might find specially priced AND in stock at American Rare Coin! 

IN STOCK SPECIALS
Retrieving Data...

See our Buying Process and Terms and Conditions page for order policies and procedures.

That said, we very much look forward to developing a long-term relationship with each of our customers. Thank you for your interest. Please call or e-mail with any questions you may have.

Liberty Gold Coins $20, $10, $5, and $2½:

(Years of issue: 1838-1907) 

The Liberty design was first used in 1838. It continued as a mainstay of US Coinage until 1907. During these years the Liberty design was used on the $20, $10, $5 and $2½ gold coins. There are many better date coins within each series. All old US Gold Coins are worth a premium over their actual gold value.

$20 St. Gaudens:

(Years of issue: 1907-1933)

The $20 Gold coins issued from 1907-1933 are commonly referred to by the name of their design, the famous sculptor Augustus Saint-Gaudens. They feature a stunning portrayal of Ms. Liberty in a flowing gown on the obverse and a soaring eagle on the reverse. Each coin contains .9675 of an ounce of gold. Many key dates occur within the series and all coins should be examined closely. The rarest coin in the series, one dated 1933, recently sold at public auction for the staggering figure of $7.59 million. Many coins from this series commonly trade for a 10-50% premium over their actual gold value.

$10 Indian:

(Years of issue: 1907-1933) 

The $10 Indian coins were also designed by Augustus Saint-Gaudens. Each coin contains .48375 of an ounce of gold. Most of the years are relatively common in circulated condition, but there are important exceptions. Each coin should be examined closely for the possibility of a better date and mintmark combination. With uncirculated $10 Indians, the exact Mint State grade will significantly affect the value of each individual coin.

$5 Indians and $2½ Indians:

(Years of issue: 1908-1929)

The $5 and $2½ Indian gold coins were designed by Bela Lyon Pratt. These coins feature an unusual incuse design (the field of the coin is its highpoint and the design is stamped into the coin). The $5 coin contains .24187 of an ounce of gold and the $2½ contains .12094 of an ounce of gold. These coins trade at significant premiums over their gold value. Each coin needs to be examined closely as their value will vary greatly according to date, mintmark and condition.

Information and Pricing for Specific Coin Types

We provide you with up-to-the-minute pricing sheets for more than just circulated U.S. gold coins. Check out some of our top categories below for more information and pricing:

Circulated U.S. Gold Coins
Foreign Gold Coins
Gold, Silver, Platinum and Palladium Bullion
U.S. Silver Dollars
Uncirculated U.S. Gold Coins PCGS/NGC Certified
Primary Sidebar
Purchase Your Coins & Bullion From Us

American"
"https://apexfoot.com/blog/understanding-wide-shoe-sizes-what-are-they","error",""
"https://ask.usda.gov/s/article/can-oil-be-reused-safely","error",""
"https://ask.usda.gov/s/article/how-long-can-i-keep-oil-after-frying","error",""
"https://asklibrarians.francis.edu/faq/44270","error",""
"https://birdwatchingnc.com/tag/when-should-i-take-down-my-hummingbird-feeder-in-north-carolina","error",""
"https://bladenonline.com/5-things-to-learn-from-dr-martin-luther-king-jr","error",""
"https://blog.furniturepick.com/chesterfield-history-and-style","error",""
"https://blog.massmutual.com/planning/what-divorcees-should-consider-when-filing-for-social-security","OK","Skip to main content
Login
Sign Up
Search
Blog
Insurance
Retiring & Investing
Planning
Work & Business
About MassMutual
Contact Us
Social Security benefits & filing options for ex spouses

POSTED ON AUGUST 28, 2024

By:  Shelly Gigante
Shelly Gigante specializes in personal finance issues. Her work has appeared in a variety of publications and news websites.
	 	
This article will ...

Go over some of the Social Security timing strategies available to divorced spouses.

Note that your payment amount is affected by when you decide to file for Social Security benefits.

Provide a hypothetical example to illustrate the financial impact that claiming strategies can have.
 

 	 	 

If you are divorced, you may be aware that you can potentially claim retirement benefits based on your ex-spouse’s earnings record, but you may not fully appreciate how important the claiming strategy you select can be to your lifetime income.

As a divorced spouse, you may be eligible to receive a spousal benefit equal to 50 percent of what your former spouse will collect at his or her full retirement age — even if your former spouse has remarried. You will collect a permanently reduced benefit if you opt to file before you reach your own full retirement age.

You may claim a spousal benefit regardless of whether your ex-spouse has filed for his or her Social Security benefit. In order for you to collect, however, your former spouse must be entitled to Social Security retirement benefits and the benefit you would receive based on your own work history must be less than what you would receive based on your ex-spouse’s work history.

You will also have to show that:

You are at least 62 years old
Your marriage lasted 10 years or more
You are currently unmarried

If your ex-spouse has not yet filed for his or her Social Security benefit, you will also have to show that you have been divorced for at least two years at the time you file for a spousal benefit.1 The amount of retirement benefits you receive has no impact on the amount of benefits your former spouse will receive. (Learn more: Divorce after 50)

Note that if you remarry, you generally cannot collect benefits on your former spouse’s record unless your later marriage ends due to death, divorce, or annulment, according to the Social Security Administration.

Timing strategies for Social Security benefits to divorced spouses

Before you decide to file for Social Security benefits, it’s important to educate yourself about the strategies that exist, which can make a big difference in the amount of Social Security benefits you ultimately receive.

Not all claiming strategies are available to all retirees.

For example, if you were born on or before January 1, 1954 and have already reached full retirement age, you can opt to receive only the divorced spouse’s benefit and delay claiming your own retirement benefit for now. This is called a restricted filing strategy.

Restricted filing allows your own benefit to accrue delayed retirement credits, which produces a bigger monthly benefit down the road. When you reach age 70 (or earlier), you can then switch over to collecting your own benefit. If you were born after or on January 2, 1954, that option no longer exists. You must file for either your own retirement benefit or your spousal benefit and stick with it. (Related: Social Security spousal and survivor benefits: Different and not equal)

And note, restricted filing for spousal benefits will be gone on January 2, 2024.

“For retirees who don’t have $1 million or more in IRAs or savings, many times Social Security is their most important retirement asset,” said Scott Bishop, a financial professional with STA Wealth Management in Houston, Texas. “Some of the old “tried and true” strategies that were perfect candidates for divorced individuals who were married for more than 10 years are no longer available, so it’s very important to look at the variables to make sure that you make the right decision.”

When you claim affects what you receive

Like all who are eligible for Social Security, you may begin claiming benefits before your full retirement age, as early as age 62, but your benefit will be permanently reduced by up to 30 percent to reflect the additional length of time you will be collecting benefits.

If you expect to reach at least the average life expectancy, it may benefit you more to delay Social Security until your full retirement age so you can collect the full benefit amount to which you are entitled.
If you can afford to cover your living expenses with personal savings, annuities, and pensions, you may even wish to delay filing for Social Security longer still.

For each year you delay beyond your full retirement age, your benefit will increase by 2/3 of 1 percent a month or 8 percent per year. Between 67 and 70 this can amount to a 32 percent increase or between 67 and 70 this can amount to a 24 percent increase. After age 70, delayed retirement credits no longer accru"
"https://blog.spoonfulapp.com/top-gluten-free-breads","error",""
"https://bmcnoldy.earth.miami.edu/humidity.html","error",""
"https://bmdforum.proboards.com/thread/248/cheating-on-girlfriend-baby-mama","OK","Baby Mama Drama
Skip Navigation
Home
Help
Search

Welcome Guest. Please Login or Register.

Baby Mama Drama
General Board
Cheating on his girlfriend with baby mama
Reply
Cheating on his girlfriend with baby mama
Actions
« Prev
1
2
Next »
jones123
New Member





Posts: 3


	
Jul 25, 2008 at 4:11am  
Quote
Post by jones123 on Jul 25, 2008 at 4:11am
I was with my ex for only 1 1/2 years. Towards the end I got pregnant. Some months after we broke up he started dating this other girl.

He cheated on her for months with me. I still really wanted to make our family work and I always hoped he would eventually leave her for me. After our baby was born, one time we got in a huge fight and I ended up telling the girl that he was cheating on her. So they broke up.... We were about to get back together when about a month later she tells him shes pregnant. So now he gets back with her just because shes pregnant. But of course she doesnt know that because she thinks they are in love and happy. I still dont understand how she could just trust him so easily.

But...he still cheats on her with me. I kept trying to stop it, even though I really want to be with him, I know that its wrong and I need to get over him, especially now hes stuck with this girl. But he just wont let it stop. Not without a fight anyway.

So now this girl is almost 7 months pregnant....with twins. Shes only 18. They are now living together and hes still cheating on her with me. She thinks hes just coming over to see his baby, but every time hes here, he cheats on her. So she has no idea. I know it bothers her that he sees me because she knew of his cheating before she was pregnant, but she cant say anything because he has to see his son.

Now hes telling me he doesnt even want to be with her anymore, that hes in love with me and he wants us to be together someday. So hes begging me to keep up this side-affair til he can break it off with her. But he wants to stay with her for awhile to make sure shes okay with the twins first....


I just dont know what to do. I really love him and wish I could be with him...but I dont like how he is handling this. I dont like how Im handling it either. Sometimes I wish I could break free...but its so hard. I have to see him all the time because he comes and sees our son.


So any advice would be appreciated...Im just so lost in all this mess.





tellit
Guest




	
Jul 25, 2008 at 8:08am  
Quote
Post by tellit on Jul 25, 2008 at 8:08am
Your child's father is using both you and the other woman. He is having his cake and eating it too. He is playing both of you. He is telling you one thing to make you believe that he is still interested in you. He is lying to the other woman too. Men will do what we ALLOW them to do. Men treat us the way we TEACH them to treat us. Your man (and I use the term loosely) has been taught by you and the other woman that he can say and do whatever he wants.

You two are SHARING him. If you are going to do that, why not just move in together and become one big happy family. He won't have to go back and forth between two houses. He can run back and forth between bedrooms.

No, seriously. You are putting your and your child's health at risk. Do you know that new HIV cases rose by 50% in 2006? Not only is HIV on the rise, other STDs (like herpes) are on the rise as well. The cases are on the rise because people are making unwise decisions regarding their body. I am willing to bet that BD is sleeping with someone else besides his other BM...If you have never caught a disease, it will happen as long as you continue to sleep with him...When you lie down with dogs, you will get up with fleas (or something worse).

Your body is a temple and you are allowing your child's father to disrespect you and your temple. Have more respect for yourself and move on with your life without your child's father. He can still be in your child's life, just not in your life. If it will be hard for you, (since you obviously care for him), then let him take the child for a visit OUTSIDE of your house. Remember that his visit with his child is not about you but about the child. You have to break free from this man...Be STRONG.




jaylady999
God





Posts: 3,926


	
Jul 25, 2008 at 11:43am  
Quote
Post by jaylady999 on Jul 25, 2008 at 11:43am
I could not have said any of that any better myself. 




gemmani
God





I love me! Do you love you?


Posts: 3,036


	
Jul 25, 2008 at 11:48am  
Quote
Post by gemmani on Jul 25, 2008 at 11:48am
This will continue for as long as you ALLOW it to. You have to build your self-esteem up, because no one with self-assurance would allow this to happen. Please work on yourself and become the strong woman you should be. Then find yourself someone who will treat you they way you deserve.




jones123
New Member





Posts: 3


	
Jul 25, 2008 at 2:59pm  
Quote
Post by jones123 on Jul 25, 2008 at 2:59pm
Well I know hes not sleeping with anyone else... he doesnt have a way to even do that.

H"
"https://bootcampdrivers.freeforums.net/thread/383/optimizing-windows-10-gaming-v2","OK","Skip Navigation
Home
Help
Search
Calendar

Welcome Guest. Please Login or Register.

Driver usage: benchmarks, performance & overclocking
Optimizing Windows 10 for Gaming v2
Reply
Optimizing Windows 10 for Gaming v2
Actions
« Prev
1
Next »
jamieckorea
Guru





I am willing to help anyone, email me to jamieckorea@gmail.com


Posts: 159


	
Nov 10, 2018 at 11:17am jamieckorea, Mac Doktor, and 1 more like this
Quote
Post by jamieckorea on Nov 10, 2018 at 11:17am
****WORK IN PROGRESS****

Suggestions are welcomed, I will be updating this thread whenever I find new information.

Link to my first ever guide <- Do NOT follow this one, it is very bad. 

I've been a huge tweaker when it comes to Windows 10 and Bootcamp for the past two years of gaming on a Macbook Pro, only coming to a conclusion that 99.9 percent of all ""performance boost"" tweaks are mostly snake oil. So, all I do nowadays with my Windows 10 partition is just leave it be and try to maintain it as well as possible. I avoid listening to anyone on YouTube as most of them are unprofessional (ex. PANJNO PANJNO PANJNO!!!) and inaccurate to their sources. You also have to realize what you are tweaking IS NOT a normal Windows 10 laptop. You are tweaking a Macbook Pro for heavy gaming, and thus many of the ""tweaks"" shown on the internet may help for some people using gaming laptops and normal Windows laptops, but not for any Macbooks using Bootcamp and Apple hardware, which is by any means NOT meant for gaming. 

Good Software / Tweaks:

MacsFanControl (Keep temps cool, I just turn the fan speed to the max all the time. 70 degrees celcius in-game, 30-40 idle.)
WinRAR
Wise Disk Cleaner
CCleaner (Portable) 
Mouse/Keyboard software, but make sure to turn them off when you are not using them! For me it caused stuttering for GTA 5 and after I turned Razer Synapse off it was buttery smooth. 
Boot Camp Drivers
Windows 10 Setup Script (Warning: This changes how your OS works and changes the looks of your system. Makes Windows 10 less-intrusive, please create restore point just in case you do not want the tweaks.)
Good Windows 10 Tweak Guide (Great guide by a trusted person.) 
TweakHound's Guide (Best guide out there. Very honest and very accurate guide.) 
TweakHound's Privacy Guide (Another great guide by TweakHound, focused more on your privacy.) 
O&O ShutUp10 (Disables useless settings on Windows 10, use TweakHound's settings for the best privacy possible. <- my opinion)
Disable eye-candy for Windows 10 (Advanced System Settings -> Advanced -> Performance -> Settings -> Performance Options -> Visual Effects -> Adjust for best performance, Disable more eye-candy in Ease of Access settings.)
Disable all privacy settings except for microphone, background apps, and camera. 
UPDATE: Removed some unnecessary to prevent over-tweaking.

BAD TWEAKS (AKA Most 3rd-Party Softwares):

Registry edits (Some are good, most are bad. Registry edits DO NOT increase performance.)
Razer Cortex (Bloatware) 
AMD GPU Tweaks (RadeonMod, RadeonPro. Good softwares but dangerous to use for Macbooks.) 
Disabling services (Some are okay, but many interfere with the OS and should not be disabled or it will cause problems in the future) 
Defragging when you have SSD (Just really stupid.) 
Timer Resolution
Any IOBIT Software (or other 3rd party softwares that claim to boost FPS) 
Lowering desktop resolution. (just why?) 
Disabling services. (Can interfere with Windows 10 feature, here's what TweakHound says.)
All Panjno videos/any unreliable YouTube source ever. 


ㅡㅡㅡㅡOpinons from Professionalsㅡㅡㅡㅡ

TweakHound's list of bad tweaks (not for Macbooks, but for Windows 10 in general)







Last Edit: Jan 15, 2019 at 4:46am by jamieckorea
Moderator of bootcampdrivers.com for some reason.

Macbook Pro 15inch 2017: Core i7 @ 3.1 GHZ, 500GB SSD, 16 GB RAM, Radeon Pro 560 Graphics.


Mat HD
Webmaster





Posts: 1,660


	
Nov 10, 2018 at 6:54pm jamieckorea likes this
Quote
Post by Mat HD on Nov 10, 2018 at 6:54pm
This is cool mate, but I have a responsibility to ensure pirating software tweaks do not feature on my site, so I’ve had to remove your reference to this for Windows 10.


Administrator of bootcampdrivers.com

iMac 5k 2014: Core i7 @ 4 GHZ, 512 GB SSD, 32 GB RAM, AMD R9 M295X graphics.


jamieckorea
Guru





I am willing to help anyone, email me to jamieckorea@gmail.com


Posts: 159


	
Nov 10, 2018 at 11:55pm  
Quote
Post by jamieckorea on Nov 10, 2018 at 11:55pm
Nov 10, 2018 at 6:54pm Mat HD said:
This is cool mate, but I have a responsibility to ensure pirating software tweaks do not feature on my site, so I’ve had to remove your reference to this for Windows 10.
Never thought about that, sorry. 


Moderator of bootcampdrivers.com for some reason.

Macbook Pro 15inch 2017: Core i7 @ 3.1 GHZ, 500GB SSD, 16 GB RAM, Radeon Pro 560 Graphics.


lcass
Junior Boot Camper





Posts: 10


	
Nov 27, 2018 at 2:09pm jamieckorea likes this
Quote
Post by lcass on Nov 27, 2018 at 2:09pm
I'll release an"
"https://brightideas.houstontx.gov/ideas/the-nurse-is-caring-for-a-client-on-the-mental-health-unit-w-weln","error",""
"https://brightideas.houstontx.gov/ideas/write-the-equation-for-the-plane-the-plane-through-the-point-qvxx","error",""
"https://bunspace.com/forum/thread","error",""
"https://business.adobe.com/blog/basics/guide-to-email-marketing","too_short",""
"https://caliberservices.ca/cheat-the-forest-ps4","OK","Web server is returning an unknown error Error code 520
Visit cloudflare.com for more information.
2025-07-06 20:09:17 UTC
You
Browser
Working
Toronto
Cloudflare
Working
caliberservices.ca
Host
Error
What happened?

There is an unknown connection issue between Cloudflare and the origin web server. As a result, the web page can not be displayed.

What can I do?
If you are a visitor of this website:

Please try again in a few minutes.

If you are the owner of this website:

There is an issue between Cloudflare's cache and your origin web server. Cloudflare monitors for these errors and automatically investigates the cause. To help support the investigation, you can pull the corresponding error log from your web server and submit it our support team. Please include the Ray ID (which is at the bottom of this error page). Additional troubleshooting resources.

Cloudflare Ray ID: 95b1bd2c2f74a217 • Your IP: Click to reveal • Performance & security by Cloudflare"
"https://carbuzz.com/nevi-charging-funding-temporary-injunction","OK","Menu
Sign In Now
Close
NEWS
FEATURES
CAR BRANDS
BEST CARS
SUBMENU
CAR COMPARISONS
REVIEWS
CAR ADVICE
VIDEOS
THREADS
CARBUZZ AWARDS
Sign In
Newsletter
Menu
4
Sign In Now
Industry News
Car Reviews
Car Comparisons
Car Brands
Trump’s Attack On EV Charging Just Suffered A Major Setback
By 
Evan Williams
Published Jun 26, 2025
Follow
Like
Thread
4
Link copied to clipboard
Sign In To Your CarBuzz Account
Nicole Wakelin/CarBuzz/Valnet

Construction of federally funded EV charging sites could be starting again soon. A US District Court judge in Washington State has ruled that the feds must un-freeze roughly $1 billion in funding, reports Reuters. The funding was initially authorized as part of the National Electric Vehicle Infrastructure (NEVI) Formula Program.

The funding was authorized by Congress in 2021 as part of the Infrastructure Investment and Jobs Act. The funding was blocked by the Trump administration as the President took aim at Biden-era electric vehicle mandates almost as soon as he took office for the second time.

RELATED
Electrify America Has Big Plans To Make Charging Easier

While the judge did not make a finding in the suit, filed by 16 states including Washington State and Washington DC, Judge Tana Lin did say it was likely that the states would win. She gave the administration a week to re-start the funds or to appeal the ruling.

Billions In Congressionally-Approved Funding Withheld

NEVI was a $5b initiative intended to build a more comprehensive and more reliable fast-charge network along major highways. States were required to submit plans annually to the Secretary of Transportation in order to receive funds. On President Trump's first day in office, he issued an executive order pausing all Infrastructure Act funds dispersement. Days later, the Federal Highway Administration notified state transportation departments that the program was under review. Existing contracts were expected to be honored, but the $3b that had been authorized (but not yet paid to states) would no longer be available.

While funds were available for all states, only 16 filed suit. Those states – Washington, Oregon, Colorado, California, Arizona, Delaware, Hawaii, Illinois, Maryland, New Jersey, New Mexico, New York, Rhode Island, and Wisconsin – alleged that the funding freeze was illegal. When the suit was filed in May, California Attorney General Rob Bonta called Trump's move ""unconstitutional,"" saying ""he’s illegally stripping away billions of dollars for electric vehicle charging infrastructure, all to line the pockets of his Big Oil friends.""

RELATED
The Best Part Of Driving An EV In California May Be Ending

California may have to end the prized bumper sticker for EVs, but it will still keep pushing EVs forward.

1

With the announcement of the preliminary injunction, Bonta said, ""We are pleased with today’s order blocking the Administration’s unconstitutional attempt to do so, and California looks forward to continuing to vigorously defend itself from this executive branch overreach."" The state has launched multiple actions against the Trump administration over attempts to stop the state's EV adoption plans.

Ruling Says State Arguments Likely To Find Success

According to Judge Lin, the circuit court that ultimately hears the argument will likely find the action violated the separation of powers doctrine. Additionally, the states affected are likely to suffer harm as a result of the withheld funds. She therefore ruled that funding must be restored to its status prior to the freeze until the full case is heard. The injunction is stayed until July 1 to give time for the federal government to appeal.

RELATED
California Won't Take Trump's Block On Combustion Bans Without A Fight

And 10 other states have joined in to sue the administration.

1

Curiously (and perhaps amusingly), her ruling started with a reference to one of the earliest pop-culture references to electric vehicle range issues, as well as government overreach. ""In a 1995 episode of The Simpsons, Homer must cut short a tearful goodbye with his long-lost mother after her traveling companions protest that their 'electric van only has 20 minutes of juice left!' Some 26 years later, Congress sought to address the phenomenon that has come to be known as 'range anxiety"" with the infrastructure act.

Source: Reuters

Get the Latest Automotive Updates
Follow On Google News
News
Auto Industry
Electric Vehicles
Follow
Like
Share
THREAD
4
Sign In To Your CarBuzz Account

We want to hear from you! Share your opinions in the thread below and remember to keep it respectful.

Reply / Post
Sort by:
Timothy

Trump will just ignore the courts just like he has since go got back in office. The Supreme Court said he can do anything while president without being prosecuted and his is the executive branch in charge of enforcing laws. So short of Congress censuring and removing him through the impeachment process. He’ll continue to do whatever he wants

2025-06-27 01:23"
"https://cbtproxy.com/blog/how-do-i-get-a-microsoft-azure-certification","error",""
"https://championships.usga.org/ussenioramateur/2025/articles/2025-us-senior-amateur-qualifying-results.html","OK","Championships
Video
Playing
Advancing
Celebrating
Giving
Tickets
Shop
Fast Facts
Qualifying
Apply to Play
2024 Results
Volunteer
Future Sites
Shop
Sign In
Senior Amateur Championship®
Oak Hills Country Club • San Antonio, Texas • August 23-28, 2025

U.S. SENIOR AMATEUR

2025 U.S. Senior Amateur Qualifying Results

By USGA

1 MIN READ | Jun 26, 2025 | Liberty Corner, N.J.

Previous

Hurricane Helene Impact Forces 2025 Senior Am to Relocate to Oak Hills C.C.

Dec 16, 2024

USGA Partners

About us
Careers
Contact Us
Privacy Policy
About Our Ads
Your Privacy Choices
Terms Of Use
Accessibility
GET ALL OF USGA
Continuous updates, streaming, tee times, scoring, and much more!
   

FOLLOW US

© 2023 United States Golf Association. All Rights Reserved."
"https://championships.usga.org/ussenioropen/2026/tickets.html","OK","Championships
Video
Playing
Advancing
Celebrating
Giving
Tickets
Shop
Results
Player Stats
Course Stats
2026 Tickets
History
Corporate Hospitality
Shop
More
More
Fast Facts
Qualifying
What Would You Shoot?
Future Sites
Sign In
2026 U.S. Senior Open Tickets: July 2-5 ( Scioto Country Club)
Weekly Trophy Club
Experience the U.S. Senior Open from this premium climate-controlled facility located between the 14th and 15th holes.
Trophy Club is a climate-controlled facility that offers a variety of seating options, upgraded food and beverage options for purchase, live television coverage, and executive restrooms
Includes all access that a Gallery Ticket receives
Weeklong ticket package provides one (1) Trophy Club Ticket each day Wednesday – Sunday of the Championship
BUY NOW
Weekly Gallery
Gallery tickets offer grounds access for fans to see all the action and follow golf’s legends as they take on Scioto Country Club.
Ability to walk the course and sit in various public grandstands
Food and beverage available at concession stands
Weeklong ticket package provides one (1) Gallery Ticket each day Wednesday – Sunday of the Championship
BUY NOW
Gallery Flex 5-Pack
Gallery tickets offer grounds access for fans to see all the action and follow the world’s best players as they take on Scioto Country Club.
Ticket package includes five (5) Gallery tickets that are good for any one day Wednesday – Sunday of the championship
Ability to walk the course and sit in various public grandstands
Food and beverage available at concession stands
BUY NOW
Join the Victory Club Presented by Lexus
Become part of the official club of U.S. Open and U.S. Women’s Open Presented by Ally fans for free, today!
Membership will open doors to special promotions, events, content and more
JOIN NOW

USGA Partners

About us
Careers
Contact Us
Privacy Policy
About Our Ads
Your Privacy Choices
Terms Of Use
Accessibility
GET ALL OF USGA
Continuous updates, streaming, tee times, scoring, and much more!
   

FOLLOW US

© 2023 United States Golf Association. All Rights Reserved."
"https://champs.iedcr.gov.bd","error",""
"https://citeseerx.ist.psu.edu/document","error",""
"https://cleanslatecampaign.org/how-to-seal-slate-floors","error",""
"https://cleanslatecampaign.org/sealing-slate-tile","error",""
"https://cygnusx1.ucsd.edu/bed-box-spring","error",""
"https://cygnusx1.ucsd.edu/control-variable-definition","error",""
"https://cygnusx1.ucsd.edu/squid-game-parents-guide","error",""
"https://cygnusx1.ucsd.edu/what-is-a-controlled-variable","error",""
"https://cygnusx1.ucsd.edu/when-do-morning-glories-bloom","error",""
"https://datarecovee.com/how-to-add-shared-mailbox-in-outlook","OK","Products
System Requirement
About Us
Contact Us
Contact Us

Blogs

How to Add a Shared Mailbox in Outlook? A Complete Setup Guide
Upasna Deewan
Updated on: Apr 21, 2025
Table of Contents
How to Add a Shared Mailbox in Outlook on Windows?
How to Add a Shared Mailbox to Outlook on a Mac?
Add a Shared Mailbox in Outlook Via Mobile App
Advantages of Adding a Shared Mailbox to Outlook
Wrapping Up
Frequently Asked Questions

How do I add shared mailbox to Outlook? I am here to help if you are confused and trying to get answers to this query.

Effective communication is essential in the fast-paced world of emails, and Outlook’s email group and shared mailbox features make teamwork easier. It allows multiple users to access and manage emails from a single address, ensuring seamless collaboration.

Mastering Outlook is important, as it holds around 4.38% of the email platform market share. In this space, you will learn how to add a shared mailbox in Outlook, whether you are working on a Windows, Mac, or mobile phone. 

How to Add a Shared Mailbox in Outlook on Windows?

A shared mailbox in Outlook allows multiple users to access and manage emails from a common account, making teamwork easier. I find the ‘Add mailbox to Outlook’ feature extremely useful for my work.

Before you start, make sure you have permission to access the shared mailbox. If not, ask your IT administrator for access. Outlook often adds shared mailboxes automatically once permission is granted. However, if you don’t see it, let’s see how to add a mailbox to Outlook manually:

Open Outlook on your Windows system.
Click on the File tab and select Account Settings, then choose Account Settings again.
Now, in the Email tab, select your email account, and click on Change.
Click More Settings in the new window.
Open the Advanced tab, click Add, and enter the shared mailbox name or email.
Click on OK, then Apply, and OK again.
Finally, click Next and finish.

Restart your Outlook to see the shared mailbox in your folder list. There is an alternative method as well, just follow the steps below:

Open Outlook and right-click on your primary mailbox in the folder pane.
Select the ‘Add Shared Folder or mailbox’ option.
Type the shared mailbox name or email and click Add.

The shared mailbox should now appear under ‘Shared with me’. By following these steps, you can easily access and manage emails, improving collaboration. 

How to Add a Shared Mailbox to Outlook on a Mac?

I use my Outlook on my MacBook like many others. So, let’s learn how to add a shared mailbox to Outlook on a Mac device:

Open Outlook and go to Tools > Accounts.
Select the account that has access to the shared mailbox.
Go to Delegation and Sharing > Share With Me.
Click the + button to add a shared mailbox.
Here, enter the shared mailbox email and select it from the results.
Finally, click on Add and then Done.

The shared mailbox will now appear as a separate account in your macOS Outlook. Now, you can schedule an email in Outlook, create a shared calendar, and utilize many other effective features.

Add a Shared Mailbox in Outlook Via Mobile App

Using Outlook on your smartphone is convenient, and many users prefer to check emails on the go. So, it is important to learn the same process in the mobile app. You can easily add a shared mailbox to the Outlook mobile app using the following steps:

Open the Outlook app on your iOS or Android device and log in with the account that has access to the shared mailbox.
Now, tap the menu icon and select Add Account > Add a Shared Mailbox.
Here, just type in the shared mailbox’s email and follow the prompts to complete the setup.

Once done, the shared Outlook mailbox will appear in your account list. 

Notes
If you want to remove it, go to Settings > Accounts, select the shared mailbox, and tap on Delete Account.
Also Read
Outlook Search Not Working? Try These 8 Effective Methods!
Learn More 
Advantages of Adding a Shared Mailbox to Outlook

Outlook is a powerful tool for businesses, helping teams manage emails, calendar, contacts, and tasks in one place. Moreover, it allows users to recover deleted emails and send encrypted mails too. Now that you know how to add a mailbox in Outlook, it is important to understand the benefits of using this feature:

Shared mailboxes easily adapt to changing team structure, making it simple to onboard new members or manage different projects without any hassle.
Instead of forwarding emails or copying multiple IDs, it keeps everything in one place. It streamlines responses to common inquiries and helps teams manage group communication efficiently.
By centralizing communication, organizations can better monitor email activity and implement security measures more effectively.
It ensures that important messages are visible to the whole team, preventing missed updates and keeping everyone on the same page.
It also reduces costs by cutting down on licensing and subscription fees for creating individual email accounts"
"https://delta8.science/what-is-delta-8-thc","error",""
"https://dev-old.onlyoffice.org/viewtopic.php","error",""
"https://digilib.ucr.edu/what-is-sds","error",""
"https://digitalvibeseo.com/blogs/seo/what-is-a-web-crawler-and-how-does-it-work","error",""
"https://drderrick.org/okb/five-importance-of-being-a-committed-family-member","error",""
"https://dreamworksdentaldallas.com/do-not-skip-tongue-cleaning-if-you-want-a-perfect-oral-hygiene","error",""
"https://easytvfix.com/how-to-fix-echo-show-black-screen","error",""
"https://ec2-18-143-46-174.ap-southeast-1.compute.amazonaws.com/2023/09/types-of-chesterfield-sofas","error",""
"https://ecotreasures.com/pages/the-sun-as-a-symbol-of-good","error",""
"https://edu.lva.virginia.gov/oc/stc/entries/registration-of-birth-and-color-1924","error",""
"https://employees.brooklyn.edu/base/how-to-create-a-local-email-archive-pst-file-in-outlook","error",""
"https://enapartebyaudrey.fr/cheat-the-forest-ps4","OK","Sorry, you have been blocked
You are unable to access enapartebyaudrey.fr
Why have I been blocked?

This website is using a security service to protect itself from online attacks. The action you just performed triggered the security solution. There are several actions that could trigger this block including submitting a certain word or phrase, a SQL command or malformed data.

What can I do to resolve this?

You can email the site owner to let them know you were blocked. Please include what you were doing when this page came up and the Cloudflare Ray ID found at the bottom of this page.

Cloudflare Ray ID: 95b1bf156a11aba2 • Your IP: Click to reveal • Performance & security by Cloudflare"
"https://forums.macresource.com/read.php","error",""
"https://geddon.org/tieflings","error",""
"https://georgiaaccess.gov","OK","Skip to content
An official website of the State of Georgia. How you know  
Español
Search for:
SEARCH
Get Covered
For Partners
Learn More
Resources & Support
About Georgia Access
Welcome to Georgia Access, Georgia’s new health insurance Exchange.

Open Enrollment ended on January 15. However, if you qualify for a Special Enrollment Period, you have various ways to shop for and enroll in quality health coverage. Click the yellow “Get Covered” button below to get started.

GET COVERED
We’re Bringing Health
Insurance Home

On Georgia Access, you can find quality affordable health insurance for the whole family. Open Enrollment for Plan Year 2025 ended on January 15, 2025. However you may click HERE to see if you qualify for an SEP to enroll in coverage now.

Enroll Through the Georgia Access Consumer Portal

If you quality for an SEP, use the state’s portal to shop for and enroll in health insurance.

ENROLL NOW
Support

Find additional resources or local support to help you enroll in health insurance coverage.

GET HELP
Other Health Coverage Programs  

Explore state health programs and other services available to Georgians.

REVIEW OPTIONS

A website from the
Office of Commissioner of Insurance and Safety Fire

Insurance Commissioner John F. King

Georgia Access Contact Center


Consumer support


888-687-1503 TTY Line 711




Partner support


888-312-4237 TTY Line 711




Monday – Friday: 8 AM – 5 PM ET​

Excluding Holidays​

 

Accessibility
Website Privacy/Security
©Georgia.gov"
"https://gravablock.com.sv","error",""
"https://gshe.wfaccameroon.org","error",""
"https://guides.library.unr.edu/mlacitation","error",""
"https://guides.library.unr.edu/mlacitation/instructormaterial","error",""
"https://gwhof.galib.uga.edu/controlled-variable-meaning","error",""
"https://health.usnews.com/conditions/hyperkalemia","OK","HEALTH
Hospitals
ASCs
Doctors
Senior Living
Diets & Nutrition
Medicare
Health & Wellness
Medical Review
Sign In
A Patient's Guide to Hyperkalemia

People with chronic kidney disease are at risk for hyperkalemia, which in extreme cases could be fatal.

By Ruben Castaneda
|
Nov. 4, 2019, at 5:00 p.m.

This article is based on reporting that features expert sources.

More
More Condition Guides

Hyperkalemia Advice

Causes
Symptoms
Risk Factors
Diagnosis
Complications
Treatment
Health Care Providers
Related Articles

While it's important to have a healthy amount of potassium in your diet so your nerves, muscle cells and heart function well, having too much of the electrolyte in your blood can cause hyperkalemia, according to the National Kidney Foundation.

A normal serum or blood potassium level is typically 3.6 to 5.2 milliequivalents per liter, says Dr. Joseph Vassalotti, chief medical officer for the National Kidney Foundation. He's also on the faculty at Mount Sinai Medical Center in New York City. Having a blood potassium level of 6.0 milliequivalents or higher could put you at risk for heart complications and requires immediate attention.

Consuming the right amount of potassium is important for the heart and other organs to function properly. ""If the amount of potassium in the blood is too high or too low, it can be harmful,"" he says.

Hyperkalemia is uncommon for people with normal kidney function. However, ""among people with kidney disease, it's more common, particularly as kidney function decreases,"" Vassalotti says.

In extreme cases, hyperkalemia can be fatal. It can cause an array of health issues, including:

Abnormal heart rhythms, or arrhythmias.
Paralysis.
Muscle fatigue.
Weakness.
Nausea.

Causes

People with impaired kidney function and who take certain medications are at increased risk for hyperkalemia. ""People with normal kidney function have an excellent potassium tolerance, because their kidneys can eliminate potassium efficiently,"" says Dr. Daniel Batlle, a professor of medicine at Northwestern University's Feinberg School of Medicine. He's also a kidney specialist at Northwestern Memorial Hospital in Chicago. ""In prehistoric times, there was so much potassium in the diet that kidney mechanisms evolved to get rid of potassium very efficiently. But when kidney function fails, you are at risk for hyperkalemia.""

According to the kidney foundation, the most common causes of hyperkalemia include:

Kidney disease.
High potassium intake.
Medications that prevent the kidneys from losing enough potassium.

Kidney disease. Having kidneys that don't function well is a risk factor for hyperkalemia. Your kidneys balance the amount of potassium taken in with the amount lost in urine. You take in potassium through the foods and beverages you consume. The potassium is filtered by the kidneys and lost through urination. In the early stages of kidney disease, your kidneys can often make up for high potassium. But as kidney function worsens, they may not be able to remove sufficient potassium from your body. Advanced kidney disease is a leading cause of hyperkalemia.

High potassium intake. Consuming too much food that's high in potassium can also cause hyperkalemia. Bananas, cantaloupe, avocados, tomatoes, potatoes, orange juice and honeydew melon are among offerings that are rich in potassium. Eating too much potassium is a particular cause of hyperkalemia for people with advanced kidney disease.

Medications that prevent the kidneys from losing enough potassium. Some drugs can keep your kidneys from removing sufficient amounts of potassium. This can cause your potassium levels to rise to unhealthy or even dangerous levels. Some medications often used to treat high blood pressure and heart disease, like ACE inhibitors and angiotensin receptor blockers, can cause hyperkalemia.

Less common potential causes of hyperkalemia include:

Consuming potassium supplements or salt substitutes.
Addison's disease, which is an adrenal gland disorder.
Burns and other severe injuries, which cause your body to release extra potassium in your blood.
Poorly controlled diabetes.

Read More About Hyperkalemia

A Potassium Primer

Nephritis: Inflammation of the Kidneys

Who Can Help Me With Kidney Problems?

How Can I Find the Best Endocrinologist?

Reduce Your Risk of Kidney Disease

Heartfelt Concern: Do You Have High Potassium?

Symptoms

It's possible to have elevated potassium without having any symptoms. ""Symptoms may not be present at all until a medical professional measures the potassium is elevated. When that happens, patients need to be treated,"" Batlle says.

If you know you have kidneys that aren't functioning well, having your potassium levels monitored should be part of your routine care, Vassalotti says.

These are possible signs of hyperkalemia:

Muscle weakness.
Numbness.
Tingling.
Nausea.

When hyperkalemia occurs suddenly, it requires immediate medical attention. Here are potential symptoms of hyperkalem"
"https://health.usnews.com/conditions/mononucleosis","error",""
"https://health.usnews.com/health-care/conditions/articles/getting-to-the-bottom-of-diarrhea","error",""
"https://health.usnews.com/health-news/articles/2012/09/07/4-common-diarrhea-causesand-what-to-do-if-you-get-sick","error",""
"https://healthelibrary.stillwater-medical.org/hearthealth/167,osmolality_blood","error",""
"https://healthlibrary.somc.org/library/wellness/yourbody/3,82232","error",""
"https://healthlibrary.wvumedicine.org/coronavirus/85,p00365","error",""
"https://helpx.adobe.com/acrobat/kb/create-high-resolution-print-ready-pdf.html","OK","PDF & E-signatures
Adobe Acrobat
Features
Compare plans
Resources
Learn & Support
Free trial
Buy now
Create high-resolution print-ready PDFs using Acrobat
Last updated on Apr 2, 2024

Standard PDFs are not print-ready. They may have poor quality images and colors, which may not print correctly or print at a very low quality. You can use Acrobat Pro to create high-resolution print-ready PDFs from your standard PDFs.

Note: 

Adobe recommends creating a high-resolution print-ready PDF directly from the source application.

Steps:

Open the PDF in Acrobat and select the hamburger meu   (Windows) or File menu (macOS) > Save as other > Press-ready PDF (PDF/ X).

In the Save As dialog box, select Settings.

In the Preflight dialog, select Save as PDF/X-4 and select OK

Note: 

You can select the available PDF/X-4 conversion profiles listed in the Create PDF/X-4 according to the following PDF/X-4 conversion profile section, and Apply corrections as per your requirement.

More like this
Convert files to PDF for free
Learn how to Print to PDF

Get help faster and easier
Sign in

New user?

Create an account ›

Legal Notices    |    Online Privacy Policy

Try Acrobat on the web
Create, edit, and share PDFs online.

Open the app
Share this page
   

Was this page helpful?

Yes, thanks
Not really
ADOBE ACROBAT
< Visit Adobe Help Center
Learn & Support
Get Started
User Guide
Tutorials
Ask the Community 

Post questions and get answers from experts.

Ask now
Contact Us 

Expert support for your issues.

Start now
^ Back to top
Shop for
Creative Cloud
Photoshop
Adobe Express
Photography
Premiere Pro
Adobe Stock
Elements Family
Document Cloud
Acrobat
Acrobat Sign
Special offers
View plans and pricing
View all products
For business
Creative Cloud for business
Creative Cloud for enterprise
Acrobat for business
For education
Discounts for students and teachers
Schools and universities
Digital Learning Solutions
For nonprofits
Nonprofit overview
For mobile
Apps for iOS
Apps for Android
Experience Cloud
What is Experience Cloud?
Analytics
Experience Manager
Commerce
Marketo Engage
Workfront
Terms of Use
Support
Download and install
Help Center
Adobe Community
Enterprise Support
Genuine software
Resources
Adobe Blog
Adobe Developer
Adobe Account
Log in to your account
Adobe
About
AI Overview
Careers
Newsroom
Corporate responsibility
Investor Relations
Supply chain
Trust Center
Events
Adobe for All
Integrity

Featured products   

Adobe Acrobat Reader
Adobe Express
Photoshop
Illustrator
Change region
Copyright © 2025 Adobe. All rights reserved.
Privacy
Terms of Use
Cookie preferences
Do not sell or share my personal information
AdChoices
Français
English
This Adobe site doesn't match your location

Based on your location, we think you may prefer the Canada website, where you'll get regional content, offerings, and pricing.

Canada
United States"
"https://helpx.adobe.com/acrobat/using/certificate-based-signatures.html","OK","PDF & E-signatures
Adobe Acrobat
Features
Compare plans
Resources
Learn & Support
Certificate-based signatures
Last updated on Jun 15, 2025 | Also applies to Adobe Acrobat 2017, Adobe Acrobat 2020

Adobe Acrobat

Open on web 
Acrobat User Guide
Introduction to Acrobat
Workspace
Creating PDFs
Editing PDFs
Scan and OCR
Forms
Combining files
Sharing, reviews, and commenting
Saving and exporting PDFs
Security
Electronic signatures
Sign PDF documents
Capture your signature on mobile and use it everywhere
Send documents for e-signatures
Create a web form
Request e-signatures in bulk
Collect online payments
Brand your account
About certificate signatures
Certificate-based signatures
Validating digital signatures
Adobe Approved Trust List
Manage trusted identities
Printing
Accessibility, tags, and reflow
Searching and indexing
Multimedia and 3D models
Print production tools (Acrobat Pro)
Preflight (Acrobat Pro)
Color management
Troubleshoot

Before you begin

We are rolling out a new, more intuitive product experience. If the screen shown here doesn’t match your product interface, switch to the help for your current experience.

A certificate-based signature, similar to a handwritten one, identifies the signer of a document. But unlike a handwritten signature, it's tough to fake because it includes encrypted data unique to the signer. This type of signature can be easily checked to see if the document has been altered after signing.

To use a certificate-based signature, you need a digital ID, which you can get or create in Acrobat or Acrobat Reader. This ID has a private key and a certificate with a public key, among other things. The private key creates the signature, and the certificate is automatically added to the document. Recipients can verify the signature when they open the document.

When you apply a certificate-based signature, Acrobat uses a hashing algorithm to create a message digest, which it encrypts with your private key. This encrypted digest is then added to the PDF along with certificate details, a signature image, and the document's version at the time of signing.

Certificate-based signature in a PDF form

Add a certificate-based signature to a PDF

Open a PDF in Acrobat and then from the All tools menu, select Use a certificate.

From the Use a certificate tools pane, take one of the following actions:

To certify with a visible digital signature, select Certify (visible signatures), and then from the dialog that appears, select Drag New Signature Rectangle.
To certify the document without a visible signature, select Certify (invisible signatures).

In the Save as Certified Document dialog box, select OK .

If you've selected, Certify (visible signatures) in step 2, use the mouse to drag and draw a rectangle area where you want your signature to appear.

In the Sign with a Digital ID dialog box, choose the Digital ID you want to use for certifying the document and select Continue, or select Configure New Digital ID to create a new ID.


Select Review to review the document content before signing, then select Sign. Save the PDF when prompted. Your document is now certified.

Certify and sign documents

The Use a certificate tool lets you apply two types of certificate-based signatures. You can Certify a document, attest to its content or approve a document with the Digitally sign option.

Digitally sign

When you Digitally sign with a certificate, the signature is considered an approval signature.

Certify (visible or invisible signatures)

Certify options provide a higher level of document control than Digitally sign. For documents that require certification, you must certify the documents before others sign them. If a document has already been signed, the Certify options are disabled. When you certify a document, you can control the types of changes other people can make. You can certify with or without displaying a signature.

Signatures made with the Certify or Digitally sign options comply with data protection standards specified by the European Telecommunications Standards Institute (ETSI). In addition, both signature types comply with the PDF Advanced Electronic Signature (PAdES) standard. Acrobat and Acrobat Reader provide an option to change the default signing format to a CAdES format. This option is compliant with Part 3 of the PAdES standard. The timestamp capability and native support for long-term validation of signatures (introduced in Acrobat 9.1) is in compliance with Part 4 of the PAdES standard. The default signing format, when set up accordingly, is compliant with Part 2 of the PAdES standard. You can change the default signing method or format, in the Signatures panel of the Preferences dialog box. Under Creation & Appearance, click More.

Set up certificate-based signatures

You can expedite the signing process and optimize your results by making the following preparations in advance: 

Get a digital ID from your own organization, buy a digital ID (see the Adobe website f"
"https://helpx.adobe.com/acrobat/using/digital-ids.html","OK","PDF & E-signatures
Adobe Acrobat
Features
Compare plans
Resources
Learn & Support
Manage Digital IDs
Last updated on Oct 30, 2023 | Also applies to Adobe Acrobat 2017, Adobe Acrobat 2020

Adobe Acrobat

Open on web 
Acrobat User Guide
Introduction to Acrobat
Workspace
Creating PDFs
Editing PDFs
Scan and OCR
Forms
Combining files
Sharing, reviews, and commenting
Saving and exporting PDFs
Security
Enhanced security setting for PDFs
Securing PDFs with passwords
Manage Digital IDs
Securing PDFs with certificates
Opening secured PDFs
Removing sensitive content from PDFs
Setting up security policies for PDFs
Choosing a security method for PDFs
Security warnings when a PDF opens
Securing PDFs with Adobe Experience Manager
Protected View feature for PDFs
Overview of security in Acrobat and PDFs
JavaScripts in PDFs as a security risk
Attachments as security risks
Allow or block links in PDFs
Edit secured PDFs
Electronic signatures
Printing
Accessibility, tags, and reflow
Searching and indexing
Multimedia and 3D models
Print production tools (Acrobat Pro)
Preflight (Acrobat Pro)
Color management
Troubleshoot

Before you begin

We're rolling out a new, more intuitive product experience. If the screen shown here doesn’t match your product interface, select help for your current experience.


In the new experience, the tools appear on the left side of the screen.

Digital IDs FAQ
What is a digital ID?
Why do I need one?
What are self-signed digital IDs?
What are IDs from certificate authorities?
How do I recover or reset my digital ID’s password?
Create a self-signed digital ID

Sensitive transactions between businesses generally require an ID from a certificate authority rather than a self-signed one.

In Acrobat, select the hamburger menu  (Windows) or Acrobat menu (macOS) and then choose Preferences.

In the Categories list on the left, select Signatures. On the right, select More for Identities & Trusted Certificates.

Select Digital IDs on the left, and then click the Add ID button .

Select the option A New Digital ID I Want To Create Now, and click Next.

Specify where to store the digital ID, and click Next.

 

New PKCS#12 Digital ID File

Stores the digital ID information in a file with the extension .pfx in Windows and .p12 in macOS. You can use the files interchangeably between operating systems. If you move a file from one operating system to another, Acrobat still recognizes it.

 

Windows Certificate Store (Windows only)

Stores the digital ID to a common location from where other Windows applications can also retrieve it.

Do the following:

Type a name, email address, and other personal information for your digital ID. When you certify or sign a document, the name appears in the Signatures panel and in the Signature field.
Choose an option from the Key Algorithm menu. The 2048-bit RSA option offers more security than 1024-bit RSA, but 1024-bit RSA is more universally compatible.
From the Use Digital ID For  menu , choose whether you want to use the digital ID for signatures, data encryption, or both.
Click Next.

Do the following:

Type a password for the digital ID file. For each keystroke, the password strength meter evaluates your password and indicates the password strength using color patterns. Reconfirm your password.
The digital ID file is stored at the default location as shown in the File Name field. If you want to save it somewhere else, click Browse and choose the location.
Click Finish.

If a digital ID file with the same name exists, you're prompted to replace it. Click OK to replace, or browse and select a different location to store the file.

The ID is created. You can export and send your certificate file to contacts who can use it to validate your signature.

Note: 

Make a backup copy of your digital ID file. If your digital ID file is lost or corrupted, or if you forget your password, you cannot use that profile to add signatures.

Register a digital ID

To use your digital ID, register your ID with Acrobat or Reader.

In Acrobat, select the hamburger menu  (Windows) or Acrobat menu (macOS) and then choose Preferences > Signatures. In Identities & Trusted Certificates, select More.


Select Digital IDs on the left.
Click the Add ID button  .
Choose one of the following options:
 

A File

Select this option if you obtained a digital ID as an electronic file. Follow the prompts to select the digital ID file, type your password, and add the digital ID to the list.

 

A Roaming Digital ID Stored On A Server

Select this option to use a digital ID that’s stored on a signing server. When prompted, type the server name and URL where the roaming ID is located.

 

A Device Connected To This Computer

Select this option if you have a security token or hardware token connected to your computer.

Click Next, and follow the onscreen instructions to register your digital ID.
Specify the default digital ID

To avoid being prompted to select a digital ID each time your sign or certify a PDF, you"
"https://helpx.adobe.com/acrobat/using/edit-text-pdfs.html","OK","PDF & E-signatures
Adobe Acrobat
Features
Compare plans
Resources
Learn & Support
Edit text in PDFs
Last updated on May 28, 2025 | Also applies to Adobe Acrobat 2017, Adobe Acrobat 2020

Adobe Acrobat

Open on web 
Acrobat User Guide
Introduction to Acrobat
Workspace
Creating PDFs
Editing PDFs
Edit text in PDFs
Edit images or objects in a PDF
Rotate, move, delete, and renumber PDF pages
Edit scanned PDFs
Enhance document photos captured using a mobile camera
Optimizing PDFs
PDF properties and metadata
Links and attachments in PDFs
PDF layers
Page thumbnails and bookmarks in PDFs
PDFs converted to web pages
Setting up PDFs for a presentation
PDF articles
Geospatial PDFs
Applying actions and scripts to PDFs
Change the default font for adding text
Delete pages from a PDF
Edit a signed PDF | FAQ
Scan and OCR
Forms
Combining files
Sharing, reviews, and commenting
Saving and exporting PDFs
Security
Electronic signatures
Printing
Accessibility, tags, and reflow
Searching and indexing
Multimedia and 3D models
Print production tools (Acrobat Pro)
Preflight (Acrobat Pro)
Color management
Troubleshoot

Learn how to add or replace text and fix typos in a PDF using Acrobat. Change fonts and typeface. Adjust text size and alignment in a PDF.

Edit text in a PDF

Open the PDF you want to edit in Acrobat, and then select Edit in the global bar.


The PDF switches to the edit mode, and the Edit panel displays. If the PDF is generated from a scanned document, Acrobat automatically runs OCR to make the text and images editable.

The Edit panel includes options to modify the page, add content, redact a PDF, and convert various documents to PDF forms. You can use the options in the Edit panel to replace, edit, or add text to a PDF. You can correct typos, change fonts and typeface size, adjust alignment, add superscripts or subscripts, and resize text or paragraphs.



Try it in the app
Edit a PDF in a few simple steps.

Open Acrobat
Add, change, format, delete, or highlight text
Set the default font for adding and editing text
Change, replace, or delete text
Format text
Add new text
Move, rotate, or resize a text box
Add annotations and drawing markups
Add or edit lists
Check spellings and edit dictionaries for spell check
Change font color
Change font
Change font size
Redo text in Acrobat
Undo text in Acrobat
Change paragraph spacing
Align Text
Edit a PDF form
Add, edit, or move text in a PDF form
Create or modify a PDF form
Rotate, move, delete, extract, or renumber PDF pages

You can easily organize pages in a PDF if you have permission to edit the PDF. For more information, see Rotate, move, delete, extract, or renumber PDF pages.

Update headers, footers, background, or watermarks
Add or update headers and footers
Add, replace, or edit a background
Add watermarks
More like this
Product feature: Edit PDFs using Acrobat

Get help faster and easier
Sign in

New user?

Create an account ›

Legal Notices    |    Online Privacy Policy

Try Acrobat on the web
Create, edit, and share PDFs online.

Open the app
Share this page
   

Was this page helpful?

Yes, thanks
Not really
ADOBE ACROBAT
< Visit Adobe Help Center
Learn & Support
Get Started
User Guide
Tutorials
Ask the Community 

Post questions and get answers from experts.

Ask now
Contact Us 

Expert support for your issues.

Start now
^ Back to top
Shop for
Creative Cloud
Photoshop
Adobe Express
Photography
Premiere Pro
Adobe Stock
Elements Family
Document Cloud
Acrobat
Acrobat Sign
Special offers
View plans and pricing
View all products
For business
Creative Cloud for business
Creative Cloud for enterprise
Acrobat for business
For education
Discounts for students and teachers
Schools and universities
Digital Learning Solutions
For nonprofits
Nonprofit overview
For mobile
Apps for iOS
Apps for Android
Experience Cloud
What is Experience Cloud?
Analytics
Experience Manager
Commerce
Marketo Engage
Workfront
Terms of Use
Support
Download and install
Help Center
Adobe Community
Enterprise Support
Genuine software
Resources
Adobe Blog
Adobe Developer
Adobe Account
Log in to your account
Adobe
About
AI Overview
Careers
Newsroom
Corporate responsibility
Investor Relations
Supply chain
Trust Center
Events
Adobe for All
Integrity

Featured products   

Adobe Acrobat Reader
Adobe Express
Photoshop
Illustrator
Change region
Copyright © 2025 Adobe. All rights reserved.
Privacy
Terms of Use
Cookie preferences
Do not sell or share my personal information
AdChoices"
"https://helpx.adobe.com/acrobat/using/enhance-camera-images.html","OK","PDF & E-signatures
Adobe Acrobat
Features
Compare plans
Resources
Learn & Support
Enhance scanned file or camera image
Last updated on Oct 1, 2024 | Also applies to Adobe Acrobat 2017, Adobe Acrobat 2020

Adobe Acrobat

Open on web 
Acrobat User Guide
Introduction to Acrobat
Workspace
Creating PDFs
Editing PDFs
Edit text in PDFs
Edit images or objects in a PDF
Rotate, move, delete, and renumber PDF pages
Edit scanned PDFs
Enhance document photos captured using a mobile camera
Optimizing PDFs
PDF properties and metadata
Links and attachments in PDFs
PDF layers
Page thumbnails and bookmarks in PDFs
PDFs converted to web pages
Setting up PDFs for a presentation
PDF articles
Geospatial PDFs
Applying actions and scripts to PDFs
Change the default font for adding text
Delete pages from a PDF
Edit a signed PDF | FAQ
Scan and OCR
Scan documents to PDF
Enhance document photos
Troubleshoot scanner issues when scanning using Acrobat
Forms
Combining files
Sharing, reviews, and commenting
Saving and exporting PDFs
Security
Electronic signatures
Printing
Accessibility, tags, and reflow
Searching and indexing
Multimedia and 3D models
Print production tools (Acrobat Pro)
Preflight (Acrobat Pro)
Color management
Troubleshoot

Before you begin

We are rolling out a new, more intuitive product experience. If the screen shown here doesn’t match your product interface, switch to the help for your current experience.

Enhance scanned file or camera images for clear PDFs


You can capture document photos with your smartphone and use the Enhance camera image feature to create polished, clear, and compact PDFs without needing a standard scanner. This feature addresses common issues in mobile-captured images, such as incorrect perspectives, areas beyond boundaries, shadows, and inconsistent lighting. While it may not eliminate all problems, it significantly improves the overall quality of your resulting PDF.


Enhance camera image

Open the photograph or image of the document in Acrobat.

From the All tools menu, select Scan & OCR.

From the left panel, select Enhance camera image and then from the dialog that opens, select Enhance.

The image is enhanced and a PDF of the image is shown.


(Optional) To further adjust the default enhancement level, drag the Adjust enhancement level slider in the secondary toolbar.

(Optional) If required, adjust the page border using the blue circle handles at the corners of the photo. Select Enhance.


Save the PDF file.

Enhance scanned file

Open the scanned file in Acrobat.

From the All tools menu, select Scan & OCR > Enhance scanned file.

In the pop-up dialog box, choose the Pages you wish to enhance and select Recognize text to identify text within the document.


Select Enhance.

ENHANCE SCANNED FILE SETTINGS

Select Settings   to access the Enhance Scanned PDF dialog box and adjust image filtering and compression options as needed for quality, size, or specific scanning issues.


Settings

	

Details




Apply Adaptive Compression

	

Divides each page into black-and-white, grayscale, and color regions and chooses a representation that preserves appearance while highly compressing each type of content. The recommended scanning resolutions are 300 dots per inch (dpi) for grayscale and RGB input, or 600 dpi for black-and-white input.





Color/Grayscale

	

When scanning color or grayscale pages, select one of the following:


JPEG- Applies JPEG compression to the colored image content.
JPEG2000- Applies JPEG2000 compression to the colored image content. (This setting is not recommended when creating PDF/A files. Use JPEG instead.)
ZIP- Applies ZIP compression to the colored image content.



Monochrome

	

When scanning black-and-white or monotone images, select one of the following:


CCITT Group 4- Applies CCITT Group 4 compression to black-and-white input page images.

JBIGT (Lossless) and JBIGT (Lossy)- Applies the JBIG2 compression method to black-and-white input pages. The highest-quality levels use the lossless method; the text is highly compressed at lower settings. Text pages typically are 60% smaller than CCITT Group 4 compressed pages, but processing is slow.




Small Size/High Quality

	

Sets the balance point between file size and quality.





Filters

	
Deskew- Rotates any page that is not square with the sides of the scanner bed, to make the PDF page align vertically. Choose On or Off.

Background removal- Rotates any page that is not square with the sides of the scanner bed, to make the PDF page align vertically. Choose On or Off.
Descreen- Removes halftone dot structure, which can reduce JPEG compression, cause moire patterns, and make text difficult to recognize. Suitable for 200–400-dpi grayscale or RGB input or, for Adaptive Compression, 400–600-dpi black-and-white input. The On setting (recommended) applies the filter for 300 dpi or higher grayscale and RGB input. Select Off when scanning a page with no pictures or filled areas, or when scanning at a resolution high"
"https://helpx.adobe.com/acrobat/using/fill-and-sign.html","OK","PDF & E-signatures
Adobe Acrobat
Features
Compare plans
Resources
Learn & Support
Free trial
Buy now
Fill and sign PDF forms
Last updated on Nov 25, 2024 | Also applies to Adobe Acrobat 2017, Adobe Acrobat 2020

Adobe Acrobat

Open on web 
Acrobat User Guide
Introduction to Acrobat
Workspace
Creating PDFs
Editing PDFs
Scan and OCR
Forms
PDF forms basics
Create a form from scratch in Acrobat
Create and distribute PDF forms
Fill in PDF forms
PDF form field properties
Fill and sign PDF forms
Setting action buttons in PDF forms
Publishing interactive PDF web forms
PDF form field basics
PDF barcode form fields
Collect and manage PDF form data
About forms tracker
PDF forms help
Send PDF forms to recipients using email or an internal server
Combining files
Sharing, reviews, and commenting
Saving and exporting PDFs
Security
Electronic signatures
Printing
Accessibility, tags, and reflow
Searching and indexing
Multimedia and 3D models
Print production tools (Acrobat Pro)
Preflight (Acrobat Pro)
Color management
Troubleshoot

Before you begin

We're rolling out a new, more intuitive product experience. If the screen shown here doesn’t match your product interface, select help for your current experience.


In the new experience, the tools appear on the left side of the screen.

Overview

You can easily fill, sign, and share your documents using Acrobat's Fill & Sign tool. The topics below provide information about:

The types of PDF forms
How to fill and sign PDF forms
How to share your completed forms

Try it in yourself
Fill and sign your documents in a few simple steps.


Open Acrobat
Types of PDF forms
Interactive forms: These contain fields that you can select and fill in. See how to Fill in interactive forms.
Flat forms: These do not have interactive fields. It could be a paper form or PDF that hasn’t been optimized for form filling. The Fill & Sign tool automatically detects the form fields like text fields, comb fields, checkboxes, and radio buttons. You can manually add text and other symbols anywhere on the form using the Fill & Sign tool if required.

You can complete the forms by entering information and adding your signatures. Acrobat also allows you to send your completed forms to others and securely save them in Adobe cloud storage.

Fill and sign PDF forms

To complete and sign PDF forms, open the form in Acrobat and then select E-Sign from the global bar. Alternatively, you can select All tools > Fill & Sign.

It displays the Fill & Sign tools in the left pane. You can now fill in the form fields and sign the form using the sign tools described in the following topics.


TO FILL TEXT FIELDS:

From the left panel, select Fill in form fields , and then select the field where you want to add text.
It displays a text field along with a toolbar.

Select the text field again and enter your text.

To reposition the text box to align it with the text field, select the textbox and hover over it. Once you see a plus icon with arrows, move the textbox to the desired position.

To edit the text, select the text box. Once you see the cursor and keypad, edit the text and then click elsewhere to enter.

To change the text size, select A or A as required.

Note: 

Resize the first annotation you place to fit the check box or radio button in the document, and the next annotations you add will be of the same size and will fit the rest of the box/circle fields.

To change the text color, select the color from the quick toolbar and select a desired color from the color palette.

The default color for signatures is black. To change the color of signatures, you must deselect the Keep signatures black checkbox. 


To change the text style from normal to combed, from the textbox menu, select ellipsis ( )> Character spacing.


It changes the text style from normal to combed. To increase or decrease the spacing, you can select the blue arrow icon and then drag it as desired.


Note: Combed Text is a text style where each letter of the text is equally spaced out with the help of a sequence of boxes. 


Once done, select the next field space and then enter your text in the text box. Use the formatting options as desired.

Repeat the step to fill all the required fields in the form.

TO FILL RADIO OPTION FIELDS:

Hover over the field with the radio option.

It automatically displays the default checkmark or the selected radio field symbol.

Select the radio option field to enter the symbol.

To change the symbol, select the field again, and then from the menu, ellipsis ( ) and then select another symbol.

It marks the field with the selected symbol.

TO ADD SIGNATURE AND INITIALS:

Create your signature and initials if not already done. To do so:

From the Quick action toolbar, select Add your signature or initials  
To add a signature, select Add signature. In the dialog that appears, type or draw your signature and then select Done.
To add your initials, select Add initials. In the dialog that appears, type or draw your initial"
"https://helpx.adobe.com/acrobat/using/optimizing-pdfs-acrobat-pro.html","OK","PDF & E-signatures
Adobe Acrobat
Features
Compare plans
Resources
Learn & Support
Optimizing PDFs
Last updated on Jun 25, 2025 | Also applies to Adobe Acrobat 2017, Adobe Acrobat 2020

Adobe Acrobat

Open on web 
Acrobat User Guide
Introduction to Acrobat
Workspace
Creating PDFs
Editing PDFs
Edit text in PDFs
Edit images or objects in a PDF
Rotate, move, delete, and renumber PDF pages
Edit scanned PDFs
Enhance document photos captured using a mobile camera
Optimizing PDFs
PDF properties and metadata
Links and attachments in PDFs
PDF layers
Page thumbnails and bookmarks in PDFs
PDFs converted to web pages
Setting up PDFs for a presentation
PDF articles
Geospatial PDFs
Applying actions and scripts to PDFs
Change the default font for adding text
Delete pages from a PDF
Edit a signed PDF | FAQ
Scan and OCR
Forms
Combining files
Sharing, reviews, and commenting
Saving and exporting PDFs
Security
Electronic signatures
Printing
Accessibility, tags, and reflow
Searching and indexing
Multimedia and 3D models
Print production tools (Acrobat Pro)
Preflight (Acrobat Pro)
Color management
Troubleshoot

Before you begin

We are rolling out a new, more intuitive product experience. If the screen shown here doesn’t match your product interface, switch to the help for your current experience.

Acrobat reduces the size of a PDF file without compromising quality. The Acrobat PDF compression tool balances an optimized file size against the expected quality of images, fonts, and other file content.

Save using PDF optimizer (Acrobat Pro)

PDF Optimizer provides many settings for reducing the size of PDF files. Some of the PDF Optimizer settings are comparable to the settings that are available when you create a PDF file using Distiller. You can use all of these settings or only a few. It depends on how you intend to use the files and the essential properties a file must have.


Usually, the default settings are suitable for achieving maximum efficiency. It includes saving space by removing embedded fonts, compressing images, and removing redundant items from the file. Before optimizing a file, it’s a good idea to audit its space usage. The space audit results may provide insights into the possibilities of reducing file size. You can also reduce the size of your PDF by using the Reduce File Size command.

Note:
Some methods of compression may make images unusable in a print production workflow. You should experiment with various settings before making changes that can’t be discarded.
The PDF Optimizer isn’t available when Reflow is selected in the View menu.
Audit the space usage of a PDF (Acrobat Pro)

The space usage audit reports the total number of bytes used for specific document elements. It includes fonts, images, bookmarks, forms, named destinations, comments, and the total file size. The results are reported in bytes and as a percentage of the total file size.

From the hamburger menu  (Windows) or the File menu (macOS), select Save As Other > Optimized PDF, or go to All tools > Compress a PDF, and then select Advanced Optimization. The PDF Optimizer dialog opens.

Select Audit space usage in the dialog.

Note: 

You can also audit space usage of a PDF in the Content pane. Choose the hamburger menu  (Windows) > View, or the View menu (macOS) and then select Show/Hide > Side panels > Content. From the Content pane options menu, choose Audit Space Usage.

Optimize a PDF (Acrobat Pro)
Reduce file size of a PDF
Reduce file size of multiple PDFs
Advanced Option to Compress PDF to a specific size
Compress PDF without unembedding fonts
PDF Optimizer options (Acrobat Pro)

Use the options from the panels in the PDF Optimizer dialog box to reduce the size of a PDF.

Images panel

The Images panel of the PDF Optimizer lets you set options for color, grayscale, and monochrome image compression, and image downsampling.

Change the PDF compatibility in the Images panel of the PDF Optimizer dialog box in Acrobat Pro.

Specify the following options, as needed:

Downsample

Reduces file size by lowering the resolution of images, which involves merging the colors of original pixels into larger pixels.

Note: Masked images and images with a size less than 16-by-16 pixels aren't downsampled.

Compression

Reduces file size by eliminating unnecessary pixel data. In general, JPEG and JPEG 2000 compressions yield better results on images, such as photographs with gradual transitions from color to color. ZIP is the better choice for illustrations with large areas of solid, flat colors, or patterns of flat colors. For monochrome images, JBIG2 compression is available in PDF Optimizer but not in Distiller, and it's superior to CCITT.

Quality

Available only for JPEG and JPEG 2000 formats. JPEG and JPEG 2000 compression methods are typically lossy, a process that permanently removes some pixel data. You can apply lossy JPEG or JPEG 2000 compression to color images at various levels (Minimum, Low, Medium, High, Maximum). For JPEG 2000 compressio"
"https://helpx.adobe.com/acrobat/using/pdf-to-word.html","OK","PDF & E-signatures
Adobe Acrobat
Features
Compare plans
Resources
Learn & Support
Free trial
Buy now
Convert PDF to Word
Last updated on May 28, 2025 | Also applies to Adobe Acrobat 2017, Adobe Acrobat 2020

Acrobat

Open on web 
Acrobat User Guide
Introduction to Acrobat
Workspace
Creating PDFs
Editing PDFs
Scan and OCR
Forms
Combining files
Sharing, reviews, and commenting
Saving and exporting PDFs
Saving PDFs
Convert PDF to Word
Convert PDF to PPTX
Convert PDF to XLSX or XML
Convert PDF to JPEG
Convert PDF to TIFF
Convert PDF to PNG
Convert or export PDFs to other file formats
File format options for PDF export
Reusing PDF content
Security
Electronic signatures
Printing
Accessibility, tags, and reflow
Searching and indexing
Multimedia and 3D models
Print production tools (Acrobat Pro)
Preflight (Acrobat Pro)
Color management
Troubleshoot

Learn how to easily convert your PDF files into Microsoft Word (DOC or DOCX) using Adobe Acrobat.

Try it in the app
Convert PDFs to Word documents in a few simple steps.


Open Acrobat
Convert PDF to DOCX

Open the PDF in Acrobat.

From the global bar, select Convert.

From the left pane, Select DOCX from the drop-down menu next to Microsoft Word. Then select Convert to DOCX. 


In the Save as dialog, select a location where you want to save the file and then select Save.

Convert PDF to DOC

Open the PDF in Acrobat.

From the global bar, select Convert.

From the left pane, Select DOC from the drop-down menu next to Microsoft Word. Then select Convert to DOC. 


In the Save as dialog, select a location where you want to save the file and then select Save.

For PDF to Word conversion settings, go to File format options for PDF export.

Try these online PDF tools:

PDF Converter
Convert Word to PDF
Convert Excel to PDF
Convert PowerPoint to PDF
Convert JPG to PDF
Merge PDF files

More like this
Convert a file to PDF
Convert PDFs to Word, Excel, or PowerPoint
Product feature: Convert PDF to Word using Acrobat

Get help faster and easier
Sign in

New user?

Create an account ›

Legal Notices    |    Online Privacy Policy

Try Acrobat on the web
Create, edit, and share PDFs online.

Open the app
Share this page
   

Was this page helpful?

Yes, thanks
Not really
ADOBE ACROBAT
< Visit Adobe Help Center
Learn & Support
Get Started
User Guide
Tutorials
Ask the Community 

Post questions and get answers from experts.

Ask now
Contact Us 

Expert support for your issues.

Start now
^ Back to top
Shop for
Creative Cloud
Photoshop
Adobe Express
Photography
Premiere Pro
Adobe Stock
Elements Family
Document Cloud
Acrobat
Acrobat Sign
Special offers
View plans and pricing
View all products
For business
Creative Cloud for business
Creative Cloud for enterprise
Acrobat for business
For education
Discounts for students and teachers
Schools and universities
Digital Learning Solutions
For nonprofits
Nonprofit overview
For mobile
Apps for iOS
Apps for Android
Experience Cloud
What is Experience Cloud?
Analytics
Experience Manager
Commerce
Marketo Engage
Workfront
Terms of Use
Support
Download and install
Help Center
Adobe Community
Enterprise Support
Genuine software
Resources
Adobe Blog
Adobe Developer
Adobe Account
Log in to your account
Adobe
About
AI Overview
Careers
Newsroom
Corporate responsibility
Investor Relations
Supply chain
Trust Center
Events
Adobe for All
Integrity

Featured products   

Adobe Acrobat Reader
Adobe Express
Photoshop
Illustrator
Change region
Copyright © 2025 Adobe. All rights reserved.
Privacy
Terms of Use
Cookie preferences
Do not sell or share my personal information
AdChoices
Français
English
This Adobe site doesn't match your location

Based on your location, we think you may prefer the Canada website, where you'll get regional content, offerings, and pricing.

Canada
United States"
"https://helpx.adobe.com/acrobat/using/send-for-signature.html","OK","PDF & E-signatures
Adobe Acrobat
Features
Compare plans
Resources
Learn & Support
Free trial
Buy now
Request E-signatures
Last updated on Jun 2, 2025

Adobe Acrobat

Open on web 
Acrobat User Guide
Introduction to Acrobat
Workspace
Creating PDFs
Editing PDFs
Scan and OCR
Forms
Combining files
Sharing, reviews, and commenting
Saving and exporting PDFs
Security
Electronic signatures
Printing
Accessibility, tags, and reflow
Searching and indexing
Multimedia and 3D models
Print production tools (Acrobat Pro)
Preflight (Acrobat Pro)
Color management
Troubleshoot

Before you begin

We're rolling out a new, more intuitive product experience. If the screen shown here doesn’t match your product interface, select help for your current experience.


In the new experience, the tools appear on the left side of the screen.

Overview

You can get documents signed by others using the Fill and Sign tool, which relies on cloud services provided by Adobe Acrobat Sign. It lets signers quickly sign agreements from anywhere using a web browser or mobile device. Signers are not required to purchase any Adobe product to sign the agreements.

SUPPORTED FILE TYPES FOR SIGNING

Besides PDF, you can send Microsoft Office files, various image files, HTML files, and text files for signing. Supported file types are: DOC, DOCX, RTF, XLS, XLSX, PPT, PPTX, TXT, CSV, HTML, HTM, TIFF, TIF, BMP, GIF, JPG, JPEG, and PNG.

Request signatures

You must complete an agreement before sending it for e-signature. A signed agreement is certified by Adobe Acrobat Sign and any edits to the signed agreement lose the certification.

When you send an agreement for signature, the signers receive an email notification to sign the agreement. Once signed, both you and your signers receive the signed PDF by email. You can track the entire signing process in Acrobat or Acrobat Reader application.


Open the PDF form in Acrobat or Acrobat Reader. From the global bar in the upper left, select All tools. Then select Request e-signatures. 

In the dialog that appears, add the email address of one or more recipients you want to add as signers.

(Optional) Modify the agreement name and message if desired.
To access and specify advanced settings, select More Options in the Add recipients to e-sign this document dialog box. Once done select Next. 


Select Specify where to sign.

On the page that opens, select a recipient from the Recipients drop-down and then drag-n-drop the signature fields where required for that recipient. Similarly, add signature fields for each recipient.

Once done, select Send. It sends the agreement to the recipients and displays a confirmation message.

ADVANCED OPTIONS IN REQUEST E-SIGNATURES

To access and specify advanced settings, select More Options in the Add recipients to e-sign this document dialog box.


You can select More Options to access the advanced options, as listed below: 

By default, the Complete in Order setting is turned on. The numbers by the email addresses reflect the participation order. If you do not want to follow any particular order for signing, toggle the switch to Complete In Any Order.
(Optional) Click Add Me, if you want to be included as a signer of the document.
Specify authentication type like Email, Password, Knowledge-Based Authentication, or Phone.
Password Protect the PDF file.
Set a Completion Deadline.
Set Reminder for the recipients to take action.
Specify the Recipient's Language in the email sent. (Available only with enterprise tier service.)
Note: 

Add Files: If you add multiple documents, the documents are converted into PDFs and combined into a single file. The combined file is opened for you to add appropriate fields.

Signer's experience

A signer receives an email with a link to sign the agreement. Also, if the signer uses Acrobat or Acrobat Reader desktop application, the signer sees a notification that an agreement has been shared for signing. For more information, see Sign an agreement.

Note: 

Signers are not required to sign up or purchase any Adobe product to sign agreements. They can sign agreements using a web browser, mobile device, or Acrobat / Acrobat Reader desktop application.

Track all agreements 

You can track agreements that are out for signature, signed, or waiting for your signature.

To view agreements list, go to Acrobat Home view and select All Agreements under Agreements from the left pane. 

Agreement status

You can check your agreement status. From the Home view, under Agreements, select any of the following: 

In progress:  Shows agreements you've sent for signature but haven't yet been signed by the recipient.

Waiting for You: Shows agreements signed by others and awaiting your signature.

Completed: Shows agreements that have been signed by all parties and finalized.

Templates: Provides access to various templates for creating new agreements.

Canceled: Includes agreements you've canceled.

Expired: Displays agreements that have expired. Agreements expire if t"
"https://helpx.adobe.com/acrobat/using/signing-pdfs.html","OK","PDF & E-signatures
Adobe Acrobat
Features
Compare plans
Resources
Learn & Support
Sign PDF documents
Last updated on Jun 26, 2025 | Also applies to Adobe Acrobat Sign

Adobe Acrobat

Open on web 
Acrobat User Guide
Introduction to Acrobat
Workspace
Creating PDFs
Editing PDFs
Scan and OCR
Forms
Combining files
Sharing, reviews, and commenting
Saving and exporting PDFs
Security
Electronic signatures
Sign PDF documents
Capture your signature on mobile and use it everywhere
Send documents for e-signatures
Create a web form
Request e-signatures in bulk
Collect online payments
Brand your account
About certificate signatures
Certificate-based signatures
Validating digital signatures
Adobe Approved Trust List
Manage trusted identities
Printing
Accessibility, tags, and reflow
Searching and indexing
Multimedia and 3D models
Print production tools (Acrobat Pro)
Preflight (Acrobat Pro)
Color management
Troubleshoot
Overview

You can sign a document to attest to its contents or approve the document. This document explains how to sign a document or agreement using Acrobat or Reader desktop application.

To sign a PDF document or form, you can type, draw, or insert an image of your handwritten signature. You can also add text, such as your name, company, title, or date. When you save the document, the signature and text become part of the PDF.


Try it yourself
Fill and sign your documents in a few simple steps


Open Acrobat
Note: 

You can also capture a picture of your signature on mobile using Adobe Acrobat Reader mobile app and save it in Adobe cloud storage so that it's synced and available for use across your desktop and other mobile devices. For more information, see Capture your signature on mobile and use it everywhere.

See how to sign a PDF
Sign an agreement

If you receive an email request for a signature from someone using Adobe Acrobat Sign, you can access the agreement from the link in your email or through your Acrobat or Acrobat Reader desktop application. You will see a notification that an agreement has been shared with you for signing.

You can sign the agreement using one of the following two ways: 

Sign using Acrobat/Reader desktop application
Sign using the email link
Send your signed PDFs

After you have signed the form, you can share your form with others. See how to Send PDF documents for signature.


Remove your signature or initials

You can remove your saved signature or initials from Acrobat:

Open a PDF in Acrobat. 

Select your signature present on the page. 

From the floating toolbar, select Delete  . 

More like this
Quickly fill and sign any PDF form online
Digital IDs
Setting up certificate-based signatures
Validating signatures
Edit a signed PDF
Send PDF documents for signature
Product feature: Get documents signed with the Acrobat fill and sign tool

Get help faster and easier
Sign in

New user?

Create an account ›

Legal Notices    |    Online Privacy Policy

Try Acrobat on the web
Create, edit, and share PDFs online.

Open the app
Share this page
   

Was this page helpful?

Yes, thanks
Not really
ADOBE ACROBAT
< Visit Adobe Help Center
Learn & Support
Get Started
User Guide
Tutorials
Ask the Community 

Post questions and get answers from experts.

Ask now
Contact Us 

Expert support for your issues.

Start now
^ Back to top
Shop for
Creative Cloud
Photoshop
Adobe Express
Photography
Premiere Pro
Adobe Stock
Elements Family
Document Cloud
Acrobat
Acrobat Sign
Special offers
View plans and pricing
View all products
For business
Creative Cloud for business
Creative Cloud for enterprise
Acrobat for business
For education
Discounts for students and teachers
Schools and universities
Digital Learning Solutions
For nonprofits
Nonprofit overview
For mobile
Apps for iOS
Apps for Android
Experience Cloud
What is Experience Cloud?
Analytics
Experience Manager
Commerce
Marketo Engage
Workfront
Terms of Use
Support
Download and install
Help Center
Adobe Community
Enterprise Support
Genuine software
Resources
Adobe Blog
Adobe Developer
Adobe Account
Log in to your account
Adobe
About
AI Overview
Careers
Newsroom
Corporate responsibility
Investor Relations
Supply chain
Trust Center
Events
Adobe for All
Integrity

Featured products   

Adobe Acrobat Reader
Adobe Express
Photoshop
Illustrator
Change region
Copyright © 2025 Adobe. All rights reserved.
Privacy
Terms of Use
Cookie preferences
Do not sell or share my personal information
AdChoices"
"https://helpx.adobe.com/acrobat/web/share-review-and-export/export-and-print/compress-pdfs.html","OK","PDF & E-signatures
Adobe Acrobat
Features
Compare plans
Resources
Learn & Support

Adobe Acrobat

Open on web 
 Adobe Help Center
Acrobat on the web user guide
Get set up
Create PDFs
Edit PDFs
Share, review, and export
Share documents
Review PDFs
Export and print
Compress PDFs online
Export PDF overview
Acrobat Export PDF subscription overview
Export PDFs
Export PDF system requirements
Supported languages for OCR
E-sign documents
Manage cloud storage
Use Acrobat extensions
Troubleshoot
Compress PDFs online
Last updated on Dec 10, 2024
Learn how to reduce your PDF file size using the Compress feature of Acrobat on the web.

You can use Acrobat on the web to reduce the file size of your PDFs while maintaining quality, making them easier to share and store. The compress feature optimizes a PDF by removing embedded fonts, compressing images, and eliminating unnecessary items.

On the Acrobat on the web homepage, select Convert > Compress a PDF.

In the dialog box that opens, select the file location from the top menu, select the file you want to compress, and then select Continue.

To select additional files for compressing, select Add files and then select the ones you want to include.

To compress multiple files together, select the Add files option and add more files.

Select the desired compression level and then select Compress.

The compressed file is created as filename_compressed and automatically saved to Adobe cloud storage.


Note: 

Once the file is compressed, you receive a notification with an option to download it. To download the file, select Donwload .

More like this
Export PDF overview
Supported languages for OCR

Export PDFs

Was this page helpful?

Yes, thanks
Not really

Next

Export PDF overview

Learn

Learn with step-by-step video tutorials and hands-on guidance right in the app.

Community

Post queries and get answers from experts in the community.

Discover

Stay on top of creative trends with how-tos and giveaways.

Shop for
Creative Cloud
Photoshop
Adobe Express
Photography
Premiere Pro
Adobe Stock
Elements Family
Document Cloud
Acrobat
Acrobat Sign
Special offers
View plans and pricing
View all products
For business
Creative Cloud for business
Creative Cloud for enterprise
Acrobat for business
For education
Discounts for students and teachers
Schools and universities
Digital Learning Solutions
For nonprofits
Nonprofit overview
For mobile
Apps for iOS
Apps for Android
Experience Cloud
What is Experience Cloud?
Analytics
Experience Manager
Commerce
Marketo Engage
Workfront
Terms of Use
Support
Download and install
Help Center
Adobe Community
Enterprise Support
Genuine software
Resources
Adobe Blog
Adobe Developer
Adobe Account
Log in to your account
Adobe
About
AI Overview
Careers
Newsroom
Corporate responsibility
Investor Relations
Supply chain
Trust Center
Events
Adobe for All
Integrity

Featured products   

Adobe Acrobat Reader
Adobe Express
Photoshop
Illustrator
Change region
Copyright © 2025 Adobe. All rights reserved.
Privacy
Terms of Use
Cookie preferences
Do not sell or share my personal information
AdChoices"
"https://helpx.adobe.com/acrobat/web/share-review-and-export/share-documents/unshare-pdfs.html","OK","PDF & E-signatures
Adobe Acrobat
Features
Compare plans
Resources
Learn & Support
Free trial
Buy now

Adobe Acrobat

Open on web 
 Adobe Help Center
Acrobat on the web user guide
Get set up
Create PDFs
Edit PDFs
Share, review, and export
Share documents
Protect PDFs
Share documents for viewing only
Share PDFs for review
Share a document via link
Unshare PDFs
Manage shared documents
Review PDFs
Export and print
E-sign documents
Manage cloud storage
Use Acrobat extensions
Troubleshoot
Unshare PDFs
Last updated on Dec 10, 2024
Learn how to remove collaborators’ access from shared files.

On the Acrobat on the web homepage, select Documents > Your documents.

Select a file that is shared with others, and then select Unshare .

You can select your shared file from the ‘Shared by you’ section under the Documents tab.

In the Unshare file dialog box that opens, select Unshare.

 
Note: 

When you unshare a file, the recipients aren’t notified, but they can no longer access it.

The file is unshared and the original recipients cannot access it.


More like this
Share documents for viewing only
Manage shared documents
Share PDFs for review

Was this page helpful?

Yes, thanks
Not really

Previous

Manage shared documents

Learn

Learn with step-by-step video tutorials and hands-on guidance right in the app.

Community

Post queries and get answers from experts in the community.

Discover

Stay on top of creative trends with how-tos and giveaways.

Shop for
Creative Cloud
Photoshop
Adobe Express
Photography
Premiere Pro
Adobe Stock
Elements Family
Document Cloud
Acrobat
Acrobat Sign
Special offers
View plans and pricing
View all products
For business
Creative Cloud for business
Creative Cloud for enterprise
Acrobat for business
For education
Discounts for students and teachers
Schools and universities
Digital Learning Solutions
For nonprofits
Nonprofit overview
For mobile
Apps for iOS
Apps for Android
Experience Cloud
What is Experience Cloud?
Analytics
Experience Manager
Commerce
Marketo Engage
Workfront
Terms of Use
Support
Download and install
Help Center
Adobe Community
Enterprise Support
Genuine software
Resources
Adobe Blog
Adobe Developer
Adobe Account
Log in to your account
Adobe
About
AI Overview
Careers
Newsroom
Corporate responsibility
Investor Relations
Supply chain
Trust Center
Events
Adobe for All
Integrity

Featured products   

Adobe Acrobat Reader
Adobe Express
Photoshop
Illustrator
Change region
Copyright © 2025 Adobe. All rights reserved.
Privacy
Terms of Use
Cookie preferences
Do not sell or share my personal information
AdChoices
Français
English
This Adobe site doesn't match your location

Based on your location, we think you may prefer the Canada website, where you'll get regional content, offerings, and pricing.

Canada
United States"
"https://helpx.adobe.com/creative-cloud/help/uninstall-creative-cloud-desktop-app.html","OK","Creativity & Design
Adobe Creative Cloud
Explore
What's new
For Business
Learn & Support
Uninstall the Creative Cloud desktop app
Last updated on Aug 8, 2024

Creative Cloud

View all apps 
Creative Cloud User Guide
Introduction to Creative Cloud
Download, install, set up, and update
Download Creative Cloud apps
Open Creative Cloud apps
Start workspace
Update Creative Cloud apps
Change the language of your Creative Cloud apps
Uninstall the Creative Cloud desktop app
Uninstall or remove Creative Cloud apps
Fix errors installing Adobe apps
How and when to use the CC Cleaner tool
Apps available for download
Manage your account
Creative services
Collaboration and storage services
Projects
Organize libraries
Creative Cloud mobile apps
Enterprise and teams
Adobe Content Authenticity
Generative AI in Creative Cloud

Adobe doesn't recommend that you uninstall the Adobe Creative Cloud desktop app. However, you may be required to do so in certain scenarios, such as when troubleshooting or if there is an issue with the installer.


Note: 

Starting December 11, 2023, new users and organizations will not be entitled to Creative Cloud Synced files. Starting February 1, 2024, Creative Cloud Synced files will be discontinued for personal accounts that existed before December 11, 2023 (learn more here). Starting October 1, 2024, Creative Cloud Synced files will be discontinued for business accounts associated with organizations that existed before December 11, 2023 (learn more here).


Before you uninstall


Uninstall Creative Cloud apps

Ensure that you uninstall all Creative Cloud apps from your device. The Creative Cloud desktop app can only be uninstalled if all Creative Cloud apps (such as Photoshop, Illustrator, and Premiere Pro) have already been uninstalled. Learn how to uninstall or remove Creative Cloud apps.

Verify that your files are synced

Ensure that all your files are synced to your Creative Cloud account before running the uninstaller. Files not synced to your Creative Cloud account could be lost. You can check the sync status of your files in the Creative Cloud Files folder. In case you get a sync error, learn how to fix file syncing issues in the Creative Cloud desktop app.


(Enterprise users) Find out if you have admin privileges to uninstall

If you're an Enterprise user, you may not have admin privileges to uninstall your app. In this case, contact your admin.

How to uninstall and reinstall the Creative Cloud desktop app
Uninstall on Windows

Download the uninstaller for your version of Windows:


Windows 11, 10, 8, 7 (64-bit)

	

Windows 10 (ARM)

	

Windows 10, 8, 7 (32-bit)




Download 


	

Download 


	

Download 


Extract the contents of the zipped file. 


Double-click the Creative Cloud Uninstaller.app file.


 
Note: 

You may be prompted to allow the uninstaller to proceed.


Select Repair. If your issue is resolved by repairing, you need not uninstall the Creative Cloud desktop app.

If repairing doesn't fix the problem, proceed to Uninstall.

If you proceeded to uninstall the app, select Close on confirmation.


Uninstall on macOS

Download the uninstaller for your version of macOS:


macOS v10.12 or later 

	

Mac computers with Apple Silicon

	

macOS v10.11 or earlier 




Download 


	

Download 


	

Download 


Extract the contents of the zipped file.

Double-click the Creative Cloud Uninstaller.dmg file.


Depending on your security settings, you may receive a warning to open the uninstaller from the mounted DMG file. Select Open to continue.

Select Repair. If the issue is resolved by repairing, you need not uninstall the Creative Cloud desktop app.


If repairing doesn't fix the problem, proceed to Uninstall.


If you proceeded to uninstall the app, select Close on confirmation.


Uninstall silently from SCCM (Enterprise admins only)

Using the device that houses the SCCM server for your organization, ensure that it has the latest Creative Cloud Desktop app installed.


Locate the executable file:

Windows: C:\Program Files (x86)\Adobe\Adobe Creative Cloud\Utils\Creative Cloud Uninstaller.exe
macOS: /Applications/Utilities/Adobe Creative Cloud/Utils/Creative Cloud Uninstaller.app/Contents/MacOS/Creative Cloud Uninstaller

Create a folder and place the executable file in it.


Create a program and use the Creative Cloud Uninstaller.exe –u command to uninstall the Creative Cloud desktop app.


Run this program from distribution point on all the client machines where you want to uninstall the Creative Cloud desktop app.


Still need help?
Having issues signing in? Learn how to solve Adobe account sign-in issues.
Getting the error ""Adobe Creative Cloud, needed to resolve the problem, is missing or damaged""? Learn how to fix this error.
Getting an error message while downloading or installing? Learn how to fix such errors.

Adobe Fonts showing as inactive after reinstalling? Learn how to reactivate your fonts.

Looking to remove old Adobe software or remove corrupt installation fi"
"https://helpx.adobe.com/enterprise/using/admin-console.html","OK","Creativity & Design
PDF & E-signatures
Marketing & Commerce
Learn & Support
Sign in
ENTERPRISE & TEAMS
Learn & Support
User Guide
Go to Express
Adobe Admin Console
Admin Console overview
Last updated on Jun 11, 2025

Enterprise

Admin Console 
Adobe Enterprise & Teams: Administration guide
Plan your deployment
Basic concepts
Licensing
Identity
User management
App deployment
Admin Console overview
Admin roles
Deployment Guides
Deploy Creative Cloud for education
Set up your organization
Manage your organization setup
Manage users
Manage products and entitlements
Get started with Global Admin Console
Manage storage and assets
Manage services
Deploy apps and updates
Manage your Teams account
Renewals
Manage contracts
Reports & logs
Get help

Applies to enterprise & teams.

The Adobe Admin Console is a central location for managing the Adobe entitlements across your organization.

Easily manage your licenses, users, payments, and more using the Adobe Admin Console.

Sign in to the Admin Console

Each tab on the Admin Console enables you to perform various tasks. Select the titles below to know more.


Overview: View a summary of the licenses purchased and quick actions to set up your organization.


Products: Assign licenses to users and groups. As an Enterprise customer, you can manage product profiles.


Users: Create, update, and remove user accounts, which entitle the end users to Adobe products & services.


Packages: Download pre-configured packages or create them for desktop apps that you plan to deploy.


Account: Manage your organization's contracts and agreements with Adobe.


Storage: Manage individual user folders and shared folders, view storage quota consumed by users.


Insights: View, create, and download license assignment reports and track changes made in the Admin Console.


Settings: Claim domains, limit access to sharing features, add notes for end users, set password protection levels.


If you are unable to sign in to the Admin Console, see Solve Adobe account sign-in issues.

Overview

The Overview efficiently displays a wealth of information about product licenses. It shows the status of licenses in your plan—the number of licenses assigned out of the total available ones. There are also some quick links available to add users and admins.

Select your organization

An administrator can belong to multiple organizations. If a company has multiple subsidiaries that exist as separate organizations, or each subsidiary has a separate license agreement, the same administrator can be assigned to all.


If you're an administrator for multiple organizations, you can switch between organizations using the organization selector. The selected organization shows a green check mark next to the organization's name.

If the organization is a part of a Global Admin Console, a hierarchy icon appears next to the organization's name. You will also see the organization's path and can determine the organization's placement within the hierarchy. For example, in the screenshot, the admin is a member of the organization Athletic Shoe Division and this organization's Global Admin Console path is ACME HQ > Athletic Shoe Division, where Athletic Shoe Division is a child of the organization ACME HQ.


If you have a complex organizational structure that has many Admin Consoles or if you want to break up your main Admin Console into multiple consoles, you can adopt the Global Admin Console. For example, multinational corporations, education consortiums, large school districts, and large government agencies. The Global Admin Console nests existing Admin Consoles into a hierarchical structure, like an organization chart, to provide transparency across a distributed enterprise.


Products

Who can view this tab: System Administrators, Product Administrators, and Product Profile Administrators


  Enterprise
   Teams

The Products page in the Admin Console provides the options to manage your products and product profiles. Product profiles let you enable all or a subset of Adobe applications and services available in a plan and customize settings associated with a given product or plan. You can then assign administrators, called Product Administrators, to the product profiles. These administrators add end users to the product profiles that they manage.

For more information, see:


Manage products
Manage product profiles

The Products page in the Admin Console lets you assign product licenses to users. To assign a product license to a user or group, select the desired product on the Products page, and click Add User.

Enter the name or email address of the user. You can search for existing users or add a user by specifying a valid email address and filling in the information on the screen. Click Save. An email is sent to the user or group confirming access to the application.

For more information, see:

Assign or unassign licenses
Add or remove products or licenses
Users

The Users page in the Admin Console lets you creat"
"https://helpx.adobe.com/manage-account/using/change-email-address.html","OK","Creativity & Design
Adobe Creative Cloud
Explore
What's new
For Business
Learn & Support
Change email address for your Adobe account
Last updated on Feb 26, 2025

You can change your email address for your Adobe account if you're planning to switch to a new email address or want to update the current one.

Change your email address
Are you a Teams user? 

If you're part of an Adobe Teams account (not an individual customer), contact your Adobe admin to change the primary email address.


You can change your primary email address on your Adobe account page if you plan to switch to a new one or update your current email. Take these steps to change your email address. 

Sign in at https://account.adobe.com/profile.

In the Account information and access section, select Change next to Primary email (Adobe ID).


You can also change your account name, or add a secondary email in the Account information and access section.

Enter your new email address, and select Change.


Add a valid email address that you frequently use.

Enter the verification code that you receive in your email, and select Verify. 

You've successfully changed your primary email address.

You receive a confirmation email informing you about the change.

Change to a previously used email address

Learn how to change your primary email address to a previously used one.

More like this
Benefits of Creative Cloud membership

Update your Adobe account information

Update credit card and billing information


Get help faster and easier
Sign in

New user?

Create an account ›

Legal Notices    |    Online Privacy Policy

Share this page
   

Was this page helpful?

Yes, thanks
Not really
Ask the Community 

Post questions and get answers from experts.

Ask now
Contact Us 

Expert support for your issues.

Start now
^ Back to top
Shop for
Creative Cloud
Photoshop
Adobe Express
Photography
Premiere Pro
Adobe Stock
Elements Family
Document Cloud
Acrobat
Acrobat Sign
Special offers
View plans and pricing
View all products
For business
Creative Cloud for business
Creative Cloud for enterprise
Acrobat for business
For education
Discounts for students and teachers
Schools and universities
Digital Learning Solutions
For nonprofits
Nonprofit overview
For mobile
Apps for iOS
Apps for Android
Experience Cloud
What is Experience Cloud?
Analytics
Experience Manager
Commerce
Marketo Engage
Workfront
Terms of Use
Support
Download and install
Help Center
Adobe Community
Enterprise Support
Genuine software
Resources
Adobe Blog
Adobe Developer
Adobe Account
Log in to your account
Adobe
About
AI Overview
Careers
Newsroom
Corporate responsibility
Investor Relations
Supply chain
Trust Center
Events
Adobe for All
Integrity

Featured products   

Adobe Acrobat Reader
Adobe Express
Photoshop
Illustrator
Change region
Copyright © 2025 Adobe. All rights reserved.
Privacy
Terms of Use
Cookie preferences
Do not sell or share my personal information
AdChoices"
"https://helpx.adobe.com/photoshop/kb/photoshop-cc-gpu-card-faq.html","OK","Creativity & Design
Photoshop
Features
Learn & Support
Photoshop GPU FAQ
Last updated on May 13, 2024

Find answers to commonly asked questions about Photoshop and graphics processor (GPU) card usage.

Try out the latest features and enhancements.


Update Photoshop

Topics in this article:

How does Photoshop use the graphics processor?
What are the minimum graphics processor requirements?
How can I check the GPU compatibility report?
How can I check the GPU status while working on a document in Photoshop?
What are the various GPU modes in Photoshop?
Which features in Photoshop use the graphics processor?
How do I enable Photoshop to use the graphics processor?

Does Photoshop take advantage of more than one graphics processor or graphics card?
Can I use Photoshop's graphics processor features on a virtual machine?
How does Photoshop use the graphics processor?

Photoshop leverages the graphics processor in your system to provide a seamlessly smooth Photoshop experience and increased performance with many features. 


What are the minimum graphics processor requirements?

For full Photoshop system requirements, see Photoshop system requirements.

Generally, consider using GPUs with an Average Ops/Sec of 2000 or higher on PassMark's GPU Computer Benchmark Chart.

If you are using an older graphics card or driver, GPU functionality in Photoshop may be limited or not supported.


How can I check the GPU compatibility report?

With the Photoshop 23.0 release, you can run the graphics processor compatibility check to ensure your GPU is compatible:

Go to Help > GPU Compatibility and see the report dialog that opens.

Note: 

The information on this screen reflects the GPU state when Photoshop is launched. If the state of the GPU changed during the session, it would not be reflected here. For real-time feedback about using the GPU during an active session, see How can I check the GPU status while working on a document.


How can I check the GPU status while working on a document in Photoshop?

If the GPU stops working in Photoshop, several features could be impacted. To confirm the GPU status in Photoshop, do either of the following:

From the Document Status bar on the bottom left of the workspace, open the Document Status menu and select GPU Mode to display the GPU operating mode for your open document. 
Open the Info panel and select GPU Mode.
Use the GPU Mode indicator for your active document from the Document Status bar

Use the GPU Mode indicator for your active document from the Info panel

What are the various GPU modes in Photoshop?

Here's the list of available GPU modes in Photoshop:

CPU: CPU mode means that the GPU isn't available to Photoshop for the current document, and all features that have CPU pipelines will continue to work, but the performance from GPU optimizations will not exist so these features could be noticeably slower, such as - Neural Filters, Object Selection, Zoom/Magnify, etc. The visual interface for many features like crop, selections, and transform will drop color borders or become harder to view (thinner).
D3D12: This is the preferred mode for Windows and means you can take full advantage of the most modern GPU APIS on that platform.
Software: Software rendering is a Windows-only mode that returns to the Direct X 11 renderer. This happens if you explicitly set the Technology Preference, ""Older GPU Mode (Pre 2016)"", or if Photoshop determines that the software renderer is required for better stability.

Metal: This is the preferred mode for macOS and means the user is taking full advantage of the most modern GPU APIs on that platform.
Legacy OpenGL: Legacy OpenGL means that Photoshop uses the previous generation of GPU technology. Ideally, users on macOS would see Metal, and Windows users would see D3D12.
Which features in Photoshop use the graphics processor?

Features that require a GPU for acceleration

Artboards (more info)
Blur Gallery - OpenCL accelerated
Camera Raw (more info)

Image Size – Preserve Details (more info)
Lens Blur (more info)
Neural Filters (more info)
Select Focus (more info)
Select and Mask - OpenCL accelerated (more info)
Smart Sharpen - OpenCL accelerated (more info)

Features that won't work without a GPU: If your graphics processor is unsupported or its driver is defective, the following Photoshop features won't work —


3D
Birds Eye View (more info)
Flick Panning (more info)
Oil Paint (more info)
Perspective Warp (more info)
Render – Flame, Picture Frame, and Tree
Scrubby Zoom
Smooth Brush Resizing (more info)

If you encounter any issues working with the above features, see Graphics processor (GPU) troubleshooting.


  As of July 2024, Photoshop’s legacy 3D features have been removed. However, now in the Photoshop (beta) app you can seamlessly add 3D objects to your 2D Photoshop design using the Adobe Substance 3D Viewer (beta) app. Click here for more details.

On Windows, a GPU with DirectX 12 support and 1.5 GB of GPU memory

On macOS, a GPU wi"
"https://helpx.adobe.com/photoshop/using/quick-actions/remove-background.html","OK","Creativity & Design
Photoshop
Features
Learn & Support
Remove background in your images
Last updated on Mar 4, 2025

Remove the background from an image with just a few clicks using Photoshop.


Try it in the app
Follow along with a sample file to learn how to remove the background in a few simple steps.

Open Photoshop

Remove background with Quick Actions in Photoshop

Open your image in Photoshop and follow the quick steps below to get the desired result:

You can access the Discover Panel in Photoshop using the search icon at the upper right of the app workspace. Alternatively, you can use the Cmd/Ctrl + F keyboard shortcut or choose Help > Photoshop Help from the menu bar.

In the Discover panel, navigate to the Browse > Quick Actions and select Remove background. 


Click the Apply button to remove the background from your photo and have them ready to use in your composites.


(Optional) To try on a different layer, select the one you want from the Layers panel and click Refresh to resume.


Click the Revert button to undo the applied changes. To find more quick actions that you can apply to your image, click Browse more quick actions.

Note: 

You can also find Quick Actions under the layer Properties panel and select the Remove Background button.


Have a question or an idea?

If you have a question to ask or an idea to share, come and participate in the Adobe Photoshop community. We'd love to hear from you!


More like this
Erase parts of an image
Photoshop Community | Quick Tips: Remove a background quickly
Tutorial | How to create a new background 
Tutorial | Replace a dull background with a fresh new look

Get help faster and easier
Sign in

New user?

Create an account ›

Legal Notices    |    Online Privacy Policy

Edit photos anywhere with Photoshop on the web
Use text prompts to generate amazing images and more, all available with your Photoshop membership.

Open the app
Share this page
   

Was this page helpful?

Yes, thanks
Not really
ADOBE PHOTOSHOP
< Visit Adobe Help Center
Learn & Support
Get Started
User Guide
Tutorials
Ask the Community 

Post questions and get answers from experts.

Ask now
Contact Us 

Expert support for your issues.

Start now
^ Back to top
Shop for
Creative Cloud
Photoshop
Adobe Express
Photography
Premiere Pro
Adobe Stock
Elements Family
Document Cloud
Acrobat
Acrobat Sign
Special offers
View plans and pricing
View all products
For business
Creative Cloud for business
Creative Cloud for enterprise
Acrobat for business
For education
Discounts for students and teachers
Schools and universities
Digital Learning Solutions
For nonprofits
Nonprofit overview
For mobile
Apps for iOS
Apps for Android
Experience Cloud
What is Experience Cloud?
Analytics
Experience Manager
Commerce
Marketo Engage
Workfront
Terms of Use
Support
Download and install
Help Center
Adobe Community
Enterprise Support
Genuine software
Resources
Adobe Blog
Adobe Developer
Adobe Account
Log in to your account
Adobe
About
AI Overview
Careers
Newsroom
Corporate responsibility
Investor Relations
Supply chain
Trust Center
Events
Adobe for All
Integrity

Featured products   

Adobe Acrobat Reader
Adobe Express
Photoshop
Illustrator
Change region
Copyright © 2025 Adobe. All rights reserved.
Privacy
Terms of Use
Cookie preferences
Do not sell or share my personal information
AdChoices"
"https://helpx.adobe.com/reader/using/fill-and-sign.html","OK","PDF & E-signatures
Adobe Acrobat
Features
Compare plans
Resources
Learn & Support
Fill and sign PDF forms
Last updated on May 17, 2023

Before you begin

We're rolling out a new, more intuitive product experience. If the screen shown here doesn’t match your product interface, select help for your current experience.


In the new experience, the tools appear on the left side of the screen.

Overview

You can easily fill, sign, and share your documents using Acrobat's Fill & Sign tool. The topics below provide information about:

The types of PDF forms
How to fill and sign PDF forms
How to share your completed forms

Try it in yourself
Fill and sign your documents in a few simple steps.


Open Acrobat
Types of PDF forms
Interactive forms: These contain fields that you can select and fill in. See how to Fill in interactive forms.
Flat forms: These do not have interactive fields. It could be a paper form or PDF that hasn’t been optimized for form filling. The Fill & Sign tool automatically detects the form fields like text fields, comb fields, checkboxes, and radio buttons. You can manually add text and other symbols anywhere on the form using the Fill & Sign tool if required.

You can complete the forms by entering information and adding your signatures. Acrobat also allows you to send your completed forms to others and securely save them in Adobe cloud storage.

Fill and sign PDF forms

To complete and sign PDF forms, open the form in Acrobat and then select E-Sign from the global bar. Alternatively, you can select All tools > Fill & Sign.

It displays the Fill & Sign tools in the left pane. You can now fill in the form fields and sign the form using the sign tools described in the following topics.


TO FILL TEXT FIELDS:

From the left panel, select Fill in form fields , and then select the field where you want to add text.
It displays a text field along with a toolbar.

Select the text field again and enter your text.

To reposition the text box to align it with the text field, select the textbox and hover over it. Once you see a plus icon with arrows, move the textbox to the desired position.

To edit the text, select the text box. Once you see the cursor and keypad, edit the text and then click elsewhere to enter.

To change the text size, select A or A as required.

Note: 

Resize the first annotation you place to fit the check box or radio button in the document, and the next annotations you add will be of the same size and will fit the rest of the box/circle fields.

To change the text color, select the color from the quick toolbar and select a desired color from the color palette.

The default color for signatures is black. To change the color of signatures, you must deselect the Keep signatures black checkbox. 


To change the text style from normal to combed, from the textbox menu, select ellipsis ( )> Character spacing.


It changes the text style from normal to combed. To increase or decrease the spacing, you can select the blue arrow icon and then drag it as desired.


Note: Combed Text is a text style where each letter of the text is equally spaced out with the help of a sequence of boxes. 


Once done, select the next field space and then enter your text in the text box. Use the formatting options as desired.

Repeat the step to fill all the required fields in the form.

TO FILL RADIO OPTION FIELDS:

Hover over the field with the radio option.

It automatically displays the default checkmark or the selected radio field symbol.

Select the radio option field to enter the symbol.

To change the symbol, select the field again, and then from the menu, ellipsis ( ) and then select another symbol.

It marks the field with the selected symbol.

TO ADD SIGNATURE AND INITIALS:

Create your signature and initials if not already done. To do so:

From the Quick action toolbar, select Add your signature or initials  
To add a signature, select Add signature. In the dialog that appears, type or draw your signature and then select Done.
To add your initials, select Add initials. In the dialog that appears, type or draw your initials and then select Done.
 

Note: You may also add an image as your signature or initials. To add an existing image, tap the image icon from the top menu. To take a new picture to be added as your signature, tap the camera icon and follow through with the workflow.


To add a signature:

From the Quick actions toolbar, select Add your signature or initials . Select Add Signature. 
Your signature appears in the field.
Note: Once you add a signature or initial to a form and save it, you cannot edit it again.
To adjust the placement of your signature, hover over the signature till you see a plus icon, and then click and move the signature as desired. 
To adjust the size of your signature, hover over the blue circle at the corner and then hold and drag it as desired.

Caution: 

Once you add a signature or an initial to a form and save it, you cannot edit it again.


To add your initials"
"https://helpx.adobe.com/reader/using/sign-pdfs.html","OK","PDF & E-signatures
Adobe Acrobat
Features
Compare plans
Resources
Learn & Support
Sign PDFs
Last updated on May 17, 2023
Current Acrobat
New Acrobat

Before you begin

We're rolling out a new, more intuitive product experience. If the screen shown here doesn’t match your product interface, select help for the new experience.


In the current experience, the tools appear on the right side of the screen.

Get help faster and easier
Sign in

New user?

Create an account ›

Legal Notices    |    Online Privacy Policy

Share this page
   

Was this page helpful?

Yes, thanks
Not really
ACROBAT READER
< Visit Adobe Help Center
Learn & Support
Get Started
User Guide
Ask the Community 

Post questions and get answers from experts.

Ask now
Contact Us 

Expert support for your issues.

Start now
^ Back to top
Shop for
Creative Cloud
Photoshop
Adobe Express
Photography
Premiere Pro
Adobe Stock
Elements Family
Document Cloud
Acrobat
Acrobat Sign
Special offers
View plans and pricing
View all products
For business
Creative Cloud for business
Creative Cloud for enterprise
Acrobat for business
For education
Discounts for students and teachers
Schools and universities
Digital Learning Solutions
For nonprofits
Nonprofit overview
For mobile
Apps for iOS
Apps for Android
Experience Cloud
What is Experience Cloud?
Analytics
Experience Manager
Commerce
Marketo Engage
Workfront
Terms of Use
Support
Download and install
Help Center
Adobe Community
Enterprise Support
Genuine software
Resources
Adobe Blog
Adobe Developer
Adobe Account
Log in to your account
Adobe
About
AI Overview
Careers
Newsroom
Corporate responsibility
Investor Relations
Supply chain
Trust Center
Events
Adobe for All
Integrity

Featured products   

Adobe Acrobat Reader
Adobe Express
Photoshop
Illustrator
Change region
Copyright © 2025 Adobe. All rights reserved.
Privacy
Terms of Use
Cookie preferences
Do not sell or share my personal information
AdChoices"
"https://helpx.adobe.com/sign/authoring/fields/e-signature.html","OK","PDF & E-signatures
Acrobat for business
Products
Solutions
Resources
For admins
Contact Sales
Free trial
Buy now

800-915-9459

E-signature fields
Last updated on Mar 12, 2025

Adobe Acrobat Sign

Open on web 

 

Adobe Acrobat Sign Guide

What's New

Pre-Release Notes
Release Notes
Important Notifications

Get Started

Quick start guide for administrators
Quick start guide for users
Video tutorial library
FAQ

Administer

Admin Console Overview
User Management
Account/Group Settings
Guidance for regulatory requirements
Claim your domain 
Report Abuse links
System Requirements and Limitations

Send, Sign, and Manage Agreements

Recipient Options
Send Agreements  
Authoring fields into documents
In-app authoring environment
Create forms with text tags
Create forms using Acrobat (AcroForms)
Fields
Field types
Common field types
E-signature fields
Checkbox
Radio button
Image
Stamp
Field content appearance
Field validations
Masked fields values
Setting show/hide conditions
Calculated fields 
Authoring FAQ
Sign Agreements
Manage Agreements
Audit Report
Reporting and Data exports

Advanced Agreement Capabilities and Workflows

Webforms 
Reusable Templates
Transfer ownership of web forms and library templates
Power Automate Workflows 
Custom Send workflows
Share users and agreements

Integrate with other products

Acrobat Sign for Salesforce
Acrobat Sign for Microsoft
Other Integrations
Partner managed integrations
How to obtain an integration key

Acrobat Sign Developer

REST APIs 
Webhooks 
Sandbox

Support and Troubleshooting

Customer Support Resources 
Enterprise Customer Success Resources 
Add a signature field to your agreements in one of three styles.

In Acrobat Sign, the e-signature field is mandatory for recipients assigned the roles of Signer, Acceptor, Approver, or Electronic Seal. Each recipient with a role that requires a signature must have at least one required, unconditional signature field in the agreement. If a required signature field is missing, Acrobat Sign automatically places a signature block at the end of the document to ensure compliance.

The e-signature field captures the recipient’s official signature along with a time and date stamp in one of three signature types:

E-signature - A single field that captures the recipient's signature through one of several methods (Typed, Drawn, Image) as an electronic signature.
E-signature block (with email) - A multi-field signature object that contains at least an E-Signature field and the Recipient email field. If the sending group requires either the recipient Title or Company, those fields will be present in the signature block also.
Digital Signature - A single field that captures the recipient's signature through one of two methods (Downloaded with Acrobat and Cloud Signatures) as a digital signature. If digital signatures are not enabled for the sending group, the option will not be available in the Signature type menu.
Availability:

Acrobat Standard and Acrobat Pro: Supported
Acrobat Sign Solutions: Supported
Acrobat Sign for Government: Supported
Note: 

The Stamp field can be used as a signature field, but it's not a style element of the E-signature field. It's a discrete field type that must be enabled through separate controls.

LEFT-CLICK FIELD MENU

Left-clicking (or CMD-clicking) a field opens a submenu that provides quick access to common customization options. This submenu offers a streamlined alternative to the entire field customization menu, making it especially attractive to experienced form builders.

Key features include changing the Signature type from the available options enabled by the sending group and a checkbox that lets you set the field as required or optional. These options allow users to tailor fields to meet their needs while building forms efficiently.

SETTINGS IMPACTING THE FIELD:
Digital Signatures > Signers may apply digital signatures through—At least one method of Digital Signature must be enabled, or you won't have the option to change the Signature Type to Digital Signature.

Require signers to provide their job title when e-signing—When enabled, a Title field must be placed for each recipient who must sign the agreement. If the field isn't present, a Signature block will be added to the bottom of the agreement.
Require signers to provide their company name when e-signing - When enabled, a Company field must be placed for each recipient who must sign the agreement. If the field isn't present, a Signature block will be added to the bottom of the agreement.

Customizing the field properties:

Double-clicking the field opens the full customization menu in the context panel.

E-signature fields have four sections that can be configured:

Field Assigned to

When added to an agreement, each field must be assigned to a specific participant (Prefill, participant1, participant2) or condition (Any recipient, All recipients). Field assignment determines who can interact with the field, ensuring that only the desi"
"https://helpx.adobe.com/sign/config/digital-signatures/overview.html","OK","PDF & E-signatures
Acrobat for business
Products
Solutions
Resources
For admins
Contact Sales
Free trial
Buy now

800-915-9459

Overview of Digital Signatures in Adobe Acrobat Sign
Last updated on Sep 1, 2024

Adobe Acrobat Sign

Open on web 

 

Adobe Acrobat Sign Guide

What's New

Pre-Release Notes
Release Notes
Important Notifications

Get Started

Quick start guide for administrators
Quick start guide for users
Video tutorial library
FAQ

Administer

Admin Console Overview
User Management
Account/Group Settings
Settings Overview
Global Settings
Account Setup
Signature Preferences
Digital Signatures
Overview
Download and sign with Acrobat
Sign with Cloud Signatures
Include metadata for Identity Providers
Restricted Cloud Signatures Providers
Electronic Seals
Digital Identity
Security Settings
Send Settings
Bio-Pharma Settings
Notarization Settings
Payments Integration
SAML Settings
Data Governance
Time Stamp Settings
External Archive
Account Languages
Email Settings
Migrating from echosign.com to adobesign.com
Configure Options for Recipients
Guidance for regulatory requirements
Claim your domain 
Report Abuse links
System Requirements and Limitations

Send, Sign, and Manage Agreements

Recipient Options
Send Agreements  
Authoring fields into documents
Sign Agreements
Manage Agreements
Audit Report
Reporting and Data exports

Advanced Agreement Capabilities and Workflows

Webforms 
Reusable Templates
Transfer ownership of web forms and library templates
Power Automate Workflows 
Custom Send workflows
Share users and agreements

Integrate with other products

Acrobat Sign for Salesforce
Acrobat Sign for Microsoft
Other Integrations
Partner managed integrations
How to obtain an integration key

Acrobat Sign Developer

REST APIs 
Webhooks 
Sandbox

Support and Troubleshooting

Customer Support Resources 
Enterprise Customer Success Resources 
Overview of Digital Signatures in Adobe Acrobat Sign

Digital Signatures are a type of Electronic Signature that uses a certificate-based Digital ID obtained from a cloud-based trust service provider or the signer's local system.

A digital signature identifies the person signing a document like a conventional handwritten signature. Unlike a handwritten signature, a certificate-based signature is difficult to forge because it contains encrypted information unique to the signer. It can be easily verified and informs recipients whether the document was modified after the signer initially signed it.

Adobe Acrobat Sign supports digital signatures by simply placing the Digital Signature field on a form (either via Text Tags, drag and drop in the Acrobat Sign Authoring environment, or authoring in Adobe Acrobat with Acroforms).

Availability:

Digital signatures are available for Acrobat Standard, Acrobat Pro, and Acrobat Sign Solutions license plans.

Configuration scope:

Digital signatures can be enabled at the account and group levels.

Digital signatures can be applied in two ways through the Acrobat Sign service:

Download and apply an Acrobat self-signed certificate.
Use a cloud-based digital signature provided by one of the supported signature services.

DIGITAL SIGNATURE TIME STAMPS

When applying digital signatures, time stamps are a critical component of both the US and EU signature compliance standards. 

The time stamp acts as a locking mechanism for both the signer’s identity and the document itself. Identity can be established in several ways (certificate, logon, ID card, etc.), but the time stamp has to be provided by a trusted and authorized time-stamping authority (TSA). 

The time stamp guarantees the Long-Term Validity (LTV) of the signed agreement by locking the signature as well as the document, essentially providing a lock for the lock. This is critical for digital signature compliance because personal signing certificates can expire, while the time stamp LTV can be renewed over time without changing the validity of the signature. The LTV time stamp assures the certificate was valid when applied and extends the validity of the signed agreement beyond the time scope of the signer’s actual certificate.

Note: 

The Time Stamp evidence is displayed in the digital signature appearance using the ISO 8601 notation.



QUALIFIED TIMESTAMP FOR E-IDAS COMPLIANCE IN THE EUROPEAN UNION

All accounts on the Acrobat Sign EU1 instance in Europe have e-IDAS-compliant Qualified Timestamps applied by default. (Know what instance you are on)

How it's used
Senders - Add a digital signature to an agreement ad hoc
FOR SENDERS

From the sender's perspective, all that is required is for a Digital Signature field to be placed on the document that is being sent for signature.

Note: 

Digital Signatures occupy a bigger footprint on the page due to the additional content in the signature. Keep this in mind when designing your document signature fields.

Authors - Add digital signature fields to your templates.
Recipients - How your signers apply a digital signature.

.

Con"
"https://helpx.adobe.com/sign/how-to/use-fill-and-sign.html","OK","PDF & E-signatures
Acrobat for business
Products
Solutions
Resources
For admins
Contact Sales
Free trial
Buy now

800-915-9459

Sign in
Adobe Sign

4 Tutorials

Set up routing for signing order
Manage and track agreements sent for signature
2 min
Send documents for signature with Adobe Acrobat Sign
Delegate someone else to sign a document
2.5 min

Fill and sign a document yourself

Learn how to fill in forms and add your signature to documents you need to sign yourself.

 

 

WHAT YOU'LL NEED

Get files
Sample file to practice with (PDF, 231 KB)
Click the Fill & Sign link

Open a form to fill in or sign

Download the Global Corp Supplier Agreement.pdf practice file and open it in Adobe Acrobat Sign, or open your own fillable form. You can also add other documents, but in this tutorial, you will work with just one document. You can open a file in two ways:

Click Add Files and then navigate to the desired file in your Acrobat Sign library, on your computer, or in cloud storage.
Drag and drop the desired file.

Click Next
Fill in the form

Using the text tool, click anywhere in the document where you want to add text and start typing. You can also use the X, checkmark, and dot tools to add symbols as needed.    

Add your signature

To sign PDF documents or other agreements, follow these steps:

1. Click the Sign icon in the top toolbar.

2. Click Add Signature in the sub menu.

3. Choose one of the four options Acrobat Sign provides for adding an e-signature:

Type your name
Draw your own signature using your mouse or finger on a touchscreen
Select Image to upload a picture of your own signature
Select Mobile to capture your signature on your mobile device

4. Click Apply.

5. Move your mouse to the correct location and click once to place your signature.

6. Click Done. At this point you have completed filling and signing the form.    

Take next steps

If desired, you can take four optional next steps:

Send a Copy of the document to someone else
Download a Copy of the form you just completed
Manage This Agreement to access all management options in the Manage tab
Sign Another Agreement to repeat the Fill and Sign process with another document

Learn more about filling and signing PDF documents and other documents yourself. You can also get others to sign PDF documents and other documents using Adobe Fill & Sign. Adobe offers additional products to fill PDF files and sign PDF forms, including Adobe Acrobat, Adobe Acrobat Reader, the Acrobat Reader mobile app, and the Acrobat Sign app for Android and iOS.

Get help faster and easier
Sign in

New user?

Create an account ›

Adobe MAX

The Creativity Conference

Oct 28–30 Los Angeles and online

Register now
Share this page
   

Was this page helpful?

Yes, thanks
Not really
View all Sign tutorials
ADOBE ACROBAT SIGN
< Visit Adobe Help Center
Learn & Support
Get Started
User Guide
Tutorials
Ask the Community 

Post questions and get answers from experts.

Ask now
Contact Us 

Expert support for your issues.

Start now
^ Back to top
Shop for
Creative Cloud
Photoshop
Adobe Express
Photography
Premiere Pro
Adobe Stock
Elements Family
Document Cloud
Acrobat
Acrobat Sign
Special offers
View plans and pricing
View all products
For business
Creative Cloud for business
Creative Cloud for enterprise
Acrobat for business
For education
Discounts for students and teachers
Schools and universities
Digital Learning Solutions
For nonprofits
Nonprofit overview
For mobile
Apps for iOS
Apps for Android
Experience Cloud
What is Experience Cloud?
Analytics
Experience Manager
Commerce
Marketo Engage
Workfront
Terms of Use
Support
Download and install
Help Center
Adobe Community
Enterprise Support
Genuine software
Resources
Adobe Blog
Adobe Developer
Adobe Account
Log in to your account
Adobe
About
AI Overview
Careers
Newsroom
Corporate responsibility
Investor Relations
Supply chain
Trust Center
Events
Adobe for All
Integrity

Featured products   

Adobe Acrobat Reader
Adobe Express
Photoshop
Illustrator
Change region
Copyright © 2025 Adobe. All rights reserved.
Privacy
Terms of Use
Cookie preferences
Do not sell or share my personal information
AdChoices
Make It Your Own
Adobe and its vendors use cookies and similar technologies to improve your experience and measure your interactions with our websites, products, and services. We also use them to provide you more relevant information in searches, and in ads on this and other sites. If that’s okay, click “Enable all.” To limit sharing and view our vendors, click “Customize.” You can change your options at any time.
Customize
Enable all"
"https://helpx.adobe.com/sign/using/create-electronic-signature.html","OK","PDF & E-signatures
Acrobat for business
Products
Solutions
Resources
For admins
Contact Sales
Free trial
Buy now

800-915-9459

Set up and manage your signature
Last updated on Mar 9, 2025
Create your personal signature for use whenever you need to sign a document.

Adobe Acrobat Sign offers multiple ways to customize how your signature appears when applied to a document:

Default Text Font – No setup is required if you prefer the standard Acrobat Sign signature font.
Draw Your Signature – Use a mouse or stylus to create a handwritten signature.
Upload an Image – Import a signature file in .bmp, .png, .gif, or .jpg format.

These options allow you to personalize your signature for a more professional and recognizable appearance.

Creating a New Signature

All users can customize their signature appearance when signing documents in Acrobat Sign.

ACCESSING THE SIGNATURE SETUP INTERFACE

The steps to define your signature vary based on the service tier and environment you use to access Acrobat Sign.

Please select your service tier below to view the relevant instructions:

Acrobat Standard and Acrobat Pro
Acrobat Sign Services and Acrobat Sign for Government

To create your new signature, mouse over your personal icon in the upper-right corner of the window.

Select the Profile Settings option.

Under the Personal Preferences menu, select My Signature.

Select the Create button to open the signature panel to capture your signature.

Entering Your Signature

When the signature panel appears, you can choose from two options to enter your signature:

Draw – Use a finger or stylus to draw your signature in the designated space.

Select the Mobile option if using a non-touch-enabled device (such as a desktop).
Enter a phone number to receive a link. This link allows you to draw your signature on a touch-enabled device and import it into your profile.

Image – Upload an image of your signature from your local system. You’ll be prompted to select a file to use as your signature.

Note: 

When using an image-based signature, the blue line and the typed name/date stamp that typically appear with an applied signature will not be included.

When you have a signature you like, click Apply

Note: 

An Image signature will have the size adjusted to fit the signature field size on each document.

Minimal recommended size: 60 pixels tall and up to 600 pixels wide.
Supported formats: PNG, JPG, GIF, BMP.

Follow the same process to save your initials.


Replace your signature


Mouse over your name in the upper-right corner of the window.

Select the My Signature option.

Select Clear to delete the existing signature file.


Create your new signature per the above process.

Get help faster and easier
Sign in

New user?

Create an account ›

Legal Notices    |    Online Privacy Policy

Share this page
   

Was this page helpful?

Yes, thanks
Not really
Ask the Community 

Post questions and get answers from experts.

Ask now
Contact Us 

Expert support for your issues.

Start now
^ Back to top
Shop for
Creative Cloud
Photoshop
Adobe Express
Photography
Premiere Pro
Adobe Stock
Elements Family
Document Cloud
Acrobat
Acrobat Sign
Special offers
View plans and pricing
View all products
For business
Creative Cloud for business
Creative Cloud for enterprise
Acrobat for business
For education
Discounts for students and teachers
Schools and universities
Digital Learning Solutions
For nonprofits
Nonprofit overview
For mobile
Apps for iOS
Apps for Android
Experience Cloud
What is Experience Cloud?
Analytics
Experience Manager
Commerce
Marketo Engage
Workfront
Terms of Use
Support
Download and install
Help Center
Adobe Community
Enterprise Support
Genuine software
Resources
Adobe Blog
Adobe Developer
Adobe Account
Log in to your account
Adobe
About
AI Overview
Careers
Newsroom
Corporate responsibility
Investor Relations
Supply chain
Trust Center
Events
Adobe for All
Integrity

Featured products   

Adobe Acrobat Reader
Adobe Express
Photoshop
Illustrator
Change region
Copyright © 2025 Adobe. All rights reserved.
Privacy
Terms of Use
Cookie preferences
Do not sell or share my personal information
AdChoices"
"https://helpx.adobe.com/sign/using/field-types.html","OK","PDF & E-signatures
Acrobat for business
Products
Solutions
Resources
For admins
Contact Sales
Free trial
Buy now

800-915-9459

Field types
Last updated on Feb 29, 2024

Adobe Acrobat Sign

Open on web 

 

Adobe Acrobat Sign Guide

What's New

Pre-Release Notes
Release Notes
Important Notifications

Get Started

Quick start guide for administrators
Quick start guide for users
Video tutorial library
FAQ

Administer

Admin Console Overview
User Management
Account/Group Settings
Guidance for regulatory requirements
Claim your domain 
Report Abuse links
System Requirements and Limitations

Send, Sign, and Manage Agreements

Recipient Options
Send Agreements  
Authoring fields into documents
In-app authoring environment
Create forms with text tags
Create forms using Acrobat (AcroForms)
Fields
Field types
Common field types
E-signature fields
Checkbox
Radio button
Image
Stamp
Field content appearance
Field validations
Masked fields values
Setting show/hide conditions
Calculated fields 
Authoring FAQ
Sign Agreements
Manage Agreements
Audit Report
Reporting and Data exports

Advanced Agreement Capabilities and Workflows

Webforms 
Reusable Templates
Transfer ownership of web forms and library templates
Power Automate Workflows 
Custom Send workflows
Share users and agreements

Integrate with other products

Acrobat Sign for Salesforce
Acrobat Sign for Microsoft
Other Integrations
Partner managed integrations
How to obtain an integration key

Acrobat Sign Developer

REST APIs 
Webhooks 
Sandbox

Support and Troubleshooting

Customer Support Resources 
Enterprise Customer Success Resources 
Overview of authored fields

Authoring a document allows the placement of fields to collect recipient data. This data can range from the ubiquitous signature and initial fields to more exotic options like calculated values, hyperlinks to external web pages, and external file attachments.

This article provides a brief summary of each field family and the included unique fields in that family. A link to a more detailed article is available for  


Common vs. Advanced form fields


Where all accounts have access to the common field types, higher tiers of service have access to an additional set of advanced form fields and functionality:

The common fields available to all accounts
The advanced form fields and functionality (available to enabled accounts)

Field-level field type selection


Within the properties of most field types, there s a drop down value that allows you to change the type of field to another field type.


This will significantly speed up form creation when used in conjunction with Automatic Field Detection.


Signature fields


Signature and Initials
Signature block
Stamp
Signer info fields

Signer info fields are used to collect specific information stored in Acrobat Sign. Registered users have this information under their profile.

Usually, these fields are automatically populated with the information on record for the assigned user.

Title and Company
Signer name, e-mail, and date
Data fields

Data fields are used to collect additional information from the recipient. It also includes objects the recipient can use to make selections or choose options.

Text field
Drop down
Checkboxes and radio buttons
Images
More fields

File attachment
Hyperlink
Transaction Fields

Participation Stamp
Transaction Number
More like this
How to Insert Signatures into Word

Get help faster and easier
Sign in

New user?

Create an account ›

Legal Notices    |    Online Privacy Policy

Streamline your work with Acrobat Sign
Manage and sign documents online quickly and easily.

Open the app
Share this page
   

Was this page helpful?

Yes, thanks
Not really
ADOBE ACROBAT SIGN
< Visit Adobe Help Center
Learn & Support
Get Started
User Guide
Tutorials
Ask the Community 

Post questions and get answers from experts.

Ask now
Contact Us 

Expert support for your issues.

Start now
^ Back to top
Shop for
Creative Cloud
Photoshop
Adobe Express
Photography
Premiere Pro
Adobe Stock
Elements Family
Document Cloud
Acrobat
Acrobat Sign
Special offers
View plans and pricing
View all products
For business
Creative Cloud for business
Creative Cloud for enterprise
Acrobat for business
For education
Discounts for students and teachers
Schools and universities
Digital Learning Solutions
For nonprofits
Nonprofit overview
For mobile
Apps for iOS
Apps for Android
Experience Cloud
What is Experience Cloud?
Analytics
Experience Manager
Commerce
Marketo Engage
Workfront
Terms of Use
Support
Download and install
Help Center
Adobe Community
Enterprise Support
Genuine software
Resources
Adobe Blog
Adobe Developer
Adobe Account
Log in to your account
Adobe
About
AI Overview
Careers
Newsroom
Corporate responsibility
Investor Relations
Supply chain
Trust Center
Events
Adobe for All
Integrity

Featured products   

Adobe Acrobat Reader
Adobe Express
Photoshop
Illustrator
Change region
Copyright © 2025 Adobe. All rights reserved.
Privacy
Terms of Use
Cookie pref"
"https://helpx.adobe.com/sign/using/user-profile/my-signature.html","OK","PDF & E-signatures
Acrobat for business
Products
Solutions
Resources
For admins
Contact Sales
Free trial
Buy now

800-915-9459

Create and edit your Acrobat Sign signature
Last updated on Mar 9, 2025
Create your personal signature for use whenever you need to sign a document.

Adobe Acrobat Sign offers multiple ways to customize how your signature appears when applied to a document:

Default Text Font – No setup is required if you prefer the standard Acrobat Sign signature font.
Draw Your Signature – Use a mouse or stylus to create a handwritten signature.
Upload an Image – Import a signature file in .bmp, .png, .gif, or .jpg format.

These options allow you to personalize your signature for a more professional and recognizable appearance.

Creating a New Signature

All users can customize their signature appearance when signing documents in Acrobat Sign.

ACCESSING THE SIGNATURE SETUP INTERFACE

The steps to define your signature vary based on the service tier and environment you use to access Acrobat Sign.

Please select your service tier below to view the relevant instructions:

Acrobat Standard and Acrobat Pro
Acrobat Sign Services and Acrobat Sign for Government

To create your new signature, mouse over your personal icon in the upper-right corner of the window.

Select the Profile Settings option.

Under the Personal Preferences menu, select My Signature.

Select the Create button to open the signature panel to capture your signature.

Entering Your Signature

When the signature panel appears, you can choose from two options to enter your signature:

Draw – Use a finger or stylus to draw your signature in the designated space.

Select the Mobile option if using a non-touch-enabled device (such as a desktop).
Enter a phone number to receive a link. This link allows you to draw your signature on a touch-enabled device and import it into your profile.

Image – Upload an image of your signature from your local system. You’ll be prompted to select a file to use as your signature.

Note: 

When using an image-based signature, the blue line and the typed name/date stamp that typically appear with an applied signature will not be included.

When you have a signature you like, click Apply

Note: 

An Image signature will have the size adjusted to fit the signature field size on each document.

Minimal recommended size: 60 pixels tall and up to 600 pixels wide.
Supported formats: PNG, JPG, GIF, BMP.

Follow the same process to save your initials.


Replace your signature


Mouse over your name in the upper-right corner of the window.

Select the My Signature option.

Select Clear to delete the existing signature file.


Create your new signature per the above process.

Get help faster and easier
Sign in

New user?

Create an account ›

Legal Notices    |    Online Privacy Policy

Streamline your work with Acrobat Sign
Manage and sign documents online quickly and easily.

Open the app
Share this page
   

Was this page helpful?

Yes, thanks
Not really
ADOBE ACROBAT SIGN
< Visit Adobe Help Center
Learn & Support
Get Started
User Guide
Tutorials
Ask the Community 

Post questions and get answers from experts.

Ask now
Contact Us 

Expert support for your issues.

Start now
^ Back to top
Shop for
Creative Cloud
Photoshop
Adobe Express
Photography
Premiere Pro
Adobe Stock
Elements Family
Document Cloud
Acrobat
Acrobat Sign
Special offers
View plans and pricing
View all products
For business
Creative Cloud for business
Creative Cloud for enterprise
Acrobat for business
For education
Discounts for students and teachers
Schools and universities
Digital Learning Solutions
For nonprofits
Nonprofit overview
For mobile
Apps for iOS
Apps for Android
Experience Cloud
What is Experience Cloud?
Analytics
Experience Manager
Commerce
Marketo Engage
Workfront
Terms of Use
Support
Download and install
Help Center
Adobe Community
Enterprise Support
Genuine software
Resources
Adobe Blog
Adobe Developer
Adobe Account
Log in to your account
Adobe
About
AI Overview
Careers
Newsroom
Corporate responsibility
Investor Relations
Supply chain
Trust Center
Events
Adobe for All
Integrity

Featured products   

Adobe Acrobat Reader
Adobe Express
Photoshop
Illustrator
Change region
Copyright © 2025 Adobe. All rights reserved.
Privacy
Terms of Use
Cookie preferences
Do not sell or share my personal information
AdChoices"
"https://helpx.adobe.com/support.html","OK","Creativity & Design
PDF & E-signatures
Marketing & Commerce
Learn & Support

Adobe Help & Support

Hi, how can we help?

Apps and services support

Photoshop

Illustrator

Premiere Pro

Adobe Express

Lightroom

Acrobat

Firefly

View All

Download and manage apps ›
Account and plan support

Account
   Change or reset your password
   Add two-step verification to your account
   Solve Adobe account sign-in issues
View more articles ›
Manage account ›

Plan
   Change your Adobe plan
   Upgrade your storage
   Cancel trial or subscription
View more articles ›
Manage plan ›

Payments
   Update your payment info
   View and download your invoice
   Fix common billing issues
View more articles ›
Manage payments ›
Enterprise and teams support

Enterprise admin support

Manage your organization's users, settings and licenses.

Teams admin support

Use the Adobe admin console to manage your teams.

What's new at Adobe


Improved font browser

Learn more ›

Refine Text to Vector Graphic output generation

Learn more ›

Generate images using Text to Image

Learn more ›

Add Blur and Bokeh effects using Lens Blur

Learn more ›
View all new features
More resources


Get the latest Adobe news

See the latest stories and announcements on Adobe's products, technology, brand values and innovation.

Learn more ›

Subscribe to Adobe Status


Get real time updates about products and services outage, disruption and maintenance events.

Learn more ›

Find pictures with Adobe Stock


A million free Adobe Stock images and more are part of your membership.

Go to Adobe Stock ›

Was this page helpful?

Yes, thanks
Not really
Explore more with Adobe

Learn

Learn with step-by-step video tutorials and hands-on guidance right in the app.

Community

Post queries and get answers from experts in the community.

Discover

Stay on top of creative trends with how-tos and giveaways.

Shop for
Creative Cloud
Photoshop
Adobe Express
Photography
Premiere Pro
Adobe Stock
Elements Family
Document Cloud
Acrobat
Acrobat Sign
Special offers
View plans and pricing
View all products
For business
Creative Cloud for business
Creative Cloud for enterprise
Acrobat for business
For education
Discounts for students and teachers
Schools and universities
Digital Learning Solutions
For nonprofits
Nonprofit overview
For mobile
Apps for iOS
Apps for Android
Experience Cloud
What is Experience Cloud?
Analytics
Experience Manager
Commerce
Marketo Engage
Workfront
Terms of Use
Support
Download and install
Help Center
Adobe Community
Enterprise Support
Genuine software
Resources
Adobe Blog
Adobe Developer
Adobe Account
Log in to your account
Adobe
About
AI Overview
Careers
Newsroom
Corporate responsibility
Investor Relations
Supply chain
Trust Center
Events
Adobe for All
Integrity

Featured products   

Adobe Acrobat Reader
Adobe Express
Photoshop
Illustrator
Change region
Copyright © 2025 Adobe. All rights reserved.
Privacy
Terms of Use
Cookie preferences
Do not sell or share my personal information
AdChoices"
"https://helpx.adobe.com/x-productkb/global/determine-whether-computer-running-32.html","OK","Creativity & Design
Adobe Creative Cloud
Explore
What's new
For Business
Compare plans
Learn & Support
Free trial
Buy now
Determine whether your computer is running a 32-bit or a 64-bit edition of Windows
Last updated on Apr 27, 2021

Follow these instructions to determine whether your computer is running a 32-bit or a 64-bit edition of Microsoft Windows.

Identify 32-bit and 64-bit editions of Windows 7 and Vista

If your computer uses Windows 7 or Vista, then do the following:

Choose Start > Control Panel.
Do one of the following:
If the Control Panel is in a category view, then click System And Maintenance. On the next screen, click System.
If the Control Panel is in Classic View, then double-click System.
Look for 32-bit Operating System or 64-bit Operating System next to System Type.
Identify 32-bit and 64-bit editions of Windows XP

If your computer uses Windows XP, then do the following:

Choose Start > Control Panel (or Start > Settings > Control Panel).
Do one of the following:
If the Control Panel is in a Category View, then click Performance And Maintenance. On the next screen, click See Basic Information About Your Computer.
If the Control Panel is in Classic View, then double-click System.
In the System Properties window, click the General tab.
If the text beneath System says Microsoft Windows XP Professional x64 Edition, then you are running a 64-bit edition of Windows XP. Otherwise, you are running a 32-bit edition.
Additional information

The System item in the Control Panel shows basic information about your computer, including the specific edition of Windows that is installed.

Get help faster and easier
Sign in

New user?

Create an account ›

Legal Notices    |    Online Privacy Policy

Share this page
   

Was this page helpful?

Yes, thanks
Not really
Ask the Community 

Post questions and get answers from experts.

Ask now
Contact Us 

Expert support for your issues.

Start now
^ Back to top
Shop for
Creative Cloud
Photoshop
Adobe Express
Photography
Premiere Pro
Adobe Stock
Elements Family
Document Cloud
Acrobat
Acrobat Sign
Special offers
View plans and pricing
View all products
For business
Creative Cloud for business
Creative Cloud for enterprise
Acrobat for business
For education
Discounts for students and teachers
Schools and universities
Digital Learning Solutions
For nonprofits
Nonprofit overview
For mobile
Apps for iOS
Apps for Android
Experience Cloud
What is Experience Cloud?
Analytics
Experience Manager
Commerce
Marketo Engage
Workfront
Terms of Use
Support
Download and install
Help Center
Adobe Community
Enterprise Support
Genuine software
Resources
Adobe Blog
Adobe Developer
Adobe Account
Log in to your account
Adobe
About
AI Overview
Careers
Newsroom
Corporate responsibility
Investor Relations
Supply chain
Trust Center
Events
Adobe for All
Integrity

Featured products   

Adobe Acrobat Reader
Adobe Express
Photoshop
Illustrator
Change region
Copyright © 2025 Adobe. All rights reserved.
Privacy
Terms of Use
Cookie preferences
Do not sell or share my personal information
AdChoices"
"https://iam.ac.in","error",""
"https://immunisationhandbook.health.gov.au/contents/vaccine-preventable-diseases/hepatitis-a","OK","Skip to main content
Skip to main navigation
Skip to main content
Sub menu
About the Handbook Contact us
Search
Home
Contents
Diseases
Vaccines
Catch-up vaccination
Resources
You are here
Home  Table of contents  Vaccine preventable diseases
Hepatitis A

Information about hepatitis A disease, vaccines and recommendations for vaccination from the Australian Immunisation Handbook.

Listen
Print
Share

Vaccination for certain groups of people is funded under the National Immunisation Program and by states and territories.

On this page:
On this page
Overview
Recommendations
Vaccines, dosage and administration
Contraindications and precautions
Adverse events
Nature of the disease
Clinical features
Epidemiology
Vaccine information
Transporting, storing and handling vaccines
Public health management
Variations from product information
References
Page history
Overview
What

Hepatitis A is an acute viral infection of the liver, which can cause mild to severe illness. The illness is usually self-limiting and needs no treatment. It is transmitted primarily by the faecal–oral route by ingesting contaminated food and water, or by direct contact with an infectious person. Hepatitis A is highly contagious.

Who

Hepatitis A vaccination is recommended for:

Aboriginal and Torres Strait Islander children living in the Northern Territory, Queensland, South Australia and Western Australia
people with medical risk factors, including chronic liver disease and developmental disabilities
people whose occupation increases their risk of acquiring hepatitis A, including
people who live or work in rural and remote Aboriginal and Torres Strait Islander communities in the Northern Territory, Queensland, South Australia and Western Australia
people who regularly provide care for Aboriginal and Torres Strait Islander children in the Northern Territory, Queensland, South Australia and Western Australia
early childhood educators and carers
carers of people with developmental disabilities
plumbers and sewage workers
people aged ≥1 year who travel to hepatitis A–endemic areas
people whose lifestyle increases their risk of acquiring hepatitis A, including
people who have anal intercourse (including men who have sex with men, and sex industry workers)
people who inject drugs
inmates of correctional facilities
How

Hepatitis A vaccination is recommended for Aboriginal and Torres Strait Islander children living in hepatitis A–endemic areas in a 2-dose schedule at 18 months and 4 years of age.

Hepatitis A vaccination is recommended for all other risk groups (medical, occupational, travel, lifestyle) in a 2-dose schedule, with a minimum interval of 6 months between doses.

Why

Hepatitis A virus survives well in the environment outside its human host. Hepatitis A occurs worldwide. In Australia, before the introduction of the NIP funded Hepatitis A vaccination program in children, it was particularly prevalent in Aboriginal and Torres Strait Islander communities. The prevalence of Hepatitis A disease has decreased significantly since the implementation of the Hepatitis A vaccination program.

Recommendations
Aboriginal and Torres Strait Islander people
Aboriginal and Torres Strait Islander children living in certain states and territories are recommended to receive hepatitis A vaccine
People with medical risk factors
People with chronic liver disease of any aetiology are recommended to receive hepatitis A vaccine
People with developmental disabilities are recommended to receive hepatitis A vaccine
People whose occupation increases their risk of acquiring hepatitis A
People who live or work in rural and remote Aboriginal and Torres Strait Islander communities in the Northern Territory, Queensland, South Australia and Western Australia are recommended to receive hepatitis A vaccine
People who regularly provide care for Aboriginal and Torres Strait Islander children in the Northern Territory, Queensland, South Australia and Western Australia are recommended to receive hepatitis A vaccine
Early childhood educators and carers are recommended to receive hepatitis A vaccine
Carers of people with developmental disabilities are recommended to receive hepatitis A vaccine
Plumbers and sewage workers are recommended to receive hepatitis A vaccine
Travellers
People aged ≥1 year who travel to moderately to highly endemic areas for hepatitis A are recommended to receive hepatitis A vaccine
People whose lifestyle increases their risk of acquiring hepatitis A
People who have anal intercourse (including men who have sex with men, and sex industry workers) are recommended to receive hepatitis A vaccine
People who inject drugs are recommended to receive hepatitis A vaccine
People who are inmates of correctional facilities are recommended to receive hepatitis A vaccine
Serological testing for hepatitis A immunity
Serological testing for hepatitis A immunity is not recommended before or after receiving hepatitis A-containing vaccine, with rare exceptions
Vaccines, dos"
"https://immunisationhandbook.health.gov.au/contents/vaccine-preventable-diseases/zoster-herpes-zoster","error",""
"https://info.authorisationmanager.gov.au/manage-authorisations","OK","Skip to main content

Login
External link
External link

Relationship Authorisation Manager
Main navigation
Home
Get started
Set up authorisations
Participating online services
Security
Help
Main navigation
Set up authorisations
Manage authorisations
Manage authorisations

If you’re a principal authority or authorisation administrator, Relationship Authorisation Manager (RAM) allows you to manage who can act on behalf of your business with government online services.

To assist in managing existing authorisations, you can:

apply filters such as ‘status’ or ‘authorisation type’ to refine your list of authorisations or when searching for particular authorisations
export the details of up to 1,000 users you’ve authorised into a spreadsheet format (CSV file) from RAM.

Alternatively, follow these steps in the sections below:

How to edit an authorisation
How to remove an authorisation
How to view or export the business History
How to export the authorisation details
How to renew a Basic authorisation
How to renew your business authorisation (primary person)
How to edit an authorisation

To edit an authorisation:

Log in to RAM
External link
External link
.
Select View or manage authorisations, machine credentials and cloud software notifications.
Select the relevant business associated with the user.
Select Edit next to the authorised user.
The edits you can make depend on the status of the authorisation:
Pending – You can edit the user’s name, email address, authorisation start date and end date, authorisation administrator or machine credential administrator status, and agency access.
Accepted (with a future start date) – You can edit the start date, end date, authorisation administrator status, machine credential administrator status and agency Access.
Access – You can manage access for each agency or service. If an agency supports service selection, a ‘Select services’ prompt is displayed next to the agency name. Otherwise, only agency checkboxes will be active. Select View services to expand the list of service checkboxes.
Active – You can edit the end date, authorisation administrator or machine credential administrator status and agency access.
Select Continue.
Accept the declaration and select Submit.
A confirmation message will appear, select Continue.

To change the authorisation of a Basic user to a Standard user, the authorisation needs to be removed first. Once removed, create a new authorisation for the representative.

Watch:

How to remove an authorisation

To remove an authorisation:

Log in to RAM
External link
External link
.
Select View or manage authorisations, machine credentials and cloud software notifications.
Select the relevant business associated with the user.
Select Remove against the authorised user.
Select Yes to confirm.

You can't reinstate an authorisation after it’s removed. If required, you’ll need to set up a new authorisation.

If required, the following users can remove their own authorisation:

Authorised user
Authorisation administrator
Basic user
Responsible authority
Government representative
Indirect associate.

The authorisation of principal authorities who linked online cannot be removed, the authorisation remains unless they’re removed as an eligible individual associate of the business in the ABR.

How to view or export the business History

History displays the authorisation and machine credential activities for a business.

This can include the:

date
credential name
action
actioned by
actioned by role
representative name
authorisation type
authorisation status
machine credential administrator
current business email address
start date
end date
agency access.

To export the business History:

Log in to RAM.
Select View or manage authorisations, machine credentials and cloud software notifications.
Select the relevant business you want to export the history for.
Select History to view the business history log.
Select the Authorisations or Machine credentials tab.
Select Export, then select Yes to export a report.

You can refine your search using the 'actioned date' or 'actioned by' filters. Additionally, the ‘Filter by access’ option allows you to choose between ‘access’, ‘partial access’, or ‘no access’.

How to export the authorisation details

The authorisation details displays a summary of all current and former authorisations for a business.

The exported authorisation details includes:

representative name
authorisation type
authorisation status
machine credential administrator
current business email address
start date
end date
agency access.

To export the authorisation details for the business:

Log in to RAM
External link
External link
.
Select View or manage authorisations, machine credentials and cloud software notifications.
Select the relevant business you want to export the details for.
Select Export, then select Yes to export a report.

You can export up to 1,000 records at once. If there are more than 1,000 records, you’ll need to export multipl"
"https://inspireculture.org/cultural-awareness/multicultural-society/forensic-genealogy-the-science-behind-tracing-your-ancestral-footsteps","error",""
"https://instance-347dfe.xen.prgmr.com/sajai","error",""
"https://investor.avinc.com/news-releases/news-release-details/aerovironment-announces-fiscal-2025-fourth-quarter-and-fiscal","OK","Skip to content
NASDAQ: AVAV $246.23 -0.02 (-0.01%) July 3, 2025 1:00 PM EDT
Investor Relations
INVESTORS
NEWS, EVENTS & PRESENTATIONS
CORPORATE GOVERNANCE
FINANCIAL INFORMATION
STOCK INFORMATION
CONTACT & FAQ
RELEASE DETAILS
AV Announces Fourth Quarter and Full Fiscal Year 2025 Earnings Call
btn >> Banner Menu
LEARN MORE
AeroVironment Announces Fiscal 2025 Fourth Quarter and Fiscal Year Results
June 24, 2025 at 4:05 PM EDT
PDF Version

ARLINGTON, Va.--(BUSINESS WIRE)--Jun. 24, 2025-- AeroVironment, Inc. (NASDAQ: AVAV) (“AeroVironment” or the “Company”) reported today financial results for the fiscal fourth quarter and year ended April 30, 2025.

Fourth Quarter and Fiscal Year Highlights:

Record fourth quarter revenue of $275.1 million and fiscal year revenue of $820.6, up 40% and 14% year-over-year, respectively
Fourth quarter and fiscal year net income of $16.7 million and $43.6 million, respectively and record fourth quarter and fiscal year non-GAAP adjusted EBITDA of $61.6 million and $146.4 million, respectively
Record fiscal year bookings of $1.2 billion

“AeroVironment finished out fiscal year 2025 with a remarkable fourth quarter, which included record revenue, significantly higher profits and a robust backlog nearly double that from fiscal year 2024,” said Wahid Nawabi, AeroVironment chairman, president and chief executive officer. “The investments we’ve consistently made in our multi-generational Uncrewed Systems and Loitering Munition Systems products coupled with our strong execution, continue to pay off, as evidenced by significantly higher demand and key strategic wins leading to a record $1.2 billion in total bookings throughout this fiscal year.”

Nawabi continued, “Our acquisition of BlueHalo further advances our leadership position within the defense-technology sector by adding a complementary portfolio of innovative products and capabilities aligned to our customers’ highest priorities. With integrated solutions across every domain of modern warfare, enhanced innovation and domestic manufacturing scale, we believe we are well positioned to meet the rising demand across the globe and drive strong growth and value creation in fiscal year 2026 and beyond.”

FISCAL 2025 FOURTH QUARTER RESULTS

Revenue for the fourth quarter of fiscal 2025 was $275.1 million, an increase of 40% as compared to $197.0 million for the fourth quarter of fiscal 2024, primarily due to higher product sales of $77.6 million. From a segment standpoint, the year-over-year increase was due to revenue increases in Loitering Munitions Systems (“LMS”), MacCready Works (“MW”) and Uncrewed Systems (“UxS”) of 87%, 24% and 9%, respectively.

Gross margin for the fourth quarter of fiscal 2025 was $100.3 million, an increase of 33% as compared to $75.6 million for the fourth quarter of fiscal 2024, reflecting higher product margin of $26.9 million, partially offset by lower service gross margin of $2.3 million. Gross margin in the fiscal 2025 fourth quarter was negatively impacted by an accelerated intangible amortization expense of $4.6 million, resulting from a decrease in forecasted results of the Uncrewed Ground Vehicle (“UGV”) business. As a percentage of revenue, gross margin fell to 36% from 38%, primarily due to the UGV accelerated intangible amortization expense.

Impairment of goodwill for the fourth quarter of fiscal 2025 was $18.4 million resulting from a decrease in forecasted results of the UGV business unit. As part of the annual goodwill impairment analysis, the carrying value of the UGV reporting unit was determined to be above its fair value and an impairment was recorded.

Income from operations for the fourth quarter of fiscal 2025 was $13.8 million as compared to $5.9 million for the fourth quarter of last fiscal year. The increase year-over-year was primarily due to an increase in gross margin of $24.7 million and a decrease in research and development (“R&D”) expense of $10.2 million, partially offset by the UGV goodwill impairment of $18.4 million and an increase in selling, general and administrative (“SG&A”) expense of $8.6 million, which includes an increase of $5.2 million of acquisition related expenses resulting from our acquisition of BlueHalo, which closed on May 1, 2025.

Other loss, net, for the fourth quarter of fiscal 2025 was $0.7 million, as compared to $1.5 million for the fourth quarter of last fiscal year.

Provision for income taxes for the fourth quarter of fiscal 2025 was $0.2 million, as compared to benefit from income taxes of $(1.8) million for the fourth quarter of last fiscal year.

Net income for the fourth quarter of fiscal 2025 was $16.7 million, or $0.59 per diluted share, as compared to $6.0 million, or $0.22 per diluted share, in the prior-year period, respectively. The fourth quarter of fiscal 2025 was negatively impacted by non-cash UGV goodwill impairment charges of $18.4 million, or $0.65 per diluted share.

Non-GAAP adjusted EBITDA for the fourth quarter of fiscal 2025 "
"https://investor.pacira.com/news-releases/news-release-details/pacira-biosciences-announces-new-product-specific-j-code-exparel","OK","Skip to content
Share your story
Sustainability
Partnerships
News
Medical Information
Company
Therapies
Innovation
Patients
Careers
Investors
Release details
Pacira BioSciences Announces New Product-Specific J-Code for EXPAREL Effective January 1, 2025
October 03, 2024
PDF Version

-- New J-code issued by the Centers for Medicare and Medicaid Services expected to standardize and streamline billing and reimbursement --


TAMPA, Fla., Oct. 03, 2024 (GLOBE NEWSWIRE) -- Pacira BioSciences, Inc. (NASDAQ: PCRX), the industry leader in the delivery of innovative, non-opioid pain therapies, today announced that the Centers for Medicare and Medicaid Services (CMS) has established a permanent product-specific Healthcare Common Procedure Coding System (HCPCS) J-code for EXPAREL® (bupivacaine liposome injectable suspension). The new J-code for EXPAREL, J0666, becomes effective January 1, 2025, and will supersede the current C-code (C9290), which has been in place since 2019.

In addition to the separate CMS reimbursement EXPAREL will receive in outpatient settings with the implementation of NOPAIN in January 2025, this new J-code will also provide reimbursement when EXPAREL is used in the office setting and for office-based surgeries.

J-codes are reimbursement codes used by commercial insurance plans, Medicare, Medicare Advantage, and other government payers for Medicare Part B drugs like EXPAREL. Claims submission and payment are standardized with a J-code, facilitating and streamlining billing and reimbursement. In addition, some commercial insurers require a J-code for payment.

“We are pleased that EXPAREL will have its own product-specific J-code beginning on January 1, 2025,” said Frank D. Lee, chief executive officer of Pacira. “In addition to streamlining the reimbursement billing and coding process at large, a J-code is also more likely to be recognized and covered by commercial payers—a growing portion of the EXPAREL patient population. This, combined with the impending reimbursement from NOPAIN, is particularly important toward increasing clinician access to EXPAREL across sites of care and payer types, offering them the enhanced ability to offer a best-in-class option for achieving long-lasting non-opioid pain control with an increased ability to transition procedures to outpatient settings.”

EXPAREL is indicated to produce postsurgical local analgesia via infiltration in patients aged 6 years and older and regional analgesia in adults via an interscalene brachial plexus nerve block, sciatic nerve block in the popliteal fossa, and an adductor canal block. Safety and efficacy have not been established in other nerve blocks. It has been used in over 15 million patients across the United States to date.

About Pacira BioSciences
Pacira BioSciences delivers innovative, non-opioid pain therapies to transform the lives of patients. Pacira has three commercial-stage non-opioid treatments: EXPAREL® (bupivacaine liposome injectable suspension), a long-acting local analgesic currently approved for infiltration, fascial plane block, and as an interscalene brachial plexus nerve block for postsurgical pain management; ZILRETTA® (triamcinolone acetonide extended-release injectable suspension), an extended-release, intra-articular injection indicated for the management of osteoarthritis knee pain; and ioveraº®, a novel, handheld device for delivering immediate, long-acting, drug-free pain control using precise, controlled doses of cold temperature to a targeted nerve. The company is also advancing the development of PCRX-201, a novel locally administered gene therapy with the potential to treat large prevalent diseases like osteoarthritis. To learn more about Pacira, visit www.pacira.com.

About EXPAREL®
EXPAREL (bupivacaine liposome injectable suspension) is indicated to produce postsurgical local analgesia via infiltration in patients aged 6 years and older, and postsurgical regional analgesia via an interscalene brachial plexus block in adults, a sciatic nerve block in the popliteal fossa in adults, and an adductor canal block in adults. The safety and effectiveness of EXPAREL have not been established to produce postsurgical regional analgesia via other nerve blocks besides an interscalene brachial plexus nerve block, a sciatic nerve block in the popliteal fossa, or an adductor canal block. The product combines bupivacaine with multivesicular liposomes, a proven product delivery technology that delivers medication over a desired time period. EXPAREL represents the first and only multivesicular liposome local anesthetic that can be utilized in the peri- or postsurgical setting. By utilizing the multivesicular liposome platform, a single dose of EXPAREL delivers bupivacaine over time, providing significant reductions in cumulative pain scores with up to a 78 percent decrease in opioid consumption; the clinical benefit of the opioid reduction was not demonstrated. Additional information is available at www.EXPAREL.com."
"https://ir.immunitybio.com/news-releases/news-release-details/immunitybio-announces-permanent-j-code-j9028-anktivar-now","OK","Skip to main navigation
Skip to Content
Overview Stock Information  SEC Filings Corporate Governance  Company  Contact Us ImmunityBio.com 
Press Release
ImmunityBio Announces Permanent J-code (J9028) for ANKTIVA® Is Now Effective
JANUARY 6, 2025
PDF Version

CULVER CITY, Calif.--(BUSINESS WIRE)--Jan. 6, 2025-- ImmunityBio, Inc. (NASDAQ: IBRX), a leading immunotherapy company, today announced the unique, permanent Healthcare Common Procedure Coding System (HCPCS) J-code assigned by the Centers for Medicare & Medicaid Services (CMS) for ANKTIVA® (nogapendekin alfa inbakicept-pmln) became effective January 1, 2025. The U.S. Food and Drug Administration (FDA) approved ANKTIVA with Bacillus Calmette-Guérin (BCG) for the treatment of adult patients with BCG-unresponsive non-muscle invasive bladder cancer (NMIBC) with carcinoma in situ (CIS), with or without papillary tumors.

Healthcare providers may now use the permanent J-code, J9028 (Injection, nogapendekin alfa inbakicept-pmln, for intravesical use, 1 microgram), when submitting claims for ANKTIVA. J-codes are unique identifiers used by U.S. government and commercial payers, as well as physicians and their office staff, to streamline the billing and reimbursement process for intravesically administered therapies and certain other treatments.

“The unique J-code for ANKTIVA is another milestone in our quest to deliver the next generation of immunotherapy beyond T cell activation and enables patients with bladder cancer to benefit from the power of natural killer (NK) cells,” said Dr. Patrick Soon-Shiong, Founder, Executive Chairman and Global Chief Scientific and Medical Officer of ImmunityBio.

“In approximately 30-40% of patients with NMIBC, standard therapy with BCG will fail, while in 50% of patients who initially respond to BCG, their cancer will come back,” said Richard Adcock, President and CEO of ImmunityBio. “This permanent J-code supports our efforts to increase patient access to ANKTIVA, which in our ongoing QUILT 3.032 study demonstrated a 71% complete response rate in patients with BCG-unresponsive NMIBC CIS, as of November 2024, with a duration of response of up to 54 months.”

Since its launch in May 2024, ANKTIVA has become widely accessible to patients through commercial and government insurance programs (VA, DoD, Medicare). ImmunityBio has secured coverage for over 200 million medical lives through medical reimbursement policies.

About ANKTIVA

The cytokine interleukin-15 (IL-15) plays a crucial role in the immune system by affecting the development, maintenance, and function of key immune cells—NK and CD8+ killer T cells—that are involved in killing cancer cells. By activating NK cells, ANKTIVA overcomes the tumor escape phase of clones resistant to T cells and restores memory T cell activity with resultant prolonged duration of complete response.

ANKTIVA is a first-in-class IL-15 agonist IgG1 fusion complex, consisting of an IL-15 mutant (IL-15N72D) fused with an IL-15 receptor alpha, which binds with high affinity to IL-15 receptors on NK, CD4+, and CD8+ T cells. This fusion complex of ANKTIVA mimics the natural biological properties of the membrane-bound IL-15 receptor alpha, delivering IL-15 by dendritic cells and drives the activation and proliferation of NK cells with the generation of memory killer T cells that have retained immune memory against these tumor clones. The proliferation of the trifecta of these immune killing cells and the activation of trained immune memory results in immunogenic cell death, inducing a state of equilibrium with durable complete responses. ANKTIVA has improved pharmacokinetic properties, longer persistence in lymphoid tissues, and enhanced anti-tumor activity compared to native, non-complexed IL-15 in-vivo.

About ImmunityBio

ImmunityBio is a vertically-integrated biotechnology company developing next-generation therapies and vaccines that bolster the natural immune system to defeat cancers and infectious diseases. The Company’s range of immunotherapy and cell therapy platforms, alone and together, act to drive and sustain an immune response with the goal of creating durable and safe protection against disease. Designated an FDA Breakthrough Therapy, ANKTIVA is the first FDA-approved immunotherapy for non-muscle invasive bladder cancer CIS that activates natural killer cells, T cells, and memory T cells for a long-duration response. The Company is applying its science and platforms to treating cancers, including the development of potential cancer vaccines, as well as developing immunotherapies and cell therapies that we believe sharply reduce or eliminate the need for standard high-dose chemotherapy. These platforms and their associated product candidates are designed to be more effective, accessible, and easily administered than current standards of care in oncology and infectious diseases. For more information, visit ImmunityBio.com and connect with us on X (Twitter), Facebook, LinkedIn, and Instag"
"https://ir.mccormick.com/news-releases/news-release-details/mccormick-reports-strong-second-quarter-performance-and","OK","Skip to content
 EN  
MKC $75.15
COMPANY
RESPONSIBILITY
FLAVOR
BRANDS
CAREERS
INVESTORS
NEWS CENTER
INVESTORS
Stock Information
Financial Information
News Releases
Leadership
Governance
Events
Presentations
Analyst Information
Investor Resources
FAQs
Email Alerts
JUNE 26, 2025 AT 6:30 AM EDT
McCORMICK REPORTS STRONG SECOND QUARTER PERFORMANCE AND REAFFIRMS 2025 OUTLOOK
PDF Version

HUNT VALLEY, Md., June 26, 2025 /PRNewswire/ -- McCormick & Company, Incorporated (NYSE:MKC), a global leader in flavor, today reported financial results for the second quarter ended May 31, 2025 and reaffirmed fiscal 2025 outlook.

Net Sales increased 1% in the second quarter, driven by volume growth, and included a 1% unfavorable impact from currency. Organic sales growth of 2% was driven by volume.


Operating income was $246 million in the second quarter compared to $234 million in the year-ago period. Adjusted operating income was $259 million compared to $236 million in the year-ago period.


Earnings per share was $0.65 in the second quarter as compared to $0.68 in the year-ago period. Adjusted earnings per share was $0.69 and comparable to the year-ago period.


For fiscal year 2025, McCormick reaffirmed its net sales, adjusted operating profit, and adjusted earnings per share outlook, which reflects plans to mitigate current tariff impact.

Chairman, President, and CEO's Remarks 

Brendan M. Foley, Chairman, President, and CEO, stated, ""We are pleased with our strong results for the first half of the year, as we are managing in a dynamic environment. Our continued volume-driven performance and share gains across core categories reflect the success of our prioritized investments in the areas that are driving the greatest value and will sustain our momentum for the remainder of 2025 and beyond. 

""As consumer preferences evolve, we continue to execute on our proven strategies that are in alignment with consumer trends, with speed and agility to capture demand for flavor and value across all occasions and channels. Additionally, for this fiscal year, we are well positioned with our robust plans to mitigate current tariff related costs, fuel growth investments, and expand operating margins.  We remain confident in the sustained trajectory of our business and in our ability to achieve our 2025 outlook as well as our long-term objectives, and to drive shareholder value.""

""Lastly, I want to extend my gratitude to McCormick employees around the globe; they continue to be the cornerstone of our success and achievements. I am constantly inspired and energized by their commitment and contributions. Importantly, we continue to prioritize elevating our power of people culture and building the next generation of leaders and capabilities to drive our continued success.""

Second Quarter 2025 Results

Sales Metrics


	

Second Quarter 2025



	

As
Reported

	
	

Organic(1)



	

% Change

	
	

Volume/
Mix

	

Price

	

% Change




Total Net Sales

	

1.0 %

	
	

1.3 %

	

0.3 %

	

1.6 %



	
	
	
	
	



Total Consumer

	

2.9 %

	
	

3.3 %

	

(0.3) %

	

3.0 %




Americas

	

2.4 %

	
	

3.5 %

	

(0.7) %

	

2.8 %




EMEA

	

4.9 %

	
	

2.2 %

	

1.1 %

	

3.3 %




APAC

	

2.9 %

	
	

3.6 %

	

0.1 %

	

3.7 %



	
	
	
	
	



Total Flavor Solutions

	

(1.3) %

	
	

(1.0) %

	

1.0 %

	

0.0 %




Americas

	

(1.0) %

	
	

(1.0) %

	

2.4 %

	

1.4 %




EMEA

	

(4.7) %

	
	

(4.7) %

	

(2.3) %

	

(7.0) %




APAC

	

3.1 %

	
	

5.7 %

	

(2.3) %

	

3.4 %





(1) Organic sales growth is defined as the impact of volume/mix and price and excludes the impact of acquisitions or divestitures, as applicable, and foreign currency. For the second quarter of 2025, organic sales are equal to constant currency sales.

Profitability Metrics
($ in millions except per share data)


	

Second Quarter 2025

	
	
	
	


	

As Reported

	
	

Adjusted

	
	
	
	


	

Q2 2025

	

vs. 2024

	
	

Q2 2025

	

vs. 2024

	
	
	
	



Gross profit

	

$   622.8

	

0.5 %

	
	

$   622.8

	

0.5 %

	
	
	
	



Gross profit margin

	

37.5 %

	

(20) bps

	
	

37.5 %

	

(20) bps

	
	
	
	


	
	
	
	
	
	
	
	
	



Operating income

	

$   245.8

	

5.0 %

	
	

$   258.6

	

9.7 %

	
	
	
	



Operating income margin

	

14.8 %

	

60 bps

	
	

15.6 %

	

120 bps

	
	
	
	


	
	
	
	
	
	
	
	
	



Net income

	

$   175.0

	

(5.0) %

	
	

$   184.8

	

(0.4) %

	
	
	
	


	
	
	
	
	
	
	
	
	



Earnings per share - diluted

	

$     0.65

	

(4.4) %

	
	

$     0.69

	

0.0 %

	
	
	
	


Second Quarter 2025 Results

Net sales increased 1% in the second quarter compared to the year-ago period and included a 1% unfavorable impact from currency. Organic sales increased 2%, driven by volume and product mix.

Consumer segment net sales increased 3% from the second quarter of 2024 to $931 million, with minimal impact from currency. Organic sales increased 3%, driven by volume and product mix.
Flavor Solutions segment net sales decreased 1% from the second quarter of 2024 "
"https://iuhealth.org/find-medical-services/schizophrenia-thought-disorders","OK","Skip to Main Content
Choose my location

We'll personalize the site to show providers & locations near you.

or
Enter your location
Submit

Log in to My IU Health
Search
Find Providers
Medical Services
Locations
Get Care Now
Schedule an Appointment
Pay a Bill
Find a Career
Home
Find Medical Services
Schizophrenia & Thought Disorders
Schizophrenia & Thought Disorders

Helping you stay in control of your thoughts, so you can live to the fullest

Schizophrenia & Thought Disorders
Treatment
Research
Related Services
Providers
Locations
Patient Stories
News & Events
Resources

Schizophrenia is a chronic, severe and disabling brain disorder that is caused by alterations in neurodevelopmental and neurodegenerative brain function. The results affect many parts of your life.

Understanding Schizophrenia & Thought Disorders

Schizophrenia is a type of thought disorder that can cause serious impairments to your social and occupational life.

Thought disorders impact about 2.2 million people in the United States, according to the National Institute of Mental Health. Schizophrenia typically appears during late adolescence or early adulthood. It is rare for children to be diagnosed.

Symptoms

If you have schizophrenia, you may have symptoms that include:

Delusions
Difficulty taking care of yourself
Disorganized thinking
Hallucinations
Hearing disturbing voices
Illogical thoughts
Maladaptive behaviors
Unreasonable worry that others are trying to harm you

Some people with schizophrenia and thought disorders also deal with mood and anxiety disorders, including depression and anxiety. If you experience a combination of symptoms associated with a thought disorder and a mood disorder, you may have schizoaffective disorder.

Treatment

IU Health Behavioral Health physicians, psychiatrists, advance practice nurses and therapists use a multidisciplinary approach that combines medicine with different psychological, social and behavioral therapies to help you reach your full potential.

Medicine Therapy

Depending on your individual needs, you may be prescribed one or more medications.

Anti-anxiety Medicines

Anti-anxiety drugs can be helpful in treating panic disorder and generalized anxiety disorder, but they are not intended for long-term use. Beta-blockers are more commonly used to treat heart conditions, but they can prevent the physical symptoms that go along with an anxiety disorder, especially a social phobia.

Antidepressants

These medicines help you think more clearly and can assist in achieving significant recovery from depression. Antidepressants are most often used in severe depression. These prescription-only drugs should only be taken under your doctor’s supervision. Your provider will discuss which kinds of medicines may work best for you.

Antipsychotic Medicines

These medicines can minimize your delusions and hallucinations. There are two classes of antipsychotics:

Typical or conventional antipsychotics are older medicines like Thorazine and Haldol.

Atypical or second-generation antipsychotics developed in the 1990s are highly effective at treating symptoms such as hallucinations and breaks with reality. They include Abilify, Risperdal and Clozaril.

Medication Management

A psychiatrist or an advance practice nurse can work with you to monitor your medicines and make sure there are no harmful drug interactions and that you do not experience negative reactions or side effects. You may need to make changes in your prescriptions to find the right medicines and dosages for you and your symptoms.

Cognitive Behavioral Therapy

In this form of treatment, you actively work with your therapist to examine the relationships among your thoughts, feelings and behaviors and what leads to self-destructive actions. You learn how you can modify your thinking patterns to improve coping.

Psychological Therapy

Different types of psychological therapies help you and your family cope with and manage the symptoms of your schizophrenia and thought process disorder.

Psychological Testing

A variety of tests may be used to confirm a diagnosis, rule out certain conditions or uncover other issues. Symptoms of schizophrenia are similar to other mental illnesses. At the same time, a psychosis can occur outside of schizophrenia.

Tools such as the Minnesota Multiphasic Personality Inventory and the Millon Clinical Multiaxial Inventory help you and your therapist determine what is really going on. Psychological testing provides information used to determine the best treatment for your situation.

Individual Therapy

In sessions with your mental health provider, you work to understand why you act and think in ways that are troubling to you or others.

Sessions focus on your current and past thoughts and experiences. This helps you regain control of your behaviors and learn skills to make changes in your actions. For children with schizophrenia, therapy is focused on support.

Brain Stimulation Therapy

If your condition does not impr"
"https://iuhealth.org/thrive/is-it-covid-19-flu-or-a-cold","OK","Skip to Main Content
Choose my location

We'll personalize the site to show providers & locations near you.

or
Enter your location
Submit

Log in to My IU Health
Search
Find Providers
Medical Services
Locations
Get Care Now
Schedule an Appointment
Pay a Bill
Find a Career
Thrive by IU Health
We are IU Health
Patient Stories
Health & Wellness
Community
Home
Thrive by IU Health
Is it COVID-19, flu or a cold?
OCTOBER 17, 2024
Is it COVID-19, flu or a cold?

When your child comes home with a runny nose or your work colleague begins sneezing, we often begin considering all the possibilities: is it a cold, the flu or COVID-19? While all three are viruses that can infect our bodies and usually appear as respiratory symptoms, there are differences between cold, flu and COVID.

What is a cold vs. influenza vs. COVID-19?

The common cold can be caused by several different viruses. Colds mainly tend to create symptoms in your body from your throat upwards: runny nose, sore throat, sinus pressure, sneezing, and coughing.

While the common cold stays in your upper respiratory tract, the flu can be felt all over. Influenza virus, or flu, typically begins with a high fever. A high fever is usually around 101 to 102 degrees Fahrenheit, but ranges from 100 to 104 degrees, typically in the first couple days of symptoms. You’ll also experience chills and body aches. Some people will also experience headaches or coughing. Flu symptoms usually show up within one to four days after exposure to this virus.

COVID-19, on the other hand, can look like both cold and flu symptoms.

“COVID is honestly a great mimicker of other viruses. The infection can feel like a mild cold to a severe flu,” said Dr. Murtaza Ali, an internal medicine physician at IU Health. “The most common COVID symptoms are fever, runny nose, congestion, cough and loss of smell and taste. Some people can experience an upset stomach, with diarrhea and nausea. COVID can create any combination of these symptoms.”

COVID-19 symptoms begin to appear two to five days after exposure to the virus. You can be contagious with COVID-19 before you even notice symptoms, and you can continue to spread the virus for up to five to seven days after the symptoms started.

In rare cases, COVID-19 infections can damage organs like the kidneys, heart or lungs. It can also cause blood clots.

When to seek medical attention

While most people experience mild symptoms of COVID, it’s important to seek immediate medical care at an emergency room if you experience any of the following:

Persistent chest pain or pressure
Sudden feelings of confusion
Inability to wake up or stay awake
Any part of your face or lips turning blue
Shortness of breath or difficulty breathing

These symptoms could indicate low blood oxygen, developing pneumonia or other issues that require immediate medical attention.

For the common cold, it’s less likely that you will need to see a doctor. You can treat cold symptoms at home with nasal decongestants and allergy medications. Contact your doctor if your nasal symptoms persist beyond 10 days, or if worsening sinus pain produces a yellowish discharge. These are signs that you might have a bacterial sinus infection.

Treating viruses

There is no antiviral medication treatment available for the common cold, so you simply manage your symptoms through decongestants, steroid nasal sprays or acetaminophen.

If you have flu symptoms, it’s important to seek medical care as soon as possible. A provider can evaluate you to determine the best level of treatment to reduce the risk of complications. While most flu can be managed with common remedies, some people may need further testing or a prescription for an antiviral medication like Oseltamivir. This is especially helpful for patients at higher risk for complications from the flu, such as people with diabetes, obesity, heart disease, lung disease, kidney disease or compromised immune systems.

Similarly, high-risk patients may also be prescribed antiviral medications to head off COVID-19 infections. These medications must be given within five days of symptom onset.

Preventing infection

All three of these viruses are caused by the same things: infections passed by respiratory droplets. You can catch a cold, flu or COVID-19 if someone sneezes, and you touch or inhale those droplets. The two easiest ways to avoid an infection are to wash your hands frequently and wear a mask if you are in high-density areas or you spend time around anyone who may be sick. This is especially important if you have any health conditions that put you at risk for getting sick.

You can also help prevent COVID-19 and the flu through vaccines. An updated flu vaccine is available every year to cover the viral strains expected that year. COVID-19 boosters are also modified frequently to cover the most prevalent strains of the virus. Talk with your doctor about the latest COVID-19 booster.


Antibiotics are not used to treat viruses

The common cold, t"
"https://juliabausenhardt.com/how-to-draw-anything-learn-sketching-for-beginners","error",""
"https://junagadhmunicipal.org","error",""
"https://k923.fm/sturgis-falls-2025","OK","We and our 37 IAB TCF partners store and access information on your device for the following purposes: store and/or access information on a device, advertising and content measurement, audience research, and services development, personalised advertising, and personalised content.

Personal data may be processed to do the following: use precise geolocation data and actively scan device characteristics for identification.

Our third party IAB TCF partners may store and access information on your device such as IP address and device characteristics. Our IAB TCF Partners may process this personal data on the basis of legitimate interest, or with your consent. You may change or withdraw your preferences at any time by clicking on the cookie icon or link; however, as a consequence, you may not see relevant ads or personalized content. To learn more, view the following link: Privacy Policy

Storage Preferences
Third Parties

Skip to main content
Skip to site footer
TRENDING:
WIN TICKETS TO SEE THE IOWA WOO
K92.3 APP
K92.3 ON YOUR SMART SPEAKER
MERCH
HOME
ON-AIR
ALL DJS
SHOWS
BRAIN AND COURTLIN
JESS ON THE JOB
JOHNNY MARKS
TASTE OF COUNTRY NIGHTS
TASTE OF COUNTRY WEEKENDS WITH JESS
BRETT ALAN
TARA HOLLEY
CLAY MODEN
LISTEN
LISTEN LIVE
K92.3 APP
ALEXA
GOOGLE HOME
K-COUNTRY MORNINGS ON DEMAND
RECENTLY PLAYED
APP
DOWNLOAD IOS
DOWNLOAD ANDROID
MORE
CONTESTS
JOIN THE K-CLUB
CONTEST RULES
CONTEST SUPPORT
EVENTS
CV SPORTS
HIGH SCHOOL SPORTS
BUCKS BASEBALL
BLACK HAWKS
CONTACT US
HELP & CONTACT INFO
EEO
CAREERS
SEND FEEDBACK
ADVERTISE
LISTEN NOW
Clay ModenClay Moden
Visit us on Youtube
Visit us on Facebook
Visit us on Twitter
Search The Site
What to Know Before You go to Sturgis Falls ’25 in Cedar Falls
WHAT TO KNOW BEFORE YOU GO TO STURGIS FALLS ’25 IN CEDAR FALLS
Johnny Marks
Johnny Marks
Published: June 26, 2025
Canava
SHARE ON FACEBOOK
SHARE ON TWITTER

I love Sturgis Falls! As a Cedar Falls resident, I get excited for any excuse to go outdoors and party.

It's always a (hot) weekend full of fun in Cedar Falls as the community celebrates the city with food, music, a carnival, and local vendors.

READ MORE: How Many of These Legendary Bands Have You Seen in Iowa?

Sturgis Falls, the original name of Cedar Falls, named after William Sturgis, will be celebrating its 49th year this year. In case math doesn't come easily, the first celebration was for our country's bicentennial in 1976.

Get our free mobile app

This year, there will be some changes.

Strugis Falls 2025: What's New

Sturgis Falls Festival is back! Kicking off with Fireworks Over the Dome on Thursday, June 26, and running through Sunday afternoon, June 29.

SIGN UP FOR THE K92.3 NEWSLETTER

From live entertainment and the popular Saturday parade to food, games, and carnival rides, there’s something for everyone.

New this year, the Main Stage is moving from Gateway Park to 2nd & Main Streets in Downtown Cedar Falls. Yes, that's right, it will be on Main St. this year!

The carnival will remain at Gateway Park, as in past years.

Road Closures & Parking for Sturgis Falls

Expect increased pedestrian traffic, especially near Downtown Cedar Falls, and please stay alert, slow down, and avoid distractions.

READ MORE: A Complete Guide to All County Fairs in Eastern Iowa This Summer

Washington Street will be the only through street in downtown during the event.

On-street parking will be available downtown.

Additional parking can be found north of the river along Lincoln Street.

Check street closure maps and parade info in advance (the parade starts at 10 am Saturday, June 28).

For Strugis Falls events this year, roads will be closed as seen below:

Google/Sturgis Falls.

Find full entertainment schedules, activity locations, and maps on the official website here.

We'll be in the parade Saturday! Wave and maaaybe you'll get a free t-shirt!

IOWA'S 20 SNOBBIEST CITIES REVEALED
The study? No study, I just asked AI to tell me (and give me a reason why).
IOWANS SHOULD PURCHASE THESE GROCERY ITEMS NOW BEFORE PRICE HIKES
Tariffs are likely to increase the cost of many food items Americans buy. Iowans should stock up on these items now.

 

Filed Under: Cedar Falls
Categories: Articles, Events, Local News
MORE FROM K92.3
Free Fireworks? Cedar Falls Says Yes, Here’s When & Where
Free Fireworks? Cedar Falls Says Yes, Here’s When & Where
17 Legendary Rock Bands That Have Played Live in Iowa [GALLERY]
17 Legendary Rock Bands That Have Played Live in Iowa [GALLERY]
Cedar Falls Woman Accused of Fatally Shooting Husband
Cedar Falls Woman Accused of Fatally Shooting Husband
Only in Eastern Iowa: 15 Things You’ll See on Any Given Day [GALLERY]
Only in Eastern Iowa: 15 Things You’ll See on Any Given Day [GALLERY]
New Rankings: The 20 Snobbiest Cities in Iowa in 2025
New Rankings: The 20 Snobbiest Cities in Iowa in 2025
Iowa is Home to SIX of the Drunkest Cities in America
Iowa is Home to SIX of the Drunkest Cities in America
Former Bank in Cedar Falls Slated for Demolition to "
"https://kb.foxit.com/s/articles/360040659891-how-to-improve-the-quality-of-exported-images","error",""
"https://kockpit.in/blogs-community/article.php","error",""
"https://labour.hp.gov.in/matkas2025/how-to-use-edpi-for-valorant-98014t50","error",""
"https://learnenglish.britishcouncil.org/grammar/b1-b2-grammar/intensifiers-so-such","OK","Skip to main content
LearnEnglish
Search
Search
User account menu
Log in
Register
Main navigation
Home
Online courses
Learning hub
Skills
Grammar
Vocabulary
Business English
General English
English levels
Grammar  B1-B2 grammar  Intensifiers: 'so' and 'such'
Intensifiers: 'so' and 'such'

Do you know how to use the words so and such? Test what you know with interactive exercises and read the explanation to help you.

Look at these examples to see how so and such are used.

She's so interesting!
This is such an interesting book.
A new phone costs so much money these days.
Traffic in the city centre is such a nightmare!

Try this exercise to test your grammar.

Grammar test 1

Read the explanation to learn more.

Grammar explanation 

We can use so and such to intensify adjectives, adverbs and nouns.

Adjectives and adverbs

We can use so with an adjective or adverb to make it stronger.

It's so hot today!
She looks so young in that photo.
He walks so slowly. It's so annoying!

If we are using the comparative form of the adjective or adverb, we use so much to make it stronger.

They were so much more innocent when they were younger.
I work so much more quickly when I can concentrate.

Nouns

With a noun or adjective + noun, we use such to make it stronger. 

You're such an angel!
It's such a hot day today!
They're such lovely trousers. Where did you buy them?

However, when we use much, many, little and few with a noun, we use so to make it stronger.

There are so many people here!
I've had so little time to myself this week.

Saying the result

We often use these so and such structures with that and a clause to say what the result is.

It was so cold that the water in the lake froze.
He was such a good teacher that we all passed the exam.
There's so much noise that I can't think!

Do this exercise to test your grammar again.

Grammar test 2
Try another grammar lesson
Language level
B1 Intermediate
B2 Upper intermediate
Give it 1/5
Give it 2/5
Give it 3/5
Give it 4/5
Give it 5/5
Average: 4.2 (86 votes)

Submitted by nikiaadza95 on Wed, 27/11/2024 - 13:25

Permalink

Hi, i'm grateful to find this website.Thank you for the information.

Log in or register to post comments

Submitted by Waleed88 on Tue, 24/09/2024 - 14:01

Permalink

it's so hot today

it's such a hot day

He is so funny

he is such a funny person

I have so many houses 

these childern were so much more pretty than now.

Log in or register to post comments

Submitted by Liiibra on Tue, 11/06/2024 - 15:23

Permalink

 

Hi and thanks for the useful information.
I have a question about so+ much/many + noun+ that structure.

Can we only use a noun in this structure?
She has som much money that she can buy whatever she wants.

Or it is also possible to use adjective+ noun:

There are so many beautiful places that we can have a lot of fun exploring them.


Thank you in advance for your answer.

Log in or register to post comments

Submitted by Peter M. on Wed, 12/06/2024 - 05:48

In reply to  Hi and thanks for the… by Liiibra

Permalink

Hi Liiibra,

Using an adjective here is fine and both sentences are grammatically correct. Good job!

 

Peter

The LearnEnglish Team

Log in or register to post comments

Submitted by Khangvo2812 on Sat, 24/02/2024 - 16:57

Permalink

Art and Music plays an important role in kids’ development. Therefore, it is highly encouraged that parents send their kids to such clubs. Can I use the word such in the sentence above?

Log in or register to post comments

Submitted by sinameghdad on Mon, 29/01/2024 - 16:08

Permalink

Hello dears. Your input in answering the questions is greatly appreciated. Thank you very much for your valuable contribution.th
This is a multi-option question: ""Due to Ibn Sina, much of the classical learning of Greece were preserved during the European Dark Ages when such knowledge would otherwise have been lost."" and 4 phrases are underlined as one of them is incorrect and should be corrected: a) the classical learning, b) were preserved, c) such knowledge, d) have been lost.
what do you think about the right answer? considering both ""learning"" and ""knowledge"" are uncountable nouns.

Log in or register to post comments

Submitted by Jonathan R on Tue, 30/01/2024 - 04:41

In reply to Hello dears. Your input in… by sinameghdad

Permalink

Hi sinameghdad,

We're glad you find our site useful!

I would choose b) as the incorrect one. The noun phrase ""much of the classical learning of Greece"" needs a singular verb form (""was preserved"") rather than a plural one. I hope that helps.

Jonathan

LearnEnglish team

Log in or register to post comments

Submitted by sinameghdad on Tue, 30/01/2024 - 21:29

In reply to Hi sinameghdad, We're glad… by Jonathan R

Permalink

Hi Dear Jonathan
Nice to receive your help. That's great! Thanks a lot
Yes actually b as an incorrect verb for learning is the right answer. but what about d: have been lost? it refers to ""such knowledge"" and considering ""knowledge"" an uncounta"
"https://learnexams.com/blog/2025/01/15/a-cost-volume-profit-cvp-graph-is-a-useful-technique-for-showing-relationships-between-costs","error",""
"https://libapps.tamucc.edu/projects/blog/index.php/2020/08/28/the-longoria-affair","error",""
"https://lissnerlawfirm.com/how-to-create-a-will-in-new-yorkcity","error",""
"https://lms.environment.gov.mv/challenge/why-is-martin-luther-king-important-to-the-civil-rights-movement-l0b1xmz6.htm","error",""
"https://medicine.yale.edu/news-article/vaccination-has-a-lower-risk-of-autoantibody-development-than-natural-immunity","error",""
"https://midstateweightloss.com/health-wellness/health-resources/health-library/detail","error",""
"https://mof.gov.bd/site/page/0f0724a1-73e5-47f5-b65f-a0c3f84381f7/monthly-fiscal-report","error",""
"https://money.usnews.com/credit-cards/articles/guide-to-amazon-shop-with-points-program","error",""
"https://money.usnews.com/credit-cards/articles/how-to-remove-a-closed-account-from-your-credit-report","error",""
"https://money.usnews.com/investing/articles/recession-2025-what-to-watch-how-to-prepare","error",""
"https://money.usnews.com/investing/articles/stocks-that-outperform-in-a-recession","error",""
"https://money.usnews.com/loans/mortgages/articles/should-i-use-a-wire-transfer-or-cashiers-check-for-closing","error",""
"https://money.usnews.com/money/retirement/social-security/articles/can-you-collect-an-ex-spouses-social-security-benefits","error",""
"https://mrft.samsodisha.gov.in/sicbo2025/valorant-error-code-van-10806t49","error",""
"https://mydev.artofliving.org/guides/beginner-drawing/dec-3rd-zodiac.html","error",""
"https://neo4j-tom.test.sia.arizona.edu/what-is-a-controlled-variable-research-made-easy","error",""
"https://nonstopswim.com/collections/pool-heaters-for-above-ground-pools","OK","Find Your Ideal Pool Heater or Chiller in Less Than 3 Minutes →
About Us
Contact Us
Shipping
Order Tracking
Easy Returns
Privacy
Terms of Service
Give Us A Call Now →

800-809-3741

View cart
Pool Heaters
Pool Chillers
Pool Cleaners
Pool Pumps
Pool Safety
Brands
Our Company
Learn
Next Day Shipping
 LOG IN
Skip to content
Filters
BTUs
Up to 50K BTUs (5)
50K - 100K BTUs (6)
100K - 125K BTUs (8)
Over 125K BTUs (6)
Cold Plunge Size
Up to 3000 gallons (1)
Up to 4000 gallons (1)
Pool Size
Up to 5K gallons (8)
Up to 7.5K gallons (8)
Up to 10K gallons (20)
10K - 20K gallons (20)
20K - 30K gallons (12)
Over 30K gallons (3)
Pool Type
Above ground (27)
Inground (21)
Home
Pool Heaters for Above Ground Pools
Pool Heaters for Above Ground Pools
Top Rated Above Ground Pool Heaters

Our selection of above ground swimming pool heaters offers something for every climate, budget, and pool size. Transform your above ground pool with the perfect pool heater for your backyard oasis.

Sort by 
	
View as
AQUACAL
AquaCal SQ140R Pool Heat Pump (Heat/Cool)
5
★
★
★
★
★
★
★
★
★
★
1 review
1
• UP TO 25K GALLONS
• 114K BTUS
• 208-230 V, 60 HZ, 1 & 3 PHASE
$4,576.00
    
AQUACAL
AquaCal SQ145 Pool Heat Pump
5
★
★
★
★
★
★
★
★
★
★
1 review
1
• UP TO 25K GALLONS
• 121K BTUS
• 200-230 OR 460 V, 60 HZ, 1 & 3 PHASE
$5,435.00
    
AQUACAL
AquaCal SQ160R Pool Heat Pump (Heat/Cool)
undefined
★
★
★
★
★
★
0 reviews
0
• UP TO 30K GALLONS
• 128K BTUS
• 208-230 V, 60 HZ, 1 & 3 PHASE
$5,081.00
AQUACAL
AquaCal SQ200R Pool Heat Pump (Heat/Cool)
undefined
★
★
★
★
★
★
0 reviews
0
• UP TO 40K GALLONS
• 138K BTUS
• 208-230 OR 460 V, 60 HZ, 1 & 3 PHASE
$6,450.00
Sold out
AQUACAL
AquaCal SQ225 Pool Heat Pump
5
★
★
★
★
★
★
★
★
★
★
2 reviews
2
• UP TO 40K GALLONS
• 143K BTUS
• 200-230, 380-415, OR 460 V, 60 HZ, 1 & 3 PHASE
$6,262.00
    
AQUACAL
AquaCal SunPower Spa Heater Chiller
undefined
★
★
★
★
★
★
0 reviews
0
• 110K BTUS
• 230 V, 60 HZ, 1 & 3 PHASE
$9,255.00
Save $1,828.00
AQUACAL
AquaCal T100 TropiCal Inverter Pool Heat Pump (Heat/Cool)
undefined
★
★
★
★
★
★
0 reviews
0
• UP TO 25K GALLONS
• 106K BTUS
• 208-230 V, 50/60HZ, 1 PHASE, R32
Original Price
$5,976.00
Current Price
$4,148.00
Save $1,173.00
AQUACAL
AquaCal T60 TropiCal Inverter Pool Heat Pump (Heat/Cool)
undefined
★
★
★
★
★
★
0 reviews
0
• UP TO 10K GALLONS
• 58K BTUS
• 208-230 V, 50/60HZ, 1 PHASE, R32
Original Price
$3,832.00
Current Price
$2,659.00
Save $1,270.00
AQUACAL
AquaCal T70 TropiCal Inverter Pool Heat Pump (Heat/Cool)
undefined
★
★
★
★
★
★
0 reviews
0
• UP TO 15K GALLONS
• 68K BTUS
• 208-230 V, 50/60HZ, 1 PHASE, R32
Original Price
$4,150.00
Current Price
$2,880.00
AQUACAL
AquaCal TropiCool TC1000 Pool Chiller
5
★
★
★
★
★
★
★
★
★
★
1 review
1
• UP TO 30K GALLONS
• 208-230 V, 60 HZ, 1 PHASE
$4,567.00
    
AQUACAL
AquaCal TropiCool TC1500 Pool Chiller
5
★
★
★
★
★
★
★
★
★
★
1 review
1
• 15K - 40K GALLONS
• 208-230 V, 60 HZ, 1 PHASE
$5,124.00
    
AQUACAL
AquaCal Water Source Geothermal Heat Pump WS03
undefined
★
★
★
★
★
★
0 reviews
0
• 37,000-52,000 BTUS
• 208-230V, 60 HZ, 1 & 3 PHASE
from $6,310.00
AQUACAL
AquaCal Water Source Geothermal Heat Pump WS05
undefined
★
★
★
★
★
★
0 reviews
0
• 75,000-94,000 BTUS
• 208-230V, 460V, 60 HZ, 1 & 3 PHASE
from $8,526.00
AQUACAL
AquaCal Water Source Geothermal Heat Pump WS10
undefined
★
★
★
★
★
★
0 reviews
0
• 169,000-213,000 BTUS
• 208-230V, 460V, 60 HZ, 3 PHASE
from $20,787.00
FIBROPOOL
FibroPool FH120 Pool Heat Pump
5
★
★
★
★
★
★
★
★
★
★
1 review
1
• UP TO 5K GALLONS
• 20K BTUS
• 116-123 V, 60 HZ, 1 PHASE
from $1,234.99
    
Sold out
FIBROPOOL
FibroPool FH135 Pool Heat Pump
undefined
★
★
★
★
★
★
0 reviews
0
• UP TO 7500 GALLONS
• 35K BTUS
• 110-120 V, 60 HZ, 1 PHASE
$1,614.99
FIBROPOOL
FibroPool FH220 Pool Heat Pump
undefined
★
★
★
★
★
★
0 reviews
0
• UP TO 5K GALLONS
• 20K BTUS
• 220 - 240 V
from $1,139.99
FIBROPOOL
FibroPool FH235-i Pool Heater Chiller
undefined
★
★
★
★
★
★
0 reviews
0
• UP TO 7.5K GALLONS
• 35K BTUS
• 208-230 V, 50/60 HZ
$1,899.99
FIBROPOOL
FibroPool FH255 Pool Heat Pump
undefined
★
★
★
★
★
★
0 reviews
0
• UP TO 10K GALLONS
• 55K BTUS
• 220-240 V, 60HZ
from $1,852.49
FIBROPOOL
FibroPool FH270 Pool Heat Pump
5
★
★
★
★
★
★
★
★
★
★
4 reviews
4
• UP TO 15K GALLONS
• 70K BTUS
• 208-240 V, 60 HZ
from $1,994.99
    
FIBROPOOL
FibroPool FH285-i Pool Heater Chiller
5
★
★
★
★
★
★
★
★
★
★
5 reviews
5
• UP TO 17.5K GALLONS
• 85K BTUS
• 208-230 V, 50-60 HZ
from $2,374.99
    
GULFSTREAM HEAT PUMPS
GulfStream HE 110 RA Pool Heat Pump
5
★
★
★
★
★
★
★
★
★
★
1 review
1
• UP TO 15K GALLONS
• 110K BTUS
• 208-230 V, 60 HZ, 1 PHASE
$3,895.00
    
GULFSTREAM HEAT PUMPS
GulfStream HE 125 RA Pool Heat Pump
5
★
★
★
★
★
★
★
★
★
★
3 reviews
3
• UP TO 23K GALLONS
• 125K BTUS
• 208-230 V, 60 HZ, 1-3 PHASE
from $4,095.00
    
GULFSTREAM HEAT PUMPS
GulfStream HE 150 RA Pool Heat Pump
5
★
★
★
★
★
★
★
★
★
★
3 reviews
3
• UP TO 27K GALLONS
• 142K BTUS
• 208-230 V, 60 HZ, 1-3 PHASE
from $4,495.00
    
1
2
Next 
Useful Info
Sitemap
Shipping
Order Tracking
Easy Returns"
"https://nordvpn.com","error",""
"https://nordvpn.com/blog/protocols","error",""
"https://nordvpn.com/blog/spam-risk-calls","error",""
"https://nordvpn.com/blog/what-is-pptp-protocol","error",""
"https://ns2.comptonwestsussex-pc.gov.uk","error",""
"https://olitor.uw.edu/face","error",""
"https://olitor.uw.edu/how-do-anesthesia-work","error",""
"https://olitor.uw.edu/how-to-enter-a-code-on-roblox","error",""
"https://olitor.uw.edu/medication-for-multiple-sclerosis","error",""
"https://olitor.uw.edu/morning-glories-flower","error",""
"https://olitor.uw.edu/osmolality-blood-test","error",""
"https://olitor.uw.edu/what-is-a-heterogeneous-mixture","error",""
"https://olitor.uw.edu/what-is-angiogram","error",""
"https://olitor.uw.edu/when-do-morning-glories-bloom","error",""
"https://omronhealthcare.com/blood-pressure-monitors","error",""
"https://pabook.libraries.psu.edu/literary-cultural-heritage-map-pa/bios/cowher__bill","error",""
"https://palmettogba.com","error",""
"https://palmettogba.com/jmb/did/az4jhc2651~claims~medicare%20beneficiary%20identifier%20(mbi)","error",""
"https://pecos.cms.hhs.gov","error",""
"https://plannit.ai/glossary/employee","error",""
"https://possibilityforjoy.proboards.com/thread/2220/pilot-season-tv-terms-explained","OK","A Possibility For Joy
Skip Navigation
Home
Recent
Help
Search
Calendar

Welcome Guest. Please Login or Register.

A Possibility For Joy
Other TV Shows
Pilot season an TV terms explained
Reply
Pilot season an TV terms explained
Actions
« Prev
1
Next »
ProudTVJunkie
Administrator

Goddess of the Forum




Posts: 5,520


	
Jan 21, 2019 at 5:03pm  
Quote
Post by ProudTVJunkie on Jan 21, 2019 at 5:03pm
As Pilot Season (the time period when many networks start looking at new shows for next season) has started, I thought I'd post this. It explains some of the TV terms you'll hear when talking about pilots and what they mean. It also shows the possible pilots that networks are considering...

tvline.com/2019/01/21/pilot-season-abc-cbs-cw-fox-nbc-2019-2020/


I also take my latte with two pumps skinny vanilla but I usually have to get it myself.


tycho657
Administrator

May the dance never end and the music never stop. Caskett forever!




Posts: 4,862


	
Jan 21, 2019 at 5:53pm  
Quote
Post by tycho657 on Jan 21, 2019 at 5:53pm
I saw maybe one I would try. Tv just gets worse. Cutting the cord is looking better and better.


Don’t ruin my stories with your logic.


1Lincoln40
God/Goddess





Posts: 550


	
Jan 22, 2019 at 9:05am  
Quote
Post by 1Lincoln40 on Jan 22, 2019 at 9:05am

Hi everyone!




PTVJ - thanks for that article. Reading the comments, NBC appears to have the attention at this point. I certainly like the sound of Emergence but that would depend on the actors involved.




As for Batwoman, I saw her in the cross over event in The Flash, Arrow and Supergirl and like Kara, she just doesn't grab my interest. That said, I struggled to get through Arrow...




B 



Reply

Click here to remove banner ads from this forum.
This Forum Is Hosted For FREE By ProBoards
Get Your Own Free Forum!
Terms of Service   Privacy   Cookies   FTC Disclosure   Report Abuse   Your Privacy Choices  "
"https://prochoicesafetygear.com/ppe/blog/workplace-health-and-safety/what-is-sds-safety-data-sheet","error",""
"https://project-management-knowledge.com/definitions/s/scheduled-variance","error",""
"https://ptsmc.com/treatments-trigger-point-dry-needling","error",""
"https://quickbooks.intuit.com/r/bookkeeping/accounting-ledger","OK","LIMITED TIME 
90% OFF 
QuickBooks for 3 months
Buy now
Plans & Pricing
Help Me Choose
Explore Products
QuickBooks Blog
Start Your Business
Run Your Business
Grow Your Business
What's New
Tools
BOOKKEEPING
Accounting ledgers: A beginner’s guide to ledgers
By 
Tracy Flynn
Published on January 11, 2024


What are general ledgers?

General ledgers, also referred to as accounting ledgers, are the physical or digital record of a company’s finances. They can include liabilities, assets, equity, expenses, and revenue.




The main record of your business’s financial standing is an accounting ledger. Also commonly referred to as a general ledger, it is the repository of all of your financial transactions. 

An accounting ledger is used to prepare a number of reports, such as balance sheets and income statements, and they help keep your small business’s finances in order.




How general ledgers work
What's included in an accounting ledger
How to create an accounting ledger
Other types of business ledgers
Streamline your accounting and save time
Accounting ledger FAQ
How general ledgers work

A general ledger records transactions and helps generate financial statements for investors, creditors, or even regulators. This information can help management make financial and data-based decisions. For example, a bookkeeper or accountant could use an accounting ledger, or general ledger, to identify the source of increased expenses and make the necessary corrections. 

A general ledger uses the double-entry accounting method for generating financial statements. Double-entry bookkeeping keeps the accounting equation, or balance sheet equation, in equilibrium by recording both debits and credits. If the accounting equation is not balanced, there might be a mistake in your accounting. The balance sheet formula adds liabilities and equity to determine a business’s assets. The balance sheet formula is:

Liabilities + owner’s equity = assets

The double-entry accounting method requires every transaction to have at least one debit (incoming money) and one credit (outgoing money) entry, which must always balance out. It is important to note, however, that the number of debit and credit entries does not have to be equal, as long as the trial balance is even.

What's included in an accounting ledger

The purpose of general ledger accounting is to create a full record of a business’s transactions, which a business can use to prepare its financial statements. The information included in an accounting ledger includes:

A journal entry number and date
A description of the transaction
Debit column
Credit column
Account balance

The general ledger also contains a chart of accounts, which contains the account names and numbers for categories such as: 

Assets
Liabilities
Equity
Revenue
Expenses
Other income and expenses
How to create an accounting ledger

Making an accounting ledger is fairly straightforward. To create and format a general ledger to accurately track your business’s financial situation, follow these four steps: 

Set up ledger accounts. These are assets, liabilities, equity, revenue, and expenses. 
Create columns. It helps to create your ledgers in the double-entry style. This means you’ll need to create two sides on a ledger—one for credits and one for debits. Each side will have columns for the date, description, the ledger or folio number, and an amount. 
Record transactions. As you conduct business, record the transactions in the appropriate ledger. At the end of your reporting period, you’ll consolidate the data from all ledgers into the general ledger.
Create a trial balance. The trial balance is the record of all credits and debits in your general ledger. If everything has been accounted for and recorded correctly, the balance of the credit and debit columns should be equal. When your trial balance is equal, your books are balanced.

Your ledgers should always have the information you need to be able to accurately track where money is coming from and where it's going. QuickBooks Online can connect you to experts to answer your questions about general ledger accounting through its QuickBooks Live Expert Assisted, with verified expertise to support your whole business.*

The difference between journals and accounting ledgers

If you look at the information that’s recorded in an accounting journal and an accounting ledger, a lot of it would look the same. But there are some differences between how the two records function. 

Think of your accounting journal as the first record of each transaction. Every transaction should be recorded in chronological order in a journal with as much detail as needed to ensure that it can be transferred to a ledger and serve as a resource for anyone who needs more information about an entry. 

A ledger is an aggregation of data from relevant journals. One key difference between a journal and a ledger is that the ledger is where double-entry bookkeeping takes place. That's why there are two "
"https://quickboosts.gg","error",""
"https://quran411.com/surah-duha","error",""
"https://reemo.io","error",""
"https://rewardcenter.att.com/faq.aspx","error",""
"https://roer.utm.my/course/view.php","error",""
"https://rustdesk.com/docs/en/client","error",""
"https://rustdesk.com/docs/en/self-host/client-configuration/advanced-settings","error",""
"https://screenrant.com/amazon-echo-show-how-turn-off-screen","OK","Menu
Sign In Now
Close
MOVIES
SUBMENU
TV
SUBMENU
REALITY TV
SUBMENU
GAMING
SUBMENU
COMICS
SUBMENU
ANIME
SUBMENU
MUSIC
SUBMENU
NETWORK TV SCHEDULE
VIDEOS
THREADS
MORE
SUBMENU
Sign In
Newsletter
Menu
Sign In Now
SR Exclusives
SR Database
Summer Movie Preview
Network TV Schedule
Star Wars
Marvel
DC
Best on Streaming
How To Turn Off The Screen On Your Amazon Echo Show (3 Easy Ways)
By 
Joseph Maring
Updated 
Jul 21, 2023
Follow
Like
Link copied to clipboard
RELATED
Jurassic World Rebirth Is The Best Jurassic Movie In 28 Years & That's A Problem
Lilo & Stitch 2 Remake Could Adapt These 10 Movies & TV Episodes Into Live-Action
It Took Me 25 Years To Realize One Phantom Menace Scene Set Up Every Secret Of The Sith
Sign In To Your ScreenRant Account

Amazon's Echo Show is one of the most helpful smart displays on the market, yet simple things — such as turning off the screen — can be a challenge if you don't know where to look. The original Echo was a relatively basic smart speaker that introduced the world to Alexa for the first time. Today, there are Echo gadgets of virtually every shape and size — all designed to get Alexa into people's homes no matter what their personal preference is. One form factor where Alexa's really shined is with the Echo Show. This is Amazon's lineup of Alexa-powered smart displays.

One aspect of the Echo Show can be rather annoying at times, though. The screen is great when users want to see information about their day, but what about those times when they want the screen to shut off? While it's not immediately apparent, turning off the Echo Show's display is surprisingly easy. At any time, say 'Alexa, turn off the display,' and it'll shut off just like that. To get the screen back on, either touch it or say another Alexa command.

RELATED:
Do Amazon Echo Speakers Have An Aux Input To Connect Audio Devices?

Other Ways To Turn Off Your Echo Show's Display

Another way to turn off the Echo Show's screen is with some of its automatic settings. From the Echo Show, swipe down from the top of the screen and tap 'Settings.' Tap 'Clock & Photo Display,' scroll to the bottom of the page, and make sure 'Auto Sleep' is enabled. When turned on, the Echo Show's screen automatically turns off after 10 minutes of inactivity. In other words, the screen will shut itself off on its own without you having to worry about it.

From that same 'Clock & Photo Display' page, tap 'Night Mode.' Ensure that 'Night Mode Behavior' is selected and then choose 'Scheduled' or 'Automatic.' This will automatically turn the display off during certain times of day, or based on the surrounding light (for example, turning off all the lights in a room will also cause the Echo Show's display to shut off). If 'Nighttime Clock' is selected, this will cause the Echo Show to display a dim clock instead of completely turning off the screen. If someone wants to get rid of that clock and have the display shut off completely, tap the toggle next to 'Nighttime Clock' so that it's no longer selected. Keep those tips in mind, and the Echo Show's screen should no longer be a nuisance.

Amazon Echo Show 10 (3rd Gen)

The Echo Show 10 (3rd Generation) is available in two different colors, charcoal and glacier white. It has a 10.1-inch HD screen that is designed to move along with you, delivering video calls, recipes, and more in your line of sight. The speakers also deliver premium and directional sound. You can utilize the device to remotely monitor your home, control lights, adjust thermostats, and even turn the home screen into a digital frame. 

$250 at Amazon

Thanks to the display, Amazon’s Echo Show is a versatile device that rivals Google’s popular Nest Hub. In addition to showing useful information at a glance, the Alexa-enabled countertop device can be used for things like video calling and even watching TV shows and movies. Echo Show can initiate calls over Zoom and Skype using voice commands or by manually navigating to the supported apps. As for streaming, the Echo Show supports a number of the most popular platforms, including Amazon Prime Video (of course), Netflix, Hulu, Tubi, and more. The wall-mounted Echo Show 15 can even be used as a Fire TV.

Source: Amazon

Tech
Amazon
Follow
Like
Share
POPULAR
I Desperately Need Derek Morgan To Save Penelope Garcia From Criminal Minds: Evolution Continuously Failing Her
Criminal Minds

Derek Morgan has always been Penelope Garcia's soulmate, but the technical analyst needs him more than ever after Criminal Minds: Evolution season 3.

By 
Shealyn Scott
4 hours ago
Upcoming Lord Of The Rings Movie Will Turn The Franchise's Biggest Heroes Into Villains
By 
Holden Sasaki
4 hours ago
Before Clint Eastwood’s Man With No Name, This Underrated TV Show Had The Most Iconic Western Anti-Hero
By 
Guy Howie
3 hours ago
Jurassic World Rebirth's Parallels To Spielberg's $477M Classic In One Major Scene Addressed By Director
By 
Matthew Rudoy
6 hours ago
Jurassic World Rebirth Already One Of 2025'"
"https://screenrant.com/best-bg3-characters-should-return-bg4","OK","Menu
Close
MOVIES
SUBMENU
TV
SUBMENU
REALITY TV
SUBMENU
GAMING
SUBMENU
COMICS
SUBMENU
ANIME
SUBMENU
MUSIC
SUBMENU
NETWORK TV SCHEDULE
VIDEOS
THREADS
MORE
SUBMENU
Newsletter
Menu
5
SR Exclusives
SR Database
Summer Movie Preview
Network TV Schedule
Star Wars
Marvel
DC
Best on Streaming
10 Baldur's Gate 3 Characters That Need To Be In BG4
By 
Sarah-Jane Simpson
Published Jun 24, 2025
Follow
Like
Thread
5
Link copied to clipboard
9.7/10
Baldur's Gate 3
10 stars
9 stars
8 stars
7 stars
6 stars
5 stars
4 stars
3 stars
2 stars
1 star
Follow
Like
Custom image by Katarina Cimbaljevic
Here is a fact-based summary of the story contents:
Here is a simplified version of the story contents:
Here is a lighthearted take on the story contents:

One of the biggest strengths of Baldur's Gate 3 is undoubtedly the game's cast of characters, all wonderfully crafted to help guide you on your adventures on the Sword Coast. Through companions and various NPCs, the story unfolds, and it is because of their depth that you are able to become fully immersed in the amazing fantasy setting of Faerûn. Among this cast of brilliant characters are a few that I'd love to see again in future installments of the franchise to learn more about them after the events of BG3.

Whenever continuing a series or telling a story over multiple games, there will always be recurring characters to help guide you into the new chapter. While there are some popular BG3 that shouldn't return, there are plenty who would benefit from having their story expanded on. Whether they didn't get the chance to shine in BG3 or were so interesting that they left us wanting more, here are some characters that need to appear in Baldur's Gate 4.

10
Hope - So Much Left To Explore
Hope's Backstory Was Barely Touched On In BG3

Hope is a fascinating character that can be met towards the end of Baldur's Gate 3 when the party ventures into Raphael's House of Hope. Hope is the sister of Korilla, who will pop up repeatedly throughout all three acts and often speaks on behalf of her master, but she gets nowhere near enough attention considering her fantastic backstory. Once she is met, you can learn that Hope has been imprisoned and tortured by Raphael for years as he attempted to break her and force her to serve him.

RELATED
These Two Characters From Baldur’s Gate 3’s House Of Hope Deserved A Much Longer Story

The majority of the supporting NPCs in Baldur's Gate 3 follow distinct character arcs, but Hope and Korilla seem to have been unfairly sidelined.

If Hope were to reappear in BG4, it would be a wonderful way to learn what she's been doing since being freed by the party. It would be the perfect way to find out if she and Korilla have reconciled and if her mental health has improved. Although Hope would be great as a quest-relevant NPC, I personally think she'd be best used as a companion and the party's cleric.

9
Mol - Future Crime Boss
Whether Friend Or Foe, Mol's Ambition Should Be Admired

Mol is the cheeky and surprisingly pragmatic leader of the tiefling children that you can encounter in Act 1's Druid Grove. Never afraid to speak her mind, even to adults, Mol has aspirations of being a crime boss and will even strike a deal with Raphael to get her foot in the door of the Guild. I love her ambition and how she looks out for the other tiefling children, many of whom are now orphans with no one to take care of them.

Mol's contract can be found in the House of Hope in a room locked with an Infernal Gem. A DC 10 Wisdom check or a DC 20 Arcana check is needed to use the gem and open the room.

Meeting Mol again in BG4 would be brilliant, and I'd be looking forward to seeing if she's head of the Guild as Raphael promised. Having Mol act in the same capacity as Nine-Fingers would be perfect, and it would be fun to learn about her rise to power. Considering how ambitious she is, Mol would no doubt have some enemies by this point, something she might need the party's assistance with.

8
Barcus Wroot - Deserves More Time In The Spotlight
Barcus Could Offer A Glimpse Into The New Ironhand Clan

I adore Barcus Wroot and have only ever brought myself to kill him once during a Dark Urge playthrough. The anxious but heartbreakingly loyal Deep Gnome can be found in Act 1 tied to a windmill while on his own personal quest to rescue his friend Wulbren. Unfortunately, Wulbren does not appreciate Barcus' efforts, often speaking down to him and eventually prompting the soft-spoken Barcus to go against his clan's leader.

If Barcus is the leader of the Ironhand Clan, it would be great to see how he's settled into the role and what that means for the group. I think Barcus would make a fantastic companion and, as an artificer, could introduce gadgets and explosive crafting to BG4's mechanics. It would be interesting to see if Barcus has gained any confidence or if he eventually got over his one-sided love for Wulbren.

7
Aylin & Isobel - The Ultimate Power Couple
They Are Both Resplendent

As"
"https://screenrant.com/cocomelon-hello-kitty-sanrio-new-tv-show-anime","OK","Menu
Sign In Now
Close
MOVIES
SUBMENU
TV
SUBMENU
REALITY TV
SUBMENU
GAMING
SUBMENU
COMICS
SUBMENU
ANIME
SUBMENU
MUSIC
SUBMENU
NETWORK TV SCHEDULE
VIDEOS
THREADS
MORE
SUBMENU
Sign In
Newsletter
Menu
Sign In Now
SR Exclusives
SR Database
Summer Movie Preview
Network TV Schedule
Star Wars
Marvel
DC
Best on Streaming
Hello Kitty Is Joining 1 of TV's Biggest Franchises With a Show Kids Aren't Ready For
By 
Evan D. Mullicane
Published Jun 25, 2025
Follow
Like
Thread
Link copied to clipboard
RELATED
Hello Kitty vs Cinnamoroll: Sanrio's Top Mascot Isn't the One You'd Expect But the One Who Deserves It
1 of Crunchyroll's Best Anime Makes Solo Leveling's Aura Farming Look Sad
8 Anime Characters Who Just Couldn’t Live Up to All the Hype
Sign In To Your ScreenRant Account
Custom Image by Ana Nieves
 Generate a summary of this story
Here is a fact-based summary of the story contents:
Here is a simplified version of the story contents:
Here is a lighthearted take on the story contents:

Few children's entertainment brands are as massive as Hello Kitty and CoComelon, which is why it's no surprise that a new partnership is being forged between the two behemoths. While parents might scratch their heads at the collaboration, the unrivaled popularity of both brands pretty much ensures that it will be a massive hit with children.

According to a report by Deadline, a new deal was struck between Hello Kitty creator Sanrio and CoComelon producers Moonbug Entertainment. The deal will reportedly include a crossover series that could see the likes of classic Sanrio characters like Hello Kitty, My Melody, and Kuromi meet up with the cast of characters from CoComelon, such as JJ.

Sanrio and CoComelon's Collaboration Is a Much Bigger Deal Than You Think
The Crossover Is Unprecedented

The crossover was revealed during a fireside chat with Kevin Mayer, a former Disney executive who owns Moonbug's parent company, Candle Entertainment. During the chat, Mayer expressed high hopes that the collaboration would be a major success for both CoComelon and Sanrio.

This collaboration brings together two powerful global brands with generations of fans. We’re excited to create fresh experiences that blend the heart and humor of CoComelon with Sanrio’s beloved characters in ways that will delight families around the world. This is the start of a creative partnership with huge potential, and we can’t wait to share more later this year.

Far from just the typical bluster from a company executive, though, Mayer's assessment about the crossover's potential is spot on. Hello Kitty is the tenth biggest media franchise ever, eclipsing popular series like Dragon Ball in terms of revenue.

Meanwhile, CoComelon is no slouch. The series of nursery rhymes and videos for kids is currently the 3rd most subscribed-to channel on YouTube and has the 2nd most views. While a partnership between new media and old guards isn't exactly unprecedented, rarely have both sides of a team-up been so high profile.

Our Take On Hello Kitty's CoComelon Team Up
Will The Partnership Help Or Hurt Sanrio?
Custom Image by Hannah Diffey

While the crossover will undoubtedly be successful, criticisms of CoComelon loom over the partnership. As an article from Parents showed, there is some debate about whether CoComelon's fast-paced editing is harmful to the development of children. The research is ultimately unclear, but the show still leaves many parents uneasy.

RELATED
Hello Kitty vs Cinnamoroll: Sanrio's Top Mascot Isn't the One You'd Expect But the One Who Deserves It

Hello Kitty may be Sanrio's most recognizable character, but is she still the fan-favorite or has that top spot gone to Cinnamoroll in recent years?

Despite the backlash, though, it's apparent that CoComelon is still unstoppable in the realm of children's entertainment as its view and subscriber counts only grow year-to-year. While CoComelon may expose a whole new generation to Sanrio and Hello Kitty, the latter may ease the doubts of parents who never gave the YouTube giant a shot.

Hello Kitty
Created by
Yuko Shimizu
First Film
Hello Kitty: Cinderella (1989)
Latest Film
Hello Kitty in The Sleeping Princess (1991)
Upcoming Films
Hello Kitty
First TV Show
Hello Kitty's Furry Tale Theater (1987)
Latest TV Show
Hello Kitty: Super Style! (2022)
Anime
Hello Kitty
Cocomelon
Follow
Like
Share
THREAD
Sign In To Your ScreenRant Account

We want to hear from you! Share your opinions in the thread below and remember to keep it respectful.

Be the first to post

This thread is open for discussion.

Be the first to post your thoughts.

Terms
Privacy
Feedback
POPULAR
Dragon Ball's Creator Admits There's Only 1 Fighter on Goku's Level, But They're Being Held Back
Dragon Ball

Dragon Ball was gradually sidelining Piccolo when it came to major battles, but after Dragon Ball Super: Super Hero, he's more formidable than ever.

16
By 
Casandra Ronning
4 days ago
Don’t Start Here, These 10 Anime Are Way Too Much for First-Time Fans
14"
"https://screenrant.com/f1-movie-racing-secret-damson-idris-kerry-condon-javier-bardem-interview","OK","Menu
Sign In Now
Close
MOVIES
SUBMENU
TV
SUBMENU
REALITY TV
SUBMENU
GAMING
SUBMENU
COMICS
SUBMENU
ANIME
SUBMENU
MUSIC
SUBMENU
NETWORK TV SCHEDULE
VIDEOS
THREADS
MORE
SUBMENU
Sign In
Newsletter
Menu
Sign In Now
SR Exclusives
SR Database
Summer Movie Preview
Network TV Schedule
Star Wars
Marvel
DC
Best on Streaming
""We Did A Lot Of Neck Exercises"": The Secret To Driving An F1 Car Revealed By The Cast Of New Brad Pitt Movie
By 
Ash Crossan
 & 
Grant Hermanns
Published Jun 26, 2025
Follow
Like
Thread
Link copied to clipboard
8.7/10
F1
Favorite
Watchlist
10 stars
9 stars
8 stars
7 stars
6 stars
5 stars
4 stars
3 stars
2 stars
1 star
Review
Follow
Like
Sign In To Your ScreenRant Account
Custom Image by Cesar Garcia
 Generate a summary of this story
Here is a fact-based summary of the story contents:
Here is a simplified version of the story contents:
Here is a lighthearted take on the story contents:

The world of Formula One racing requires some intense training to get into, as revealed by F1 The Movie stars Damson Idris, Kerry Condon and Javier Bardem. Idris, who previously broke out with the acclaimed FX crime drama Snowfall, stars in the sports drama as Joshua Pearce, a hotheaded young racer on the APX Grand Prix team who serves as a rival to Brad Pitt's Sonny Hayes. Condon, the Oscar-nominated star of The Banshees of Inisherin, plays APXGP's technical director, Kate McKenna, who also tries to keep the peace between Pearce and Hayes, while Bardem stars as Ruben Cervantes, the APXGP's owner and Sonny's longtime friend and former teammate.

Helmed by Top Gun: Maverick's Joseph Kosinski, F1 The Movie took a similar approach to practically depicting its titular sport, with Pitt and Idris undergoing extensive driving training while the production followed the Formula One season throughout the world in both 2023 and 2024. This approach also extended to the production working closely with F1 and many of the organization's racers, namely that of Lewis Hamilton, the seven-time World Drivers' Champion driver who is credited as both a technical advisor and producer on the film.

WATCH
NEXT
Play Video

In honor of the movie's release, ScreenRant interviewed Damson Idris, Kerry Condon and Javier Bardem to discuss F1 The Movie. The stars reflected on the surprises learned from working with the titular racing organization, particularly the secrets to successfully driving a Formula One car, while also sharing their own unique superstitions and Idris' intensive physical preparation for filming the race scenes practically.

The Secret To Racing In Formula One Is The Physical Preparation Required
""We Did A Lot Of Neck Exercises...""
WATCH
NEXT
Play Video

With the movie taking a practical approach to its filming, both Pitt and Idris underwent some intense training to portray their characters, with the latter recalling they ""did a lot of neck exercises, so we could handle the G's while we were driving"". As the group laughed about the question of which of the two had the stronger neck, all three stars agreed that Pitt had the strongest of the duo, while Condon laughed as she expressed not wanting to have one.

Turning to sincerity, Idris recalled that one of the biggest surprises to come from the training for the film was ""just how compact"" the cars were that he and Pitt had to drive for F1, recalling how it was ""almost like you're lying down as you sat in the cars"". Pointing out that it came with the uncertainty of ""am I going to be able to fit inside this car"", Idris went on to explain that they ""could barely move our heads"", especially as they wear a form of ""neck brace"".

RELATED
Is Brad Pitt's F1 Based On A True Story?

Brad Pitt & Top Gun: Maverick director Joseph Kosinski's upcoming high-octane racing movie F1 takes the celebrated motorsport to the big screen.

Combined with a halo on the top of their cars that ""has saved so many lives"", Idris feels that ""the physicality of it while driving"" is the real secret to becoming a Formula One racer, and was thus ""very surprising"" in how intense it was. ""The sport continues to grow in an innovative fashion with the design of the car, and we show all of that in a movie,"" Idris explained.

The Cast Were Surprised By How ""Grueling"" Being On A Formula One Team Is
""You'd Have To Love It To Do It.""

As the production followed the Formula One season across multiple countries, the F1 cast found themselves getting a first-hand look at just how intricate the sport is both on and off the track. One of the biggest surprises Idris found with the sport was ""the amount of media scrutiny"" that drivers endure during any given race, feeling it to be ""so overbearing"". He even went on to recall Pitt's honest opinion of this, feeling that drivers ""get it even harder than us as actors"", particularly since they ""have to get in a car and sometimes drive 75 laps with that level of pressure and still perform.""

For both Condon and Bardem, they found similar sentiments in what they took away from watching th"
"https://screenrant.com/squid-game-front-man-spinoff-chances-addressed-lee-byung-hun","OK","Menu
Close
MOVIES
SUBMENU
TV
SUBMENU
REALITY TV
SUBMENU
GAMING
SUBMENU
COMICS
SUBMENU
ANIME
SUBMENU
MUSIC
SUBMENU
NETWORK TV SCHEDULE
VIDEOS
THREADS
MORE
SUBMENU
Newsletter
Menu
SR Exclusives
SR Database
Summer Movie Preview
Network TV Schedule
Star Wars
Marvel
DC
Best on Streaming
""I Need To Tell You This"": Squid Game's Front Man Star Addresses Potential Netflix Spinoff After Season 3
By 
Abigail Stevens
Published Jun 18, 2025
Follow
Like
Thread
Link copied to clipboard
8.7/10
Squid Game
Favorite
Watchlist
10 stars
9 stars
8 stars
7 stars
6 stars
5 stars
4 stars
3 stars
2 stars
1 star
Review
Follow
36
Here is a fact-based summary of the story contents:
Here is a simplified version of the story contents:
Here is a lighthearted take on the story contents:

One of the stars of Squid Game just commented on the possibility of a spinoff following the series' explosive conclusion, arriving on Netflix on June 27, 2025. Becoming a global phenomenon when it premiered in 2021, Squid Game follows Gi-hun (Lee Jung-jae), who is recruited to a tournament where hundreds of cash-strapped individuals play deadly versions of children's games to win a life-changing cash prize. As the show progresses, Gi-hun finds himself in a literal and ideological battle with the Front Man (Lee Byung-hun), the manager of the Games.

Squid Game season 3 is to be the show's final outing, but during an interview on The Tonight Show, star Lee Byung-hun suggested that a spinoff focusing on the Front Man or another character could someday happen. Check out his comments below:

Okay, I need to tell you this. Uh, I'm not sure about that. But there's a possibility and we'll never know what happens.

What Lee Byung-hun's Comments Mean For A Squid Game Spinoff
It Could Happen...Someday

It makes a lot of sense that Netflix would want to continue the Squid Game franchise (David Fincher is currently developing an English-language tie-in) when it has been one of their heaviest hitters in recent years. Bringing the current series to a satisfying conclusion is undoubtedly a complicated task for the writers, so focusing on that and then revisiting the possibility of a sequel or spinoff series later is in their best interest. As Lee Byung-hun says it, this isn't something they are actively discussing at the moment, but it hasn't been ruled out.

RELATED
Squid Game Creator Addresses Whether Season 3 Will Have A Happy Ending

The Squid Game series creator is asked whether the Netflix show will have a happy ending and gives an appropriately ambiguous answer.

5

It's hard to tell whether a spinoff could be a good or a bad thing for Squid Game. However, the best prequel series of all time are a testament to the potential, and if Squid Game creator Hwang Dong-hyuk has a new idea that he believes in just as much, we could be seeing another massive thriller series from Netflix in the years to come. However, first is the conclusion to Squid Game that the cast and crew have all vouched for.

Our Take On The Possibility Of A Front Man Squid Game Spinoff
A Squid Game Spinoff Needs To Have Just As Sharp Themes

It could be difficult for a series following the Front Man, either In-ho or any of those that came before him, to find its purpose. A lot of the relevant thematic material surrounding this figure has been covered in Squid Game, and will probably be wrapped up by the time Squid Game season 3 ends. We have learned about the strenuous circumstances that led to In-ho becoming a player and have a sense of the cold pragmatism that he believes justifies the Games. What more is there to talk about?

But maybe a prequel series about the Front Man, or the very origins of the Games, could be a deeper and more effective look at this philosophy. Squid Game has to give focus to Gi-hun's unwavering belief that there is some good in humanity, which will probably be reflected in the series ending. However, perhaps we will eventually see an even darker tale, one with no bittersweet endings, only entirely grim ones.

Source: The Tonight Show

Squid Game
TV-MA
Action & Adventure
Mystery
Drama
Thriller
8/10
8.7/10
Release Date
2021 - 2025
Network
Netflix
Showrunner
Hwang Dong-hyuk
Cast
See All
Lee Jung-jae
Seong Gi-hun / 'No. 456'
Wi Ha-jun
Detective Hwang Jun-ho
WHERE TO WATCH
Directors
Hwang Dong-hyuk
Writers
Hwang Dong-hyuk
Creator(s)
Hwang Dong-hyuk
Powered by
Expand
Squid Game
Follow
Like
Share
THREAD

We want to hear from you! Share your opinions in the thread below and remember to keep it respectful.

Be the first to post
      Images

This thread is open for discussion.

Be the first to post your thoughts.

Terms
Privacy
Feedback
POPULAR
And Just Like That Season 3, Episode 6 Review: I'm So Glad Carrie Finally Said The Silent Part Out Loud About Her Relationship
And Just Like That...

I didn’t completely dislike it but it struggled to hold my attention.

14
By 
Mae Abdulbaki
3 days ago
Harry Potter's HBO Show Must Avoid The 16-Year-Old Weasley Family Plot Hole That The Movies"
"https://screenrant.com/squid-game-season-3-fan-theories-correct-reaction","OK","Menu
Close
MOVIES
SUBMENU
TV
SUBMENU
REALITY TV
SUBMENU
GAMING
SUBMENU
COMICS
SUBMENU
ANIME
SUBMENU
MUSIC
SUBMENU
NETWORK TV SCHEDULE
VIDEOS
THREADS
MORE
SUBMENU
Newsletter
Menu
3
SR Exclusives
SR Database
Summer Movie Preview
Network TV Schedule
Star Wars
Marvel
DC
Best on Streaming
Squid Game Creator & Stars Confirm Some Season 3 Theories Are Correct As They Read Fan Predictions
By 
Abigail Stevens
Published May 25, 2025
Follow
Like
Thread
3
Link copied to clipboard
8.7/10
Squid Game
Favorite
Watchlist
10 stars
9 stars
8 stars
7 stars
6 stars
5 stars
4 stars
3 stars
2 stars
1 star
Review
Follow
36

In a recent, tantalizing interview, Squid Game's creator and two of its lead stars read through some popular fan theories — and commented on how many of them might actually be correct. Squid Game season 3, the final installment, is expected to drop on Netflix on June 27, 2025. Still trapped in the games for the second time, Gi-hun (Lee Jung-jae) will likely continue to attempt to end the entire operation, spearheaded by the Front Man/In-ho (Lee Byung-hun), who Gi-hun was unaware was posing as a player for most of season 2.

Jung-jae and Byung-hun, along with series creator Hwang Dong-hyuk, sat down for a Netflix special where they reviewed some theories submitted for their consideration by fans (via Netflix K-Content). Much speculation has surrounded what games will be played in Squid Game 3. Check out the creator and actors' comments below:

Byung-hun: [Reading fan theory] In season 1, you can find out the games by looking at the walls. Looking at the walls in season 2, I'm guessing they'll be Monkey Bars, Human Chess, and Yunnori.

Hwang: In season 1, we drew the games on the walls, and as people were eliminated, you could get hints about the next game by looking at the walls. That was an Easter egg I hid. But I would never do the exact same thing in season 2. Frankly, the drawings on the walls have nothing to do with the games. I don't reuse devices like that. [Lee Jung-jae laughs]. I can tell you that for sure.

Byung-hun: Here's number two. [Reading] The game with Chul-su and Young-hee is definitely Open the East Gate. You can see the top of people’s heads lined up on the tracks. In front of Young-hee is the sunset, and behind her appears to be night, which applies to the lyrics of the song that go, ""The gate closes at midnight."" [Stops reading] We hadn't thought of that ourselves, but the fans came up with it.

Hwang: Fans are especially enthusiastic about what the games will be.

Lee Jung-jae: I'm guessing the age group of the person who wrote this is…I'm guessing they're on the older side. How about watching the next season to find out?

Hwang: You can find out shortly. It's coming soon.

Theories about secret familial relationships are often popular with mysterious stories, and some fans have speculated that Il-nam (O Yeong-su), the creator of the Games in Squid Game, could be the father of Gi-hun or In-ho, whose fathers are both unseen so far in the series. Check out the comments:

Hwang: [Reading] Young-il [In-ho's allias] is Il-nam's son. In season 1, Gi-hun mentions that he's lactose intolerant, and Il-nam says the same. In season 2, Young-il gives his milk to Jun-hee [Jo Yu-ri], saying he can't drink plain milk. [Stops reading] So both Gi-hun and Young-il are his sons? Does that make them brothers?

Byung-hun: I have no idea.

Hwang: Do you have different mothers? Were you supposed to be half-brothers?[…]

Byung-hun: A lot of people were saying that…that Young-il is Il-nam's son. I even asked the director when we were shooting because I wasn't sure. I think he told me that it's part of the many devices surrounding the Front Man that are designed to provoke people.

Hwang: Two people being lactose intolerant doesn't always mean they are related. A lot of people are that way.

However, possibly the most widely discussed potential outcome of Squid Game 3 is the theory that Gi-hun will become the new Front Man. When they got to this theory, this is what the trio said:

Hwang: [Reading] Player 456 [Gi-hun] will win the game and become the Front Man.

Byung-hun: I've heard that a lot too. Even before season 2 was released I heard a lot of fans saying this. I actually know what happens. I won't tell [all laugh].

Jung-jae: Is it human nature to want to be the Front Man once you win the game?

Hwang: I'm not sure. After the second win he would have about 90 billion won. And that's tax-free. Would he still really want to be the Front Man?

Jung-jae: Even after winning all that money, is it human nature to seek power, to end up like the Front Man? Why does everyone think that will happen?

Hwang: In-ho won the game and became the Front Man. So Gi-hun might also be corrupted in the process and follow in In-ho’s footsteps. Maybe that's what people think will happen.

The group kept fans on the edge of their seats, finishing with these comments:

Byung-hun: One of the theories today was half-right and half-wro"
"https://screenrant.com/star-wars-high-republic-youngest-jedi-vern-anakin","OK","Menu
Sign In Now
Close
MOVIES
SUBMENU
TV
SUBMENU
REALITY TV
SUBMENU
GAMING
SUBMENU
COMICS
SUBMENU
ANIME
SUBMENU
MUSIC
SUBMENU
NETWORK TV SCHEDULE
VIDEOS
THREADS
MORE
SUBMENU
Sign In
Newsletter
Menu
Sign In Now
SR Exclusives
SR Database
Summer Movie Preview
Network TV Schedule
Star Wars
Marvel
DC
Best on Streaming
Star Wars Reveals Anakin Skywalker Wasn't The Youngest Jedi Knight
By 
Thomas Bacon
Published Jan 10, 2021
Follow
Like
Link copied to clipboard
RELATED
Charlize Theron's New Netflix Action Thriller Debuts With Underwhelming Rotten Tomatoes Score
MCU Fans Are Fighting Back On Rotten Tomatoes After Ironheart Review Bombing
Christopher Nolan’s The Odyssey Trailer Shows Matt Damon as Odysseus And Tom Holland Uncovering A Mystery
Sign In To Your ScreenRant Account

Star Wars has revealed Anakin Skywalker wasn't the only young prodigy to become a Jedi Knight - in fact, one Padawan passed the Trials at age fifteen. The Jedi Code divides the Jedi into six ranks: Initiate, Youngling, Padawan, Knight, Master, and Grandmaster. Padawans are essentially trainee Jedi, apprenticed to a more experienced member of the Order in order to learn from them.

No doubt Anakin Skywalker was something special. He was the Chosen One, destined to bring balance to the Force, and his midi-chlorian count was higher than even Master Yoda's. As a result, although Anakin only joined the Jedi Order when he was nine years old, he became a Jedi Knight just ten years later. His natural talent in the Force meant he learned at an unprecedented rate, and presumably Obi-Wan Kenobi was a good teacher. But, while Anakin Skywalker was clearly a prodigy, he wasn't actually the youngest Padawan to ever become a Jedi Knight - nor, presumably, was he the Padawan who required the least training.

RELATED: 
Star Wars Reveals How Palpatine Cut The Jedi Off From The Force

Justina Ireland's novel A Test of Courage is set at the height of the High Republic Era, some 200 years before the events of Star Wars: Episode I - The Phantom Menace. It stars Jedi Knight Vernestra Rwoh, a Mirialan Jedi Knight who successfully completed the Jedi Trials at age 15. This accomplishment is all the more impressive given it's unlikely Vernestra was chosen as a Padawan until she was nearing her teenage years - meaning she needed remarkably little training.

In Anakin's case, the Jedi made a mistake in Knighting Anakin before he was ready; he was far from committed to the light side, as they ultimately learned to their cost. But A Test of Courage demonstrates Vernestra was remarkably sensitive to the Force. A few weeks before the events of A Test of Courage, Vernestra sensed the Force giving her a completely new design for her lightsaber, and she transformed her lightsaber into a lightwhip. This degree of Force-sensitivity is unprecedented, even for the High Republic Era - a time before the shroud of the dark side had fallen across the galaxy.

There have likely been many child prodigies in the history of the Jedi Order, and Vernestra Rwoh is an impressive one indeed. Of course, as powerful and sensitive to the Force as she may have been, the truth is that Anakin is still something very different; he is the Chosen One, a once-in-eternity event, a Force vergence in his own right. Although Anakin made a poor Jedi, he served the will of the Force, and in the end he brought the Force back into balance. That was an accomplishment even a Jedi like Vernestra Rwoh could never manage.

MORE: 
Star Wars Confirms Two New Jedi Grandmasters In Canon

Movies
Movie News
SR Originals
Follow
Like
Share
POPULAR
""It Looks Cool But Doesn't Make Sense"": Clint Eastwood's $121M War Movie Fumbles Basic Marine Corps Action Despite High Expert Score
Heartbreak Ridge

A former Marine Corps special operations team leader has given his views on the inaccuracies seen throughout a 1980s Clint Eastwood war movie.

65
By 
Stephen Holland
6 days ago
Amazon's Next James Bond Actor Shortlist Is A Harsh Reality Check
33
By 
Adam Bentz
6 days ago
James Gunn Explains Why Superman Bleeds And How His Man Of Steel's Powers Compare To Other Versions
25
By 
Felipe Rangel
5 days ago
James Gunn's Superman Movie Cut A Controversial Scene After Really Negative Test Screening
13
By 
Felipe Rangel
4 days ago
There's Only One Way Obi-Wan Kenobi Season 2 Could Ever Work
10
By 
Liz Declan
5 days ago
10 Kids' Movies That Are Actually Terrifying
45
By 
Alexander Valentino
Jun 28, 2025
RECOMMENDED
Jurassic World Rebirth's Parallels To Spielberg's $477M Classic In One Major Scene Addressed By Director
Jurassic World Rebirth

EXCLUSIVE: Director Gareth Edwards breaks down the important parallels between Jurassic World Rebirth and Jaws during a pivotal scene.

6 hours ago
Alien: Earth Is Putting A Very Dark Spin On The Franchise's Riskiest Concept
Alien: Earth

Alien: Earth's new Hybrid synthetics are set to add a dark new twist to one of the franchise's core elements that could redefine humanity's future.

5 hours ago
10 Years L"
"https://screenrant.com/star-wars-movies-anakin-vader-age-how-old","OK","Menu
Close
MOVIES
SUBMENU
TV
SUBMENU
REALITY TV
SUBMENU
GAMING
SUBMENU
COMICS
SUBMENU
ANIME
SUBMENU
MUSIC
SUBMENU
NETWORK TV SCHEDULE
VIDEOS
THREADS
MORE
SUBMENU
Newsletter
Menu
SR Exclusives
SR Database
Summer Movie Preview
Network TV Schedule
Star Wars
Marvel
DC
Best on Streaming
How Old Anakin Is In Each Star Wars Movie & TV Show (Including As Darth Vader)
By 
Mansoor Mithaiwala
Updated 
Oct 16, 2024
Follow
Like
Thread
Link copied to clipboard
RELATED
Anakin & Ahsoka's History In Star Wars Explained
James Gunn Reveals His Thoughts About The DCU Batman Costume & Whether He Will Wear The Trunks Like Superman
There's Only One Way Obi-Wan Kenobi Season 2 Could Ever Work
Custom Image by Ana Nieves

Anakin Skywalker's age has been a contentious topic when discussing the Star Wars prequels, particularly how old he was in the first two films. First introduced as Darth Vader in George Lucas' first Star Wars movie (later retitled A New Hope), Anakin Skywalker is one of the franchise's most enduring characters. He's a major figure in both the original trilogy and the prequels, and his legacy runs on into the sequel era.

Chronologically, Anakin first appeared in Star Wars: Episode I - The Phantom Menace and last appeared in Return of the Jedi. He lived a long and eventful life, fighting in the Clone Wars, becoming the youngest member ever to join the Jedi Council, and co-ruling the galaxy as a Dark Lord of the Sith. Here's how old Anakin Skywalker is in each Star Wars movie and TV show.

Anakin Skywalker Was Nine Years Old In The Phantom Menace
32 BBY

Anakin Skywalker was born in 41 BBY (""Before the Battle of Yavin,"" the event around which the entire Star Wars timeline is oriented). This means he is 9 years old when he joins the Jedi in Star Wars: Episode I - The Phantom Menace, unusually old to be recruited to the Jedi. He immediately became infatuated with Padmé Amidala, sensing through the Force that they would one day marry - even if he didn't know this was forbidden under the Jedi Code at that early an age.

Anakin Skywalker Was 19 Years Old In Attack Of The Clones
22 BBY

The prequel trilogy fast-forwards by a decade, meaning Anakin Skywalker was 19 years old in Star Wars: Episode II - Attack of the Clones - which might help explain why he's so clumsy at romance. Anakin married Padmé at the end of this movie. According to Mike Chen's canon novel Brotherhood, Anakin became a Jedi Knight some weeks later, with the Jedi Council viewing his experiences on Geonosis as sufficient to pass the Jedi Trials.

The Clone Wars Took Three Years
22 BBY to 19 BBY

As the Jedi general of the 501st Legion, Anakin played a pivotal role during the Clone Wars, which lasted for three years, as depicted in Star Wars: The Clone Wars. Starting out as a 19-year-old general, Anakin grew immensely during this time, when he spent the ages of 20, 21, and 22 not only leading his men into battle, but also teaching his own Padawan, Ahsoka Tano. Having so much responsibility helped to mold Anakin into a brave, loyal, and caring leader who was renowned across the galaxy.

RELATED
Anakin & Ahsoka's History In Star Wars Explained

Anakin Skywalker and Ahsoka Tano have a meaningful, yet tragic relationship in Star Wars. How did they meet, and what happened between them?

These formative years for Anakin helped him to become the hero that he was at the time of his descent into darkness. The young man Anakin was at 19 was vastly different from who he was at 22, due to how the fighting in this war shaped him. Still, his young age made his heroics and his leadership absolutely impressive, which he was often praised for during that time.

Anakin Skywalker Was 22 Years Old In Revenge Of The Sith
19 BBY

Star Wars: Episode III - Revenge of the Sith picks the movies back up at the end of the Clone Wars, when every battle he's fought is beginning to culminate. Anakin Skywalker is 22 years old at this point in the timeline, a crucial moment in his life when he falls to the dark side and becomes Darth Vader. His fall is a result of years of trauma, manipulation, and fear, turning what used to be his greatest strengths during the war against himself.

Darth Vader Was 32 In The Obi-Wan Kenobi Disney+ TV Show
9 BBY

Obi-Wan Kenobi is next in the Star Wars timeline, taking place exactly ten years after Obi-Wan left his former apprentice for dead on the lava fields of Mustafar. This means Darth Vader is 32 in Obi-Wan Kenobi (his master, in contrast, is 48). The age difference didn't work in Darth Vader's favor, though, as he ultimately lost another duel with Obi-Wan.

Darth Vader Was 41 Years Old In Rogue One & A New Hope
0 BBY

The Star Wars movies fast-forward again to the end of the Dark Times of the Empire's reign. Both Rogue One: A Star Wars Story and A New Hope are set when Darth Vader is 41 years old, with the Dark Lord of the Sith facing Obi-Wan for the last time. He has no idea the boy he almost shoots down during the Battle of Yavin is his son.

Darth"
"https://screenrant.com/teen-mom-leah-messer-talks-jason-jordan-split","OK","Menu
Sign In Now
Close
MOVIES
SUBMENU
TV
SUBMENU
REALITY TV
SUBMENU
GAMING
SUBMENU
COMICS
SUBMENU
ANIME
SUBMENU
MUSIC
SUBMENU
NETWORK TV SCHEDULE
VIDEOS
THREADS
MORE
SUBMENU
Sign In
Newsletter
Menu
Sign In Now
SR Exclusives
SR Database
Summer Movie Preview
Network TV Schedule
Star Wars
Marvel
DC
Best on Streaming
Teen Mom: Leah Messer Opens Up Following Her Split from Jason Jordan
By 
Lori Bashian
Published Jun 6, 2021
Follow
Like
Link copied to clipboard
RELATED
Lilo & Stitch 2 Remake Could Adapt These 10 Movies & TV Episodes Into Live-Action
James Bond's Best 3 Minutes Perfectly Sum Up 007's Entire Franchise
10 Great Disney Movies You Forgot Existed
Sign In To Your ScreenRant Account

During a recent Instagram Q&A, Teen Mom 2's Leah Messer discussed whether or not she thinks love is in the cards for her after her 2019 breakup from Jason Jordan. Leah has had a rough road when it comes to love and romance. When Teen Mom fans first met Leah in season 1 of the show, she was engaged to her baby daddy Corey Simms. The two were very happy together, but after two admissions of cheating on Leah's part, the relationship came to a messy end. It was clear that ending the marriage devastated them both, but it was hard for Corey to come back from and trust Leah after she cheated. They struggled for a while to get on the same page when it came to co-parenting, but the two have since found a way to meet eye to eye and are on much better terms.

Following her divorce from Corey, Leah's next big relationship was with Jeremy Calvert. The couple got together two months after Leah filed for divorce from Corey. After only eight months of dating, the happy couple were married in April of 2012. Less than a year after their wedding, the Teen Mom pair welcomed their first child together (Leah's third), a daughter named Adalynn. It wasn't long before the fighting began, and fans began to see the cracks in their relationship. Leah was not happy with Jeremy's work schedule, as he was away for long periods at a time. She felt that much of the burden of raising the kids was left on her shoulders. She was also battling an addiction at the time, which created a further divide. They divorced in 2015 after three years of marriage.

RELATED: 
Teen Mom 2: Inside Kailyn Lowry’s Domestic Violence Arrest

During a recent Q&A, Leah discussed another one of her famous relationships, and whether or not she thinks she'll find love again after her break-up with Jason Jordan. As In Touch Weekly reports, Leah said she is trusting ""divine timing"" when it comes to finding love again. Finding a new partner is not the biggest priority in her life at the moment, so she isn't stressing about when Mr. Right will come around. She says that whatever is meant to be will be, and when the time is right she will welcome someone new into her life with open arms. What she is focusing on right now is raising her three daughters to be the best women they can be.

In the past, she has talked about why she thinks her relationship with Jason didn't exactly go the way she had hoped. In an episode of Teen Mom 2, Leah said she realized after a while that her heart was just not in it anymore and claims even the Teen Mom star's daughters could recognize that. Leah claims their perspectives were different on a lot of topics, and they could not find a way to see things the way the other did, which made for a toxic connection. When Jason wanted to work on it, Leah was wise enough to recognize the toxicity of the relationship and decided to end it. She says she is in such a great place in her life now and won't accept anyone in unless she feels he is the right person for her.

What fans of the show are really wondering is if there is any chance that Leah and Jeremy will get back together. Now that Leah is taking the approach of leaving things up to divine intervention, there is a higher likelihood that that could be a possibility. The Teen Mom pair has always gotten along great and have an amazing co-parenting relationship. They almost got back together a few years ago but decided not to jeopardize their co-parenting relationship for the sake of their daughter. Fans will just have to wait and see if sparks fly when Jeremy appears on Teen Mom 2 next.

Teen Mom 2 airs Tuesdays at 8pm on MTV.

NEXT:
Teen Mom: Leah Says She's Done Having Kids But Would've Liked A Son

Source: In Touch Weekly

Reality TV
Teen Mom
Teen Mom 2
Follow
Like
Share
POPULAR
10 Recent Martial Arts Films That Feel Like Old-School Kung Fu Movies

Martial arts movies are still going strong, with many fantastic modern films emulating the style and substance of the classic old school staples.

By 
Alexander Valentino
3 hours ago
This Last Of Us Part 2 DLC Pitch Has Me Fully Convinced It's The Best Next Move For Naughty Dog
By 
Chris Carter
4 hours ago
""There Were A Lot Of Politics"": Arrowverse Star Addresses Cancelled Green Lantern Storyline & Reacts To James Gunn's DCU Reboot
By 
Andy Behbakht
3 hours ago
Transfor"
"https://screenrant.com/tesla-supercharger-host-eligibility-apply-explained","OK","Menu
Close
MOVIES
SUBMENU
TV
SUBMENU
REALITY TV
SUBMENU
GAMING
SUBMENU
COMICS
SUBMENU
ANIME
SUBMENU
MUSIC
SUBMENU
NETWORK TV SCHEDULE
VIDEOS
THREADS
MORE
SUBMENU
Newsletter
Menu
SR Exclusives
SR Database
Summer Movie Preview
Network TV Schedule
Star Wars
Marvel
DC
Best on Streaming
How To Become A Tesla Supercharger Host
By 
Michael Akuchie
Published Oct 11, 2022
Follow
Like
Link copied to clipboard
RELATED
10 Years Later, I Finally Get Nintendo's Refusal To Adopt One Groundbreaking Technology
Stranger Things Season 5's Surprising New Characters Risk Repeating One Of The Biggest Season 4 Complaints
Michael Keaton's Only Horror Movie Is A 20-Year-Old Stinker That Tore Up The Box Office Rule Book
Image: Tesla

Anyone interested in increasing their business' popularity and earnings can apply to become a Tesla Supercharger host. With electric vehicles beginning to dominate the automobile industry, applying to have a Supercharger installed on-site could be a wise business decision. Tesla is a big name in the EV segment, with its models topping the list of best-selling electric cars.

Currently, Tesla's Supercharger network comprises over 35,000 chargers spread across approximately 4,000 stations worldwide. Its network enjoys heavy patronage, mainly because users can experience DC fast charging. With fast charging, drivers on the go can add more miles of range in a short time. Although more people are opting to drive an electric car, there have been concerns about range and charging. Range anxiety is a reality that comes with EV ownership, and it's more evident for non-Tesla owners. Fortunately, Tesla has confirmed that it will allow non-Tesla EVs to use its Supercharger network.

RELATED:
Non-Tesla Owners Could Soon Get A Supercharger Membership Package

While the owners of non-Tesla EVs struggle with the limited public charging stations provided by companies like ChargePoint and EVgo, Tesla EVs users only need to find their nearest Supercharger and plug in. While charging at home is considerably inexpensive compared to public charging, the latter is essential for quick top-ups on the go. As part of efforts to widen its network of chargers, Tesla currently runs a Supercharger Host program. Businesses like hotels, restaurants, and convenience stores can register to have a Supercharger installed on their property. The best part is that Supercharger hosts don't need to advertise to attract customers. Tesla EVs can direct drivers to nearby Superchargers using inbuilt navigation. Also, it should be noted that any business that gets approval to host a Supercharger won't be charged anything for installation. Tesla will be accountable for installation and maintenance.

Tesla Supercharger Host Requirements

Hosting a Supercharger increases the visibility of a business and pretty much guarantees that the business will receive customers, whether repeat or new. Potential Supercharger hosts should know that Tesla selects businesses based on its current market expansion needs. Also, stores or hotels located on popular routes and destinations are more likely to be selected. Ideally, a Supercharger host should have eight or more parking slots available.

Additionally, potential hosts are expected to provide amenities like restrooms and Wi-Fi connectivity. On the online form, applicants have to supply personal details and also indicate what type of property they own. Available options include grocery stores, restaurants, shopping centers, etc. There's also a section where applicants can specify which category they belong to, such as Developer, Property Manager, or Municipality. Upon submission, Tesla will review the application and contact those interested to share more details. Tesla makes the final selection based on market needs and the location of the business.

NEXT:
Tesla Will Allow Businesses To Charge For Destination Chargers

Source: Tesla

Tech
Follow
Like
Share
POPULAR
How Much It Costs To Charge A Tesla
Tech

Everyone knows that EVs are cheaper to charge than it costs to refuel a gas car. But exactly how much will you pay to charge a Tesla? Let's find out.

By 
Alan Truly
May 12, 2022
10 Unfairly Hated Fantasy Movies That Are Better Than You Remember
1
By 
Dalton Norman
6 hours ago
Stephen King Shares A Major Update For His Next Dark Tower Book
By 
Matthew Rudoy
5 hours ago
Steven Spielberg's Review Of Jurassic World Rebirth Revealed By Director
By 
Ryan Northrup
6 hours ago
Transformers Just Confirmed A Harsh Reality About The $5.4 Billion Franchise After 18 Years
By 
Max Ruscinski
4 hours ago
Jurassic World Rebirth Overturning One Character's Death Is A Huge Relief
By 
Karlis Wilde
4 hours ago
RECOMMENDED
This Heartbreaking Line In Sinners Proves Why The Divisive Post-Credits Scene Is Essential
Sinners

After living as a vampire for many decades, Stack returns to have one last conversation with Sammie during the post-credits scene of Sinners.

15 minutes ago
Box Office (Sunday Update): Jurassic World Rebirth Stomps"
"https://screenrant.com/the-forest-cheat-codes-pc-ps4","OK","Menu
Sign In Now
Close
MOVIES
SUBMENU
TV
SUBMENU
REALITY TV
SUBMENU
GAMING
SUBMENU
COMICS
SUBMENU
ANIME
SUBMENU
MUSIC
SUBMENU
NETWORK TV SCHEDULE
VIDEOS
THREADS
MORE
SUBMENU
Sign In
Newsletter
Menu
Sign In Now
SR Exclusives
SR Database
Summer Movie Preview
Network TV Schedule
Star Wars
Marvel
DC
Best on Streaming
The Forest: Most Useful Cheat Codes (PC and PS4)
By 
Maria Meluso
Published May 17, 2020
Follow
Like
Link copied to clipboard
RELATED
30 Years Later, I Finally Understand Why This RPG Should've Been The Best Final Fantasy Game
Yoshi-P Is Right: Quitting FFXIV Is The Best Thing You Can Do
This Kojima Sequel With A 96 Metacritic Score Puts Death Stranding 2 To Shame
Sign In To Your ScreenRant Account

Fans of survival games may find the open world, horror style of The Forest unnerving, and that's exactly the draw. After the players survive a plane crash at the start of the game, they must find a way to stay alive in the depths of a dense forest with little more than a weak ax for protection and to find food and build supplies. A society of cannibals and mutants living in the forest complicates matters for the player and adds to the sense of terror and urgency.

RELATED: 
Saints Row IV Re-Elected: Every Cheat Code (& How To Use Them)

With so much going on in-game, and with perils waiting at every turn, players may struggle to survive. Thankfully, the developers of the game included some cheats to help players along the way. There are many cheats for the game, ranging from rendering players entirely immortal to making building and crafting far more efficient. However, only some cheats will work on PlayStation 4 (unless the player has a wireless keyboard installed), while several more will be available on the PC version of the game. Here are the most useful cheat codes in the game and how they can help, hurt, or enhance gameplay.

How to Enter Gamemode Cheats in The Forest for PC and PlayStation 4

The easiest cheats to enter in The Forest do not require players to open any special consoles. Players only need to type them in on the main menu for them to work. However, there is no confirmation that a code has been entered. Players should be aware that entering the code a second time will disable it.

These are the cheats that can be entered by typing them in on the main menu:

 ironforest: Buildings become indestructible.
 meatmode: Cheats are disabled.
 rawmeatmode: The game becomes more challenging, so when the player dies, the entire save file is deleted and the player must start again.
 regrowmode: Also available in-game options, this allows 10% of fallen trees to grow back while the player sleeps.
 veganmode: Cannibals and mutants only appear in caves.
 vegetarianmode: Cannibals and mutants only appear at night.
 woodpaste: Holes in materials will reset.

Other cheats in the game will require the use of console commands.

How to Enter Console Command Cheats in The Forest

Players wanting to further customize their game can do so with hundreds of options and without needing to download and use mods. To access all these options, players will need to open the game in developer mode. This works best on PC and will only work on PS4 if the player has a USB keyboard installed.

Players should first ensure within the game settings menu that cheats are enabled, or these codes will not work. Then, on the main title screen for the game, players should type developermodeon. The game will not indicate whether this has worked, so the player should press F1 to check. If this does not work, players should check to see if their F lock is on, which will prevent the use of those keys.

There are several important commands within the console that players should know.

 To toggle the console, press Z. To turn the console on or off, press F1.
 To display the console log and status, press X or ~. To turn the console log and status on or off, press F2 or ~.
 To display player stats, press C. Press F3 to turn stats on or off.
 To cycle through previous commands, use the up and down arrow keys.
 To make changes to commands, use the left and right arrow keys.
 To execute a command, press Enter.
 To repeat the same command multiple times, press F1, type in the command, press Enter, press F1, and press the up arrow to return to that same command and execute it again. When adding game items, it helps to first press C on the spawned item before pressing F1 and the up arrow again.

Once players get comfortable operating console commands, they can change their game to best fit their playing style. However, they should always exercise caution in this mode, as some cheats or commands will delete saved games or negatively affect saved games.

Most Useful Cheats in The Forest

While there are hundreds of cheats to choose from, changing everything from game difficulty to clothing, there are a few more popular and useful ones. These are more ubiquitous options to make life in the game simpler or more challenging, depending on playing st"
"https://screenrant.com/tracker-season-2-episode-20-review","OK","Menu
Close
MOVIES
SUBMENU
TV
SUBMENU
REALITY TV
SUBMENU
GAMING
SUBMENU
COMICS
SUBMENU
ANIME
SUBMENU
MUSIC
SUBMENU
NETWORK TV SCHEDULE
VIDEOS
THREADS
MORE
SUBMENU
Newsletter
Menu
2
SR Exclusives
SR Database
Summer Movie Preview
Network TV Schedule
Star Wars
Marvel
DC
Best on Streaming
Tracker Season 2, Episode 20 Review: The Finale Finally Answers The Big Question & Ends On An Exciting Cliffhanger That Will Shake Up Season 3
By 
Rose Graceling-Moore
Published May 12, 2025
Follow
Like
Thread
2
Link copied to clipboard
9.2/10
Tracker
Favorite
Watchlist
10 stars
9 stars
8 stars
7 stars
6 stars
5 stars
4 stars
3 stars
2 stars
1 star
Review
Follow
27

Warning: This article contains SPOILERS for Tracker season 2, episode 20

Tracker has had something of an inconsistent second season - but the season 2 finale, ""Echo Ridge"", knocks it out of the park. It left me incredibly excited for season 3. Not only did the finale end on an epic cliffhanger, but it is setting up season 3 to be the best yet, which is impressive, given that at points in season 2, I was worried the show had lost its way. However, episode 20 ticks every box when it comes to what makes Tracker work.

The episode takes place in (no surprise, given the title) Echo Ridge, which is where Colter Shaw (Justin Hartley) was living as a child after his father took the family off-grid. He's been called in for a case, as usual, but because this is in his childhood home, we get to see him reconnect with people he knew. It's surprisingly lovely. At the same time, things get incredibly dark as he uncovers a child trafficking operation, so this is not an episode of sweetness and light — it's an excellent balance.

The case itself isn't the focus, and neither is Colter reuniting with friends in the woods. It's the dynamic between him and his mother, who really, really doesn't want him to keep following up on his father's death. Initially, this is nothing new, and the assumption is that she doesn't want him to become obsessed. However, the episode ends on the most intense cliffhanger of the series — and it's one that changes everything for Colter Shaw.

Echo Ridge Is Something Entirely New For Tracker (& It Works)
If This Is What's Coming In Season 3, I'm On Board

Tracker deviates from the standard formula in multiple ways in this episode, making it a standout for the show. Some of the changes are smaller, like the decision to have Colter find his target... but not until after they have been murdered. It was actually something of a shock to realize that Colter was going to be too late to save the day, as this has previously been saved for colder cases.

It works because the case doesn't end there. Colter continues to hunt down Carl Murphy, who was involved in child trafficking, and eventually gets the FBI on board to save an entire group of kidnapped children. This lets Tracker have a happy ending, and Colter continues to be a hero, but it still creates space for a darker episode where he doesn't save the day entirely.

It's not the only way that ""Echo Ridge"" gets dark, either. Colter isn't pulling punches in this one, as he shoots to kill, not to wound, with one exception. When chasing down Carl Murphy, he very calmly and intentionally shoots him in the legs to stop him running, and then threatens to cut off his fingers to make him talk. I've previously complained about Colter being a little too squeaky clean this season, so I was surprised, but thrilled to see him give in to his dark side a little bit.

Finally, this is one of very few episodes where there are two plotlines and they directly connect. Previous episodes this season have seen lackluster cases where a secondary plot (usually Reenie and Leo) is given equal screentime, but ""Echo Ridge"" works because the two plotlines are actually interconnected. We've seen this in the past with ""Ontological Shock"", but never to this extent. Bringing them together so completely works perfectly, meaning that the case of the week still has room to breathe, and the story isn't jumping between the two plotlines awkwardly.

We Need To Talk About Tracker's Cliffhanger
Otto's Big Reveal Changes Everything For The Show

Obviously, the biggest moment of the episode is the very end, when Colter tracks down Otto Waldron (Alex Fernandez), the trafficker's uncle, and their conversation ends with a gun pointed at Otto, a single tear, and the reveal that it's Colter's mother who is behind his father's death. If you had told me before watching that the episode would reveal who actually pushed Asher off the cliff and who they were working for, I would have been furious, because it sounds like that is a sloppy conclusion to a two-season long mystery. And I would have been wrong.

The reveal adds complexity to a plot that would otherwise have been at risk of devolving into a straightforward government cover-up. Now that Mary Dove Shaw (Wendy Crewson) is involved, it raises a whole host of new questions. Is Mary working with the government?"
"https://screenrant.com/windows-11-move-taskbar-left-how-tutorial","OK","Menu
Sign In Now
Close
MOVIES
SUBMENU
TV
SUBMENU
REALITY TV
SUBMENU
GAMING
SUBMENU
COMICS
SUBMENU
ANIME
SUBMENU
MUSIC
SUBMENU
NETWORK TV SCHEDULE
VIDEOS
THREADS
MORE
SUBMENU
Sign In
Newsletter
Menu
Sign In Now
SR Exclusives
SR Database
Summer Movie Preview
Network TV Schedule
Star Wars
Marvel
DC
Best on Streaming
How To Move Windows 11 Taskbar To The Left And Stop Hating Your Computer
By 
Joseph Maring
Published Oct 31, 2021
Follow
Like
Link copied to clipboard
RELATED
Xbox Exclusive From Legendary Studio Gets Cancelled Amid Microsoft Layoffs
10 Years Later, I Finally Get Nintendo's Refusal To Adopt One Groundbreaking Technology
I Desperately Need Derek Morgan To Save Penelope Garcia From Criminal Minds: Evolution Continuously Failing Her
Sign In To Your ScreenRant Account

One of the biggest visual changes in Windows 11 is the centered Taskbar, and for folks who absolutely can't stand it, there is a way to move it back to the left. Microsoft didn't hold back with its Windows 11 update. After launching Windows 10 in 2015 and supporting it with numerous incremental updates since then, Windows 11 marks a monumental shift forward for the operating system.

SIGN UP FOR FREE
Personalize your profile with your interests
Join or start Thread conversations
Review, rate, and share your thoughts
Follow, like, and share with friends
or Sign in with
Sign in with Google
Sign in with Email

RELATED:
How To Quickly Find Your Saved Wi-Fi Passwords In Windows 11

Unfortunately, not every change is seen as a positive one. One of the most controversial elements of Windows 11 is the Taskbar. After years of being placed on the bottom-left of the screen, Windows 11 moves it to the center. It doesn't sound like a huge deal, but with years of muscle memory expecting it to be on the left, moving the Taskbar to the center can be quite jarring. Thankfully, moving it back to the left — aka the correct spot — takes just a few seconds.

Moving The Windows 11 Taskbar Is Extremely Easy

To move the Windows 11 Taskbar, start by opening the Settings app and click the 'Personalization' tab on the left menu. Click the 'Taskbar' button, click 'Taskbar behaviors,' and click the dropdown button next to 'Taskbar alignment.' Click 'Left,' and the Taskbar instantly moves to the same spot it was in Windows 10, Windows 8.1, and so. If someone moves the Taskbar to the left but ends up wanting in back in the middle, simply go through the steps above and choose 'Center' from the 'Taskbar alignment' area.

It's also worth pointing out that left and center are the only two positions the Taskbar can be in. While previous Windows versions also allowed it to be on the top or sides of the screen, those options do not exist in Windows 11. It's possible Microsoft re-enables that functionality with future software updates, but for now, left and center are all that's available.

NEXT: 
How To Enable 'Nearby Sharing' For Faster Windows 11 File Transfers

Source: Microsoft

Tech
Microsoft
Windows
Follow
Like
Share
POPULAR
Jurassic World Rebirth Sets Up A Wildly Different Future For The Franchise
Jurassic World Rebirth

Jurassic World Rebirth takes the blockbuster franchise in a new direction after introducing a new way for dinosaurs to impact humanity.

By 
Ross Tanenbaum
6 hours ago
Timothy McGee's NCIS Exit Path Is Clear Thanks To An Odd Villain's Return
By 
Ana Dumaraog
2 hours ago
Rise Of Skywalker Secretly Made Palpatine's Plan For Anakin Skywalker So Much Better
By 
Liz Declan
3 hours ago
This Heartbreaking Line In Sinners Proves Why The Divisive Post-Credits Scene Is Essential
By 
Max Ruscinski
15 minutes ago
""There Were A Lot Of Politics"": Arrowverse Star Addresses Cancelled Green Lantern Storyline & Reacts To James Gunn's DCU Reboot
By 
Andy Behbakht
3 hours ago
Stranger Things Season 5's Surprising New Characters Risk Repeating One Of The Biggest Season 4 Complaints
By 
Nathan Graham-Lowery
6 hours ago
RECOMMENDED
Upcoming Lord Of The Rings Movie Will Turn The Franchise's Biggest Heroes Into Villains
The Lord of the Rings: The Hunt for Gollum

The upcoming Hunt for Gollum installment is likely going to flip the role of some of Lord of the Rings' most iconic heroes in a unique way.

4 hours ago
Netflix's 3 Best Horror Shows Have One Thing In Common – And Make This Upcoming Series More Exciting
The Haunting of Hill House

The best horror TV shows on Netflix have one key thing in common, which makes an upcoming Amazon Prime Video series even more exciting.

6 hours ago
Alien: Earth Is Putting A Very Dark Spin On The Franchise's Riskiest Concept
Alien: Earth

Alien: Earth's new Hybrid synthetics are set to add a dark new twist to one of the franchise's core elements that could redefine humanity's future.

5 hours ago
James Bond's Best 3 Minutes Perfectly Sum Up 007's Entire Franchise
James Bond

One scene from an early James Bond movie set the tone for the entire franchise, and it’s still a masterclass in tension over 60 years later.

5 hours ago
It May Be Im"
"https://sdperio.com/can-receding-gums-grow-back","error",""
"https://shortpixel.com/blog/compress-jpeg-images-without-losing-quality","error",""
"https://shortpixel.com/blog/image-file-size-reducer","OK","Skip to content
Compress
Products
Pricing
More
Free Sign Up
Image File Size Reducer: How to Compress Your Images in Seconds
ANDREI ALBAFEBRUARY 12, 2025IMAGE OPTIMIZATION

Whether you’re managing a website, sending images via email, or optimizing storage space, large image files can be a hassle.

They take up storage, slow down websites, and can be difficult to share. Fortunately, with the right approach, you can reduce image file size without compromising too much on quality.

In this guide, we’ll explore why it’s important to shrink image file sizes, the best methods to do so, and the image file size reducer tools that make the process easy.

Quick Takeaways

Reducing image size without visible quality loss can be done through compression. Tools like ShortPixel make this process easy and effective.
Images often contain more resolution than needed. Resizing the image to the exact display dimensions reduces file size significantly.
Choose the right format for your image (JPEG for photos, PNG for transparency, WebP/AVIF for web optimization) to ensure efficient file size.
Stripping unnecessary metadata from images helps reduce size without affecting quality.
ShortPixel is a great tool for efficient image compression.
Optimize images differently for websites, social media, emails, and print based on their specific requirements.
Over-compressing images can lead to poor quality, and wrong file formats can cause bloated sizes or quality loss.
Test before saving, use the right tool for the task, backup originals, batch process when needed, and optimize regularly.
Table of Contents  hide 
Why it’s important to reduce image size
Methods to reduce image file size
Best tools for reducing image file size
How to optimize image file size for different use cases
Common problems when reducing image file size
Tips for efficient image optimization 🚀
Conclusion
FAQs
Why it’s important to reduce image size

Reducing image file size isn’t just about saving storage space; it affects multiple aspects of digital performance. Here’s why optimizing images is crucial:

✅ Faster website loading times

Large images slow down websites, leading to higher bounce rates. A website that loads quickly improves user experience and boosts SEO rankings.

✅ Better performance on mobile devices

Mobile users have limited data and bandwidth. Compressing images ensures faster load times and reduces data usage for users on cellular networks.

✅ Easier file sharing

Sending large image files via email or messaging apps can be frustrating due to file size limits. A reduced image file size makes sharing more efficient. Learn specifics on how to compress images for email.

✅ Storage optimization

Large image files consume a lot of storage space on devices and cloud services. Compressing images helps maximize available space without sacrificing quality.

✅ Better SEO rankings

Search engines prioritize fast-loading pages. Optimized images help improve general and image SEO, increasing the chances of ranking higher in search results.

Methods to reduce image file size

There are multiple ways to shrink images while maintaining quality.

The best method depends on the purpose of the image and the level of quality required.

1. Compress the image

One of the most effective ways to reduce an image’s file size is through compression.

Compression works by optimizing the way data is stored within the file.

For quick and easy compression, ShortPixel Online Image Compression is an excellent tool that allows you to upload images, compress them automatically, and download optimized versions without a visible loss in quality.

It supports various formats, including JPEG, PNG, GIFs, as well as WebP/AVIF generation.

If you’re managing a WordPress website, you can automate this process using the ShortPixel Image Optimizer plugin.

2. Resize the image

Many images are much larger than they need to be, especially if they come from a high-resolution camera or a stock photo website.

Reducing the image dimensions (width and height) can significantly lower the file size while keeping the image sharp.

For example, if an image is 4000 pixels wide but is only being displayed at 1200 pixels, resizing it to the exact display size can dramatically cut file size. Most websites and social media platforms do not require ultra-high-resolution images, so reducing unnecessary pixels is an easy way to optimize your files.

You can use ShortPixel’s online tool to resize and compress images simultaneously. Other options to bulk resize images include Photoshop, GIMP, and IrfanView.

3. Change the file format

The image format you choose affects file size significantly.

Different formats have different strengths, and choosing the right one can save space without compromising quality.

JPEG is best for photographs and complex images with many colors. It provides excellent compression while maintaining decent quality, especially at higher quality settings.
PNG is ideal for images that re"
"https://showmypc.com","error",""
"https://smbcommunity.lenovo.com/laptops/post/any-new-tricks-for-maintaining-a-healthy-laptop-battery-50bytsmnuhpeygd","video","Sign up
Log in
Homepage
About
Groups
Members
From Lenovo
Resources
Events
Courses
Inspiration
New Releases
Experiences
Featured
📝
Small Business Grant
⭐
Community Spotlight
Tech for Good
🌱
Evolve Small
Perks
Giveaways
Shop Lenovo Pro
Terms
·
Privacy
·
© Copyright 2025
Page not found

This page does not exist, is removed, or you don't have permission to access it.

Home
 English"
"https://smbcommunity.lenovo.com/laptops/post/to-plug-or-not-to-plug-4fwcxauvbrpnsyc","too_short","Sign up
Log in
Homepage
About
Groups
Members
Terms
·
Privacy
·
© Copyright 2025
Page not found

This page does not exist, is removed, or you don't have permission to access it.

Home
 English"
"https://social.education.purdue.edu/edit/2023/03/shared-documents-in-onedrive-and-office-365","error",""
"https://sodma.ikit.technology/dramatic-love-stories/things-to-say-to-a-man-in-bed","error",""
"https://sprigghr.com/blog/leaders/the-importance-of-leadership-communication","error",""
"https://statisticsbyjim.com/basics/control-variables","error",""
"https://status.asucd.ucdavis.edu/how-to-enter-a-code-in-roblox","error",""
"https://store.carta-jerusalem.com/carta-map-bank/458-from-nazareth-to-cana-and-capernaum.html","OK","BIBLE STUDIES
CHRISTIANITY
HISTORY
ARCHAEOLOGY
JERUSALEM
HEBREW SCRIPT
GUIDES & MAPS
EBOOKS
NEW TITLES
SEARCH
Go!
HOME>CARTA MAP BANK>FROM NAZARETH TO CANA AND CAPERNAUM
From Nazareth To Cana And Capernaum
PRINT
VIEW FULL SIZE
From Nazareth to Cana and Capernaum

More details

$7.99

Reference: 00472-352

Add to cart

More info

By: Carta Jerusalem
Language: English
Print size: 5.77x6.13 in (14.6x15.6 cm)
150 dpi - 717 kB

For your personal use only
Watermarks will not appear in downloaded maps.
 For commercial and any other application please Contact Us

SHOPPING CART  

No products

Shipping & Handling
$0.00
Total
$0.00

Proceed to Check Out >>

CATEGORIES
Bible Studies
Christianity
History
Archaeology
Jerusalem
Hebrew Script
Guides & Maps
eBooks
New titles
SEARCH

Enter a product name 

CONTACT
SHIPPING
TERMS AND CONDITIONS
ABOUT US
NEW PRODUCTS
TOP SELLERS
SPECIALS

©2012 Store by Carta Jerusalem™. All rights reserved

/* */
×
This product was added to cart last 11/05/2013 05:19:34"
"https://support.cci.drexel.edu/getting-connected/discord/discord-right-navigation-bar-and-user-search","error",""
"https://support.cci.drexel.edu/getting-connected/discord/discord-view-user-profiles","error",""
"https://support.fanduel.com/s/article/location-troubleshooting-tips","error",""
"https://support.granicus.com/s/article/enabling-internet-explorer-mode-in-microsoft-edge","error",""
"https://support.hp.com/au-en/document/ish_5004190-4987856-16","OK","Support Home
Products
Software and Drivers
Diagnostics
Contact Us
Business Support
My HP Account
HP PCs and Printers - How to check Windows version?

Determine which edition and version of the Windows operating system is on your computer. This information is necessary when installing other software or system updates from HP, such as service packs or BIOS updates.

The Windows edition refers to the name of a major release of Windows.

Windows 11

Windows 10

The Windows version refers to a type of an edition; for example, 24H2. The Windows system type refers to 64-bit or 32-bit.

Find your Windows version and edition

Follow the steps for your operating system to determine your Windows edition or version.

Find your Windows version using the command box

To find the version and edition of the Windows operating system on your computer, follow these instructions.

Press the Windows key  + r.

The Run command box is displayed.

Type winver in the Open field, and then click OK.

The About Windows window is displayed. This window displays the Windows version and edition information.

Find your Windows version and edition using system settings

To find the version, edition, and system type of the Windows operating system on your computer, follow these instructions.

Right-click Start.

Select Settings, select System, and then select About.

WINDOWS 11 EDITION, VERSION, AND SYSTEM TYPE

WINDOWS 10 EDITION, VERSION, AND SYSTEM TYPE

Additional support options
Try one of our automated tools or diagnostics
Ask a question on our HP Support Community page
Get in touch with one of our support agents
Enter a topic to search our knowledge library
Enter a topic to search our knowledge library
What can we help you with?
Search
Ask our Virtual Assistant
Country/Region:Australia"
"https://support.hp.com/in-en/document/ish_6930187-6931079-16","OK","Support Home
Products
Software and Drivers
Diagnostics
Contact Us
Business Support
My HP Account
HP PCs - Secure Boot (Windows)

Enable Secure Boot to block malware attacks, virus infections, and the use of nontrusted hardware or bootable CDs or DVDs that can harm the computer. You can also disable Secure Boot to use trusted but unrecognized hardware (such as older video cards) or to boot from unrecognized recovery media.

All HP computers manufactured with Windows 11 and 10 come with Secure Boot enabled by default.

NOTE: 

If you run the Windows 11 operating system without Secure Boot, it might cause instability and prevent Windows from making updates to your computer.

Secure Boot settings for consumer notebook computers
Secure Boot settings for commercial notebooks and workstations
Secure Boot settings for desktop computers
Frequently asked questions
Enter a topic to search our knowledge library
Enter a topic to search our knowledge library
What can we help you with?
Search
Ask our Virtual Assistant
Country/Region:India"
"https://support.hp.com/us-en/document/ish_3102863-2949936-16","OK","Support Home
Products
Software and Drivers
Diagnostics
Contact Us
Business Support
My HP Account
1
Close Alert
Information
Need Windows 11 help? Check the information on compatibility, upgrade, and available fixes from HP and Microsoft. 
Windows 11 Support Center
HP PCs - Installing the latest version of Windows 10

New Windows 10 versions are delivered to your computer through Windows Update. Learn what happens if Windows installs the update automatically, and find information for manually installing the update.

Windows Update requires a minimum amount of free space on the hard drive to install the latest update. You might be prompted to connect external storage to complete the update. See HP PCs - Resolving low disk space issues and errors (Windows 10) for steps to free additional storage space on your hard drive.

For business computers, operating system installation might be managed at the IT level and might not be available to install a later version of Windows. To confirm, contact your company's IT department or your local IT service.

Automatically installing Windows 10

Windows Update can automatically install a new Windows 10 version to your computer.

NOTE: 

Windows allows you to reset the update schedule up to five days later. However, you can only use this reschedule option once.

The first time you use your computer during the day, the sign-in screen opens.

After you sign in, a screen opens with a Hi message, followed by a series of screens that show the progress of the installation.

When the installation completes, a Let's start screen displays, and then your desktop opens.

The Windows 10 version has successfully installed.

Performing a manual installation of Windows 10

If you do not want to wait for Windows to automatically download a new Windows 10 version, use Windows Update to install it manually.

Using the search box on the taskbar, search for and open Windows Update.

Click Check for updates. The download begins and the download progress displays as a percentage.

When the download completes, click Restart now.

NOTE: 

If you do not want to restart your PC immediately, Windows 10 restarts automatically during inactive hours to complete the installation.

When your computer restarts, the update configures.

Installing Windows 10 from a USB drive using Media Creation Tool

You can install Windows 10 from a USB drive using the Media Creation Tool.

Creating the installation media to download Windows 10

Download the Media Creation Tool and create the installation media.

NOTE: 

You can run the Media Creation Tool and create the Windows installation media on any computer.

Go to the Microsoft Download Windows 10 webpage (in English).

Click Download tool now to download the file MediaCreationTool.exe.

Accept the license terms.

Select Create installation media (USB flash drive, DVD, or ISO file) for another PC, and then click Next.

Select the language, edition, and architecture (64-bit or 32-bit) for the Windows 10 installation, and then click Next.

Insert a blank USB drive (16 GB or larger is recommended), select USB flash drive, and then click Next.

Select the USB flash drive, and then click Next.

After the Media Creation Tool finishes writing the Windows installation media on the USB drive, click Finish.

Installing Windows 10 on your computer

Windows 10 Setup allows you to do a clean installation of Windows 10 (erases all data) or to keep your personal files and apps. HP still recommends backing up all data in the event of any data loss.

NOTE: 

If you are prompted to supply the Windows 10 product key, type the product key, and then click Next.

NOTE: 

If your computer has less than 128 GB of free hard drive space, you are prompted to connect a USB hard drive to continue with the installation. Use a blank USB hard drive 32 GB or larger. When the installation is complete, Windows 10 Upgrade copies the windows.old file to the USB hard drive. Keep this file on the USB hard drive. The file is required if you decide to go back to the previous operating system.

Insert the Windows installation USB drive into the computer.

Open the USB drive in File Explorer, and then double-click the setup file.

If a User Account Control window displays, click Yes.

When the Get important updates window opens, select Download and install updates (recommended), and then click Next.

Accept the license terms.

In the Choose what to keep window, select what you want to keep, and then click Next.

Keep personal files and apps: Keeps all your personal files, settings, and apps.

Keep personal files only: Keeps your personal files, but no settings or apps.

Nothing: Keeps nothing and erases all data.

In the Ready to install window, click Install.

The installation begins.

During the installation process, your computer restarts several times. Do not turn off your computer or interrupt the installation process. If the sign-in window displays, sign in to your account.

If you chose Keep personal f"
"https://support.hp.com/us-en/document/ish_4469498-3477912-16","OK","Support Home
Products
Software and Drivers
Diagnostics
Contact Us
Business Support
My HP Account
1
Close Alert
Information
Need Windows 11 help? Check the information on compatibility, upgrade, and available fixes from HP and Microsoft. 
Windows 11 Support Center
HP PCs - Change or reset the computer password in Windows 10

If you cannot remember your password or need to change it, you have several options.

HP recommends using a Microsoft account for signing into Windows. Using a Microsoft account offers many benefits, including easy password recovery. If you currently have a local user account, consider switching to a Microsoft account after recovering or changing your current password. For more information, go to HP PCs - Managing user accounts and logins in Windows 10.

NOTE: 

If you cannot sign in with your original password, make sure that caps lock is not on and the keyboard layout matches your country/region. If available, use other methods to sign in, such as a password hint, PIN, or a picture password.

Reset your Microsoft account password

If you use a Microsoft email address and password to sign in, you can reset or change the password from any web browser.

Go to Microsoft recover your account (in English) to create a new password.

Change your local password when you know your current password

Use the Windows account sign-in options if you know your current computer password and want to change it to something different.

In Windows, search for and open Sign-in options.

Under Password, click Change, and then follow the on-screen instructions to create a new password and hint.

Change your local password from another user account

Sign in using another account to manage another account in Windows. The account must have administrator rights. You might need help from the account owner to complete these steps.

Sign in to the computer with the other user account.

In Windows, search for and open Control Panel.

Click User Accounts, and then click User Accounts again.

Click Manage another account.

NOTE: 

If Manage another account is not available, the account does not have administrative rights. The account must have administrator rights to reset your password.

Select the account with the password you want to change.

Click Change the password, and then follow the on-screen instructions to create a new password and password hint.

Sign out of the account, and then sign in to your original account using your new password.

Use a previously created local password reset disk or USB drive

Reset your local Windows account password from a reset disk or USB flash drive from the Forgotten Password Wizard.

Turn on the computer and attempt to sign in.

On the The password is incorrect. Try again. screen, click OK.

Insert the password reset disk or USB flash drive into the computer, and then click Reset password. The Password Reset Wizard opens.

Click Next, select the password key location from the drop-down menu, and then click Next.

Follow the on-screen instructions to create a new password and password hint.

When done, click Next, and then click Finish.

NOTE: 

You do not need to create a new password reset disk for the new password.

Have a computer repair service recover your local password

If other password recovery methods are unavailable or unsuccessful, contact a local computer repair service. Many services offer password recovery for a fee.

Reset your computer when all other options fail

If all attempts to recover your password are unsuccessful, you do not need to discard the computer. Instead, reset your PC to completely start over, creating a new password in the process.

CAUTION: 

Reset this PC erases all files and local passwords. This resets the computer to the last known good version of Windows 10. After the reset, a list of apps that are no longer available is saved on the Desktop. You can reinstall apps and software from the Microsoft Store or from installation discs.

On the sign-in screen, press and hold the shift key, click the power icon , select Restart, and continue pressing the shift key until the Choose an option screen displays.

Click Troubleshoot.

Click Reset this PC, and then click Remove everything.

Click Only the drive where Windows is installed.

Click Just remove my files, and then click Reset.

Windows reinstalls the operating system. When complete the Windows welcome screen displays.

Related password support

Use the following links for additional password support.

For more information about user accounts, go to HP PCs - Managing user accounts and logins in Windows 10.

For more information about forgotten passwords, go to Microsoft policy about lost or forgotten passwords (in English).

Additional support options
Try one of our automated tools or diagnostics
Ask a question on our HP Support Community page
Get in touch with one of our support agents
Enter a topic to search our knowledge library
Enter a topic to search our knowledge library
What can we "
"https://support.hp.com/us-en/document/ish_5004190-4987856-16","OK","Support Home
Products
Software and Drivers
Diagnostics
Contact Us
Business Support
My HP Account
1
Close Alert
Information
Need Windows 11 help? Check the information on compatibility, upgrade, and available fixes from HP and Microsoft. 
Windows 11 Support Center
HP PCs and Printers - How to check Windows version?

Determine which edition and version of the Windows operating system is on your computer. This information is necessary when installing other software or system updates from HP, such as service packs or BIOS updates.

The Windows edition refers to the name of a major release of Windows.

Windows 11

Windows 10

The Windows version refers to a type of an edition; for example, 24H2. The Windows system type refers to 64-bit or 32-bit.

Find your Windows version and edition

Follow the steps for your operating system to determine your Windows edition or version.

Find your Windows version using the command box

To find the version and edition of the Windows operating system on your computer, follow these instructions.

Press the Windows key  + r.

The Run command box is displayed.

Type winver in the Open field, and then click OK.

The About Windows window is displayed. This window displays the Windows version and edition information.

Find your Windows version and edition using system settings

To find the version, edition, and system type of the Windows operating system on your computer, follow these instructions.

Right-click Start.

Select Settings, select System, and then select About.

WINDOWS 11 EDITION, VERSION, AND SYSTEM TYPE

WINDOWS 10 EDITION, VERSION, AND SYSTEM TYPE

Additional support options
Try one of our automated tools or diagnostics
Ask a question on our HP Support Community page
Get in touch with one of our support agents
Enter a topic to search our knowledge library
Enter a topic to search our knowledge library
What can we help you with?
Search
Ask our Virtual Assistant
Country/Region:United States"
"https://support.hp.com/us-en/document/ish_6930187-6931079-16","OK","Support Home
Products
Software and Drivers
Diagnostics
Contact Us
Business Support
My HP Account
1
Close Alert
Information
Need Windows 11 help? Check the information on compatibility, upgrade, and available fixes from HP and Microsoft. 
Windows 11 Support Center
HP PCs - Secure Boot (Windows)

Enable Secure Boot to block malware attacks, virus infections, and the use of nontrusted hardware or bootable CDs or DVDs that can harm the computer. You can also disable Secure Boot to use trusted but unrecognized hardware (such as older video cards) or to boot from unrecognized recovery media.

All HP computers manufactured with Windows 11 and 10 come with Secure Boot enabled by default.

NOTE: 

If you run the Windows 11 operating system without Secure Boot, it might cause instability and prevent Windows from making updates to your computer.

Secure Boot settings for consumer notebook computers
Secure Boot settings for commercial notebooks and workstations
Secure Boot settings for desktop computers
Frequently asked questions
Enter a topic to search our knowledge library
Enter a topic to search our knowledge library
What can we help you with?
Search
Ask our Virtual Assistant
Country/Region:United States"
"https://support.lenovo.com/lk/en/solutions/ht502786-how-to-identify-your-windows-10-version-a-list-of-windows-10-versions","OK","SHOP
SUPPORT
 
My Account
  

  

English  

  
Support
How to identify your Windows 10 version - A list of Windows 10 versions
Identify Your Device
To be sure this content applies to the device you need information on, please enter your serial number or select your product. or Browse Product
Submit
Help me find my product/serial number
DescriptionOperating SystemsSolutionRelated Articles
Description

This topic describes how to determine what Windows 10 version is preloaded on the computer. The information includes: Version, OS Build, Marketing Name, and Codename.

Operating Systems

Windows 10

Solution

Windows 10 has the following versions:

Release Date	Version	OS Build	Codename	Lenovo Support Systems List
October 2022	22H2	 	 	Lenovo devices tested for Windows 10 22H2
November 2021	21H2	19044	21H2	Windows 10 version 21H2 (November 2021)
May 2021	21H1	19043	21H1	Windows 10 version 21H1 (May 2021)
October 2020	20H2	19042	20H2	Windows 10 version 20H2 (October 2020)
May 2020	2004	19041	20H1	Windows 10 version 2004 (May 2020)
Oct 2019	1909 (November 2019 Update)	18363	19H2	Windows 10 version 1909 (November 2019)
May 2019	1903 (May 2019 Update)	18362	19H1	Windows 10 version 1903 (May 2019)
October 2018	1809 (October 2018 Update)	17763	Redstone 5 (RS5)	Windows 10 version 1809 (October 2018)
April 2018	1803 (April 2018 Update)	17134	Redstone 4 (RS4)	Windows 10 version 1803 (April 2018)
October 2017	1709 (Fall Creators Update)	16299	Redstone 3 (RS3)	Windows 10 Fall Creators Update version 1709 (October 2017)
April 2017	1703 (Creators Update)	15063	Redstone 2 (RS2)	Windows 10 version 1703
August 2016	1607 (Anniversary Update)	14393	Redstone 1 (RS1)	Windows 10 Update July 2016 / Version 1607 ""Anniversary Update""
November 2015	1511 (November Update)	10586	Threshold 2 (TH2)	Windows 10 Update November 2015 / Version 1511
July 2015	1507	10240	Threshold 1 (TH1)	Windows 10 Upgrade July 2015 / Version 1507
Press Windows key + R (win + R), and type winver.


About Windows has: Version and OS Build information.


Related Articles
Upgrade to Windows 10: Frequently Asked Questions (FAQ)
Windows Update: FAQ
How to know if my computer is 32-bit or 64-bit Windows
Popular Topics: Windows 11, 10
Windows Support Center
 Was this information helpful?

Your feedback helps to improve the overall experience

YesNo
Document ID:HT502786
Original Publish Date:01/04/2017
Last Modified Date:03/14/2025
Stay in touch
   

Our commitment to the environment

See our Sustainability Report.

Based on your IP, we detect you are physically located in Canada, however the website you are viewing is the Sri Lanka site, We may forward you to the Canada site, or you may continue with the Sri Lanka site.
Change to Canada Proceed with Sri Lanka
About Lenovo
Our Company
News
Investor Relations
Sustainability
Product Compliance
Product Security
Lenovo Open Source
Legal Information
Jobs at Lenovo
Shop
Laptops & Ultrabooks
Tablets
Desktops & All-in-Ones
Workstations
Accessories & Software
Servers
Storage
Networking
Laptop Deals
Outlet
Support
Drivers & Software
Documentation Center
How To's
Warranty Lookup
Parts Lookup
Contact Us
Repair Status Check
Imaging & Security Resources
Resources
Where to Buy
Shopping Help
Track Order Status
Product Specifications (PSREF)
Forums
Registration
Product Accessibility
Environmental Information
Gaming Community
LenovoEDU Community
LenovoPRO Community
© 2025 Lenovo. All rights reserved
Terms of Use | Cookie Consent Tool | Privacy Policy | Site Map | Browser Compatibility
X

Lenovo uses cookies to improve your experience.

Visit our Cookie Consent Tool to manage your preferences, or our Privacy Policy for more information.

Accept All Decline All"
"https://support.lenovo.com/mn/en/solutions/ht502786-how-to-identify-your-windows-10-version-a-list-of-windows-10-versions","OK","SHOP
SUPPORT
 
My Account
  

  

English  

  
Support
How to identify your Windows 10 version - A list of Windows 10 versions
Identify Your Device
To be sure this content applies to the device you need information on, please enter your serial number or select your product. or Browse Product
Submit
Help me find my product/serial number
DescriptionOperating SystemsSolutionRelated Articles
Description

This topic describes how to determine what Windows 10 version is preloaded on the computer. The information includes: Version, OS Build, Marketing Name, and Codename.

Operating Systems

Windows 10

Solution

Windows 10 has the following versions:

Release Date	Version	OS Build	Codename	Lenovo Support Systems List
October 2022	22H2	 	 	Lenovo devices tested for Windows 10 22H2
November 2021	21H2	19044	21H2	Windows 10 version 21H2 (November 2021)
May 2021	21H1	19043	21H1	Windows 10 version 21H1 (May 2021)
October 2020	20H2	19042	20H2	Windows 10 version 20H2 (October 2020)
May 2020	2004	19041	20H1	Windows 10 version 2004 (May 2020)
Oct 2019	1909 (November 2019 Update)	18363	19H2	Windows 10 version 1909 (November 2019)
May 2019	1903 (May 2019 Update)	18362	19H1	Windows 10 version 1903 (May 2019)
October 2018	1809 (October 2018 Update)	17763	Redstone 5 (RS5)	Windows 10 version 1809 (October 2018)
April 2018	1803 (April 2018 Update)	17134	Redstone 4 (RS4)	Windows 10 version 1803 (April 2018)
October 2017	1709 (Fall Creators Update)	16299	Redstone 3 (RS3)	Windows 10 Fall Creators Update version 1709 (October 2017)
April 2017	1703 (Creators Update)	15063	Redstone 2 (RS2)	Windows 10 version 1703
August 2016	1607 (Anniversary Update)	14393	Redstone 1 (RS1)	Windows 10 Update July 2016 / Version 1607 ""Anniversary Update""
November 2015	1511 (November Update)	10586	Threshold 2 (TH2)	Windows 10 Update November 2015 / Version 1511
July 2015	1507	10240	Threshold 1 (TH1)	Windows 10 Upgrade July 2015 / Version 1507
Press Windows key + R (win + R), and type winver.


About Windows has: Version and OS Build information.


Related Articles
Upgrade to Windows 10: Frequently Asked Questions (FAQ)
Windows Update: FAQ
How to know if my computer is 32-bit or 64-bit Windows
Popular Topics: Windows 11, 10
Windows Support Center
 Was this information helpful?

Your feedback helps to improve the overall experience

YesNo
Document ID:HT502786
Original Publish Date:01/04/2017
Last Modified Date:03/14/2025
Stay in touch
   

Our commitment to the environment

See our Sustainability Report.

Based on your IP, we detect you are physically located in Canada, however the website you are viewing is the Mongolia site, We may forward you to the Canada site, or you may continue with the Mongolia site.
Change to Canada Proceed with Mongolia
About Lenovo
Our Company
News
Investor Relations
Sustainability
Product Compliance
Product Security
Lenovo Open Source
Legal Information
Jobs at Lenovo
Shop
Laptops & Ultrabooks
Tablets
Desktops & All-in-Ones
Workstations
Accessories & Software
Servers
Storage
Networking
Laptop Deals
Outlet
Support
Drivers & Software
Documentation Center
How To's
Warranty Lookup
Parts Lookup
Contact Us
Repair Status Check
Imaging & Security Resources
Resources
Where to Buy
Shopping Help
Track Order Status
Product Specifications (PSREF)
Forums
Registration
Product Accessibility
Environmental Information
Gaming Community
LenovoEDU Community
LenovoPRO Community
© 2025 Lenovo. All rights reserved
Terms of Use | Cookie Consent Tool | Privacy Policy | Site Map | Browser Compatibility
X

Lenovo uses cookies to improve your experience.

Visit our Cookie Consent Tool to manage your preferences, or our Privacy Policy for more information.

Accept All Decline All"
"https://support.lenovo.com/pe/en/solutions/ht509328-how-to-show-or-hide-icons-on-your-taskbar-windows-10","OK","SHOP
SUPPORT
 
My Account
  

  

English  

 
Cart
Support
How to show or hide icons on your taskbar - Windows 10, Windows 11
Identify Your Device
To be sure this content applies to the device you need information on, please enter your serial number or select your product. or Browse Product
Submit
Help me find my product/serial number
DescriptionOperating SystemsSolutionRelated Articles
Description

This article describes how to show or hide icons on the taskbar.

Operating Systems
Windows 10
Windows 11
Solution
Show or Hide Icons on Taskbar and Notification Area Windows 10
Show or Hide Icons on Taskbar Windows 11
Fix System Not Showing App Icons in the Taskbar
Related Articles
Windows Support Center
Popular Topics for PC’s
Lenovo Vantage: Using your PC just got easier
 Was this information helpful?

Your feedback helps to improve the overall experience

YesNo
Document ID:HT509328
Original Publish Date:10/08/2019
Last Modified Date:05/05/2025
Stay in touch
   

Our commitment to the environment

See our Sustainability Report.

Based on your IP, we detect you are physically located in Canada, however the website you are viewing is the Peru site, We may forward you to the Canada site, or you may continue with the Peru site.
Change to Canada Proceed with Peru
About Lenovo
Our Company
News
Investor Relations
Sustainability
Product Compliance
Product Security
Lenovo Open Source
Legal Information
Jobs at Lenovo
Shop
Laptops & Ultrabooks
Tablets
Desktops & All-in-Ones
Workstations
Accessories & Software
Servers
Storage
Networking
Laptop Deals
Outlet
Support
Drivers & Software
Documentation Center
How To's
Warranty Lookup
Parts Lookup
Contact Us
Repair Status Check
Imaging & Security Resources
Resources
Where to Buy
Shopping Help
Track Order Status
Product Specifications (PSREF)
Forums
Registration
Product Accessibility
Environmental Information
Gaming Community
LenovoEDU Community
LenovoPRO Community
© 2025 Lenovo. All rights reserved
Terms of Use | Cookie Consent Tool | Privacy Policy | Site Map | Browser Compatibility
X

Lenovo uses cookies to improve your experience.

Visit our Cookie Consent Tool to manage your preferences, or our Privacy Policy for more information.

Accept All Decline All"
"https://support.lenovo.com/us/en/solutions/ht502786-how-to-identify-your-windows-10-version-a-list-of-windows-10-versions","OK","SHOP
SUPPORT
COMMUNITY
 
My Account
  

  

English  

 
 
Cart
Support
How to identify your Windows 10 version - A list of Windows 10 versions
Identify Your Device
To be sure this content applies to the device you need information on, please enter your serial number or select your product. or Browse Product
Submit
Help me find my product/serial number
DescriptionOperating SystemsSolutionRelated Articles
Description

This topic describes how to determine what Windows 10 version is preloaded on the computer. The information includes: Version, OS Build, Marketing Name, and Codename.

Operating Systems

Windows 10

Solution

Windows 10 has the following versions:

Release Date	Version	OS Build	Codename	Lenovo Support Systems List
October 2022	22H2	 	 	Lenovo devices tested for Windows 10 22H2
November 2021	21H2	19044	21H2	Windows 10 version 21H2 (November 2021)
May 2021	21H1	19043	21H1	Windows 10 version 21H1 (May 2021)
October 2020	20H2	19042	20H2	Windows 10 version 20H2 (October 2020)
May 2020	2004	19041	20H1	Windows 10 version 2004 (May 2020)
Oct 2019	1909 (November 2019 Update)	18363	19H2	Windows 10 version 1909 (November 2019)
May 2019	1903 (May 2019 Update)	18362	19H1	Windows 10 version 1903 (May 2019)
October 2018	1809 (October 2018 Update)	17763	Redstone 5 (RS5)	Windows 10 version 1809 (October 2018)
April 2018	1803 (April 2018 Update)	17134	Redstone 4 (RS4)	Windows 10 version 1803 (April 2018)
October 2017	1709 (Fall Creators Update)	16299	Redstone 3 (RS3)	Windows 10 Fall Creators Update version 1709 (October 2017)
April 2017	1703 (Creators Update)	15063	Redstone 2 (RS2)	Windows 10 version 1703
August 2016	1607 (Anniversary Update)	14393	Redstone 1 (RS1)	Windows 10 Update July 2016 / Version 1607 ""Anniversary Update""
November 2015	1511 (November Update)	10586	Threshold 2 (TH2)	Windows 10 Update November 2015 / Version 1511
July 2015	1507	10240	Threshold 1 (TH1)	Windows 10 Upgrade July 2015 / Version 1507
Press Windows key + R (win + R), and type winver.


About Windows has: Version and OS Build information.


Related Articles
Upgrade to Windows 10: Frequently Asked Questions (FAQ)
Windows Update: FAQ
How to know if my computer is 32-bit or 64-bit Windows
Popular Topics: Windows 11, 10
Windows Support Center
 Was this information helpful?

Your feedback helps to improve the overall experience

YesNo
Document ID:HT502786
Original Publish Date:01/04/2017
Last Modified Date:03/14/2025
Stay in touch
   

Our commitment to the environment

See our Sustainability Report.

Based on your IP, we detect you are physically located in Canada, however the website you are viewing is the United States of America site, We may forward you to the Canada site, or you may continue with the United States of America site.
Change to Canada Proceed with United States of America
About Lenovo
Our Company
News
Investor Relations
Sustainability
Product Compliance
Product Security
Lenovo Open Source
Legal Information
Jobs at Lenovo
Shop
Laptops & Ultrabooks
Tablets
Desktops & All-in-Ones
Workstations
Accessories & Software
Servers
Storage
Networking
Laptop Deals
Outlet
Support
Drivers & Software
Documentation Center
How To's
Warranty Lookup
Parts Lookup
Contact Us
Repair Status Check
Imaging & Security Resources
Glossary
Resources
Where to Buy
Shopping Help
Track Order Status
Product Specifications (PSREF)
Forums
Registration
Product Accessibility
Environmental Information
Gaming Community
LenovoEDU Community
LenovoPRO Community
© 2025 Lenovo. All rights reserved
Terms of Use | Cookie Consent Tool | Privacy Policy | Site Map | Browser Compatibility
X

Lenovo uses cookies to improve your experience.

Visit our Cookie Consent Tool to manage your preferences, or our Privacy Policy for more information.

Accept All Decline All"
"https://support.lenovo.com/us/en/solutions/ht509044-how-to-enable-secure-boot-on-think-branded-systems-thinkpad-thinkstation-thinkcentre","OK","SHOP
SUPPORT
COMMUNITY
 
My Account
  

  

English  

 
 
Cart
Support
How to enable Secure Boot on Think branded systems - ThinkPad, ThinkStation, ThinkCentre
Identify Your Device
To be sure this content applies to the device you need information on, please enter your serial number or select your product. or Browse Product
Submit
Help me find my product/serial number

This article provides instructions on how to enable the Secure Boot function in BIOS on ‘Think’ branded systems. For BIOS examples, see Lenovo BIOS Simulator Center: An interactive BIOS Setup utility - Windows.

ThinkPad
ThinkCentre Desktops
ThinkStation Desktops – Tiny/TWR
ThinkStation Tower PC's
Related Articles
Popular Topics: Tips for PC's
Popular Topics: Windows 11, 10
Secure Boot Mode cannot be set - ThinkPad
Recommended ways to enter BIOS - ThinkPad, ThinkCentre, ThinkStation
 Was this information helpful?

Your feedback helps to improve the overall experience

YesNo
Document ID:HT509044
Original Publish Date:08/15/2019
Last Modified Date:03/18/2025
Stay in touch
   

Our commitment to the environment

See our Sustainability Report.

Based on your IP, we detect you are physically located in Canada, however the website you are viewing is the United States of America site, We may forward you to the Canada site, or you may continue with the United States of America site.
Change to Canada Proceed with United States of America
About Lenovo
Our Company
News
Investor Relations
Sustainability
Product Compliance
Product Security
Lenovo Open Source
Legal Information
Jobs at Lenovo
Shop
Laptops & Ultrabooks
Tablets
Desktops & All-in-Ones
Workstations
Accessories & Software
Servers
Storage
Networking
Laptop Deals
Outlet
Support
Drivers & Software
Documentation Center
How To's
Warranty Lookup
Parts Lookup
Contact Us
Repair Status Check
Imaging & Security Resources
Glossary
Resources
Where to Buy
Shopping Help
Track Order Status
Product Specifications (PSREF)
Forums
Registration
Product Accessibility
Environmental Information
Gaming Community
LenovoEDU Community
LenovoPRO Community
© 2025 Lenovo. All rights reserved
Terms of Use | Cookie Consent Tool | Privacy Policy | Site Map | Browser Compatibility
X

Lenovo uses cookies to improve your experience.

Visit our Cookie Consent Tool to manage your preferences, or our Privacy Policy for more information.

Accept All Decline All"
"https://support.lenovo.com/us/en/solutions/ht509512-how-to-hide-the-taskbar-windows-10","OK","SHOP
SUPPORT
COMMUNITY
 
My Account
  

  

English  

 
 
Cart
Support
How to Hide the Taskbar – Windows 10 and 11
Identify Your Device
To be sure this content applies to the device you need information on, please enter your serial number or select your product. or Browse Product
Submit
Help me find my product/serial number
DescriptionOperating SystemsSolutionRelated Articles
Description

This article describes how to hide the taskbar in Windows.

Operating Systems
Windows 10
Windows 11
Solution
Windows 11
Select Start and Settings.

Select Personalization. Scroll down and select Taskbar.

Scroll down to Taskbar behaviors. Expand the option and check or uncheck Automatically hide the taskbar.

Windows 10
Right-click the taskbar and select Taskbar settings at the bottom of the list.

Or select Start, Settings, Personalization, and Taskbar.

Toggle on Automatically hide the taskbar in desktop mode. The taskbar will hide automatically.
Note: The taskbar will appear when the cursor moves to the bottom of the screen and disappear when the cursor moves away.

Related Articles
Windows Support Center
Popular Topics for PC’s
Lenovo Vantage: Using your PC just got easier
 Was this information helpful?

Your feedback helps to improve the overall experience

YesNo
Document ID:HT509512
Original Publish Date:11/10/2019
Last Modified Date:05/15/2025
Stay in touch
   

Our commitment to the environment

See our Sustainability Report.

Based on your IP, we detect you are physically located in Canada, however the website you are viewing is the United States of America site, We may forward you to the Canada site, or you may continue with the United States of America site.
Change to Canada Proceed with United States of America
About Lenovo
Our Company
News
Investor Relations
Sustainability
Product Compliance
Product Security
Lenovo Open Source
Legal Information
Jobs at Lenovo
Shop
Laptops & Ultrabooks
Tablets
Desktops & All-in-Ones
Workstations
Accessories & Software
Servers
Storage
Networking
Laptop Deals
Outlet
Support
Drivers & Software
Documentation Center
How To's
Warranty Lookup
Parts Lookup
Contact Us
Repair Status Check
Imaging & Security Resources
Glossary
Resources
Where to Buy
Shopping Help
Track Order Status
Product Specifications (PSREF)
Forums
Registration
Product Accessibility
Environmental Information
Gaming Community
LenovoEDU Community
LenovoPRO Community
© 2025 Lenovo. All rights reserved
Terms of Use | Cookie Consent Tool | Privacy Policy | Site Map | Browser Compatibility
X

Lenovo uses cookies to improve your experience.

Visit our Cookie Consent Tool to manage your preferences, or our Privacy Policy for more information.

Accept All Decline All"
"https://support.lenovo.com/us/en/solutions/ht513478-how-to-identify-your-windows-11-version","OK","SHOP
SUPPORT
COMMUNITY
 
My Account
  

  

English  

 
 
Cart
Support
How to identify your Windows 11 version
Identify Your Device
To be sure this content applies to the device you need information on, please enter your serial number or select your product. or Browse Product
Submit
Help me find my product/serial number
DescriptionOperating SystemsSolutionRelated Articles
Description

This topic describes how to determine what Windows 11 version is preloaded on the computer. The information includes: Version, OS Build, and Codename.

Operating Systems

Windows 11

Solution

Use the following steps to check the Windows 11 version.

Press Windows key + R (win + R), and type winver.

About Windows has: Version and OS Build information.


Table of Windows 11 versions:

Release Date	Version	Lenovo Supported Systems List
June 2021	21H2	Lenovo devices supported for Windows 11
October 2023	23H2	Lenovo devices recommended for upgrade to Windows 11 23H2
2024	24H2	Lenovo devices supported for upgrade to Windows 11 24H2

For more information, see Windows 11 release information.

Related Articles
Popular Topics: Tips for PC's
Popular Topics: Windows 11, 10
 Was this information helpful?

Your feedback helps to improve the overall experience

YesNo
Document ID:HT513478
Original Publish Date:03/09/2022
Last Modified Date:01/27/2025
Stay in touch
   

Our commitment to the environment

See our Sustainability Report.

Based on your IP, we detect you are physically located in Canada, however the website you are viewing is the United States of America site, We may forward you to the Canada site, or you may continue with the United States of America site.
Change to Canada Proceed with United States of America
About Lenovo
Our Company
News
Investor Relations
Sustainability
Product Compliance
Product Security
Lenovo Open Source
Legal Information
Jobs at Lenovo
Shop
Laptops & Ultrabooks
Tablets
Desktops & All-in-Ones
Workstations
Accessories & Software
Servers
Storage
Networking
Laptop Deals
Outlet
Support
Drivers & Software
Documentation Center
How To's
Warranty Lookup
Parts Lookup
Contact Us
Repair Status Check
Imaging & Security Resources
Glossary
Resources
Where to Buy
Shopping Help
Track Order Status
Product Specifications (PSREF)
Forums
Registration
Product Accessibility
Environmental Information
Gaming Community
LenovoEDU Community
LenovoPRO Community
© 2025 Lenovo. All rights reserved
Terms of Use | Cookie Consent Tool | Privacy Policy | Site Map | Browser Compatibility
X

Lenovo uses cookies to improve your experience.

Visit our Cookie Consent Tool to manage your preferences, or our Privacy Policy for more information.

Accept All Decline All"
"https://support.lenovo.com/us/en/videos/nvid500327-windows-11-change-taskbar-alignment-lenovo-support-quick-tips","OK","SHOP
SUPPORT
COMMUNITY
 
My Account
  

  

English  

 
 
Cart
Support
Windows 11: Change Taskbar Alignment Lenovo Support Quick Tips
89673Views | Updated on 12/05/2024

In this video, we will show you how to change the alignment of your start menu button and other taskbar icons in Windows 11.

Related Articles
[Video] Why is My Computer Slow?
[Video] Trouble connecting to the internet (wireless)
[Video] How to care for your Lenovo computer
Popular Topics: Tips for PC's
[Video] Scan Your Computer Hardware for Issues Using Lenovo Vantage
Windows Support Center
Chrome Support Center
 Was this information helpful?

Your feedback helps to improve the overall experience

YesNo
Document ID:NVID500327
Original Publish Date:10/18/2021
Last Modified Date:12/05/2024
Stay in touch
   

Our commitment to the environment

See our Sustainability Report.

Based on your IP, we detect you are physically located in Canada, however the website you are viewing is the United States of America site, We may forward you to the Canada site, or you may continue with the United States of America site.
Change to Canada Proceed with United States of America
About Lenovo
Our Company
News
Investor Relations
Sustainability
Product Compliance
Product Security
Lenovo Open Source
Legal Information
Jobs at Lenovo
Shop
Laptops & Ultrabooks
Tablets
Desktops & All-in-Ones
Workstations
Accessories & Software
Servers
Storage
Networking
Laptop Deals
Outlet
Support
Drivers & Software
Documentation Center
How To's
Warranty Lookup
Parts Lookup
Contact Us
Repair Status Check
Imaging & Security Resources
Glossary
Resources
Where to Buy
Shopping Help
Track Order Status
Product Specifications (PSREF)
Forums
Registration
Product Accessibility
Environmental Information
Gaming Community
LenovoEDU Community
LenovoPRO Community
© 2025 Lenovo. All rights reserved
Terms of Use | Cookie Consent Tool | Privacy Policy | Site Map | Browser Compatibility
X

Lenovo uses cookies to improve your experience.

Visit our Cookie Consent Tool to manage your preferences, or our Privacy Policy for more information.

Accept All Decline All"
"https://support.parsec.app/hc/en-us/articles/32381568346644-hardware-and-software-compatibility","error",""
"https://support.practiceprotect.com/knowledge-base/adding-a-shared-mailbox-to-outlook","OK","Practice Protect
Support Home
Help Topics
Contact Support
Home  FAQs  Adding a Shared Mailbox to Outlook
	
Search For
Adding a Shared Mailbox to Outlook
Purpose

This article provides step-by-step instructions for adding a shared mailbox to Microsoft Outlook. This is particularly beneficial for team members who need access to another team member’s mailbox or the user has left the company.

Instruction
Start Outlook and click on File at the top left.

Under Account Information, click Add Account.

Type the email address of the shared mailbox and click Connect.

On the Practice Protect page, enter your username and click Next.

Type your password and click Next.

Click the drop down arrow  and choose a second authentication method, like OATH OTP client.

You’ll see a message that the account is added. You need to restart Outlook to see the changes.

After restarting, the shared mailbox will now appear under your folders.


9. For any concerns related to shared mailboxes, please reach out on our support page here.
Updated on June 12, 2024
Related Articles
 What is Email Spoofing?
 What is Single Sign-On (SSO)?
 Billing FAQs
 Onboarding FAQs and Common Terms
Contents
Purpose
Instruction
Password Generator

Password Length:

Password:

 

Popular Articles
Disable Legacy Protocols & Basic Authentication for Office 365 Mailboxes
Installing the browser extension in Firefox
Microsoft 365 Deprecating Basic & Legacy Authentication
Installing the browser extension in Chrome
Importing Group Policy ADMX templates for Google Chrome
Need Support?
Can't find the answer you're looking for?
CONTACT SUPPORT
Need Support?
Can't find the answer you're looking for?
CONTACT SUPPORT
© Copyright 2023 Practice Protect
Practice Protect
Support Home
Help Topics
Contact Support"
"https://surfshark.com/blog/how-to-stop-spam-calls","error",""
"https://surfshark.com/blog/what-is-pptp","error",""
"https://survivetheark.com/index.php","OK","    Existing user? Sign In   Sign Up
Everywhere
HOME
 
FORUMS
 
ARK MOBILE
 
ARK WIKI
 
ACTIVITY
 
SUPPORT
 
TRIBES
 
MERCH
 All Activity
Home
COMMUNITY CRUNCH 465: MEGARAPTOR REVEAL, SUMMER BASH AND MORE!
Yesterday at 01:33 AM By StudioWildcard 28 comments 10,682 views Read More
COMMUNITY CRUNCH 464: LURES, LOOT AND QOL!
June 28 By StudioWildcard 37 comments 45,615 views
COMMUNITY CRUNCH 463: NOW WE’RE RAGNA-ROCKIN’! LIVEOPS, CONTEST WINNERS AND MORE!
June 21 By StudioWildcard 17 comments 25,237 views
RAGNAROK ASCENDED AND LOST COLONY EXPANSION PASS ARE NOW LIVE!
June 20 By StudioWildcard 13 comments 27,756 views
COMMUNITY CRUNCH 462: ARE YOU READY TO ROCK?
June 13 By StudioWildcard 36 comments 42,187 views
COMMUNITY CRUNCH 461: POWER RANGERS FREE BONUS CONTENT, LIVEOPS UPDATE AND MORE!
June 6 By StudioWildcard 16 comments 39,507 views
ASA UNREAL 5.5 UPGRADE, ANNIVERSARY EVENT, AND ASTRAEOS UPDATE!
June 5 By StudioWildcard 43 comments 25,628 views
COMMUNITY CRUNCH 460: THE PARTY STARTS ON JUNE 2ND!
May 30 By StudioWildcard 17 comments 43,503 views
COMMUNITY CRUNCH 459: ANNIVERSARY EVENT DETAILS, LIVEOPS UPDATE AND MORE!
May 24 By StudioWildcard 26 comments 54,591 views
COMMUNITY CRUNCH 458: INTRODUCING BISON!
May 16 By StudioWildcard 25 comments 46,395 views
COMMUNITY BITE: UE 5.5 AND ROADMAP UPDATE
May 13 By StudioWildcard 47 comments 71,641 views
1
2
3
4
5
6
NEXT
Page 1 of 62  
	
Tweets by survivetheark
Latest Topics
	
216
NewEra PvP Cluster SOLO DUO TRIO x30

AluNewEra · Started October 4, 2024

	
0
Template hammer not working on private servers

Magpie75 · Started 35 minutes ago

	
1
Looking for New Tribe Members!!!

Winded · Started June 26

Member Statistics
Total Members	685,057
Most Online	54,727
March 13, 2019
NEWEST MEMBER
woodyweedsmoker
Joined 1 hour ago
 All Activity
Home
LANGUAGE  COOKIES

Copyright 2025 Studio Wildcard. All rights reserved.
Powered by Invision Community"
"https://tailscale.com/kb/1103/exit-nodes","error",""
"https://tailscale.com/learn/secure-remote-desktop-protocol","error",""
"https://teachers.henrico.k12.va.us/math/hcpsalgebra2/documents/4-1/intromatrix.ppt","error",""
"https://techthoroughfare.com/science/biology/astrazenecas-vaccine-under-fire-what-you-need-to-know-about-thrombosis-with-thrombocytopenia-syndrome-tts","error",""
"https://testla.doa.louisiana.gov/os-x-base-system","error",""
"https://testla.doa.louisiana.gov/split-first-and-last-name-in-excel","error",""
"https://themelis.com/education-glass.html","error",""
"https://thetomatogarden.proboards.com/thread/252/san-marzano-thread","OK","The Tomato Garden
Skip Navigation
Home
Help
Search

Welcome Guest. Please Login or Register.

The Tomato Garden
Tomato Discussion
The San Marzano Thread
Reply
The San Marzano Thread
Actions
« Prev
1
Next »
hortstu
New Member




Posts: 24


	
Mar 8, 2010 at 9:20pm  
Quote
Post by hortstu on Mar 8, 2010 at 9:20pm
So my search for jarring tomatoes has me curious about this variety. It seems there are at least a few different versions... some open pollinated, and some hybrid.

I'm looking for any and all info about this variety. If you've got something to say about this variety, whether it has to do with the seed source, lineage, some history, personal experience, whatever, this is the thread for it.






spudleafwillie
Breeder in Training
Potato-Leaf King




Posts: 136


	
Mar 9, 2010 at 4:33am  
Quote
Post by spudleafwillie on Mar 9, 2010 at 4:33am
see this interesting link about SM thetomatogarden.proboards.com/index.cgi?board=general&action=display&thread=246




peppereater
Breeder in Training
TREE HUGGER




just tell me when to shut up


Posts: 230


	
Mar 9, 2010 at 10:20am  
Quote
Post by peppereater on Mar 9, 2010 at 10:20am
I really like San Marzano. I find that it's not very prone to BER as some pastes like Roma are. SM also has a good rich flavor fresh. Very productive. I'll be growing Pink San Marzano this year, I'll try to let you know how it goes.


dave


hortstu
New Member




Posts: 24


	
Mar 9, 2010 at 11:58am  
Quote
Post by hortstu on Mar 9, 2010 at 11:58am
Thanks for the link spud...

Pepper is the pink an open pollinated version or an F1?




peppereater
Breeder in Training
TREE HUGGER




just tell me when to shut up


Posts: 230


	
Mar 9, 2010 at 12:07pm  
Quote
Post by peppereater on Mar 9, 2010 at 12:07pm
I think it's OP but I'll check with the person who supplied it to me.
Yep, it's OP, let me see if I can get the story on it and I'll post.


Last Edit: Mar 9, 2010 at 12:11pm by peppereater
dave


landarc
Global Moderator

FORUM HERMIT




Posts: 326


	
Mar 9, 2010 at 1:44pm  
Quote
Post by landarc on Mar 9, 2010 at 1:44pm
I grow a tomato called San Marzano, it is a red semi-determinate, regular leaf, small fruited paste. It has a good meaty interior and a good flavor for sauce and soup making. It is not overly sweet, which I prefer for sauce use. I happen to be of the belief that since San Marzano is a regional designation in Italy, it is likely that there is a range of tomatoes that fall under this moniker and many sauces are likely a blend of these various tomatoes. In Italian farm practice, for wine and other produce, field blending is the most common process, wherein, a farmer might plant many different plants with the purpose of ending up with a variety of tomatoes for producing regional sauces local to their fields.

I would recommend finding a few different varieties of paste tomatoes and testing them until you find what you are looking for.


Growing one tomato plant a year for over 20 years.


hortstu
New Member




Posts: 24


	
Mar 9, 2010 at 9:48pm  
Quote
Post by hortstu on Mar 9, 2010 at 9:48pm
Is the san marzano ""redorta"" variety o.p?




hortstu
New Member




Posts: 24


	
Mar 9, 2010 at 10:03pm  
Quote
Post by hortstu on Mar 9, 2010 at 10:03pm
Well I just found this... might be easier to read at the website. Still leaves questions about some of them... like is redorta OP or hybrid?

www.san-marzano-tomatoes.com/varieties.html

Varieties (cultivars) of San Marzano Tomatoes

Back Story: Whether or not the following cultivars of San Marzano tomatoes are ""true"" San Marzano tomatoes is not clear. When the San Marzano was rescued in the 1990s, only 2 out 27 locally grown cultivars were established as the recovered ""reference point"" for true San Marzano tomatoes - a step that was quite necessary to receive National (and eventual European Union) recognition as DOP in 1996. The two varieties that came out of that selection process were: Cirio Selection 3, and the SMEC 20 which was apparently renamed the San Marzano 2.

The list below was gathered from about 20 different sources, in several languages, most of them seed sellers. How the cultivars on the list relate genetically to the 2 reference points named above, or the 27 first tested from the region, is not clear. There is probably a big difference between your father to your brother to your first cousin to your third cousin once removed to your third cousin's roommate in college who travelled to Italy once and may have accidentally got some San Marzano DNA on him after a wild night in an Italian disco.

These degress of seperation may be important to some food connosieurs, and tomato growers who this list was primarily assembled to benefit. When possible, we have tried to track some of these cultivars back to their ""original source."" Spoiler alert: some of them - not so Italian.

We discuss genetic lines of San Marzano purity because it is an important necessity to growers in the Campania region where agricultural"
"https://transientprojects.be/noticias/educacao","error",""
"https://tricare.mil/plans/eligibility/formerspouses","error",""
"https://tricare.mil/tfl","error",""
"https://truthandtidings.com/2003/02/occupation-with-the-object","OK","HOME
INDEXES

BY DATE
BY AUTHOR
BY TITLE
BY SERIES
THEMED ISSUES & QUARTERLY EXTRAS
SEARCH
RESOURCES

BOOKS & BOOKLETS
CONFERENCES 2025
TRUSTS
HORIZONS MAGAZINE
MENSAJERO MEXICANO
SÁLVAME YA
SUBSCRIBE
ABOUT
Occupation With the Object
C.A.C.

There is a form of self-righteousness which leads many believers to doubt their acceptance with God because of the imperfections which they find in themselves. You may say, “But ought I not to have misgivings when I find my spirit and the state of my mind so contrary to that which befits a Christian?” That you ought to judge yourself, and be humbled before your Father about these things, is most true, but it is in no wise true that your righteousness and acceptance with God depend upon yourself, or are measured by your condition or conduct. To have such a thought in the mind is really to suppose that you could be in the favor of your Father by being worthy of that favor in yourself. It is simply self-righteousness.

Then there is the personal problem of self-improvement, which always results in self-disappointment. But disappointment is a very different thing from self-judgment. Indeed if there were true self-judgment there would never be self-disappointment. If in honesty and sobriety of soul I have judged “that in me, that is, in my flesh, dwelleth no good thing,” I shall certainly not expect anything from myself, and it has been well said that where there is no expectation there can be no disappointment.

But I feel sure that many young believers, and I dare say some older ones too, are very familiar with the wretched, depressing experience which I have spoken of as self-disappointment. They have made many fresh starts; they have often been stirred up, and have made up their minds to do more for Christ. They have thought, “I shall do better now; I am more earnest about it than I was before.” But it has all ended in disappointment. They have no idea that they are trying to improve themselves; they would repudiate such a thought. They suppose that they know better than to look for good in themselves; and yet their disappointment is the plain proof that, in spite of all their knowledge of Scripture, they have expected to make themselves better, for they are disappointed because they have not succeeded in doing so.

Probably the occupation most detrimental to growth is self-occupation. Some minds are always attracted by what is experiential. They do not know deliverance, and experiential truths seem to offer that which they are seeking. They are not looking for an increased knowledge of the grace of God, or deepened acquaintance with the Lord Jesus Christ; their object of desire is to have a more satisfactory experience. That is, the old man is still their center.

And such souls are constantly occupied either in bemoaning how little they have got or attained, or in complacently assuming that they have reached a certain stage of experience. It has often been observed that in the writings of those who advocate “holiness by faith,” the beauty and perfection of what the Lord Jesus is in Himself as an all-blessed object for the heart is very little presented. He is set forth as One who can bring about a new experience in the believer, and it is easy to see that the new experience has often a more prominent place in the mind than the Lord Jesus Christ.

You will find that when believers are engrossed with experience-whether it be in connection with holiness, power for service, or spiritual attainment-they always have something before them less than the purpose of God. They are either pursuing, or are satisfied with, something less than that which divine love purposes, and thus are losers to the incalculable extent.

It is when the purpose of God in its greatness is before our hearts, and we are attracted by it, that our experience becomes like that of the beloved servant who could say, “Not as though I had already attained, either were already perfect; but I follow after, if that I may apprehend that for which also I am apprehended of Christ Jesus. Brethren, I count not myself to have apprehended: but this one thing I do, forgetting those things which are behind, and reaching forth unto those things which are before, I press toward the mark for the prize of the high calling of God in Christ Jesus” (Phil. 3:12-14). This is Christian experience-the experience of a man who is not thinking of his experience, but of the exceeding greatness of the purpose of God.

Finally, self-occupation in service is a great hindering weight in the Christian life. It is a sad thing when service interferes with spiritual growth. Service may take possession of the heart until it becomes the theme of conversation, the subject-matter of correspondence, and the center round which the thoughts continually revolve. It is possible to be so engrossed with service that one’s meditations are colored by it, one’s prayers are full of it, and the Word of God becomes simply a quarry out of which material for se"
"https://trxaccess.org/p/healthcare-reform/affordable-care-act.aspx","error",""
"https://uk.amazonforum.com/s/question/0d54p000089d0ttsac/my-echo-show-5-keeps-changing-to-a-black-screen-with-no-time-or-wallpaper-displayed","error",""
"https://uk.amazonforum.com/s/question/0d54p00008kikolsaj/my-echo-show-8-since-the-update-has-started-turning-off-completely-black-screen-until-i-say-alexa","too_short","Sign in
Email or mobile phone number
Continue
By continuing, you agree to Amazon's Conditions of Use and Privacy Notice.
Need help?
New to Amazon?
Create your Amazon account
Conditions of Use  Privacy Notice  Help 
© 1996-2025, Amazon.com, Inc. or its affiliates"
"https://uk.amazonforum.com/s/question/0d56q0000c4yizhsqo/echo-show-8-not-operating-after-a-blank-screen-issue","too_short","Sign in
Email or mobile phone number
Continue
By continuing, you agree to Amazon's Conditions of Use and Privacy Notice.
Need help?
New to Amazon?
Create your Amazon account
Conditions of Use  Privacy Notice  Help 
© 1996-2025, Amazon.com, Inc. or its affiliates"
"https://uscode.house.gov/view.xhtml","error",""
"https://uttkarshkohli.wixsite.com/maths/post/the-integration-constant-c","error",""
"https://veepn.com/blog/how-to-block-spam-calls-on-iphone","error",""
"https://veepn.com/blog/what-is-pptp-vpn","error",""
"https://ves.ac.in/vesasc","error",""
"https://vidwan.inflibnet.ac.in","error",""
"https://whmis.org/sds","error",""
"https://wol.jw.org/en/wol/d/r1/lp-e/1101989303","OK","BIBLE
PUBLICATIONS
MEETINGS
ti pp. 7-12
How Did the Trinity Doctrine Develop?
How Did the Trinity Doctrine Develop?
Should You Believe in the Trinity?
Subheadings
 
Similar Material
Constantine’s Role at Nicaea
Further Development
The Athanasian Creed
Apostasy Foretold
What Influenced It
Platonism
Why Did God’s Prophets Not Teach It?

How Did the Trinity Doctrine Develop?

AT THIS point you might ask: ‘If the Trinity is not a Biblical teaching, how did it become a doctrine of Christendom?’ Many think that it was formulated at the Council of Nicaea in 325 C.E.

That is not totally correct, however. The Council of Nicaea did assert that Christ was of the same substance as God, which laid the groundwork for later Trinitarian theology. But it did not establish the Trinity, for at that council there was no mention of the holy spirit as the third person of a triune Godhead.

Constantine’s Role at Nicaea

FOR many years, there had been much opposition on Biblical grounds to the developing idea that Jesus was God. To try to solve the dispute, Roman emperor Constantine summoned all bishops to Nicaea. About 300, a fraction of the total, actually attended.

Constantine was not a Christian. Supposedly, he converted later in life, but he was not baptized until he lay dying. Regarding him, Henry Chadwick says in The Early Church: “Constantine, like his father, worshipped the Unconquered Sun; . . . his conversion should not be interpreted as an inward experience of grace . . . It was a military matter. His comprehension of Christian doctrine was never very clear, but he was sure that victory in battle lay in the gift of the God of the Christians.”

What role did this unbaptized emperor play at the Council of Nicaea? The Encyclopædia Britannica relates: “Constantine himself presided, actively guiding the discussions, and personally proposed . . . the crucial formula expressing the relation of Christ to God in the creed issued by the council, ‘of one substance with the Father’ . . . Overawed by the emperor, the bishops, with two exceptions only, signed the creed, many of them much against their inclination.”

Hence, Constantine’s role was crucial. After two months of furious religious debate, this pagan politician intervened and decided in favor of those who said that Jesus was God. But why? Certainly not because of any Biblical conviction. “Constantine had basically no understanding whatsoever of the questions that were being asked in Greek theology,” says A Short History of Christian Doctrine. What he did understand was that religious division was a threat to his empire, and he wanted to solidify his domain.

None of the bishops at Nicaea promoted a Trinity, however. They decided only the nature of Jesus but not the role of the holy spirit. If a Trinity had been a clear Bible truth, should they not have proposed it at that time?

Further Development

AFTER Nicaea, debates on the subject continued for decades. Those who believed that Jesus was not equal to God even came back into favor for a time. But later Emperor Theodosius decided against them. He established the creed of the Council of Nicaea as the standard for his realm and convened the Council of Constantinople in 381 C.E. to clarify the formula.

That council agreed to place the holy spirit on the same level as God and Christ. For the first time, Christendom’s Trinity began to come into focus.

Yet, even after the Council of Constantinople, the Trinity did not become a widely accepted creed. Many opposed it and thus brought on themselves violent persecution. It was only in later centuries that the Trinity was formulated into set creeds. The Encyclopedia Americana notes: “The full development 
of Trinitarianism took place in the West, in the Scholasticism of the Middle Ages, when an explanation was undertaken in terms of philosophy and psychology.”

The Athanasian Creed

THE Trinity was defined more fully in the Athanasian Creed. Athanasius was a clergyman who supported Constantine at Nicaea. The creed that bears his name declares: “We worship one God in Trinity . . . The Father is God, the Son is God, and the Holy Ghost is God; and yet they are not three gods, but one God.”

Well-informed scholars agree, however, that Athanasius did not compose this creed. The New Encyclopædia Britannica comments: “The creed was unknown to the Eastern Church until the 12th century. Since the 17th century, scholars have generally agreed that the Athanasian Creed was not written by Athanasius (died 373) but was probably composed in southern France during the 5th century. . . . The creed’s influence seems to have been primarily in southern France and Spain in the 6th and 7th centuries. It was used in the liturgy of the church in Germany in the 9th century and somewhat later in Rome.”

So it took centuries from the time of Christ for the Trinity to become widely accepted in Christendom. And in all of this, what guided the decisions? Was it the Word of God, or was it clerical and politi"
"https://wol.jw.org/en/wol/d/r1/lp-e/1200002598","OK","Privacy Settings

To provide you with the best possible experience, we use cookies and similar technologies. Some cookies are necessary to make our website work and cannot be refused. You can accept or decline the use of additional cookies, which we use only to improve your experience. None of this data will ever be sold or used for marketing. To learn more, read the Global Policy on Use of Cookies and Similar Technologies. You can customize your settings at any time by going to Privacy Settings.

Accept Decline Customize
BIBLE
PUBLICATIONS
MEETINGS
it-2 “Keturah”
Keturah
Keturah
Insight on the Scriptures, Volume 2
Similar Material
Keturah
Aid to Bible Understanding
Sarah
Insight on the Scriptures, Volume 2
Abraham
Insight on the Scriptures, Volume 1
Abraham and Sarah—You Can Imitate Their Faith!
The Watchtower Announcing Jehovah’s Kingdom—2004
See More
KETURAH

(Ke·tuʹrah) [from a root meaning “make sacrificial smoke”].

A wife of Abraham and the mother of six of his sons, Zimran, Jokshan, Medan, Midian, Ishbak, and Shuah, ancestors of various N Arabian peoples dwelling to the S and E of Palestine.​—Ge 25:1-4.

Keturah is specifically referred to as “Abraham’s concubine” at 1 Chronicles 1:32, and quite apparently she and Hagar are meant at Genesis 25:6, where reference is made to the sons of Abraham’s “concubines.” Keturah was therefore a secondary wife who never attained the same position as Sarah the mother of Isaac, through whom the promised Seed came. (Ge 17:19-21; 21:2, 3, 12; Heb 11:17, 18) While “Abraham gave everything he had to Isaac,” the patriarch gave gifts to the sons of his concubines and then “sent them away from Isaac his son, while he was still alive, eastward, to the land of the East.”​—Ge 25:5, 6.

It has been contended that Abraham took Keturah as a concubine prior to Sarah’s death, some thinking it improbable that he would have six sons by one woman after he was about 140 years old and that he would then survive to see them attain an age at which he might send them away. However, Abraham lived for more than 35 years after Sarah’s death, dying at the age of 175 years. (Ge 25:7, 8) So he could well have taken Keturah as a wife, had six sons by her, and seen them grow up before he died. Also, it seems proper to consider Abraham’s general regard for Sarah’s feelings, which makes it unlikely that he would risk the possibility of further discord in the household (comparable to that involving Hagar and Ishmael) by taking another concubine during Sarah’s lifetime. The order of events as set forth in the book of Genesis is quite conclusive in indicating that it was after Sarah’s death that Abraham took Keturah as his wife.​—Compare Ge 23:1, 2; 24:67; 25:1.

It was only because their reproductive powers were miraculously revived that Abraham and Sarah were able to have a son, Isaac, in their old age. (Heb 11:11, 12) Evidently, such restored powers enabled Abraham to become father to six more sons by Keturah when he was even more advanced in age.

English 
Share 
Preferences
Copyright © 2025 Watch Tower Bible and Tract Society of Pennsylvania Terms of Use Privacy Policy Privacy Settings 
JW.ORG Log In"
"https://www.7sage.com/forums/discussion/34045/can-you-charge-your-laptop-during-the-test","error",""
"https://www.9news.com/article/features/how-to-keep-rabbits-out-of-your-yard/73-447474003","OK","Skip Navigation
News
Weather
Sports
Search
90°
Weather
ADVERTISE WITH US
 
MEET THE TEAM
 
NEXT WITH KYLE CLARK
 
CONTESTS
 
9NEWS INVESTIGATES
 
9THINGS TO DO
 
CULTURE AND DIVERSITY
 
EN ESPAÑOL
 
COLORADO AND COMPANY
 
BEON9
 
FIND 9NEWS
 
TV LISTINGS
FEATURES
How to keep rabbits out of your yard

It’s a banner year for bunnies across much of the 

<p>Sure, this little bunny looks cute -- but if you have a garden, you don't want this little fellow anywhere near it. </p>
Author: KUSA Staff
Published: 2:43 PM MDT June 9, 2017
Updated: 6:24 PM MDT June 9, 2017

It’s a banner year for bunnies across much of the metro area. They love to nibble on almost all flowers and veggies. If rabbits are in your yard, you’ve probably got a problem with them gobbling up plants you would rather eat yourself!

While rabbits seem innocent and look cute, they are hungry critters. If you’ve ever seen your pansies or petunias disappear overnight, you’re probably not a fan anymore!

There are three key lines of defense to deter rabbits:

· Targeted protection

· Use of repellents and

· Providing food they will eat instead of your plants!

Target what matters most and what they are intent on eating. You probably can’t fence off your entire yard to keep rabbits out, but you do want to eat your snow peas and lettuce and enjoy looking at your annual flowers and perennials. Protect them with raised beds and/or fencing.

For veggies, build a raised bed high enough rabbits can’t see over to the other side. They won’t jump where they can’t see. Or create a fence with chicken wire with holes less than 1 inch and install the fencing a few inches below the soil line.

In terms of repellents, you will find a variety of recipes on the internet and garden centers also sell repellents. Apply them at the end of the day because bunnies eat mostly at night. They must be applied again after rain or after sprinklers run as water washes them off the plants.

Certain plants act as repellents – garlic, sage, catmint or rosemary, mint and any plant in the onion family. Mechanical repellents include imitation owls, snakes and pie tins that make noise. Be sure to move them around every 2 weeks so rabbits don’t become accustomed to them.

Finally, FOOD is the last and probably best line of defense. Unlike humans, if rabbits have their first choice, they will pick weeds to eat over our gardens! If you give them a healthy weed patch by seeding an area with clover and alfalfa, they will have their own buffet and leave your veggies alone! If you’re willing to tolerate some weeds and the rabbits living in your yard, you will go a long way to save your plants!

Close Ad
Fisher Investments Canada
How Long Does $1 Million Last in Canada?
This AI Platform Is Now Outperforming Bank Returns
Tastytrade
|
Sponsored
Audiologists Furious About New $140 Device That Makes Hearing Crystal Clear Again
Top Trending News Today
|
Sponsored
Learn More
MD: Lotions Won't Tighten Crepe Skin! You Only Need This 1 Drugstore Item
Miami MD
|
Sponsored
Learn More
New Trend Lets Canadians Access Benefits Up to $250,000
Tastytrade
|
Sponsored
This might be relevant for you
Sponsored
Top Doctor: If You Eat Banana Every Day, This Is What Happens
WellnessGuide
|
Sponsored
Learn more
Are you bored? Then This Popular Strategy Game Is A Must
Forge Of Empires
|
Sponsored
Play Now
Audiologists Furious About New $99 Device That Makes Hearing Crystal Clear Again
risinghealthtrends
|
Sponsored
Learn More
Julian McMahon has died
KUSA
Marina Mabrey's foul on Caitlin Clark upgraded to Flagrant-2; Sophie Cunningham issued additional fine
KUSA
You might be interested
Sponsored
00:00
00:00

NEXT UP IN 5

Sean McDermott’s Best Defense, Bills’ New Analytics Hire, Josh Allen vs the 2024 Rookie QBs & more!

COMMITMENT? Ole Miss Rebels hoping to land 4-Star GAMECHANGER TODAY | LSU Game is EVERYTHING in 2025

IN OTHER NEWS

Family watches Greeley July Fourth parade at the same spot for 25 years
LOADING NEXT ARTICLE..."
"https://www.adobe.com/acrobat/how-to/create-fillable-pdf-forms-creator.html","too_short",""
"https://www.adobe.com/acrobat/how-to/electronic-signatures-online-e-signatures.html","too_short",""
"https://www.adobe.com/acrobat/how-to/pdf-editor-pdf-files.html","too_short",""
"https://www.adobe.com/acrobat/hub/add-a-signature-block-to-pdf.html","OK","How to add a signature block to a PDF.

It doesn’t have to be difficult to add a place for people to sign your PDF documents. Learn how to add a signature block quickly and easily.

Because so many documents are now stored digitally instead of as paper files, you should also have an equally effortless way for people to sign documents without having to first print them. Signature blocks can help you with that. It’s easy to add one on a PDF document to create a space just for signing while leaving the rest of the document protected.

Steps to add a signature block to a PDF.

It’s easy to sign a PDF with a signature block. Once you have fillable blocks created on a PDF, your customers or partners can add their electronic signatures with just a few quick clicks. Signature blocks help you to both know who’s signed and keep the signatures in the right spot on your document. Plus, you can add as many blocks as needed.

How to add a signature block to a PDF

Follow the steps below to add a signature block to PDF documents:

Open the PDF with Adobe Acrobat.
Select Tools at the top left of the screen.
In the Forms & Signature sections, choose Prepare Form.
Select Start.
Choose the Add a Signature block icon from the tools ribbon.
Move your cursor to where you want to place the block and click.
Click outside the new signature block, then save and close the document.
How to remove a signature block from a PDF.

You might need to remove a signature block from your document for a variety of reasons after you’re done attempting to add a signature block to PDF — such as a change in the signature needed, or if you have an excess of signature blocks in your document.

Removing a signature block from your document after you’ve added a signature field to a PDF can be done in a few simple steps.

Open the PDF with Adobe Acrobat.
Click on the Forms section.
Select Add or Edit Fields from the Forms menu list.
Right-click the signature block you want gone, and click Delete from the pop-up menu.
Do more with your PDFs.

Working with secured PDFs will keep document contents protected, but you and others can still sign them. The text in a signature block is separate from the rest of your document, so it is always safe. Plus, others can easily sign documents using online tools. It’s as simple as drag, drop, and sign.

Adobe Acrobat makes signature block management simple — whether you’re trying to add a signature block to PDF or you want to edit a document’s signature block.

Discover what more you can do with Acrobat Sign today to easily transform and speed your workflow."
"https://www.adobe.com/acrobat/hub/add-a-signature-to-a-form.html","OK","How to add signature to a form.

If you want to make your form a legal contract, you need signatures. Learn how to add a signature block to a form and sign it using PDF editing software.

You’ve probably signed a PDF document before. It’s a seamless and quick process and a huge relief compared to faxing or mailing forms. But now it’s time for you to create a signable form yourself. Fortunately, turning a document into a form is also a quick process. Read on to learn how to generate an electronic signature in a PDF form.

Can I add a signature to any doc to sign a form?

Collecting signatures can be important in many different settings. It doesn’t matter if you’re dealing with permission slips or business proposals; you can add a signature fill block to your document. Any sort of document that can be converted to PDF can allow for electronic signature. Once you know how to add a signature to a PDF form, anything can become a form.

How to insert a digital signature in a PDF form.

Turning your document into a signable form is as simple as converting it to PDF, adding a signature block, and adding an electronic signature. Read on to learn step by step how to put a signature in an online form.

1. Convert signature form to PDF.

The first step to adding a signature is to save your form as a PDF. PDFs maintain formatting and limit editing, so once signed, the form can’t be altered. Use these simple steps to convert your document to a PDF:

Open the Adobe Acrobat online services PDF converter in any browser.
Drag and drop your file into the box, or click Select a file to find your document.
Wait for your document to convert, then click Download to save your newly converted file.

Once your document is saved as a PDF, you can move on to adding signature fill blocks.

2. Add signature fill block to a PDF form.

Learning how to add a signature block to a PDF is simple. Once you have your file in a PDF format, open it in a PDF editor like Adobe Acrobat. Then, follow these steps to add a signature block to the form:

Click the Tools tab at the top of the window.
Choose Prepare Form.
Select Insert a Signature Field.

This will let you draw a fillable signature box anywhere on the form. Repeat the process for as many signature blocks as you need. Press Save and you’re ready to sign.

3. Sign the form electronically.

Once the fillable signature blocks are on the form, you can add your electronic signature with just a few mouse clicks:

Select Fill & Sign on the right side of the screen.
Click the Sign icon that looks like a fountain pen.
Choose whether you want to add your full signature or just your initials.

If you already created your signature it'll appear in the fillable block on the form.

If you haven’t set up your signature, you’ll be able to choose how you want to write your name (either typed, drawn, or uploaded) to sign a form and save it for future use. Then, you’ll be able to sign with the click of a button on any other form.

Discover what more you can do to easily authorize forms with electronic signatures."
"https://www.adobe.com/acrobat/hub/compress-a-pdf-to-1mb.html","too_short",""
"https://www.adobe.com/acrobat/hub/compress-a-pdf-to-300kb.html","too_short",""
"https://www.adobe.com/acrobat/hub/convert-photo-to-pdf-iphone.html","too_short",""
"https://www.adobe.com/acrobat/hub/edit-a-pdf-in-google-drive.html","OK","How to edit a PDF in Google Drive using Google Docs.

Learn how to make quick and simple edits to a PDF document by converting it to a Google Doc.

Need to make some quick tweaks to your file but wondering how to edit a PDF in Google Drive? Just like the best-laid plans, sometimes there’s something amiss in your finished PDF document despite your best efforts. It may be a small typo here or an off-center image there that throws off your otherwise perfect document. But the good news is that you can easily use Google Drive to make quick tweaks and edits, and it only takes a few minutes.

Explore essential Acrobat tools for free

Learn how to edit text, change imagery, and organize pages in a guided tutorial.

Demo Acrobat

Will I lose formatting when I edit a PDF in Google Docs?

Before you start, keep in mind that if your PDF has heavy formatting — think multiple tables, charts, and diagrams — you may find it difficult or frustrating to edit. That’s because the formatting doesn’t always convert properly from PDFs to Google Docs. In this case, it’s best to use a dedicated online PDF editor to preserve the original integrity of your document as you make your edits. Plus, you can take advantage of additional tools and capabilities that let you mark up, add e-signatures, convert PNG images, and more.

Benefits of learning how to edit a PDF in Google Docs.

Using PDFs has many benefits since they’re one of the most shareable and secure file types and are used almost universally in professional settings. If you’re working with PDFs, you’ll inevitably have to edit them. Whether you’re submitting a report to a client or simply sharing a document with a colleague, polishing or changing parts of your PDF is frequently necessary.

Learning how to edit a PDF in Google Docs can allow you to use the collaborative and cloud features of Google Docs on your PDFs. If you know how to edit a PDF in Google Drive, you can keep all of your files in one place and use the Google tools that you’re familiar with.

Is editing a PDF in Google Drive the same as the Google PDF editor?

While you can find many PDF editors in the Google Play store, Google doesn’t have its own PDF editing software that you can download. There is, however, a built-in PDF viewer on Chrome. With that viewer, you can annotate, highlight, draw on, sign, and fill PDFs. You can’t edit existing text on the Google PDF editor, which is really just a built-in viewer in Chrome. If you want to edit PDFs in Google Docs or Google Drive, you’ll need to convert them. Read on to learn how to edit a PDF in Google Docs using Google Drive.

How to edit a PDF in Google Drive in 3 easy steps.

Technically speaking, you can’t directly edit a PDF file in Google Drive, but there’s an easy solution — simply convert the PDF to a Google Docs format. Once your document is in this new format, you’ll be able to edit text and images. You can convert the file back to a PDF for safekeeping when you finish. Here’s how:

Upload the file to Google Drive. Click New > File Upload, and then select your file.
Open the PDF with Google Docs. Locate your PDF within Google Drive, then right-click and select Open With > Google Docs.
Edit your document. Once your file opens in Google Docs, you can now start to make edits. When you finish, navigate to File > Download > PDF. This will save and download your document as a new PDF.

If you run into formatting troubles, remember that it’s easiest to preserve the formatting of your PDF if you use PDF editing software.

More resources to work with PDFs and Google products.

There’s more you can do with documents and PDFs using Google products. Here’s a list of resources to get started:

Convert a PDF to Google Slides.
Separate pages in Google Docs.
Convert Google Slides to PowerPoint files.
Add a signature in Google Docs.

PDF editors like Adobe Acrobat and Acrobat online services are the perfect companion for anyone who wants to view PDFs, edit files, and share information fast. You can even add the Adobe Reader Chrome extension for easy access.

See everything you can do with Acrobat online services to showcase and share polished, error-free documents."
"https://www.adobe.com/acrobat/hub/how-to-compress-a-jpeg.html","OK","How to compress a JPEG in 3 steps.

Large image files aren’t always ideal for websites or sharing via email. Keep your graphics manageable by learning how to compress a JPEG with an online converter.

When files get too big, they can cause longer load times on your website and might not even fit as an email attachment. Luckily, you can follow these three easy steps to compress a JPEG and make the file more manageable.

Step 1: Convert the JPEG image into a PDF.

There are several methods to compress a JPEG with specific programs, but most require downloading additional software to your device. The easiest way to compress a JPEG is to convert it to a more workable file format, like a PDF, first.

It’s easy to convert a JPEG to PDF without downloading new software by using a browser-based converter like Adobe Acrobat online services. Simply visit the converter web page and follow these steps:

Upload the JPEG file you want to convert.
The software will automatically start the conversion.
Download the new PDF file.

The conversion won’t affect the way your graphic looks. It’ll just be in a different format, making it easy to compress the file for future use.

Step 2: Compress the PDF.

Now that you have a PDF of your original image, it’s time to compress the file. Compressing a JPEG or PDF won’t shrink your image. It just reduces the file size, making storing, uploading, and sharing easier. You can quickly and easily compress a PDF right through your web browser using Adobe Acrobat online. Follow these steps:

Go to the Compress PDF tool web page.
Upload the PDF file you want to compress and select your desired compression level.
Download the compressed file.

If your graphic is very large, you can go through the steps to compress the file even more. Repeat the process until the file is the correct size for what you need.

Step 3: Convert the PDF back to JPEG.

PDFs are compatible with nearly every program and software, so there's a good chance you can use your compressed PDF for whatever purpose you need. However, if you need your graphic to be in a JPEG format, you can easily convert it back using Adobe Acrobat online services.

Just like with the other steps, go to the PDF to JPEG converter web page and follow the same steps:

Upload the compressed PDF.
Allow the software to convert your graphic.
Download the file.

Your new JPEG will be identical to the JPEG you started with — the only difference is that you'll have a file with a reduced size. And that’s how to compress a JPEG in three easy steps.

Frequently asked questions.
What is a JPEG?
Why compress a JPEG?
How do I compress a JPEG on mobile?
Keep exploring"
"https://www.adobe.com/acrobat/hub/how-to-compress-pdfs-windows-10.html","OK","How to compress PDFs on Windows 10 to reduce file size.

Reading and working with PDFs is an everyday activity for practically every Windows 10 user. As one of them, you definitely know how difficult it is to open, download, and share large PDF files. Compress your PDFs to get more work done faster. Compressing a file is often a better option than creating a zip folder, which is not a permanent compression solution and can be difficult for the recipient to access.

The most convenient way to convert files, share and edit PDFs in Windows 10 is using Adobe Acrobat, the industry standard for PDF efficiency and productivity. The online PDF compressor is fast and convenient. Here are instructions for using it to reduce a file’s size in Windows 10.

How to compress a PDF for Windows 10

Figuring out how to email large files can be a challenge. Learn how to compress your documents on Windows 10 with this helpful guide.

Open Microsoft Edge or any other internet browser. Navigate to the Acrobat online PDF compressor.
Click Select a File and locate your PDF, or simply drag and drop it to the Compress PDF field.
Once your file is compressed, download your file — and be sure to see how many bytes the compressor shaved off.
Compress multiple PDFs in Windows 10 online.

Online compressors work great for single files, but compressing multiple PDFs takes a more powerful tool. With Adobe Acrobat Pro, you can compress and save multiple PDF documents in one sitting using the PDF optimizer.

Launch Acrobat Pro. Go to Tools > Optimize PDF.
Locate your file and click Open.
Click Reduce File Size in the top menu, then click Reduce Multiple Files.
In the Arrange Documents dialogue, click Add Files > Add Files.
Select the files you want to add and click Open, then click OK.
Select your compatibility setting and click OK.
Rename your file and click Save.
Do your best work with Acrobat Pro.

To compress a large PDF file right now, use the Adobe Acrobat online PDF compressor. Improve your office or work from home productivity by being more efficient with your PDF documents. Besides compressing files, you can further adapt files in Acrobat Pro by making them searchable and editable PDF documents, and you can password protect a file in Windows to add extra security layers when you need to share sensitive information. Give Acrobat Pro a try and see how you can improve your PDFs."
"https://www.adobe.com/acrobat/hub/how-to-email-large-pdf-files.html","OK","How to email large PDF files.

Need to send a large file? Learn how to email multi-page PDFs for free from any computer.

Most email platforms limit file sizes to around 20MB. If you need to send a PDF that’s larger than 20MB, you’ll have to make the file smaller or find another way to share your PDF. Here’s the best way to compress large PDFs to make them more email-friendly.

Compressing PDF files for email.

File compression involves taking the original PDF and compressing the data so the total file size is smaller. When you compress PDF files, you can reduce the file size by 20% to 30%, making it possible to email large PDF files without compromising quality or readability.

It's possible to compress PDF to 1MB, 300KB, 200KB and more.

How to compress PDFs online for free.

It might sound like a project to compress data in a PDF, but it’s actually quite easy with an online PDF editor like Adobe Acrobat online services. With an online PDF editor, you can compress PDFs up to 2GB in four easy steps:

Go to the Acrobat online PDF compressor.
Upload the file you want to compress and select your desired level of compression.
Let the software do its magic.
Download the compressed file to your device.

Online PDF editors let you compress PDFs quickly and easily from any device. Since the entire process is done online, there’s no need to download software or worry about compatibility issues. Plus, it’s completely free to try.

Once you download the compressed PDF, you can email the file without fighting error messages for going over the file size limit if your PDF is too large.

How to send a large PDF through Gmail.

Through Gmail you can send up to 25MB of files, which may not be enough when sharing a large PDF report or a document full of many photos. Large files uploaded to your Gmail from your computer can be difficult or even impossible to send, but thanks to the Google Drive shortcut, it’s possible to send large files through your Gmail account. Share a large PDF through your Gmail account with these simple steps.

Upload your desired file to your Google Drive.
From there, go to your Gmail and start a draft.
In your Gmail draft, there’s an option to select a file from your Google Drive. Choose your file from there, and be sure to adjust your sharing settings so that the receiver has access to the file.

The receiver should be able to view your file with ease thanks to the Google Drive file-sharing features.

How to email large PDF files in Outlook.

Outlook allows users about 20MB of file space per email, but this may differ if your Outlook account is through your company, as they may limit sizes even more. There are a couple different ways you can share large PDF files through Outlook.

Method 1: Zip the file.

Right-click or control-click on your file and select Compress. A new file will be added to your desktop with the same name as the original file with a .zip extension. If you have multiple files that you wish to compress, make a folder with the files you want to zip, then right-click or control-click and select Compress.

Method 2: Use Dropbox.

Dropbox makes it easy to upload large videos, photos, and other file types all in one place. It also acts as an easy way to share large files that cannot be uploaded and sent over email. To start, upload your PDF to Dropbox. From there, you can create a link to email whoever else needs access to the file.

Discover more about how Adobe Acrobat and Acrobat online services make it easy to manage and compress PDFs online from any device.

Acrobat online tools

Compress large PDFs for email sharing.

Try now"
"https://www.adobe.com/acrobat/hub/how-to-flatten-a-pdf.html","OK","How to flatten a PDF file.

Learn how to flatten PDF documents and remove layers with these tips and tricks.

What does flattening a PDF mean? When you flatten a PDF you combine all of the contents into just one single layer. The process is fairly simple — but before you start, make sure you’ve saved a copy of the original PDF file. Once you’ve flattened a PDF, the original will no longer be editable. Ready to get started? Let’s learn how.

Can you flatten a PDF for free?

The answer is yes — and no. There are different ways to flatten a PDF but the most comprehensive way is to use the tools in Adobe Acrobat Pro. Or try the compress PDF tool for free to get started.

With Acrobat Pro, follow the steps below to flatten your PDF:

Make a copy of your PDF.
Choose Advanced > Print Production > Flattener Preview.
Adjust the Raster/Vector balance.
Select Convert All Text To Outlines.
Deselect Clip Complex Regions.
Click Apply to flatten the PDF.
Close the Flattener Preview dialog box.
Print document.

Now that you’ve learned to flatten a PDF, let’s explore what it means to remove layers from a PDF.

Does flattening a PDF remove layers?

Flattening a PDF removes all of the layered content that you can’t see onscreen. Acrobat offers an easy way to identify and remove layers — plus other related tools, like sharing, printing, and compressing file sizes, can be found when you use Acrobat online services.

However, if you’re an Acrobat 8 Pro or later user, you can follow these steps to remove layers:

Make a backup copy of your PDF file > Save As.
Open the copy and choose Advanced > PDF Optimizer > Save.
Select Discard User Data.
Select Discard Hidden Layer Content and Flatten Visible Layers and click OK.
Save Optimized PDF with a new file name.
Open the Layers panel (if the Layers panel is not visible, choose View > Navigation Panels > Layers).
Click the Options pop-up, select Merge or Flatten Layers. Remember: flattening layers removes layers that aren’t visible onscreen.
Save > Print file.
More resources to work with PDF documents

Now that you’ve learned how to flatten and remove layers from a PDF, discover more ways to manage digital files on your devices. With Acrobat web tools you can manage your PDF documents on the go, from making PDFs fillable to merging scanned receipts to signing contracts and more.

Keep exploring"
"https://www.adobe.com/acrobat/hub/merge-pdf-files-in-windows-10.html","OK","How to merge PDF files in Windows 10.

Whether you want to organize your home life, office space, or anywhere in between, you should learn how to combine multiple PDFs into one unified document.

Why learn how to merge PDF files in Windows 10? With the combination of work files, home documents, school assignments, and more, the digital world can sometimes feel a bit chaotic. If you have, for example, multiple onboarding documents for new employees or a growing collection of family recipes, you can tidy up your virtual filing cabinet by merging multiple PDF documents into one. Let’s explore how you can do this in just a few steps.

Explore essential Acrobat tools for free

Learn how to edit text, change imagery, and organize pages in a guided tutorial.

Demo Acrobat

Why combine PDF files in Windows 10?

Merging PDF files allows you to store them more neatly and reduce the number of folders you have in your Documents tab on your PC. You could combine anything from invoices and tax records to old reports. You might also want to merge PDFs to send them more efficiently, which sometimes also involves editing or organizing your files. If you want a colleague to view two of your PDFs, it’ll be easier for them to have just one link to click to view both. It’s also possible that you had one project (such as a job application or a group project) split into several PDF files, and now you need to combine them. If any of these are the case for you, you’re in luck because it’s simple to learn how to combine PDF files in Windows 10.

Is merging PDF files the same as combining PDF files?

Merging and combining are basically the same, and this article uses the two terms interchangeably. If there is any difference, it’s that “combine” is a slightly broader term than “merge.” Merging PDFs means that you put the two documents together using software or an online tool that will maintain the formatting of each file. If you combine PDF files, you might just copy and paste all of the text and images from one file and add them to a blank page on the next file. In this article, you’ll learn how to merge (or combine) PDF files in Windows 10.

Will I lose formatting when I merge PDF files in Windows 10?

When you merge PDFs with Adobe Acrobat online services, you shouldn’t have any trouble with the formatting of your PDF files. The formatting will stay the same, and the only hiccups you might encounter are needing to reorder or rotate the pages that you’ve merged. Keep reading to learn how to merge PDF files using Windows 10.

How to combine PDF files in Windows 10.

When you open a PDF in Windows 10, it opens with the operating system’s default viewer — Microsoft Edge. You can easily view PDF files within Edge, but unfortunately, the app doesn’t allow you to combine multiple PDFs. Instead, you will need to use a third-party app or online tool. Here’s how to merge PDF files using Windows 10 with Adobe Acrobat online services:

Open Adobe Acrobat online services.
Drag and drop your files, or click the Select files button and locate your files via the dialog box.
Once your files upload, select Merge.

Once the files merge, you can take the time to organize or reorder your files if necessary. When you’re happy and all set with your document, simply download your new PDF for safekeeping or take steps to share it with others. And don’t forget — if you end up with a large file size, you can easily compress PDF files online to make sharing even easier.

Can I split them after I combine PDF files?

After merging your PDF files, you might need to split them again. Fortunately, it’s easy to split PDFs with Windows 10. Follow the simple steps below:

Use any browser to navigate to Adobe’s online tool to split PDFs.
Upload the PDF you need to split.
Select the lines between the thumbnail images of your PDF pages to split.
When you’re finished, select continue.

You can now save your split PDFs. You may need to log in to a free Adobe account to access the online tool.

More ways to work with PDFs in Windows 10.

PDF is one of the most shareable, printable, and secure document formats around. It’s likely that you’ll need to use this file format again and again. After you merge PDF files in Windows 10, check out these other resources for converting your PDF to different file types and sizes:

Convert a PDF to a Word document.
Convert JPGs to PDFs in Windows 10.
Get more information on splitting and merging PDFs.
Learn how to compress a PDF to 200KB.
Learn how to compress a PDF to 300KB.
Learn how to compress a PDF to 1MB.

Take a moment to discover everything you can do with Acrobat online services to combine, organize, and share documents for a (paperless) peace of mind."
"https://www.adobe.com/acrobat/hub/why-is-pdf-so-big.html","OK","Why is my PDF so big?

Not sure what to do with oversized PDFs? Learn how to compress and split your large PDFs to create seamless, high-quality files.

Wondering how to work with a large PDF file? If you’ve ever attempted to upload, file, save, or send a PDF and were shocked by its size, you’re not alone. There are a few distinct reasons that PDFs can sometimes be disproportionately large. There are also a few must-know tricks for resizing and compressing them without losing any quality.

Keep reading to learn more about PDFs and how you can maximize their efficiency without sending oversized files.

Explore essential Acrobat tools for free

Learn how to edit text, change imagery, and organize pages in a guided tutorial.

Demo Acrobat

What creates a large PDF file?

PDFs are usually noticeably large when a few specific things happen. First, PDFs can be oversized because one or more fonts have been embedded and subset inside that specific PDF file. In fact, adding a single font to a PDF document can sometimes increase the file size substantially.

Second, images can also be a culprit. The overall resolution and bit-depth of an image can directly impact the overall file size — especially if you’re using color images with high resolution.

How to make large PDF files smaller.

The good news? Adjusting your PDF size is easy — there are a few different strategies to do so.

When you’re learning how to make large PDF files smaller, you can choose between the different strategies based on your needs. Compressing a PDF allows you to reduce its file size fast without compromising quality, while splitting a PDF into multiple, smaller files can help optimize your work.

Compress PDFs to make a large PDF file smaller.

Compressing a file reduces its size and allows for faster and more convenient sharing, uploading, and storing. You usually compress a file by allowing a program to scan the file and simplify its data.

Simplifying works by taking recurring data in the file and giving it a smaller identifier. Usually, this simplification doesn’t change the quality of the file. If there are large images or other multimedia in the file, however, it’s possible that the quality will change as the file size shrinks.

To compress a PDF for free online, use Acrobat online services:

Using any browser, navigate to the online Compress PDF size tool.
Using the “Select a file” button, upload the PDF you want to compress.
Select a compression level — either high, medium, or low, based on your needs.
Download your compressed PDF.

Now you have a smaller, good-quality PDF that you can send faster and store easier.

Wondering how to compress a large PDF file into other sizes yourself, or on other devices? These guides may help:

Compress a PDF to 200KB or less.
Compress PDF to 1MB.
Compress a PDF on Android.
Compress a PDF on iPhone.
Compress a PDF on iPad.
Split a large PDF file to make it smaller.

Splitting a PDF is different from compressing a PDF, because it doesn’t change the size of the file and doesn’t change the way the data in the file is configured. Because it doesn’t change the file on that level, it never compromises the file quality. It simply cuts the PDF into multiple, smaller pieces that are easier to manage. A smaller PDF can be sent and uploaded faster.

Splitting a PDF is a great option if you only need to send part of the file, or if you don’t mind sending multiple PDFs instead of just one large PDF file.

To split a large PDF file online, use Acrobat online services:

Using any browser, navigate to the online Split a PDF tool.
Upload the PDF you want to split, either using the “Select a file” button or dragging and dropping it into the box.
Sign in.
Select the dotted lines between pages to specify where you want your file split.
Click Save and download your (multiple) PDFs.

Now you have multiple PDF files that will send much faster. You can also use Adobe Acrobat to split a PDF.

How to prevent a large PDF file.

You might be wondering, “How did my PDF get so large in the first place?” There are actually a few ways you can prevent a large PDF file as you’re creating one.

One of the simplest things you can do is use the Save As button instead of the Save button. It turns out that the data takes up less space when it writes an entirely new file as opposed to adding changes to an already existing file. When you Save As, it gives you a new file.

Fonts can be one of the bulkiest parts of a file, so if you’re using a new font, go under options and select the option to subset your font. This will make it so that it’s not the entire font that’s saved on your PDF file, but just the characters you use.

Even bulkier than fonts are pictures. While images can play a key role in your PDF, it can cut back on file size to evaluate whether you need them to be the highest quality available. Consider compressing your images before you put them in your PDF.

A couple of other tips include using the RGB color space if you’re not "
"https://www.adobe.com/acrobat/online/compress-pdf.html","OK","Adobe Acrobat
Compress a PDF

Drag and drop a PDF to reduce file size with our PDF compressor.

Select a file

Your file will be securely handled by Adobe servers and deleted unless you sign in to save it.

By using this service, you agree to the Adobe Terms of Use and Privacy Policy."
"https://www.adobe.com/acrobat/online/merge-pdf.html","too_short",""
"https://www.adobe.com/acrobat/online/password-protect-pdf.html","OK","Adobe Acrobat
Password protect a PDF

Drag and drop a PDF, then add a password to protect your file.

Select a file

Your file will be securely handled by Adobe servers and deleted unless you sign in to save it.

By using this service, you agree to the Adobe Terms of Use and Privacy Policy."
"https://www.adobe.com/acrobat/online/pdf-editor.html","OK","Adobe Acrobat
Free PDF editor

Make changes fast with Acrobat’s free online PDF editor. Edit text, add comments, fill & sign. Easy to use and secure.

Select a file

Your file will be securely handled by Adobe servers and deleted unless you sign in to save it.

By using this service, you agree to the Adobe Terms of Use and Privacy Policy."
"https://www.adobe.com/acrobat/online/sign-pdf.html","OK","Adobe Acrobat
Fill and sign a PDF

Drag and drop a PDF to use Acrobat as a PDF form filler.

Select a file

Your file will be securely handled by Adobe servers and deleted unless you sign in to save it.

By using this service, you agree to the Adobe Terms of Use and Privacy Policy."
"https://www.adobe.com/acrobat/online/split-pdf.html","too_short",""
"https://www.adobe.com/acrobat/resources/document-files/how-to-cite-a-powerpoint.html","too_short",""
"https://www.adobe.com/au/acrobat/how-to/pdf-editor-pdf-files.html","too_short",""
"https://www.adobe.com/au/acrobat/roc/blog/how-to-add-signature-pdf.html","too_short",""
"https://www.adobe.com/au/acrobat/roc/blog/how-to-compress-pdf-1mb-less.html","OK","How to Compress a PDF to 1MB or Less

Sometimes a PDF file is larger than you anticipated and takes up more room than you first thought. If you’re trying to email a PDF file, or have limited space on your hard drive, managing your megabytes can be essential. With Adobe’s tools, you can reduce file sizes, which could potentially compress a PDF to 100KB.

Learn how to compress PDFs so you can share multiple files without fear of hitting the attachment limit.

What You’ll Learn.
How to Compress a PDF to 1MB or Less.
How to Reduce PDF Size to 200KB Without Losing Quality.
FAQs.
How to Compress a PDF to 1MB or less.

Aside from being a nice round number, 1MB is a familiar limit for many sites that allow you to upload files. If you’re attaching PDF files to an email, the smaller the file, the quicker it can be uploaded and then downloaded once it arrives. Likewise, the number of attachments you can add to an email increase when your files are smaller.

Compress PDF Files to Less Than 1MB Online.

Compressing PDF files has never been easier with Adobe’s online Compress PDF tool. Start by launching the tool and you should see a prompt asking you to select a file.

From here, you can either select a file from your computer using the button or by dragging your chosen PDF file from a folder to the open webpage.
Once you upload your PDF file, you should see your compression options. Choose the size you want and select Compress. Generally speaking, the smaller the compression, the lower the quality.

Once your PDF has finished compressing, you’ll receive a preview of your compressed file, along with the option to download it.

The original size of your file will determine how close you get to 1MB. But compressing your PDF will go a long way to helping to fix it.

Compress PDF Files to Less Than 1MB Offline.

With Adobe Acrobat Pro, it’s easy to compress PDF files even when you’re offline. Follow these simple steps to reduce the size of your PDF files.

Open your chosen file in Adobe Acrobat Pro
In the top bar, click on File > Reduce File Size
Choose your file location and the name of your file
Hit the Save button and wait for Adobe to compress your file.
How to Reduce PDF Size to 300KB Without Losing Quality.

If you want to compress PDF files to 300KB or 200KB, it may be difficult or even impossible if your file size is initially too big. Compressing files can only reduce them so much. And it doesn’t guarantee that files will be below a certain size.

When you compress PDF files to 300KB, the process is the same as other file sizes. And with Adobe Acrobat Pro, there’s more than one way to do it.

Another effective way of compressing a PDF file is to visit the tools section in Adobe Acrobat online.

From here, scroll until you find Compress PDF:

Follow the steps after pressing ‘Open’ to reduce your file size.

Compress PDF to 200KB.

Compressing a PDF file to 200KB could be harder than compressing it to 1MB. The smaller you want to make a file, the tougher it can be to reach your target size. However, with Adobe Acrobat’s Optimize PDF tool, you can make additional changes to help your chances of reducing the size of your PDF file to 200KB.

To use Adobe’s, Optimise PDF function, start by opening Adobe Acrobat Pro and head to tools.

Click on the tool called Optimize PDF, then add your chosen PDF. To begin to reduce PDF size to 200KB, start by browsing the panels of the PDF optimizer.

Here, you can find several options that allow you to reduce file sizes and potentially compress your PDF to 200KB.

For example, the Down sample in the Images panel lowers the resolution of images. The Transparency panel flattens transparency and reduces file sizes. Discard Objects, Discard User Data and Clean Up all allow you to remove superfluous data attached to the PDF.

If you use all these tools together, you may find it becomes possible to compress a PDF to 100KB.

FAQs
How do I convert a JPG to a PDF smaller than 300KB?
Do PDF files compress well?
What if my compressed file is still too big?
Related content.

How to sign a PDF document on a computer.

How to write on a PDF.

How to save one page of a PDF."
"https://www.adobe.com/au/acrobat/roc/blog/how-to-make-pdf-zip-file.html","OK","How to Make a PDF a Zip File.

Sending documents electronically is likely an unavoidable part of your personal or professional life. Whether you’re emailing important files for a job application or collecting training material for your team at work, we’ve got some tips to help it all go smoothly.

In our quick guide, find out how to make a PDF Zip File for others in a flash using Adobe Acrobat, so you can keep others informed with essential information.

What you’ll learn.
How to compress a PDF to a Zip File.
How to zip a PDF file on a Mac.
Frequently asked questions.
How to compress a PDF to a Zip file.

Using the Adobe Compress PDF tool is an easy way to reduce the size of your files for sharing. However, if you are sharing multiple files, you may wish to compress them to a ZIP folder. Here’s how it’s done:

Locate your PDF in your files.
Right-click on the file (or highlight more than one PDF).

Navigate to ‘Send to’ and ‘Compressed (zipped) folder’.

Click on this option and your PDF file will be compressed to a ZIP folder. It’s now ready to share.
How to zip a PDF file on a Mac.

To compress a PDF or group of PDF files using a Mac:

Use control-click to select the PDF you wish to compress.

Choose ‘Compress’ on the following shortcut menu.
Your PDF will now be saved as a ZIP file and ready to share.

Frequently asked questions.
Can a PDF be zipped?

Yes, whether selecting just one or many PDF files, you can compress these to a ZIP file with just a few clicks. The file size is reduced without affecting aspects of the PDF such as text and images – these will remain unchanged for the recipient once the file is unzipped.

How do I reduce the size of a PDF file so I can email it?

Usually, the necessity for compressing PDFs into a ZIP file is so that they can be emailed. Some email clients have a maximum attachment size. For example, Microsoft Outlook allows only 20 MB of files to be sent in one email. Once you know how to zip a PDF file, you will be able to send more files within one email.

Is Adobe Acrobat Pro Free?

The level of compression may affect the quality and layout of the PDF. It’s important to use a tool that will allow customisation of the compression level so you can choose accordingly. If your PDF is mostly text-based, compression should leave no noticeable changes. However, images may reduce in resolution.

Learn more.

How to Sign a PDF Document on a Computer.

How to Convert Picture to PDF on iPhone.

How to Set Adobe as Your Default PDF Reader."
"https://www.adobe.com/au/creativecloud/roc/blog/photography/light-photography.html","OK","Creativity & Design
PDF & E-signatures
Marketing & Commerce
Help & Support
Home
/
Adobe Creative Cloud
/
Photography
/
A Beginners Guide To Photographing Light
A beginner's guide to photographing light.

Discover the top tips and tricks for capturing light photography with practical advice from professional photographers that help you to capture every kind of light.

Youtube video
Light is the key for photography

There are many important factors to consider when it comes to photography, but none more important than light. Light determines how bright or dark your images will be, but also the overall tone, mood and total atmosphere of a photo.

“In the world of photography - light really is everything,” says professional photographer Tim Northey. “Understanding light and knowing exactly how to use it is a fundamental skill for mastering photography.”

What are the different types of light photography?

When it comes to photography there are two main forms of light. Natural light from sources like the sun and artificial light, obtained from various lighting and equipment. Many types of photography rely solely on natural lighting like landscape photography. While others rely more heavily on artificial lighting, like studio photography.

The easiest way to start is with natural light

Natural light is the most accessible and can be used in many different types of photography, from landscape to portraits, from wildlife to street photography.

During daylight you have one large source of light to work with - the sun. Due to its sheer size, sunlight typically bounces and reflects off buildings and other objects, often giving it multiple layers. This helps give natural light dynamic characteristics that can be hard to replicate artificially, especially when using a single light source.

Artificial light gives you the ultimate control

There are many artificial sources available to light up a scene and give control over the lighting conditions. Artificial light is often used to create a very specific result that can be easily replicated. This makes it a favourite for forms of photography like studio headshots and product photography.

What is 3-point lighting?

This is a go to for photographers and filmmakers alike, because of the natural looking light it produces. The overall aim is to make the subject stand out, while avoiding the scene itself becoming too flat. Three lights are used in this way to help create a more natural looking dynamic scene.

Distribute your light evenly by diffusing it

Whether artificial or natural, another key component to light is how direct or intense it might be.

“Softer or more diffused light can be easier to work with and achieve a more balanced result,” says Northey. “This is why using harsh bright sunlight in the middle of the day can be more challenging, contending with bright contrast.”

Different techniques and types of equipment are available to help diffuse light. An example is soft boxes which are frequently used to diffuse bright artificial light sources.

“If working indoors, a simple way to diffuse natural light is by taking portraits next to a window,” Northey says. “The opening of a window can help filter light and create a flattering effect on lighting your subjects.”

Portrait lighting techniques to explore

When it comes to portrait photography, both natural and artificial sources are frequently used. Often even in combination.

While there are many artificial portrait lighting techniques, the two most frequently used options are called loop or butterfly lighting. With these, the direction of light is key, as they both get their name from the shape of the shadow created by the nose.

They involve placing the light in front of or just off to the side of the subject, slightly higher than their eyes, angled down at varying degrees to create a slight shadow. “You can play around with this by moving the light closer or further away and by adjusting the angle,” says Northey.

These techniques can also be used to help understand natural light. Often portraits will be taken when the sun is slightly lower in the sky, which puts the sun’s light at an angle above the subjects’ eyes. These hours during daylight can be slightly easier to work with, creating a more flattering and balanced light.

Shedding light on getting started

When working with any type of light, there are always a few important factors to consider. This includes the intensity, direction and even the colour balance of the light source.

“Although there is no right or wrong way to use light, you’ll soon find out what works and what doesn’t work for your style of photography. So, experimentation really is key,” says Northey.

The easiest and most accessible way to get started is by experimenting with natural light. For all types of photography harsh sunlight during the middle of the day can often be the most difficult to work with.

Aim to get outside during the hours just after sunrise or just before sunset. “T"
"https://www.adobe.com/creativecloud/file-types/video/container/mkv.html","OK","MKV files.

MKV files (Matroska Video) are an all-in-one player in the video container format field. Packing video, audio and metadata into a single file — as well as the ability to contain different individual file formats within it — MKV is a versatile tool in your arsenal during a video project.

Discover how the container format works, and how to open and edit MKV files on your device.

Explore all video products

WHAT YOU’LL LEARN

What is an MKV file?

History of the MKV file

How to use MKV files

Pros and cons of MKV files

How to open an MKV file

How to create and edit an MKV file

FAQs

Learn more about similar file types to MKV

What is an MKV file?

MKV files are container format files, saved in the Matroska multimedia container format. As a container file, MKV stores multiple multimedia data streams such as video, audio, and subtitles in a single file.

The MKV container aligns the audio, video, and subtitles playback time, letting you select a stream, if there’s more than one. The Matroska multimedia container format, or MKV, is an open source alternative to AVI, MPG, and MP4 containers and boasts are larger amount of storage than those options.

It is also the basis for WebM video files supported by many web browsers. Windows Media Player supports MKV, alongside VLC Player.

History of the MKV file.

December 2002 marked the beginning of the MKV format. Then, Steve Lhomme announced the new project after leaving the Multimedia Container Format (MCF) developers’ team.

The WebM container format, which shares the base with MKV, has been continually developing since 2010. Microsoft started to support MKV files in 2014, with Windows Media Player being the primary video player for the OS’s users.

With features like menus, selectable streams, and chapter entries, the MKV file format has become famous for storing short videos, TV series, and films. The name ‘Matroska’ derives from the Russian word ‘matryoshka’ for the set of wooden nesting dolls placed inside one another.

How to use MKV files.

MKV containers have many uses. They can store sets of files containing one video track, usually with at least one audio and subtitle track. Often, they’re used to store multiple files as the format can hold unlimited data in one container. But storage space is only one reason to use MKV files.

Adding subtitles to videos. Users can add standard subtitle formats, such as SRT and SSA/ASS, to an MKV container file. The timestamps mark a specific location in the file and are aligned with the video to make the subtitles appear on the screen at the right time.
Streaming MKV files. Streaming is possible through file access and livestreaming. For file access, you’ll need to use HTTP (web) or CIFS (Windows share) protocols to access the files stored on a server. Use RTSP and HTTP protocols for livestreaming.

Discover more container files.

Pros and cons of MKV files.

MKV files can be perfect for your next project, but there are also some aspects of them that might mean an alternative will help you get the most out of your next production.

Pros.
Zero cost to use. MKV is an open-source format, meaning there is no cost to use the components, and users can modify files with free software.
Large storage capability. MKV containers can store huge amounts of audio, video, and subtitle tracks and an equally impressive amount of metadata — such as comments, menu covers, and chapters.
Error recovery. There is an error recovery feature, so if you lose connection during the downloading process, you can still have access to parts of the file that have successfully downloaded.
Ideal for streaming. It is possible to set up online streaming of an MKV file either via file access or livestreaming.
Lossy and lossless. Matroska format supports both lossy and lossless compression, the latter with FFV1 encoding. This means that you can choose whether you want permanent compression (lossy) or have the chance to revert the compression (lossless).
Capable of adding menus and chapters. It is possible to include menus and chapter entries in the MKV file for more straightforward navigation through the file.
Cons.
Large file size. Due to a complicated file structure, the MKV files tend to be larger than other formats, such as AVI.
Compatibility issues. There are certain compatibility limitations compared to other more popular formats like MP4, which may mean your file can’t be played across some platforms or on selected devices.

Find out which container file types are supported by Adobe Premiere Pro

How to open an MKV file.

The MKV format is not as widespread as other video container formats. Therefore, not all platforms have native support for MKV files.

To open a file with the MKV extension on your Windows computer, simply double-click on the file to open it in Windows Media Player. To open and MKV file on a macOS computer, you’ll need to use a third-party application.

How to create and edit an MKV file.

To edit an MKV format file in "
"https://www.adobe.com/devnet-docs/acrobatetk/tools/releasenotesdc/index.html","OK","Sorry, we couldn’t find that page.
Head over to the Adobe homepage, or check out some of our top products below.
Acrobat

Create, edit, sign, and manage your PDFs — quickly, easily, anywhere.

Learn more
Photoshop

Create gorgeous images, rich graphics, and incredible art.

Learn more
Adobe Express

Quickly and easily make standout content from thousands of beautiful templates.

Learn more
Français
English
This Adobe site doesn't match your location

Based on your location, we think you may prefer the Canada website, where you'll get regional content, offerings, and pricing.

Canada
United States"
"https://www.adobe.com/express/feature/image/resize/jpg","OK","Creativity & Design
Adobe Express
Create
Edit
AI
For Business
Education
Compare plans
Go to Adobe Express
Resize JPG images for free.

Adjust the size of your JPG images in seconds with the Adobe Express free online photo resizer.

Drag and drop an image
or browse to upload.

Upload your photo

File must be JPEG, JPG, PNG or WebP and less than 40MB

Free to use
No credit card required

By uploading your image or video, you agree to the Adobe Terms of Use and Privacy Policy

How to resize a JPG file in three simple steps.
1. Upload.

Upload your JPG photo to our image resizer.

2. Resize.

Choose a size template or enter in your own dimensions.

3. Continue editing.

Instantly download your resized JPG image or keep editing.

Customize the size of your JPG image.

Resize your image to make it vertical, horizontal, or square. Reduce the size to make it smaller or enter in specific dimensions. It’s as easy as uploading your photo, choosing your new size from the JPG size converter, and downloading.

Do more with your image.

Resizing your image for a bigger project? Unleash your creativity by exploring the photo editing capabilities and design tools from Adobe Express. Remove the background of your image to highlight the subject, apply filters, or add GIFs and animation for a dynamic design. There are countless ways to create a compelling image for any printed or digital format.

Hundreds of thousands of templates and assets to start customizing today.

Get inspired and save time with expertly designed templates to get you started. Adobe Express has an ever-growing collection of portrait, landscape, square, and vertical templates to create designs that stand out on any channel, any device."
"https://www.adobe.com/express/learn/blog/30-companies-with-famous-brand-slogans-taglines","too_short",""
"https://www.adobe.com/express/learn/blog/make-money-from-home","too_short",""
"https://www.adobe.com/in/acrobat/online/excel-to-pdf.html","OK","Adobe Acrobat
Excel to PDF converter

Drag and drop a Microsoft Excel file (XLSX or XLS) to use our Excel to PDF converter.

Select a file

Your file will be securely handled by Adobe servers and deleted unless you sign in to save it.

By using this service, you agree to the Adobe Terms of Use and Privacy Policy."
"https://www.adobe.com/products/flashplayer/end-of-life-alternative.html","too_short",""
"https://www.adobe.com/products/photoshop/remove-background.html","too_short",""
"https://www.adobe.com/uk/acrobat/how-to/pdf-editor-pdf-files.html","too_short",""
"https://www.adobe.com/uk/acrobat/online/compress-pdf.html","OK","Adobe Acrobat
Compress PDF files

Drag and drop a PDF to reduce its file size fast.

Select a file

Your file will be securely handled by Adobe servers and deleted unless you sign in to save it.

By using this service, you agree to the Adobe Terms of Use and Privacy Policy."
"https://www.adobe.com/uk/acrobat/online/pdf-editor.html","OK","Adobe Acrobat
Edit a PDF

Make changes fast with Acrobat’s free online PDF editor. Edit text, add comments, fill & sign. Easy to use and secure.

Select a file

Your file will be securely handled by Adobe servers and deleted unless you sign in to save it.

By using this service, you agree to the Adobe Terms of Use and Privacy Policy."
"https://www.adobe.com/uk/acrobat/resources/how-to-compress-pdf-to-1-mb-or-lower.html","OK","How to Compress PDF to 1 MB and Lower

PDFs can take up a lot of space. Whether it’s an important contract or an image-heavy portfolio - we’ve all encountered issues trying to send or store large files. Read on to learn how to compress a PDF to 1 MB or lower and get hefty files ready to send, save and store with ease.

What you’ll learn.

Quick List: How to Compress PDFs to 1 MB and Lower
In Detail: How to Compress PDFs to 1 MB and Lower
FAQs
Quick List: How to Compress PDFs to 1 MB and Lower

Here’s how to compress a PDF file size quickly and easily.

Compress your PDF online. To reduce the size of your file fast, visit the Adobe Compressor online.
Select a PDF. Choose the PDF you want to compress, then Select your file or Drag and Drop it into the drop zone.
Compress. Choose your level of compression then select Compress.
Download. Once that’s done, simply Download your PDF from the webpage.
In Detail: How to Compress PDF File Size to 1 MBs and Lower.

There are a variety of ways to compress PDF files for email and file storage, depending on the system and tools you have at your disposal. You should also keep in mind that the more you compress a file, the more the quality may be reduced.

It can be useful to know how to compress PDF file size if you’re looking to send or view large documents online. Often, PDFs are too large to send over email or even save onto your desktop, so reducing the file size can save a lot of inconvenience.

One of the most popular options is compressing via Adobe Acrobat, which can be accessed on most systems. If you have an Internet connection, all you need to do is drag and drop a PDF file into the converter, select the quality and click Compress.




If you’re not online, you can use Acrobat Pro’s PDF size converter tool while you have the application open. All you need to do is:

1. Open your file in Adobe Acrobat.

2. Select the Tools centre and click Optimise PDF.




3. Choose a file to compress.

4. Click Reduce File Size in the top menu bar.

5. Pick the file version compatibility.

6. Rename and save your compressed PDF.

Depending on the original PDF size, your new document size should be close to 1 MB or below. If it isn’t, you can use the PDF size converter tool a second time to try and compress further. You can use the Reduce File Size command in Acrobat to choose the exact level of compression you want.

Quickly convert a range of different document types into PDFs using Adobe Acrobat. Explore all the options here.

Find out more about opening and editing PDFs on Mac in our helpful guide. Or, take a look at how to write on PDFs using handy Acrobat tools.

FAQs
How to Compress PDF to 100KB on Mac?

It’s quick and easy to compress a PDF on a Mac. Just take a look at the step-by-step instructions below:

Open the Preview app. This is Apple’s default image and PDF viewer, so you’ll already have this installed.
Once you’re in, open up your PDF.
Click ‘File’, then choose Export. Make sure not to press Export as PDF.
Select the Quartz Filter’ menu, which should pop up on your screen.
Finally, click Reduce file size. You’re all set.

Keep in mind that, just like when you use a PDF compressor online or Adobe Acrobat, every time you reduce the file size, the quality may also be reduced.

How to Compress a PDF to 100KB?

To compress a PDF to 100KB, all you need to do is either use the Acrobat PDF compressor online tool or reduce the file size in Acrobat itself. For the second option, open the app, click ‘Optimise PDF’ in the Tools bar and choose the file you want to compress. Then, simply click ‘Reduce file size’, then select the size and version quality you want.

How to Compress a PDF for Free?

You can use the free online Adobe Acrobat compression tool to reduce PDF file size. You can also sign up to get a free trial of Adobe Acrobat, which will let you compress and edit PDFs on the desktop app, both on and off-line.

Related Content.

There are many tools available to help you to make the most out of your PDFs when you use Adobe.

Learn more with our guides to make the most out of Adobe today.

How to Scan Multiple Pages to One PDF
How to Embed a PDF in Excel
How to Embed Fonts in a PDF"
"https://www.adobe.com/uk/acrobat/resources/print-pdf-iphone.html","OK","How to Print to PDF on iPhone

Printing to PDF is a useful way of sharing a file in its original format, replicating how a file would appear on paper. The PDF version of your file will be compatible with numerous apps and operating systems, making sharing simple.

When using an iOS device, printing to PDF is quick and easy. In this handy guide, we’ll explain how to print to PDF on iPhone and iPad.

What you’ll learn.
Quick list: how to Print to PDF on iPhone
In detail: how to Print to PDF on iPhone step-by-step
Why should I print to PDF on my iPhone?
FAQs
Quick list: how to print to PDF on iPhone.

Any app on iPhone that supports printing will also let you print to PDF. On iPhone, the process is this:

Share first. Look for the share icon (a box with arrow pointing upwards) then scroll down and tap Print.
Preview your file. Click on the preview to maximise the image.
Download your PDF. Tap the Share icon at the bottom of the screen choose where you want to save the PDF.
In Detail: How to Print to PDF on iPhone and iPad.

The best way to print to PDF on iPhone and iPad is using the Adobe Acrobat app.

If you’re using an iOS device to print to PDF, the first thing you’ll need is the Share icon. If you’re using the Safari browser, you’ll find this at bottom of the screen. It looks like a box with an arrow pointing upwards.

Follow these simple steps:

1. Open any page or image in your browser. Click the Share icon at the bottom centre of the screen

2. From the menu, click Options.

3. Then, select PDF from the Options menu. Click Done at the top right of the screen.

4. Next, the below menu will appear. Click Save to Files.

5. Then, click Save.

6. Your PDF will then save to your iPhone. After this, you can easily share your file via email, social media or messenger platforms.

Why Should I Print to PDF with an iPhone or iPad?

There are many reasons why it’s beneficial to use an iPhone or iPad to print to PDF.

Makes files easy to share with others. Printing to PDF makes it incredibly easy to share your files with others, as most apps have in-built functionality when it comes to reading PDFs.
Helps preserve the file in its intended format.. The iOS Print to PDF function stores an exact replica of the file you were trying to save.
Quick and easy to save. Once you’ve tried it out the first time, the process will only take seconds to complete. By doing this on an iPhone, you can easily share important files while you’re on the go.
iPhone and iPad Print to PDF FAQs.

In this section, we answer the main questions people have about the iPhone and iPad Print to PDF function.

How do I save a picture as a PDF on iPhone?

To save a picture as a PDF on your iPhone, you will first need to save it as a normal file, before opening your Files app and accessing the location where images are saved.

From here, you will need to long press on the image thumbnail to bring up the menu. At the bottom of this menu list there will be a Create PDF option, which will enable you to save the image as a PDF.

Can you save a screenshot as a PDF?

The iOS 13 update added a new function which allowed users to save screenshots as PDFs on iPhone and iPad. However, this only works for screenshots of Safari pages.

After taking a screenshot, click the generated preview in the bottom left to open the screenshot editor and click the Full page option. Then, click the share icon to save it as a PDF. You can also do this by clicking Share>Save to files..

To take a screenshot without the ads, switch to Reader mode by tapping and holding AA in the upper-left corner of the URL, then tapping it again to customise the text layout.

How do I open a PDF file on my iPad?

After saving a file via iPad print to PDF, you will need to ensure the Adobe Acrobat Reader app is install so you can view them on your device.

Once downloaded, open the Adobe app. On the bottom menu, select Files. Find and press the file you want to open on your iPad.

Once opened, adjust and view the scroll settings to meet your needs.

Read our guide to saving a PDF on iPad.

Related Acrobat content.

Get more out of Adobe Acrobat with our tips and guides.

How to Share PDF Files Online
How to Create a PDF
How to Save a PDF on iPhone"
"https://www.adobe.com/uk/products/photoshop/remove-background.html","video","PHOTOSHOP FEATURES

Remove backgrounds quickly and easily with AI.

The preset AI-powered Remove Background tool in Photoshop streamlines the process, making it easier than ever to achieve polished and clean photos with minimal effort.

Start free trial
View plans and pricing

Drag and drop an image
to try it today

File must be JPEG, JPG or PNG and up to 40 MB

Upload your photo

By uploading your image or video, you agree to the Adobe
Terms of Use and Privacy Policy"
"https://www.adobe.com/za/acrobat/online/compress-pdf.html","too_short",""
"https://www.aircharter.com/wet-leasing-vs-dry-leasing","error",""
"https://www.airliners.net/forum/viewtopic.php","too_short","Information

The requested topic does not exist."
"https://www.akamai.com/glossary/what-is-a-network-switch","OK","Skip to main content
+1-8774252624
Login
Control Center
Access the Akamai platform
Cloud Manager
Manage your cloud resources
EN
English
Deutsch
Español
Français
Italiano
Português
中文
日本語
한국어
Try Akamai
Under Attack?
Products
Solutions
Why Akamai
Resources
Partners
Contact Us
Glossary What Is a Network Switch?
What Is a Network Switch?

A network switch is a technology that allows two or more IT devices such as computers to communicate with each other, forming a communications network. Switches enable devices on the network to share IT resources such as printers, servers, file storage, internet access, and processing. Simple switches connect devices on a single local area network (LAN), while more advanced switches may connect devices from multiple LANs and incorporate data security functions. Switches typically connect to devices via Ethernet cables connected to Ethernet ports on both devices.

How does a network switch work?


IT devices communicate by exchanging packets of data. A switch receives data packets from connected devices and correctly forwards them to other devices connected to the same switch. Switches operate at the Data Link Layer (Layer 2) or the Network Layer (Layer 3) of the Open Systems Interconnection (OSI) model. Switches operating on Layer 2 identify a device by its Media Access Control (MAC) address, a code that’s part of the device’s network interface card (NIC). When a data packet enters the switch, the switch reads the MAC address in the header and sends the packet out through the appropriate port to the right destination. Most switches offer full-duplex functionality, allowing traffic to travel in both directions between a switch and a device at the same time to avoid connectivity issues. Switches operating at Layer 3 forward data based on a destination IP address.

What are the benefits of network switches?

Increased bandwidth. Switches create dedicated connections between devices and increase the available bandwidth for each device.
Improved network performance. Switches provide faster data transfer rates, resulting in better network performance.
Tighter security. Switches can create virtual LANs (VLANs) to isolate network traffic and separate sensitive data, restricting access to approved devices or groups of devices.
Easy scalability. Network administrators can easily add switches to a network to increase the number of devices that can be connected.
Power over Ethernet (POE). Many modern switches provide Power over Ethernet technology, which may offer up to 100W of power for devices connected to the network. A POE switch can power network devices like security cameras, sensors, outdoor lighting, and VoIP phones, enabling these devices to avoid a separate power supply.
What is a network switch vs. a network router?


Routers forward data packets from one network to another, making them an important part of internet connectivity. Switches are used only for interconnecting devices on the same network. Routers operate primarily on Layer 3, while switches operate primarily on Layer 2. Routers may work with both wired and Wi-Fi networks, while switches work only with wired network connections, principally through Ethernet.

What is a network switch vs. a hub?


A hub is a physical device that operates on Layer 1, while a network switch is traditionally a Layer 2 device. Unlike a switch, a hub cannot keep track of the addresses of computers it transfers data and traffic to. Hubs simply connect all the nodes in a network, while an Ethernet switch connects network devices together and transfers data packets between them.

What is an unmanaged switch?


Unmanaged switches are plug-and-play devices that offer no configuration interface or options. Their value is in increasing the number of ports in a LAN, enabling more local devices to access the unit. The form factor for an unmanaged switch may be desktop or rack-mounted.

What is a managed switch?


A managed switch enables administrators to modify the operation of the switch, making these devices more appropriate for larger networks. Managed switches enable administrators to control how traffic is prioritized and to set up virtual LANs (VLANs) to subdivide a local network into smaller areas.

Smart switches have a more limited set of features than managed switches but can be configured to deliver more control over data transmissions. Enterprise managed switches offer a full set of management features, along with capabilities for manipulating configurations.

How fast is a network switch?


Network switches offer varying speeds. Fast Ethernet switches provide speeds up to 100 Mbps, while a gigabit Ethernet unmanaged switch provides transfers up to 1,000 Mbps, or 1 Gbps. 10-gigabit switches can transmit data at 10,000 Mbps.

Frequently Asked Questions (FAQ)

What is the lifespan of a typical network switch?
Can I use a network switch with a wireless router?
Do network switches consume a lot of power?
Can network switches improve inter"
"https://www.akamai.com/glossary/what-is-a-web-crawler","OK","Skip to main content
+1-8774252624
Login
Control Center
Access the Akamai platform
Cloud Manager
Manage your cloud resources
EN
English
Deutsch
Español
Français
Italiano
Português
中文
日本語
한국어
Try Akamai
Under Attack?
Products
Solutions
Why Akamai
Resources
Partners
Contact Us
Glossary What Is a Web Crawler?
What Is a Web Crawler?

A web crawler is an automated program or bot that systematically searches websites and indexes the content on them. Primarily used to index pages for search engines, web crawlers are also used for coupon and comparison shopping apps, and SEO and RSS aggregation, among other tasks. Web crawlers access sites via the internet and gather information about each page, including titles, images, keywords, and links within the page. This data is used by search engines to build an index of web pages, allowing the engine to return faster and more accurate search results for users. Web crawlers may also be used to scrape or pull content from websites, monitor changes on web pages, test websites, and mine them for data. Web crawlers are also known as web spiders since they crawl pages on the World Wide Web.

How do web crawlers work?


Web crawlers start by crawling a set of known pages and following hyperlinks to new pages. Before crawling a site, web crawlers review the site’s robots.txt file, which outlines the rules the website owner has established for bots about which pages can be crawled and which links can be followed.

Because crawlers can’t index every page on the internet, they follow certain rules to prioritize some pages over others. Crawlers may be instructed to give more weight to pages that have more external links to other pages, to sites with a higher number of page views, and to sites that have greater brand authority. Search engines assume that pages with lots of visitors and links are more likely to offer authoritative information and high-quality content that users are looking for. Crawlers also use algorithms to rate the value of content or the quality of links on the page.

As web crawlers explore websites, they copy each site’s meta tags, which provide metadata information about the site and the keywords on it. This data helps search engines determine how a page will show up in search results.

How do web crawlers impact SEO?


Search engine optimization is the practice of making a website more visible to the users who are searching for the type of content, products, or services on the site. Sites that can’t be crawled easily will have lower rankings on search engine results pages (SERPs). Sites that can’t be crawled at all will not appear in the results pages. To improve search engine rankings, SEO teams eliminate errors on websites like missing page titles, duplicate content, and broken links that make sites more difficult to crawl and index.

What are types of web crawlers?


There are four basic types of web crawlers.

Focused web crawlers search, index, and download web content concerning specific topics. Rather than exploring every hyperlink on a page as a standard web crawler would, a focused web crawler only follows links perceived to be relevant.
Incremental crawlers revisit websites to refresh an index and update URLs.
Parallel crawlers run multiple crawling processes at the same time to maximize the download rate.
Distributed crawlers use multiple crawlers to simultaneously index different sites.
What are examples of web crawlers?


Most search engines use their own web crawlers that operate based on specific algorithms. Companies may also deploy their own web crawler software on-premises or in the cloud. Some of the most common crawlers include:

Googlebot, the crawler for Google’s search engine
Bingbot, Microsoft’s search engine crawler
Amazonbot, the Amazon web crawler
DuckDuckBot, the crawler for the search engine DuckDuckGo
YandexBot, the crawler for the Yandex search engine
Baiduspider, the web crawler for the Chinese search engine Baidu
Slurp, the web crawler for Yahoo
Coupon apps, like Honey
What is web crawling vs. web scraping?


Web crawling is the task of finding and indexing web pages. Web scraping uses bots to extract data found on web pages, often without permission. Web scrapers often use AI to find specific data on a page, copying it for use in analytics software. Use cases for web scrapers include ecommerce companies tracking their competitors’ price points, government agencies performing labor research, or enterprises performing market research. Common web scraping tools include Bright Data, Scrape.do, Diffbot, and Scrapy, an open source and collaborative framework for web scraping.

How do web crawlers affect bot management?


Bot management is the practice of identifying and managing bot traffic on websites and online applications. While bots like web crawlers are beneficial, many bots are malicious in nature and should be blocked from accessing websites and applications. When implementing bot management technology, it’s important to choo"
"https://www.amazonforum.com/s/question/0d54p00008lk9fssal/why-is-my-echo-show-8-going-dark","error",""
"https://www.amazonforum.com/s/question/0d56q0000aw3bs7sqi/how-do-i-redeem-reward-points","error",""
"https://www.amazonforum.com/s/question/0d56q0000c6godcsqq/why-cant-i-use-credit-card-rewards-to-purchase-items-anymore","too_short","Sign in
Email or mobile phone number
Continue
By continuing, you agree to Amazon's Conditions of Use and Privacy Notice.
Need help?
New to Amazon?
Create your Amazon account
Conditions of Use  Privacy Notice  Help 
© 1996-2025, Amazon.com, Inc. or its affiliates"
"https://www.amazonforum.com/s/question/0d56q0000cqnhn5sqa/wheres-my-roblox-code","too_short","Sign in
Email or mobile phone number
Continue
By continuing, you agree to Amazon's Conditions of Use and Privacy Notice.
Need help?
New to Amazon?
Create your Amazon account
Conditions of Use  Privacy Notice  Help 
© 1996-2025, Amazon.com, Inc. or its affiliates"
"https://www.analog.com/en/resources/analog-dialogue/articles/ferrite-beads-demystified.html","OK","About
50 Years
Analog Dialogue Magazines
StudentZone
RAQs
Resources 
FEB 2016
VOL 50
Ferrite Beads Demystified

by Aldrick Limjoco and Jefferson Eco
 Download PDF

Introduction 

An effective method for filtering high frequency power supply noise and cleanly sharing similar voltage supply rails (that is, analog and digital rails for mixed-signal ICs) while preserving high frequency isolation between the shared rails is the use of ferrite beads. A ferrite bead is a passive device that filters high frequency noise energy over a broad frequency range. It becomes resistive over its intended frequency range and dissipates the noise energy in the form of heat. The ferrite bead is connected in series with the power supply rail and is often combined with capacitors to ground on either side of the bead. This forms a low-pass filter network, further reducing the high frequency power supply noise.

However, improper use of ferrite beads in system design can lead to some detrimental issues. Some examples are unwanted resonance due to combining the bead with a decoupling capacitor for low-pass filtering and the effect of dc bias current dependency that degrades the EMI suppression capability of the bead. With proper understanding and consideration of the ferrite bead's behavior, these issues can be avoided.

This article discusses the important considerations that system designers need to be aware of when using ferrite beads in power supply systems such as impedance vs. frequency characteristics with varying dc bias current and unwanted LC resonance effects. Ultimately, to address the issue on the unwanted resonance, damping techniques will be introduced and a comparison of the effectiveness of each damping method will be presented.

The device used to demonstrate the effects of ferrite beads as an output filter is a 2 A/1.2 A dc-to-dc switching regulator with independent positive and negative outputs (ADP5071). The ferrite beads used in the article are mainly chip type surface-mount packages.

Ferrite Bead Simplified Model and Simulation 

A ferrite bead can be modeled as a simplified circuit consisting of resistors, an inductor, and a capacitor, as shown in Figure 1a. RDC corresponds to the dc resistance of the bead. CPAR, LBEAD, and RAC are (respectively) the parasitic capacitance, the bead inductance, and the ac resistance (ac core losses) associated with the bead.

Figure 1. (a) Simplified circuit model and (b) Tyco Electronics BMB2A1000LN2 measured ZRX plot.

Ferrite beads are categorized by three response regions: inductive, resistive, and capacitive. These regions can be determined by looking at a ZRX plot (shown in Figure 1b), where Z is the impedance, R is the resistance, and X is the reactance of the bead. To reduce high frequency noise, the bead must be in the resistive region; this is especially desirable for electromagnetic interference (EMI) filtering applications. The component acts like a resistor, which impedes the high frequency noise and dissipates it as heat. The resistive region occurs after the bead crossover frequency (X = R) and up to the point where the bead becomes capacitive. This capacitive point occurs at the frequency where the absolute value of capacitive reactance (–X) is equivalent to R.

In some cases, the simplified circuit model can be used to approximate the ferrite bead impedance characteristic up to the sub-GHz range.

The Tyco Electronics BMB2A1000LN2 multilayer ferrite bead is used as an example. Figure 1b shows the measured ZRX response of the BMB2A1000LN2 for a zero dc bias current using an impedance analyzer.

For the region on the measured ZRX plot where the bead appears most inductive (Z ≈ XL; LBEAD), the bead inductance is calculated by the following equation:

where:

f is the frequency point anywhere in the region the bead appears inductive. In this example, f = 30.7 MHz. XL is the reactance at 30.7 MHz, which is 233 Ω.

Equation 1 yields an inductance value (LBEAD) of 1.208 µH.

For the region where the bead appears most capacitive (Z ≈ |XC|; CPAR), the parasitic capacitance is calculated by the following equation:

where:

f is the frequency point anywhere in the region the bead appears capacitive. In this example, f = 803 MHz |XC| is the reactance at 803 MHz, which is 118.1 Ω.

Equation 2 yields a parasitic capacitance value (CPAR) of 1.678 pF.

The dc resistance (RDC), which is 300 mΩ, is acquired from the manufacturer's data sheet. The ac resistance (RAC) is the peak impedance where the bead appears to be purely resistive. Calculate RAC by subtracting RDC from Z. Because RDC is very small compared to the peak impedance, it can be neglected. Therefore, in this case RAC is 1.082 kΩ. The ADIsimPE circuit simulator tool powered by SIMetrix/SIMPLIS was used to generate the impedance vs. the frequency response. Figure 2a shows the circuit simulation model with the calculated values and Figure 2b shows both the actual measurement and simulated result. In this example, the "
"https://www.androiddata-recovery.com/blog/fix-android-apps-crashing-issue","error",""
"https://www.aphis.usda.gov/pet-travel","OK","Skip to main content

An official website of the United States government

Here’s how you know

Animal and Plant Health Inspection Service

U.S. DEPARTMENT OF AGRICULTURE
Forms  Careers  Contact Us
Search
Search
Home
Travelers
Trade
Animals
Plants
Funding
About

Breadcrumb

Home  Travel With a Pet
Travel With a Pet
Last Modified: April 23, 2025

If you're planning to travel with your pet, you may need to complete certain paperwork or tasks before you go. Meeting these requirements takes time, so don't delay. The information on this page will help you get started.

Are you taking your pet from the United States to another country? Contact a USDA-accredited veterinarian as soon as you decide to travel. They will help you determine your destination country's pet entry requirements and assist you through the process. 

Not all animals qualify for pet travel.

What is considered a pet? A pet is a privately owned companion animal not intended for research or resale and includes only certain animal groups.

Expand To See More
I Want To...
Take a Pet From the United States to Another Country (Export)
Bring a Pet From Another Country into the United States (Import)
Take a Pet From One U.S. State or Territory to Another (Interstate)
Find a USDA-Accredited Veterinarian

If you are planning to take your pet from the United States to another country, contact a USDA-accredited veterinarian as soon as you decide to travel. They will help you determine your destination country's pet entry requirements, including any needed vaccinations, tests, or treatments, and assist you through the process of obtaining a USDA-endorsed pet health certificate or other needed paperwork.

Related Resources
Pets on Planes

Traveling with a dog or cat? Find out what you can do to improve their safe air journey and increase the likelihood that they will arrive healthy at their destination. 

Learn More
Print
aphis.usda.gov

An official website of the U.S. Department of Agriculture

Tools
Agricultural Commodity Import Requirements (ACIR)
Animal Care Public Search Tool
APHIS eFile
Phytosanitary Certificate Issuance and Tracking System (PCIT)
Veterinary Export Health Certification System (VEHCS)
Veterinary Services Process Streamlining (VSPS)
USDA Resources
About USDA
Program Areas
Animal Care
Biotechnology Regulatory Services
International Services
Plant Protection and Quarantine
Veterinary Services
Wildlife Services
Subscribe For Updates

Stay updated on the latest news and stories from APHIS and all of our different focus areas

Subscribe
twitter
facebook
rss
instagram
flickr
youtube

Contact us for support, or tell us how we're doing.

Map and Data Disclaimer
Accessibility Statement
Freedom of Information Act
Information Quality
Non-Discrimination Statement
Plain Writing
Privacy Policy
Whitehouse.gov

Looking for U.S. government information and services? Visit USA.gov"
"https://www.aphis.usda.gov/pet-travel/another-country-to-us-import","OK","Skip to main content

An official website of the United States government

Here’s how you know

Animal and Plant Health Inspection Service

U.S. DEPARTMENT OF AGRICULTURE
Forms  Careers  Contact Us
Search
Search
Home
Travelers
Trade
Animals
Plants
Funding
About

Breadcrumb

Home  Travelers  Pet Travel  Bring a Pet From Another Country into the United States (Import)
Bring a Pet From Another Country into the United States (Import)
Last Modified: August 12, 2024

Animals entering the United States may be subject to regulation by APHIS and other Federal agencies. Depending on your destination State, your pet may need to meet State entry requirements in addition to Federal entry requirements. Pet owners are responsible for meeting all Federal and State requirements.

Requirements

Before you travel, make sure you carefully read and understand all import requirements for your animal. Failure to meet these requirements will result in problems upon arrival to the United States, and your pet may be refused entry.

If your animal isn't listed below, it may not qualify as a pet and, therefore, may be subject to different import requirements by APHIS.

If you're traveling with a pet bird or exotic animal, you may need to work with additional agencies, such as the U.S. Fish and Wildlife Service and Centers for Disease Control and Prevention.

Select an animal to view the entry requirements:
Dogs
Cats
Ferrets
Amphibians
Hedgehogs/Tenrecs
Rabbits
Reptiles
Rodents
Birds*
*Not all birds qualify for pet travel.

If you're bringing in six or more pet birds or any number of birds classified as poultry, they do not qualify for pet travel. This means they are subject to different regulations. 

Expand To See More
Print
aphis.usda.gov

An official website of the U.S. Department of Agriculture

Tools
Agricultural Commodity Import Requirements (ACIR)
Animal Care Public Search Tool
APHIS eFile
Phytosanitary Certificate Issuance and Tracking System (PCIT)
Veterinary Export Health Certification System (VEHCS)
Veterinary Services Process Streamlining (VSPS)
USDA Resources
About USDA
Program Areas
Animal Care
Biotechnology Regulatory Services
International Services
Plant Protection and Quarantine
Veterinary Services
Wildlife Services
Subscribe For Updates

Stay updated on the latest news and stories from APHIS and all of our different focus areas

Subscribe
twitter
facebook
rss
instagram
flickr
youtube

Contact us for support, or tell us how we're doing.

Map and Data Disclaimer
Accessibility Statement
Freedom of Information Act
Information Quality
Non-Discrimination Statement
Plain Writing
Privacy Policy
Whitehouse.gov

Looking for U.S. government information and services? Visit USA.gov"
"https://www.armarkat.com/blog/tips-for-flying-with-your-cat","error",""
"https://www.arvest.com/personal/bank/checking","error",""
"https://www.asos.com/us/asos-design/asos-design-satin-halter-maxi-dress-in-olive-green/prd/209024729","OK","Skip to main content
Help & FAQs
WOMEN
MEN
SALE
TRENDING
New in
Clothing
Dresses
Shoes
Plus size
Activewear
Accessories
Brands
Wedding Shop
Beauty
WOMEN
New here?
Get 15% off when you subscribe to our regular updates*. Use code: WELCOME
Or, download the app for 20% off with code: WELCOMEAPP
*Enter code WELCOME at checkout, or WELCOMEAPP at checkout in app to receive discount. Ends 3am EDT on April 9, 2026. Codes valid for new customers who have opted in to receive our marketing emails and/or push notifications, located in United States, United States Minor Outlying Islands, Virgin Islands, Puerto Rico only. A minimum order value of $50 applies and when you return any items. Code can be used on first order only up to a maximum pre-discount spend of $789.55. Can't be used with other promo codes or on gift vouchers, delivery charges, Premier Delivery or ASOS Marketplace. Selected marked products excluded from promo.
MEN
Home
› Women
› Dresses
› ASOS DESIGN satin halter maxi dress in olive green

Select thumbnail to enlarge image

VIDEO
BUY THE LOOK
269
ASOS DESIGN satin halter maxi dress in olive green
C$71.00
C$71.00

This item is excluded from discount codes.

this item is excluded from discount codes.

COLOR:

Olive Green

SIZE:
Size Guide
ADD TO BAG
Shipped by ASOS UK
Free shipping on qualifying orders.
View our Delivery & Returns Policy
This product has shipping restrictions.
Product Details
Brand
Size & Fit
Look After Me
About Me
YOU MIGHT ALSO LIKE
C$96.00
Vila satin cowl neck maxi dress in black
C$96.00
Vila Bridesmaid satin cowl neck maxi dress in navy blue
C$96.00
VILA satin cowl neck cami maxi dress in taupe
C$96.00
VILA satin cowl neck camisole maxi dress in red
C$80.00
ASOS DESIGN satin one-shoulder maxi dress in buttermilk
C$96.00
Vila satin cowl neck camisole maxi dress in dark green
C$54.00
ASOS DESIGN scoop neck midi satin slip dress in black
C$96.00
VILA satin cowl neck cami maxi dress in cream
C$74.00
ASOS DESIGN midi dress with cowl skirt detail and layered bodice
C$87.00
ASOS DESIGN mesh twist bust detail halter maxi dress with tie back neck in charcoal gray
C$71.00
ASOS DESIGN satin tie back maxi dress in buttermilk
C$67.00
ASOS DESIGN pleated shoulder midi pencil dress in black
C$96.00
VILA satin cowl neck maxi dress in pastel lavender pink
C$71.00
ASOS DESIGN satin tie back maxi dress in pink
C$47.00
ASOS DESIGN sleeveless cut out waist maxi dress in wine
C$84.00
PIECES bandeau maxi satin dress in blue
C$54.00
ASOS DESIGN square neck midi dress with open strappy back in black
C$74.00
ASOS DESIGN bengaline seam detail bandeau midi dress in lime green
BUY THE LOOK

Shop the model's full 'fit

2 items

OUT OF STOCK
Topshop Dolly closed toe heels in zebra print
C$94.00
C$94.00
COLOR:

Zebra

SIZE:
NOTIFY ME
SEE SIMILAR

A carousel showing products often bought together based on customer purchases.

PEOPLE ALSO BOUGHT
ASOS DESIGN Filo jelly flip-flops in black
C$12.00
ASOS DESIGN Filo jelly flip-flops in white
C$16.00
ASOS DESIGN Hotel barely there block heeled sandals in black PU
C$51.00
ASOS DESIGN pack of 4 fine chain bracelets in gold tone
C$12.00
Facebook
Instagram
Snapchat
HELP AND INFORMATION
Help
Track order
Delivery & returns
10% Student Discount
Sitemap
ABOUT ASOS
About us
Careers at ASOS
Corporate responsibility
Investors' site
MORE FROM ASOS
Mobile and ASOS apps
E-gift cards
Black Friday
Refer A Friend
SHOPPING FROM:
You're in
CHANGE
Some of our international sites:

© 2025 ASOS

Privacy & Cookies
Ts&Cs
Accessibility"
"https://www.asos.com/us/asos-design/asos-design-shift-mini-dress-with-pockets-in-print/prd/208830717","OK","Skip to main content
Help & FAQs
WOMEN
MEN
Home
› Women
› Dresses
› ASOS DESIGN shift mini dress with pockets in print
ASOS DESIGN shift mini dress with pockets in print
C$58.00
C$58.00

This item is excluded from discount codes.

this item is excluded from discount codes.

COLOR:

Print

SIZE:
Size Guide
ADD TO BAG
Shipped by ASOS UK
Free shipping on qualifying orders.
View our Delivery & Returns Policy
This product has shipping restrictions.
Product Details
Brand
Size & Fit
Look After Me
About Me
BUY THE LOOK

Shop the model's full 'fit

2 items

Topshop Harley premium leather wooden clogs in red
Now C$95.14. Was C$158.56. (-39%)
Now C$95.14
Was C$158.56
Shipped by ASOS UK
COLOR:

RED

SIZE:
ADD TO BAG
SEE SIMILAR
RECENTLY VIEWED

A list of products you have previously visited on ASOS

CLEAR ALL
Facebook
Instagram
Snapchat
HELP AND INFORMATION
Help
Track order
Delivery & returns
10% Student Discount
Sitemap
ABOUT ASOS
About us
Careers at ASOS
Corporate responsibility
Investors' site
MORE FROM ASOS
Mobile and ASOS apps
E-gift cards
Black Friday
Refer A Friend
SHOPPING FROM:
You're in
CHANGE
Some of our international sites:

© 2025 ASOS

Privacy & Cookies
Ts&Cs
Accessibility"
"https://www.asos.com/us/discover/size-charts/men/blazers","OK","Skip to main content
Help & FAQs
WOMEN
MEN
SALE
TRENDING
New in
Clothing
Dresses
Shoes
Plus size
Activewear
Accessories
Brands
Wedding Shop
Beauty
SIZE GUIDE

Please note that size charts relate to ASOS own brand clothing and are designed to fit to the following body measurements. Some brands may vary from these measurements but you can still use them as a guide.

WOMEN
MEN

Select product type to display the corresponding size guide below:

ACCESSORIES ›
 
BELTS ›
 
BLAZERS ›
 
CAPS & HATS ›
 
SHOES ›
 
HOODIES & SWEATSHIRTS ›
 
JACKETS & COATS ›
 
JEANS & PANTS ›
 
SWEATERS & CARDIGANS ›
 
SHIRTS ›
 
SHORTS & SWIMWEAR ›
 
SUITS & TAILORING ›
 
T-SHIRTS & POLO SHIRTS ›
 
UNDERWEAR, LOUNGEWEAR & SOCKS ›
 
TANK TOPS ›
 
VESTS ›
MEN'S BLAZERS SIZE GUIDE

ASOS brand sizes are designed to fit to the following body measurements:
Some brands may vary from these measurements but you can still use them as a guide.

FORMAL JACKETS (SUIT JACKET & BLAZERS)
WAISTCOATS
	TO FIT CHEST SIZE
SIZE	INCHES	CM
32""	32	81
34""	34	86
36""	36	91
38""	38	96
40""	40	101
42""	42	106
44""	44	111
46""	46	116
FORMAL JACKETS (SUIT JACKET & BLAZERS)
APPROXIMATE GARMENT CANTRE BACK LENGTH
	SHORT	REGULAR	LONG
SIZE	CM	INCHES	CM	INCHES	CM	INCHES
32""	67	26.4	69.5	27.4	72	28.3
34""	67.5	26.6	70	27.6	72.5	28.5
36""	68	26.8	70.5	27.8	73	28.7
38""	68.5	27	71	28	73.5	28.9
40""	69.5	27.4	72	28.3	74.5	29.3
42""	70	27.6	72.5	28.5	75	29.5
44""	70.5	27.8	73	28.7	75.5	29.7
46""	71	28	73.5	28.9	76	29.9
FORMAL JACKETS (SUIT JACKET & BLAZERS)
APPROXIMATE GARMENT SLEEVE LENGTH
	SHORT	REGULAR	LONG
SIZE	CM	INCHES	CM	INCHES	CM	INCHES
32""	62	24.4	64	25.2	66	26
34""	62.5	24.6	64.5	25.4	66.5	26.2
36""	63	24.8	65	25.6	67	26.4
38""	63.5	25	65.5	25.8	67.5	26.6
40""	64.5	25.4	66.5	26.2	68.5	27
42""	65	25.6	67	26.4	69	27.2
44""	65.5	25.8	67.5	26.6	69.5	27.4
46""	66	26	68	26.8	70	27.6

The length of ASOS Blazers varies according to style. On average size 40"" length measures 27.5 inches / 71cm down the centre back from neck to hem. Please see ''info & care'' on individual product pages for items specific length measurements.

HOW TO MEASURE

To choose the correct size for you, measure your body as follows:

1. CHEST
Measure around the fullest part, place the tape close under the arms and make sure the tape is flat across the back
ASOS Care and Washing Guide ›
Facebook
Instagram
Snapchat
HELP AND INFORMATION
Help
Track order
Delivery & returns
10% Student Discount
Sitemap
ABOUT ASOS
About us
Careers at ASOS
Corporate responsibility
Investors' site
MORE FROM ASOS
Mobile and ASOS apps
E-gift cards
Black Friday
Refer A Friend
SHOPPING FROM:
You're in
CHANGE
Some of our international sites:

© 2025 ASOS

Privacy & Cookies
Ts&Cs
Accessibility"
"https://www.asos.com/us/discover/size-charts/men/suits-tailoring","OK","Skip to main content
Help & FAQs
WOMEN
MEN
SALE
TRENDING
New in
Clothing
Dresses
Shoes
Plus size
Activewear
Accessories
Brands
Wedding Shop
Beauty
*Enter code WELCOME at checkout, or WELCOMEAPP at checkout in app to receive discount. Ends 3am EDT on April 9, 2026. Codes valid for new customers who have opted in to receive our marketing emails and/or push notifications, located in United States, United States Minor Outlying Islands, Virgin Islands, Puerto Rico only. A minimum order value of $50 applies and when you return any items. Code can be used on first order only up to a maximum pre-discount spend of $789.55. Can't be used with other promo codes or on gift vouchers, delivery charges, Premier Delivery or ASOS Marketplace. Selected marked products excluded from promo.
SIZE GUIDE

Please note that size charts relate to ASOS own brand clothing and are designed to fit to the following body measurements. Some brands may vary from these measurements but you can still use them as a guide.

WOMEN
MEN

Select product type to display the corresponding size guide below:

ACCESSORIES ›
 
BELTS ›
 
BLAZERS ›
 
CAPS & HATS ›
 
SHOES ›
 
HOODIES & SWEATSHIRTS ›
 
JACKETS & COATS ›
 
JEANS & PANTS ›
 
SWEATERS & CARDIGANS ›
 
SHIRTS ›
 
SHORTS & SWIMWEAR ›
 
SUITS & TAILORING ›
 
T-SHIRTS & POLO SHIRTS ›
 
UNDERWEAR, LOUNGEWEAR & SOCKS ›
 
TANK TOPS ›
 
VESTS ›
MEN'S SUITS & TAILORING SIZE GUIDE

ASOS brand sizes are designed to fit to the following body measurements:
Some brands may vary from these measurements but you can still use them as a guide.

BLAZERS, FORMAL JACKETS AND WAISTCOATS
SIZE	TO FIT CHEST SIZE
	INCHES	CM
32''	32	81
34""	34	86
36""	36	91
38""	38	96
40""	40	101
42""	42	106
44""	44	111
46""	46	116 FORMAL JACKETS (SUIT JACKET & BLAZERS)
APPROXIMATE GARMENT BACK LENGTH
	SHORT	REGULAR	LONG
 	CM	Inches	CM	Inches	CM	Inches
32''	67	26.4	69.5	27.4	72	28.3
34""	67.5	26.6	70	27.6	72.5	28.5
36""	68	26.8	70.5	27.8	73	28.7
38""	68.5	27	71	28	73.5	28.9
40""	69.5	27.4	72	28.3	74.5	29.3
42""	70	27.6	72.5	28.5	75	29.5
44""	70.5	27.8	73	28.7	75.5	29.7
46""	71	28	73.5	28.9	76	29.9 FORMAL JACKETS (SUIT JACKET & BLAZERS)
APPROXIMATE GARMENT SLEEVE LENGTH 
	SHORT	REGULAR	LONG
 	CM	Inches	CM	Inches	CM	Inches
32''	61	24	63	24.8	65	25.6
34""	61.5	24.2	63.5	25	65.5	25.8
36""	62	24.4	64	25.2	66	26
38""	62.5	24.6	64.5	25.4	66.5	26.2
40""	63.5	25	65.5	25.8	67.5	26.6
42""	64	25.2	66	26	68	26.8
44""	64.5	25.4	66.5	26.2	68.5	27
46""	65	25.6	67	26.4	69	27.2

The length of ASOS Formal Jackets and Blazers varies according to style. On average size 40"" length measures 27.5 inches / 71cm down the centre back from neck to hem. Please see ''info & care'' on individual product pages for items specific length measurements.

TROUSERS
SIZE	TO FIT WAIST SIZE
	INCHES	CM
26""	26	66
28""	28	71
29""	29	73.5
30""	30	76
31""	31	78.5
32""	32	81
33""	33	83.5
34""	34	86
36""	36	91
38""	38	96
40''	40	101
TROUSERS INSIDE LEG LENGTH

These are inside leg measurements and are a guide to fit only.The garment lengths will vary according to the style.

 	TO FIT INSIDE LEG LENGTH
LENGTH	INCHES	CM
Short	30	76
Regular	32	81
Long	34	86

Please note that these inside leg measurements are a guide only. Actual garment lengths may vary according to style.

SHIRTS
SIZE	TO FIT CHEST
SIZE	TO FIT NECK SIZE
	INCHES	CM	INCHES	CM
XXXS	30-32	76-81	14	36
XXS	32-34	81-86	14.5	37.5
XS	34-36	86-91	15	38.5
S	36-38	91-96	15.5	39.5
M	38-40	96-101	16	41.5
L	40-42	101-106	17	43.5
XL	42-44	106-111	17.5	45.5
XXL	44-46	111-116	18.5	47.5
XXXL	46-48	116-121	19.5	49.5

The length of ASOS shirts vary according to style. On average a size M measures 29.5 inches / 75cm down the centre back from neck to hem. Please see ''info & care'' on individual product pages for items specific length measurements.

HOW TO MEASURE

To choose the correct size for you, measure your body as follows:

1. CHEST
Measure around the fullest part, place the tape close under the arms and make sure the tape is flat across the back
1. WAIST
Measure around natural waistline
2. INSIDE LEG
measure from top of inside leg at crotch to ankle bone
ASOS Care and Washing Guide ›
Facebook
Instagram
Snapchat
HELP AND INFORMATION
Help
Track order
Delivery & returns
10% Student Discount
Sitemap
ABOUT ASOS
About us
Careers at ASOS
Corporate responsibility
Investors' site
MORE FROM ASOS
Mobile and ASOS apps
E-gift cards
Black Friday
Refer A Friend
SHOPPING FROM:
You're in
CHANGE
Some of our international sites:

© 2025 ASOS

Privacy & Cookies
Ts&Cs
Accessibility"
"https://www.avsforum.com/answers/how-to-play-mkv-files","video","Create thread
New
Forums
More
Login / Join
Oops! We ran into some problems.

Don't Miss AVSForum Podcast Ep. 3 Click here for details.


The requested page could not be found.
Home
 
About Us
 
Terms of Use
 
Privacy Policy
 
Help
 
Business Directory
 
Contact Us
  
Grow Your Business
 
When you purchase through links on our site, we may earn an affiliate commission, which supports our community. The Fora platform includes forum software by XenForo. VerticalScope Inc., 111 Peter Street, Suite 600, Toronto, Ontario, M5V 2H1, Canada
 "
"https://www.bakersplus.com/p/lotus-biscoff-cookies/0002178891629","error",""
"https://www.bankofbaroda.in/personal-banking/accounts/saving-accounts","error",""
"https://www.bankofbaroda.in/personal-banking/accounts/saving-accounts/baroda-champ-account","error",""
"https://www.barnesandnoble.com/w/rms-carpathia-william-baird/1127080875","OK","JOIN B&N PREMIUM MEMBERSHIP TODAY
PICK UP IN STORE: READY IN TWO HOURS
FREE SHIPPING ON ORDERS OF $50 OR MORE
JOIN B&N PREMIUM MEMBERSHIP TODAY
PICK UP IN STORE: READY IN TWO HOURS
STORES & EVENTS
MEMBERSHIP
B&N READS BLOG
PODCAST
SWEEPSTAKES
GIFT CARDS
MY ACCOUNT
WISHLIST
All
0 ITEM IN CART
0
Books
Fiction
Nonfiction
eBooks
Audiobooks
Teens & YA
Kids
Toys & Games
Stationery & Gifts
Music & Movies
Add to Wishlist
RMS Carpathia: Triumph and Tragedy of the Titanic Rescue Ship
by William Baird
Write A Review
Paperback
$12.99 
  Learn more
SHIP THIS ITEM
In stock. Ships in 1-2 days.
PICK UP IN STORE

Your local store may have stock of this item.

Overview
The story of the Titanic rescue ship from her days as an immigrant ship, the rescue of over 700 survivors of Titanic, to her service and sinking in WW1.
Product Details
ISBN-13:	9781545585894
Publisher:	CreateSpace Publishing
Publication date:	09/09/2017
Pages:	232
Product dimensions:	6.00(w) x 9.00(h) x 0.49(d)
Related Subjects
History
World History
General & Miscellaneous World History
World History - General & Miscellaneous
Customer Reviews
Recently Viewed
QUICK ADD
RMS Carpathia: Triumph and Tragedy of the Titanic Rescue Ship
by William Baird

B&N APPS
B&N AUDIOBOOKS
B&N READS BLOG
B&N PODCAST
B&N MEMBERSHIP
IN STORE PICKUP
GIFT CARDS
STORES & EVENTS
B&N MASTERCARD
B&N SERVICES
Affiliate Program
Publisher & Author Guidelines
Bulk Order Discounts
B&N Mobile Apps
B&N Membership
B&N Mastercard
B&N Bookfairs
B&N Press
ABOUT US
About B&N
Careers at B&N
Barnes & Noble, Inc.
B&N Kitchen
QUICK HELP
Help Center
Shipping & Returns
Store Pickup
Order Status
Product Recalls
Corrections & Updates
Gift Cards
SHOP BY CATEGORY
Books
Fiction
Nonfiction
Kids
Teens & YA
eBooks
Audiobooks
NOOK Tablets & eReaders

STAY IN THE KNOW

Email Address
Submit your email address to receive Barnes & Noble offers & updates. You can view Barnes & Noble’s Privacy Policy here. Unsubscribe from our emails at any time.

REWARDS

Enroll in Rewards for FREE. Watch your savings add up!

Learn More   Sign Up Free

FIND A STORE

Store name, location, or ZIP code
FOLLOW US
Facebook
X
Instagram
Pinterest
TikTok
YouTube
Terms of Use Copyright & Trademark Privacy Your Privacy Choices  Accessibility Cookie Policy Sitemap

©1997-2025 Barnes & Noble Booksellers, Inc. 33 East 17th Street, New York, NY 10003

Lorem ipsum dolornam faucibus, tellusnec varius faucibus,lorem nisl dignissimrisus, vitae suscipitlectus non eros.
Barnes & Noble uses cookies to offer you a better user experience. By clicking “Accept All Cookies” you agree to the storing of cookies on your device in accordance with our Cookie Policy
Manage Preferences Accept All Cookies"
"https://www.baystatehealth.org/articles/understanding-blood-pressure-readings","error",""
"https://www.behindthesteelcurtain.com/2025/6/23/24454311/bill-cowher-or-mike-tomlin-who-is-better-pittsburgh-steelers-head-coach-chuck-noll","error",""
"https://www.bellinghamherald.com/news/local/article309090605.html","error",""
"https://www.bestbuy.com/site/computer-cards-components/video-graphics-cards/abcat0507002.c","too_short","English Français Español
Hello!
Choose a country.
Canada
United States
Shopping in the U.S.?

International customers can shop on www.bestbuy.com and have orders shipped to any U.S. address or U.S. store.  See More Details "
"https://www.bestbuy.com/site/networking/hubs-switches/abcat0503012.c","too_short","English Français Español
Hello!
Choose a country.
Canada
United States
Shopping in the U.S.?

International customers can shop on www.bestbuy.com and have orders shipped to any U.S. address or U.S. store.  See More Details "
"https://www.bestbuy.com/site/questions/cyberpowerpc-battlebox-ultimate-gaming-desktop-intel-core-i7-8700k-32gb-memory-nvidia-geforce-gtx-1080-ti-240gb-ssd-3tb-hdd-white/6128527/question/dd863672-a8c4-3ce6-8170-0e2cecd57529","OK","4th of July SaleEnds Sunday. Limited quantities. No rainchecks.Shop now

Skip to content
Yardbird
Best Buy Outlet
Best Buy Business
Shop with an Expert
Menu
Top Deals
Deal of the Day
Yes, Best Buy Sells That
My Best Buy Memberships
Credit Cards
Gift Cards
Gift Ideas
Recently Viewed
Order Status
Saved Items
Main Content
Best BuyComputers & TabletsDesktop & All-in-One ComputersAll DesktopsProduct Details
“How do you change the colors on the keyboard that comes with this PC?”
Asked by Jennifer 7 years ago
Answer This Question
See all questions & answers
CyberPowerPC - BattleBox Ultimate Gaming Desktop - Intel Core i7-8700K - 32GB Memory - NVIDIA GeForce GTX 1080 Ti - 240GB SSD + 3TB HDD - White

User rating, 4.8 out of 5 stars with 139 reviews.

4.8
(139)
1-6 of 6 Answers

ya l l mu m

Answered by hello 2 years ago

Helpful (8)Unhelpful (6)Report

just fa/rt

Answered by Anonymous 2 years ago

Helpful (2)Unhelpful (2)Report

I want it because i am a gamer so please can i get t

Answered by marco 3 years ago

Helpful (12)Unhelpful (13)Report

https://www.youtube.com/watch?v=ApVzXL_kBQk. There is a button on the keyboard, watch this YouTube video that explains lighting for the keyboard and CPU.

Answered by TypicalPhoneUser 7 years ago

Verified Purchase
Helpful (50)Unhelpful (117)Report

Next to the ALT key on the right hand side of the keyboard there is a button that looks like a head light, press that to cycle through them.

Answered by BellumGaming 7 years ago

Helpful (49)Unhelpful (224)Report

To the right of the spacebar between the ALT and CTRL keys are two keys. "" * "" and "" FN "". Press these two keys at the same time to change colors.

Answered by catt 7 years ago

Helpful (99)Unhelpful (368)Report
Visit our Support Center
Check your Order Status
Shipping, Delivery & Store Pickup
Returns & Exchanges
Order & Purchases
Check Order Status
Shipping, Delivery & Pickup
Returns & Exchanges
Price Match Guarantee
Product Recalls
Trade-In Program
Gift Cards
Payment Options
My Best Buy® Credit Card
Pay Your Bill at Citibank
Lease to Own
Buy Now, Pay Later
Support & Services
Visit our Support Center
Shop with an Expert
Schedule a Service
Manage an Appointment
Protection & Support Plans
Haul Away & Recycling
Contact Us
Rewards & Membership
My Best Buy Memberships
View Points & Certificates
Member Offers
Partnerships
Sell on Best Buy Marketplace
Advertise with Us
Affiliates: Creators & Publishers
Best Buy Health
Best Buy Education
Best Buy Business
Partner+
About Best Buy
Corporate Information
Careers
Corporate Responsibility
Sustainability
Sign in or Create Account
Get the latest deals and more.
Email Address
Sign Up
Best Buy app
Learn more ›
Mobile Site
Best Buy Canada
Accessibility
Terms & Conditions
Privacy
Interest-Based Ads
State Privacy Rights
Health Data Privacy
Do Not Sell/Share My Personal Information
Limit Use of My Sensitive Personal Information
Targeted Advertising Opt Out
CA Supply Chain Transparency Act
In-store pricing may vary. Prices and offers are subject to change. © 2025 Best Buy. All rights reserved. BEST BUY, the BEST BUY logo, the tag design, and MY BEST BUY are trademarks of Best Buy and its affiliated companies."
"https://www.bestbuy.com/site/questions/cyberpowerpc-gaming-desktop-amd-ryzen-7-3700x-16gb-memory-amd-radeon-rx-5700-2tb-hdd-240gb-ssd-black/6362433/question/7a756c54-aecc-373b-8b74-a9a9d6147aec","OK","4th of July SaleEnds Sunday. Limited quantities. No rainchecks.Shop now

Skip to content
Yardbird
Best Buy Outlet
Best Buy Business
Shop with an Expert
Menu
Top Deals
Deal of the Day
Yes, Best Buy Sells That
My Best Buy Memberships
Credit Cards
Gift Cards
Gift Ideas
Recently Viewed
Order Status
Saved Items
Main Content
Best BuyComputers & TabletsPC GamingGaming DesktopsProduct Details
“How do you change the colors of the keyboard, mouse, and PC itself? There doesn't seem to be any software I can download, and there doesn't seem to be any buttons to change anything.”
Asked by Arkveveen 5 years ago
Answer This Question
See all questions & answers
CyberPowerPC - Gaming Desktop - AMD Ryzen 7 3700X - 16GB Memory - AMD Radeon RX 5700 - 2TB HDD + 240GB SSD - Black

User rating, 4.5 out of 5 stars with 401 reviews.

4.5
(401)
1-6 of 6 Answers

Thank you for reaching out to us Arkveveen. You should be able to change the color of the RGB lighting by using the preinstalled motherboards software for your PC. You should also be able to change the color of the mouse by pressing the button on the mouse below the scroll wheel. Unfortunately the keyboard included with this system is non RGB and the color of the lighting cannot be changed. If you have any further questions or concerns then please do not hesitate to give our tech support agents a call for any assistance; we're always happy to help. Tech support: (888)937-5582 -CyberpowerPC Support

Answered by CyberPowerPC Brand Expert 5 years ago

Helpful (13)Unhelpful (8)Report

i trying downloaded it but im having hard time doing so... what is the motherboard or why i cant find it on the asr website please someone help me to change the lighting in pc.. you say just down the polychrome synce but how lol

Answered by rich 5 years ago

Helpful (0)Unhelpful (0)Report

Im having the same issue, just bought today, no drivers or buttons for this.

Answered by Ramon 5 years ago

Helpful (0)Unhelpful (1)Report

Just got this machine today. In the start menu, there is a program called : ASRock Utility. This will let you control the LED's. The rainbow was lame, but mines set to a static Red now, and its beautiful.

Answered by Throxx35 5 years ago

Helpful (0)Unhelpful (2)Report

https://www.asrock.com/microsite/PolychromeRGB/ I just downloaded it and it works perfect, i can change the color and pattern

Answered by Dolgar2 5 years ago

Helpful (8)Unhelpful (10)Report

I had to google ASRock rgb control and download their polychrome sync software.

Answered by robby 5 years ago

Helpful (0)Unhelpful (3)Report
Visit our Support Center
Check your Order Status
Shipping, Delivery & Store Pickup
Returns & Exchanges
Order & Purchases
Check Order Status
Shipping, Delivery & Pickup
Returns & Exchanges
Price Match Guarantee
Product Recalls
Trade-In Program
Gift Cards
Payment Options
My Best Buy® Credit Card
Pay Your Bill at Citibank
Lease to Own
Buy Now, Pay Later
Support & Services
Visit our Support Center
Shop with an Expert
Schedule a Service
Manage an Appointment
Protection & Support Plans
Haul Away & Recycling
Contact Us
Rewards & Membership
My Best Buy Memberships
View Points & Certificates
Member Offers
Partnerships
Sell on Best Buy Marketplace
Advertise with Us
Affiliates: Creators & Publishers
Best Buy Health
Best Buy Education
Best Buy Business
Partner+
About Best Buy
Corporate Information
Careers
Corporate Responsibility
Sustainability
Sign in or Create Account
Get the latest deals and more.
Email Address
Sign Up
Best Buy app
Learn more ›
Mobile Site
Best Buy Canada
Accessibility
Terms & Conditions
Privacy
Interest-Based Ads
State Privacy Rights
Health Data Privacy
Do Not Sell/Share My Personal Information
Limit Use of My Sensitive Personal Information
Targeted Advertising Opt Out
CA Supply Chain Transparency Act
In-store pricing may vary. Prices and offers are subject to change. © 2025 Best Buy. All rights reserved. BEST BUY, the BEST BUY logo, the tag design, and MY BEST BUY are trademarks of Best Buy and its affiliated companies."
"https://www.bestbuy.com/site/questions/dell-inspiron-15-6-laptop-intel-core-i3-6gb-memory-1tb-hard-drive-black/5835851/question/2afb1c84-54b0-3de3-8f0b-05a0c184fc7e","OK","4th of July SaleEnds Sunday. Limited quantities. No rainchecks.Shop now

Skip to content
Yardbird
Best Buy Outlet
Best Buy Business
Shop with an Expert
Menu
Top Deals
Deal of the Day
Yes, Best Buy Sells That
My Best Buy Memberships
Credit Cards
Gift Cards
Gift Ideas
Recently Viewed
Order Status
Saved Items
Main Content
Best BuyComputers & TabletsLaptopsAll LaptopsWindows LaptopsProduct Details
“How do you replace the battery on this model ?”
Asked by Jeff 7 years ago
Answer This Question
See all questions & answers
Dell - Inspiron 15.6"" Laptop - Intel Core i3 - 6GB Memory - 1TB Hard Drive - Black

User rating, 4.2 out of 5 stars with 1358 reviews.

4.2
(1,358)
1-1 of 1 Answer

there is actually a link on the dell support page in regard to testing your battery or if it's bad it links you to ordering a new battery and have it delivered to your home i love Dell Support and this is why this is my 2nd Dell computer.

Answered by CherBear 7 years ago

Verified Purchase
Helpful (0)Unhelpful (0)Report
Visit our Support Center
Check your Order Status
Shipping, Delivery & Store Pickup
Returns & Exchanges
Order & Purchases
Check Order Status
Shipping, Delivery & Pickup
Returns & Exchanges
Price Match Guarantee
Product Recalls
Trade-In Program
Gift Cards
Payment Options
My Best Buy® Credit Card
Pay Your Bill at Citibank
Lease to Own
Buy Now, Pay Later
Support & Services
Visit our Support Center
Shop with an Expert
Schedule a Service
Manage an Appointment
Protection & Support Plans
Haul Away & Recycling
Contact Us
Rewards & Membership
My Best Buy Memberships
View Points & Certificates
Member Offers
Partnerships
Sell on Best Buy Marketplace
Advertise with Us
Affiliates: Creators & Publishers
Best Buy Health
Best Buy Education
Best Buy Business
Partner+
About Best Buy
Corporate Information
Careers
Corporate Responsibility
Sustainability
Sign in or Create Account
Get the latest deals and more.
Email Address
Sign Up
Best Buy app
Learn more ›
Mobile Site
Best Buy Canada
Accessibility
Terms & Conditions
Privacy
Interest-Based Ads
State Privacy Rights
Health Data Privacy
Do Not Sell/Share My Personal Information
Limit Use of My Sensitive Personal Information
Targeted Advertising Opt Out
CA Supply Chain Transparency Act
In-store pricing may vary. Prices and offers are subject to change. © 2025 Best Buy. All rights reserved. BEST BUY, the BEST BUY logo, the tag design, and MY BEST BUY are trademarks of Best Buy and its affiliated companies."
"https://www.bestbuy.com/site/questions/dell-inspiron-15-6-laptop-intel-core-i5-12gb-memory-256gb-solid-state-drive/6460201/question/a40dad82-4855-34b0-b473-6379501b5f99","OK","4th of July SaleEnds Sunday. Limited quantities. No rainchecks.Shop now

Skip to content
Yardbird
Best Buy Outlet
Best Buy Business
Shop with an Expert
Menu
Top Deals
Deal of the Day
Yes, Best Buy Sells That
My Best Buy Memberships
Credit Cards
Gift Cards
Gift Ideas
Recently Viewed
Order Status
Saved Items
Main Content
Best BuyComputers & TabletsLaptopsAll LaptopsWindows LaptopsProduct Details
“How do i replace the battery?”
Asked by Delllaptopbattery 2 years ago
Answer This Question
See all questions & answers
Dell - Inspiron 15.6"" Laptop - Intel Core i5 - 12GB Memory - 256GB Solid State Drive

User rating, 4.6 out of 5 stars with 187 reviews.

4.6
(187)
1-1 of 1 Answer

No

Answered by CarolinaD 1 year ago

Helpful (0)Unhelpful (0)Report
Visit our Support Center
Check your Order Status
Shipping, Delivery & Store Pickup
Returns & Exchanges
Order & Purchases
Check Order Status
Shipping, Delivery & Pickup
Returns & Exchanges
Price Match Guarantee
Product Recalls
Trade-In Program
Gift Cards
Payment Options
My Best Buy® Credit Card
Pay Your Bill at Citibank
Lease to Own
Buy Now, Pay Later
Support & Services
Visit our Support Center
Shop with an Expert
Schedule a Service
Manage an Appointment
Protection & Support Plans
Haul Away & Recycling
Contact Us
Rewards & Membership
My Best Buy Memberships
View Points & Certificates
Member Offers
Partnerships
Sell on Best Buy Marketplace
Advertise with Us
Affiliates: Creators & Publishers
Best Buy Health
Best Buy Education
Best Buy Business
Partner+
About Best Buy
Corporate Information
Careers
Corporate Responsibility
Sustainability
Sign in or Create Account
Get the latest deals and more.
Email Address
Sign Up
Best Buy app
Learn more ›
Mobile Site
Best Buy Canada
Accessibility
Terms & Conditions
Privacy
Interest-Based Ads
State Privacy Rights
Health Data Privacy
Do Not Sell/Share My Personal Information
Limit Use of My Sensitive Personal Information
Targeted Advertising Opt Out
CA Supply Chain Transparency Act
In-store pricing may vary. Prices and offers are subject to change. © 2025 Best Buy. All rights reserved. BEST BUY, the BEST BUY logo, the tag design, and MY BEST BUY are trademarks of Best Buy and its affiliated companies."
"https://www.bestbuy.com/site/questions/logitech-mk850-performance-full-size-wireless-keyboard-and-mouse-combo-for-pc-and-mac-black/5761911/question/851275ca-f7d5-3015-bad2-c2a8a22e92d8","OK","4th of July SaleEnds Sunday. Limited quantities. No rainchecks.Shop now

Skip to content
Yardbird
Best Buy Outlet
Best Buy Business
Shop with an Expert
Menu
Top Deals
Deal of the Day
Yes, Best Buy Sells That
My Best Buy Memberships
Credit Cards
Gift Cards
Gift Ideas
Recently Viewed
Order Status
Saved Items
Main Content
Best BuyComputers & TabletsComputer Accessories & PeripheralsMice & KeyboardsKeyboard & Mouse CombosProduct Details
“Does the MK850 keyboard have a Print Screen key?”
Asked by Curious 7 years ago
Answer This Question
See all questions & answers
Logitech - MK850 Performance Full-size Wireless Keyboard and Mouse Combo for PC and Mac - Black

User rating, 4.5 out of 5 stars with 3319 reviews.

4.5
(3,319)
Add to cart
1-10 of 35 Answers

I just bought this keyboard and tried any number of combinations suggested: FN/ALT/back, FN/back, FN/insert, and so on. Nothing worked.

Answered by JFord 4 years ago

Helpful (189)Unhelpful (30)Report

Took a while to figure this out. To get screenshot into screenshot folder press and hold ""FN"" then press and hold ""start/alt opt"" key then press ""insert"" key.

Answered by Anonymous 4 years ago

Helpful (85)Unhelpful (47)Report

Yes, this keyboard has a camera icon on the ""Insert"" key. That is your print screen key. Hold down ""fn"" and press ""Insert"" to take a screenshot of all active monitors. Hold down ""fn"" + ""alt"" and press ""insert"" to capture only the active window.

Answered by MK850Owner 5 years ago

Helpful (173)Unhelpful (142)Report

My K850 keyboard does do a printscreen by hitting fn and Insert (not the one under the number pad but the one with the camera icon, under the white 1). Control plus P copied the screen onto a page ready to print. Thanks to this forum for answering my question as to where to find the printscreen. It's not intuitively obvious.

Answered by PhilH 5 years ago

Helpful (49)Unhelpful (26)Report

FN+START (alt opt)+insert (the one with the camera)

Answered by Sikorsky4 4 years ago

Helpful (35)Unhelpful (16)Report

When I enter FN + Insert, Microsoft OneNote comes up and I am unable to print screen. What gives? I love this keyboard, but not having the print screen function drives me insane.

Answered by Willis 4 years ago

Helpful (27)Unhelpful (12)Report

YES, Please press Fn + Insert.

Answered by Lynne 6 years ago

Helpful (91)Unhelpful (84)Report

Hi. You just hold ""ctrl"" and press ""P"". A screen will appear to print on your printer, but you can choose ""save as PDF or your printer.

Answered by Anonymous 1 year ago

Helpful (1)Unhelpful (0)Report

Yes it is the function key and the camera icon located above the number keys. This for the MX Logitech keyboard.

Answered by Anonymous 4 years ago

Helpful (1)Unhelpful (0)Report

Press FN+ALT+HOME

Answered by Gerald 3 years ago

Helpful (6)Unhelpful (6)Report
1-10 of 35 Answers
Show More Answers  
Visit our Support Center
Check your Order Status
Shipping, Delivery & Store Pickup
Returns & Exchanges
Order & Purchases
Check Order Status
Shipping, Delivery & Pickup
Returns & Exchanges
Price Match Guarantee
Product Recalls
Trade-In Program
Gift Cards
Payment Options
My Best Buy® Credit Card
Pay Your Bill at Citibank
Lease to Own
Buy Now, Pay Later
Support & Services
Visit our Support Center
Shop with an Expert
Schedule a Service
Manage an Appointment
Protection & Support Plans
Haul Away & Recycling
Contact Us
Rewards & Membership
My Best Buy Memberships
View Points & Certificates
Member Offers
Partnerships
Sell on Best Buy Marketplace
Advertise with Us
Affiliates: Creators & Publishers
Best Buy Health
Best Buy Education
Best Buy Business
Partner+
About Best Buy
Corporate Information
Careers
Corporate Responsibility
Sustainability
Sign in or Create Account
Get the latest deals and more.
Email Address
Sign Up
Best Buy app
Learn more ›
Mobile Site
Best Buy Canada
Accessibility
Terms & Conditions
Privacy
Interest-Based Ads
State Privacy Rights
Health Data Privacy
Do Not Sell/Share My Personal Information
Limit Use of My Sensitive Personal Information
Targeted Advertising Opt Out
CA Supply Chain Transparency Act
In-store pricing may vary. Prices and offers are subject to change. © 2025 Best Buy. All rights reserved. BEST BUY, the BEST BUY logo, the tag design, and MY BEST BUY are trademarks of Best Buy and its affiliated companies."
"https://www.bestbuy.com/site/questions/logitech-wave-keys-mk670-combo-ergonomic-wireless-keyboard-and-mouse-bundle-for-windows-mac-with-integrated-palm-rest-graphite/6554353/question/a370cecd-97ca-3b75-b613-df3d5f4a8650","OK","4th of July SaleEnds Sunday. Limited quantities. No rainchecks.Shop now

Skip to content
Yardbird
Best Buy Outlet
Best Buy Business
Shop with an Expert
Menu
Top Deals
Deal of the Day
Yes, Best Buy Sells That
My Best Buy Memberships
Credit Cards
Gift Cards
Gift Ideas
Recently Viewed
Order Status
Saved Items
Main Content
Best BuyComputers & TabletsComputer Accessories & PeripheralsMice & KeyboardsKeyboard & Mouse CombosProduct Details
“How do I Print-Screen with this loigi Wave Keys MK670 keyboard?  I don't have the box or install CD, so i just need to know how to do it with the existing keys/config. Thanks”
Asked by David 1 year ago
Answer This Question
See all questions & answers
Logitech - Wave Keys MK670 Combo Ergonomic Wireless Keyboard and Mouse Bundle for Windows/Mac with Integrated Palm-rest - Graphite

User rating, 4.6 out of 5 stars with 329 reviews.

4.6
(329)
Add to cart
1-4 of 4 Answers

In Windows press F7 key. Screen will darken and a drop down will appear top center of screen. you have 4 boxes offering 'Rectangle' snip, 'Freeform' snip, 'Window' snip, 'Fullscreen' snip and a final box 'X' that closes the snippet function. You can then paste this from your clip board to your desired editor.

Answered by Anonymous 7 months ago

Helpful (10)Unhelpful (16)Report

On a MK670 hold the fn key down and then press the F7 key, it will darken as an answer below.

Answered by Anonymous 6 months ago

Helpful (3)Unhelpful (14)Report

I would go to Logitec's website and ask there. Probably will find the answer.. Just guessing.

Answered by DawnW 1 year ago

Helpful (0)Unhelpful (12)Report

Hey! The Logitech Wave Keys MK670 keyboard doesn't have a dedicated Print Screen key, but you can still capture screenshots using key combinations depending on your operating system:

Answered by Logitech 1 year ago

Helpful (10)Unhelpful (55)Report
Visit our Support Center
Check your Order Status
Shipping, Delivery & Store Pickup
Returns & Exchanges
Order & Purchases
Check Order Status
Shipping, Delivery & Pickup
Returns & Exchanges
Price Match Guarantee
Product Recalls
Trade-In Program
Gift Cards
Payment Options
My Best Buy® Credit Card
Pay Your Bill at Citibank
Lease to Own
Buy Now, Pay Later
Support & Services
Visit our Support Center
Shop with an Expert
Schedule a Service
Manage an Appointment
Protection & Support Plans
Haul Away & Recycling
Contact Us
Rewards & Membership
My Best Buy Memberships
View Points & Certificates
Member Offers
Partnerships
Sell on Best Buy Marketplace
Advertise with Us
Affiliates: Creators & Publishers
Best Buy Health
Best Buy Education
Best Buy Business
Partner+
About Best Buy
Corporate Information
Careers
Corporate Responsibility
Sustainability
Sign in or Create Account
Get the latest deals and more.
Email Address
Sign Up
Best Buy app
Learn more ›
Mobile Site
Best Buy Canada
Accessibility
Terms & Conditions
Privacy
Interest-Based Ads
State Privacy Rights
Health Data Privacy
Do Not Sell/Share My Personal Information
Limit Use of My Sensitive Personal Information
Targeted Advertising Opt Out
CA Supply Chain Transparency Act
In-store pricing may vary. Prices and offers are subject to change. © 2025 Best Buy. All rights reserved. BEST BUY, the BEST BUY logo, the tag design, and MY BEST BUY are trademarks of Best Buy and its affiliated companies."
"https://www.bestbuy.com/site/questions/samsung-stormwash-24-top-control-built-in-dishwasher/5325802/question/82784936-bf61-3250-8b62-f1f05f6e3a8b","OK","4th of July SaleEnds Sunday. Limited quantities. No rainchecks.Shop now

Skip to content
Accessibility Survey
Yardbird
Best Buy Outlet
Best Buy Business
Shop with an Expert
Menu
Store Locator
Cart
Top Deals
Deal of the Day
Yes, Best Buy Sells That
My Best Buy Memberships
Credit Cards
Gift Cards
Gift Ideas
More
Account
Recently Viewed
Order Status
Saved Items
Main Content
Best BuyAppliancesDishwashersBuilt-In DishwashersProduct Details
“How do I clean the filter of Samsung dishwasher dw80r5060us”
Asked by Lisa 3 years ago
Answer This Question
See all questions & answers
Samsung - StormWash™ 24"" Top Control Built-In Dishwasher

User rating, 4.3 out of 5 stars with 1654 reviews.

4.3
(1,654)
$168.99
Your price for this item is $168.99
Clearance
Save $506
Comp. Value: $674.99
The comparable value price is $674.99
Sold Out
1-1 of 1 Answer

It's the screen in the bottom of the dishwasher. You have to remove 10-12 phillips head screws to get it out and clean it. Worst filter design I've ever seen on a dishwasher!

Answered by JeffS 2 years ago

Helpful (24)Unhelpful (2)Report
Visit our Support Center
Check your Order Status
Shipping, Delivery & Store Pickup
Returns & Exchanges
Order & Purchases
Check Order Status
Shipping, Delivery & Pickup
Returns & Exchanges
Price Match Guarantee
Product Recalls
Trade-In Program
Gift Cards
Payment Options
My Best Buy® Credit Card
Pay Your Bill at Citibank
Lease to Own
Buy Now, Pay Later
Support & Services
Visit our Support Center
Shop with an Expert
Schedule a Service
Manage an Appointment
Protection & Support Plans
Haul Away & Recycling
Contact Us
Rewards & Membership
My Best Buy Memberships
View Points & Certificates
Member Offers
Partnerships
Sell on Best Buy Marketplace
Advertise with Us
Affiliates: Creators & Publishers
Best Buy Health
Best Buy Education
Best Buy Business
Partner+
About Best Buy
Corporate Information
Careers
Corporate Responsibility
Sustainability
Accessibility Survey
Sign in or Create Account
Get the latest deals and more.
Email Address
Sign Up
Best Buy app
Learn more ›
How was your experience?
Give feedback about our website
Mobile Site
Best Buy Canada
Accessibility
Terms & Conditions
Privacy
Interest-Based Ads
State Privacy Rights
Health Data Privacy
Do Not Sell/Share My Personal Information
Limit Use of My Sensitive Personal Information
Targeted Advertising Opt Out
CA Supply Chain Transparency Act
In-store pricing may vary. Prices and offers are subject to change. © 2025 Best Buy. All rights reserved. BEST BUY, the BEST BUY logo, the tag design, and MY BEST BUY are trademarks of Best Buy and its affiliated companies."
"https://www.bestbuy.com/site/tech-tips/speeding-up-slow-computer/pcmcat1572290349191.c","too_short","English Français Español
Hello!
Choose a country.
Canada
United States
Shopping in the U.S.?

International customers can shop on www.bestbuy.com and have orders shipped to any U.S. address or U.S. store.  See More Details "
"https://www.bhp.com/what-we-do/products/iron-ore","OK","Contact us 
English
About
What we do
Investors
Sustainability
Careers
News
Suppliers
Search
Home
What we do
Products
Iron ore
Iron ore is integral to the steel-making process and one of the most sought after commodities in the world.
Download our fact sheet 
Share
What is iron ore?

 

Iron ores are rocks and minerals from which metallic iron can be extracted. There are four main types of iron ore deposit: massive hematite, which is the most commonly mined, magnetite, titanomagnetite, and pisolitic ironstone. These ores vary in colour from dark grey, through to deep purple, rusty red and bright yellow. Iron is responsible for the red colour in many of our rocks and the deep red sands of the Australian deserts.

Abundant element

Iron makes up close to 5% of the Earth's crust.

Steel

It takes around 1.6 tons of iron ore to produce one ton of steel.

Key ingredient

The world uses 20 times more iron (in the form of steel) than all other metals put together.

Big machines

Our iron ore trains are over 2.5km, or 264 ore cars long! It can take up to half an hour to walk from one end to the other.

Large-scale shipping

The ships we use to transport iron ore to our customers can carry around 47 Olympic-sized swimming pools worth of material.

Fe

The chemical symbol for iron is 'Fe'. This comes from its Latin name, Ferrum.

How is iron ore used?

 

98 per cent of all iron ore is converted into pig iron for steel making. It is then used in construction, transportation, energy infrastructure and even household appliances.

Construction
Buildings, bridges and other essential infrastructure around the world are built with steel that’s made from iron ore.
Household appliances
You’ll find steel in everyday household appliances like your ovens, washing machines, fridges and dishwashers.
Transport
Every mode of transportation relies on the steel that’s produced from iron ore. That includes planes, trains, ships, trucks and cars.
Energy infrastructure
From wind turbines to electricity poles, steel plays an essential role in providing the energy infrastructure that powers our world.
How is steel made?
Mixing with coke

Iron ore is mixed with coke from super-heated metallurgical coal in a blast furnace.

Heating

Air that has been heated to around 1,200°C is injected into the furnace, converting the iron ore to molten pig iron and slag.

Removing impurities

Once impurities are removed, alloying elements are added. The steel is then cast, cooled and rolled, ready for use.

Where is iron ore found?

 

Iron ore deposits have been located all over the world, with Australia, Brazil, the United States and Canada being the largest producing countries. We have interests in iron ore assets in Australia and Brazil.

Western Australia
Our Western Australia Iron Ore (WAIO) business contains 5 mines in the Pilbara region.

With 5 mines, 4 processing hubs and 2 port facilities, our Pilbara iron ore business is all connected by more than 1,000 kilometres of rail infrastructure. At each mining hub ore from the mines is crushed, beneficiated (where necessary) and blended to create high-grade hematite lump and fines products.

View our locations 
Brazil
Samarco Mineracao S.A. (Samarco) is a non-operated joint venture iron ore operation.

BHP Billiton Brasil and Vale each hold a 50% shareholding in Samarco.  Following the Fundão dam failure in 2015, operations at the iron ore operation have resumed without the need of tailings dams and with a new, safer filtration system. The autonomous Renova Foundation was established to remediate and compensate for the impacts of the dam failure.

Find out more 
Think steel
0:15
Meet Aaron from Port Hedland

Aaron from Port Hedland drives the longest, heaviest, distributed power trains in the world. The iron ore he transports is used to produce steel and build cities.

How is iron ore mined?

 

From pit to port, our iron ore undergoes a series of processes before export.

First, we explore the geology of the region to find the best iron ore prospects for our operations.
Once the ideal site has been chosen, the ore is drilled and blasted.
It is then transported to the primary crusher for processing.
The crushed ore is sorted over screens and resized to different specifications, such as lump and fines products.
Once the iron ore is processed, a stacker builds a stockpile in the stockyards.
When ready for transportation, a reclaimer picks up the ore from the stockpiles and conveys it to train load out facilities.
Trains transport the iron ore to ports.
The iron ore is then loaded on to ships at our port facilities and exported to our customers around the world.
What is the future for iron ore?

 

As the world continues to require steel for key construction and infrastructure projects, we expect demand for iron ore to continue into the future. Our challenge is to continue producing this vital commodity in a way that supports decarbonisation efforts, and reduces the greenhouse gas emissions footprint of o"
"https://www.bluedevilautocaresolutions.com/blog/how-to-fix-an-oil-leak","error",""
"https://www.bon.texas.gov/faq_nursing_practice.asp.html","error",""
"https://www.cables-solutions.com/what-is-an-ethernet-switch-and-how-to-use-it.html","error",""
"https://www.cashcourse.org/topics/protect/insurance/understanding-the-affordable-care-act","error",""
"https://www.centralcoastpediatrics.net/crying-and-your-baby-how-to-calm-a-fussy-or-colick","error",""
"https://www.cga.ct.gov/2002/rpt/2002-r-0149.htm","error",""
"https://www.childrenshealthpartners.com/thrush","error",""
"https://www.chinahighlights.com/travelguide/chinese-zodiac","error",""
"https://www.classification.gov.au/titles/squid-game-season-1","OK","Skip to main content

This website uses cookies, utilised by us and third parties to enhance your experience. Learn more via our 
external link:
Privacy page.

Close
Australian Classification
      

Portal login

Main navigation
Classification ratings For industry About us
 

Contact us

Search for a film, game or publication
Rating
Include adult and Refused Classification material
Sort by
Back

Share

Squid Game: Season 1
Category Film External Approved Decision received by API
Duration 490 minutes
Classification date 16 September 2021
Jump to industry details

What do the ratings mean?

Why this classification?
	None	Very mild
impact	Mild
impact	Moderate
impact	Strong
impact	High
impact
Themes					
	
Violence					
	
Language				
Moderate impact
		
Drug use	
None
					
Nudity				
Moderate impact
		
Sex				
Moderate impact
		
Back to top
Industry details
Classification date	16 September 2021
Year of production	Not Specified
Classification	MA 15+
Consumer advice	Strong themes and violence, blood and gore
Category	Films
Category detail	Film External Approved Decision received by API
Media type	Online
Version	ORIGINAL
Duration	490 minutes
Director/Creator	Hwang Dong-hyuk
Producer	NOT SHOWN
Production company	Not Specified
Country of origin	SOUTH KOREA
Language	Not Specified
Applicant	Netflix, Inc. - by API
File number	T21/2701
Classification number	294577
Alternative titles	VIPS One Lucky Day Gganbu A Fair World Stick to the Team The Man with the Umbrella Hell Red Light, Green Light Front Man
Not what you're looking for?

Return to search results
Start a new search

Film posters (where available) are courtesy of The Movie Database (TMDb) and the accuracy or correctness of this content cannot be guaranteed. This product uses the TMDb API but is not endorsed or certified by TMDb.

Classification ratings
What we classify
What do the ratings mean?
What's ok for children?
How a rating is decided
Classification tools
Latest classification decisions
For industry
Apply for classification
Develop and use a classification tool
Import or export objectionable goods
Advertise, show and sell
Classification markings
Content assessor training
Frequently Asked Questions and Guides
About us
Classification Board
Classification Review Board
Classification Branch
Media and news
Research and publications
Corporate reporting
Legislation
Freedom of Information
Careers

Contact us

Connect with us 
 YouTube
 
 Twitter
 
 RSS feeds
Privacy
 
Disclaimer
 
Copyright
 
Translation services
 
Sitemap

© Commonwealth of Australia"
"https://www.clinique.com.au/skin-school-blog/how-find-perfect-red-lipstick-your-skin-tone-skin-school-clinique","OK","Skip to main content
Call 1800 556 948 to speak to an advisor for phone orders and product recommendations.
Learn More
Sign in
 Smart Rewards
 Track My Order
3 Step Skincare
New
Bestsellers
Skin Concern
Skincare
Makeup
Fragrance
Men
Offers
Skin Services
Gifts
Pretty Easy
How to Find the Perfect Red Lipstick For Your Skin Tone

Timeless, elegant and versatile: red lipstick is a classic makeup staple. From Marilyn Monroe in her signature look to Julia Roberts in Pretty Woman, Uma Thurman in Pulp Fiction and more, we’ve seen the biggest names in Hollywood rock the red lipstick look - and now it’s your turn.




In today’s guide, we’ll reveal which of our Pop™ Reds is right for you. The brand new collection includes seven richly pigmented red lipstick shades to create the perfect bold lip for your complexion. Nourishing and easy to apply, these lipsticks stay on from AM to PM, and it can even be used as a blush.



Determining your skin’s undertone

Your skin’s undertone is the colour underneath the surface of your dermis that, combined with your skin tone, creates your complexion. Unlike your skin tone, your undertone remains the same throughout the year and determining it is a must-do to find the perfect makeup shade to enhance your complexion.




So, how can you tell which undertone you have? Simply look at the veins on the inside of your wrist. If they are greenish, you have a warm undertone, whereas if they appear blue or purple, you have a cool undertone. If you can’t distinguish the colour of your veins, you probably have a neutral tone. In this case, choosing the best red lipstick for you is easy, as your skin can adapt to any colour.




An alternative way of determining your undertone is to hold a piece of white paper next to your skin and look in the mirror. If it appears purple, rosy or reddish, you have cool undertones. If, in contrast, it looks more yellow or golden, you have warm skin.

The best red lipstick for fair skin

If you have a fair complexion, you want to find a red lipstick to complement and illuminate your skin. For some bonus perks: the right shade will also make your teeth look whiter and enhance any brightening eye shadow.




If you have fair skin with cool undertones… choose a blue-based red lipstick in raspberry or cranberry hues, like our Red-y to Wear. This red lipstick shade will warm up the cooler pink tones in your skin and add a subtle contrast to the makeup look. If you’re going for a ‘goth’ look, you can always play around with a dark red lipstick!




If you have fair skin with warm undertones… opt for an orange-red lipstick to create a more vibrant look, like our Red Hot. A bright red lipstick like this will enhance your natural glow while also adding a subtle warmth. Pair the lipstick with a peach blush and soft contouring for a glamorous sun-kissed makeup.

The best red lipstick for olive skin

For olive or medium skin tones, it’s all about adding some more warmth to the look. Opting for a classic red lipstick that adds a pop of colour while complementing your bronzed complexion is always a win.




If you have olive skin with cool undertones… try a wine-red lipstick like our Red Carpet. Wine reds are blue-based colours, which means they have a deeper undertone that will perfectly blend with your olive skin while still making your makeup look stand out. For easier, more symmetrical application, make sure to start by lining your lips with a matching lip pencil like our Quickliner in Intense Cosmo.




If you have olive skin with warm undertones… choose a brick red lipstick to flawlessly suit your warm-toned complexion, like our Red-y to Party. Finish off the look with a neutral eye shadow and a shimmery bronzer on your cheeks so your lipstick can truly be the star of the show.

Shop The Story

10ml
Moisture Surge™ Lip Hydro-Plump Treatment
Intense plumping hydration for day and night. Multi-tasking treatment smooths, relieves dryness and preps for soft, dewy lips.
 
Loading
Newsletter

Sign up for our newsletter, for updates, special offers, and more

I'd like to receive information about Clinique products, offers, events and more. To learn more, view our Privacy Policy.
Shop
Store Locator
Smart Rewards
Risk-Free Shade Match
Payment Options
Offers
Phone Orders 1800 556 948
Student Discount
Gift Cards
Discontinued Products
About
Privacy Policy
Terms & Conditions
Manage Cookies
Need Help?
Track My Order
Customer Care
Shipping
FAQ
WhatsApp Us +61 483 915 927
Social
Facebook
Instagram
Discover
Skin School Blog
Clinical Reality™
Live Stream
Clinique Shade-Match Science
Derm Pros
Best Sellers
3-Step Skin Care

© Clinique Laboratories, llc. All Rights Reserved"
"https://www.clownfishvoicechanger.net","error",""
"https://www.cnet.com/videos/turn-your-android-phone-into-a-webcam","error",""
"https://www.computerhistory.org/timeline/computers","error",""
"https://www.cool.osd.mil/army/credential/index.html","error",""
"https://www.copilot.com/blog/wix-client-portal","error",""
"https://www.costco.com/cyberpowerpc-gamer-xtreme-gaming-desktop---13th-gen-intel-core-i5-13400f----geforce-rtx-4060%2c-black.product.4000202717.html","OK","Skip to Main Content
Ends Today! Receive a $300 Shop Card with the Purchase of Select Tempur-Pedic Mattresses
Costco Next While Supplies Last Online-Only Treasure Hunt What's New Member Favorites Get Email Offers Customer Service US 
United States(expand to select country/region)
	
	
Sign In / Register
Orders & Returns
Items
 Cart
 Shop Grocery
 Same-Day
 Savings
 Business Delivery
 Optical
 Pharmacy
 Services
 Photo
 Travel
 Membership
 Locations
My Warehouse
Set My Warehouse
Delivery Location
98101
Lists Buy Again
Go to 
Home  
Go to 
Computers  
Go to 
Desktop Computers & PCs  
Go to 
Gaming PCs & Computers
100% zoom minimum zoom level
Next
CyberPowerPC Gamer Xtreme Gaming Desktop - 13th Gen Intel Core i5-13400F - GeForce RTX 4060, Black
Item  1760290 Model  GXi2000CST
Your Price
- -.- -
$
Price Per : $-.- -
Our Online Price Includes
Technical Support
90 Day Return Policy
2 Year Warranty
McAfee Total Protection*
Up to 4% in Rewards**
Calculate Reward

*Excludes Apple Computers **Terms and conditions apply.

Shipping & Handling: $14.99*
Features:
Intel Core i5-13400F Processor
NVIDIA® GeForce RTX™ 4060, 8GB
2.0TB Solid State Drive
USB Gaming Keyboard & 7 Colors Gaming Mouse
32GB DDR5 Memory
Share
Print
Delivery
ZIP Code
Enter ZIP code to check earliest delivery date.
Same-Day Delivery

Prices and Availability Will Vary

Shop Same-Day Now
 Add to List
Compare Product
Product Details
	
Specifications
	
Warranty & Services
	
Shipping & Returns
	
Reviews
Product Details
Processor & Memory:
Intel Core i5-13400F Processor
20MB L3 Cache
32GB DDR5 Memory 
Drives:
 2TB PCIe Gen4 NVMe SSD
Operating System:
Microsoft® Windows 11 Home

Graphics:  
NVIDIA® GeForce RTX™ 4060, 8GB
Monitor not included
Communications:
Bluetooth® 4.2
10/100/1000 Gigabit Ethernet LAN
802.11AC WiFi

Audio:
Integrated 7.1 High Definition Channel Audio

Expandability (Total Bays / Slots):
2 ( 2 ) x Internal - 3.5""
2 ( 2 ) x Internal - 2.5""
1 ( 0 ) x PCI Express x16
2 ( 2 ) x PCI Express x1
1 ( 0 ) x M.2 (SATA / PCI-e)
4 ( 2 ) x DIMM 288-pin  

I/O Ports: 
4 x USB 3.1 (2 Front, 2 Rear)
2 x USB 2.0 (2 Rear)
1 x RJ45 LAN
1 x HDMI DisplayPort
3 x  Audio Jacks

Accessories Included:
USB Gaming Keyboard & 7 Colors Gaming Mouse
Power Cord

Additional Information: 
Color: Black
Dimensions (D x W x H): 18.5"" x 8.6"" x 16.5""
Approximate Weight: 33 lbs

Warranty and Support: 
2 Year Limited Warranty & Lifetime Toll Free Tech Support Services
Technical Support Hotline: (888) 937-5582
Technical Support E-mail: techteam@cyberpowerpc.com
Specifications
Bluetooth Version
Bluetooth 4.2
Brand
CyberPowerPC
Color
Black
Computer Type
Gaming
Features
Bluetooth
Features
Keyboard & Mouse
Features
Wi-Fi
Generation
Intel 13th Generation
Graphic Card
Integrated Graphics
Memory (RAM)
32 GB
Model
GXi2000CST
Number of Audio Ports
3x Audio Ports
Number of Ethernet Ports
1x RJ-45 Ethernet Port
Number of VGA Inputs
-
Operating System
Windows OS
Optical Drive
No Optical Drive
Processor
Intel Core i5
Screen Resolution
-
Special Offer
McAfee Total Protection 1 Year
SSD Size
2 TB
Storage Drive Type
SSD
Wireless Networking
Wi-Fi 5
Warranty & Services

2nd Year Warranty

Free Technical Support - Step-By-Step Instructions, Troubleshooting & More

90 Day Return Policy

Learn About Costco Technical & Warranty Services
Shipping & Returns
Standard shipping is via UPS Ground.

Express shipping is via UPS.

Please choose your shipping method at checkout.

An additional Shipping and Handling fee will apply to express shipments. This fee will be quoted at checkout.

*Delivery is available to Alaska, Hawaii and Puerto Rico; however, an additional Shipping and Handling fee will apply. This fee will be quoted at checkout. Additional transit time may also be required.

Costco.com products can be returned to any of our more than 800 Costco warehouses worldwide.
SHOP CONFIDENTLY

We are committed to offering the best value to our members, with a risk-free 100% satisfaction guarantee on your membership and merchandise with some exceptions and limitations*. If you have questions about your membership or products you've purchased at Costco, please visit the membership counter at your local Costco or Contact Customer Service.

*Certain items are not available for return or refund or may have limitations on their eligibility for return or refund. View Costco's Return Policy.

Costco Technical and Warranty Services for select electronics and consumer goods. For manufacturer warranty information, please contact us.

How To Return Costco.com Orders

Reviews
Customer Service
Get Help
Find a Warehouse
Find warehouse
Get Email Offers
Go
Follow Us
  
Get the Costco App
About Us
Get To Know Costco
Charitable Contributions
Company Information
Sustainability Commitment
Investor Relations
Careers
Kirkland Signature
Logo and Media Requests
The Costco Connection
Quick & Easy Recipe Videos
Employee Site
Membership
Join Now
Member Privileges
Executive Membership Terms
Sign In or Register
Credit Card
Vendors & Suppli"
"https://www.costco.com/cyberpowerpc-gamer-xtreme-gaming-desktop---intel-core-processor-i5-14400f---geforce-rtx-4060.product.4000251820.html","OK","Skip to Main Content
Ends Today! Receive a $300 Shop Card with the Purchase of Select Tempur-Pedic Mattresses
Costco Next While Supplies Last Online-Only Treasure Hunt What's New Member Favorites Get Email Offers Customer Service US 
United States(expand to select country/region)
	
	
Sign In / Register
Orders & Returns
Items
 Cart
 Shop Grocery
 Same-Day
 Savings
 Business Delivery
 Optical
 Pharmacy
 Services
 Photo
 Travel
 Membership
 Locations
My Warehouse
Set My Warehouse
Delivery Location
98101
Lists Buy Again
Go to 
Home  
Go to 
Computers  
Go to 
Desktop Computers & PCs  
Go to 
Gaming PCs & Computers
100% zoom minimum zoom level
Next
CyberPowerPC Gamer Xtreme Gaming Desktop - Intel Core Processor i5-14400F - GeForce RTX 4060
Item  1815251 Model  GXi2000CSTV2
Our Online Price Includes
Technical Support
90 Day Return Policy
2 Year Warranty
McAfee Total Protection*
Up to 4% in Rewards**
Calculate Reward

*Excludes Apple Computers **Terms and conditions apply.

Shipping & Handling: $14.99*
Item may be available in your local warehouse, prices may vary.

Features:
Intel Core i5-14400F Processor
NVIDIA® GeForce RTX™ 4060, 8GB
2TB PCIe Gen4 NVMe Solid State Drive
USB Gaming Keyboard & 7 Colors Gaming Mouse
32GB DDR5 Memory
Share
Print
Delivery

Same-Day Delivery

Prices and Availability Will Vary

Shop Same-Day Now
 Add to List
Compare Product
Product Details
	
Specifications
	
Warranty & Services
	
Shipping & Returns
	
Reviews
Product Details
Processor & Memory:
Intel Core Processor i5-14400F 2.5GHz (Max 4.7GHz)
20MB L3 Cache
32GB DDR5 Memory (4 Slots, 128GB Max)

Motherboard:
Intel B760 Chipset Motherboard 

Hard Drive:
2TB PCIe Gen4 NVMe SSD

Graphics:  
NVIDIA® GeForce RTX™ 4060, 8GB

Communications:
10/100/1000 Gigabit Ethernet LAN
802.11AC WiFi
Bluetooth 4.2

Audio:
Integrated 7.1 High Definition Channel Audio

Expandability (Total Bays / Slots):
2 ( 2 ) x Internal - 3.5""
2 ( 2 ) x Internal - 2.5""
1 ( 0 ) x PCI Express x16
2 ( 2 ) x PCI Express x1
1 ( 0 ) x M.2 (SATA / PCI-e)
4 ( 2 ) x DIMM 288-pin  

I/O Ports: 
5 x USB 3.1 Gen1 (3 Front, 2 Rear)
4 x USB 2.0 (4 Rear)
1 x RJ45 LAN
3 x Audio Port (Speaker / Microphone / Line In) (Rear)
1 x HDMI 2.1
2 x DisplayPort 1.4a
1 x Headphone/Microphone Combo (Front)

Operating System: 
Microsoft Windows 11 Home (64-bit) 

CPU Cooling: 
Air Cool

Power Supply: 
600W 80 Plus Gold Power Supply

Accessories Included:
USB RGB Gaming Keyboard & USB 7 Colors Gaming Mouse
Power Cord

Additional Information: 
Color: Black
Dimensions (D x W x H): 17.7"" x 8.6"" x 19.9""
Approximate Weight: 39 lbs

Warranty and Support: 
2 Year Limited Warranty & Lifetime Toll Free Tech Support Services
Technical Support Hotline: (888) 937-5582
Technical Support E-mail: techteam@cyberpowerpc.com
Specifications
Bluetooth Version
Bluetooth 4.2
Brand
CyberPowerPC
Color
Black
Computer Type
Gaming
Features
Bluetooth
Features
Wi-Fi
Generation
Intel 14th Generation
Graphic Card
Integrated Graphics
Memory (RAM)
32 GB
Model
GXi2000CSTV2
Number of Audio Ports
1x Headphone/Microphone Combo Jack
Number of DisplayPort Outputs
2x DisplayPort 1.4a
Number of Ethernet Ports
1x RJ-45 Ethernet Port
Number of HDMI Ports
1x HDMI 2.1 Output
Number of Thunderbolt Ports
-
Number of USB-A Ports
9 Ports (4x USB-A 3.1, 5x USB-A 2.0)
Number of USB-C Ports
-
Number of VGA Inputs
-
Operating System
Windows OS
Optical Drive
No Optical Drive
Processor
Intel Core i5
Processor Brand
Intel
Screen Resolution
-
Special Offer
McAfee Total Protection 1 Year
SSD Size
2 TB
Storage Drive Type
SSD
Webcam Resolution
-
Wireless Networking
Wi-Fi 5
Warranty & Services

2nd Year Warranty

Free Technical Support - Step-By-Step Instructions, Troubleshooting & More

90 Day Return Policy

Learn About Costco Technical & Warranty Services
Shipping & Returns
Standard shipping is via UPS Ground.

Express shipping is via UPS.

Please choose your shipping method at checkout.

An additional Shipping and Handling fee will apply to express shipments. This fee will be quoted at checkout.

*Delivery is available to Alaska, Hawaii and Puerto Rico; however, an additional Shipping and Handling fee will apply. This fee will be quoted at checkout. Additional transit time may also be required.

Costco.com products can be returned to any of our more than 800 Costco warehouses worldwide.
SHOP CONFIDENTLY

We are committed to offering the best value to our members, with a risk-free 100% satisfaction guarantee on your membership and merchandise with some exceptions and limitations*. If you have questions about your membership or products you've purchased at Costco, please visit the membership counter at your local Costco or Contact Customer Service.

*Certain items are not available for return or refund or may have limitations on their eligibility for return or refund. View Costco's Return Policy.

Costco Technical and Warranty Services for select electronics and consumer goods. For manufacturer warranty information, please contact us.

How To Return Costco.co"
"https://www.costco.com/garden-center.html","OK","Skip to Main Content
Ends Today! Receive a $300 Shop Card with the Purchase of Select Tempur-Pedic Mattresses
Costco Next
While Supplies Last
Online-Only
Treasure Hunt
What's New
Member Favorites
Get Email Offers
Customer Service
US
Type and press the down arrow to browse search suggestions
​
Sign In / Register
Orders & Returns
Cart
Shop
Grocery
Same Day
Savings
Business Delivery
Optical
Pharmacy
Services
Photo
Travel
Membership
Locations
My Warehouse
Set My Warehouse
Loading
Delivery Location
98101
Lists
Buy Again
New Search Results Available
Filter Results
Clear All
Loading
Loading
Loading
Loading
Loading
Loading
Loading
Loading
Loading
Loading
Loading
Loading
Lawn Care & Gardening Supplies
Shop by Category
Planters & Plant Pots
Raised Garden Beds
Outdoor & Garden Decor
Pest & Animal Control
Garden Hoses, Sprinklers & Accessories
Compost Bins & Composters
Garden Tools
Lawn & Plant Care
Loading
Loading
Loading
Loading
Loading
Loading
Loading
Loading
Loading
Loading
Loading
Loading
Loading
Loading
Loading
Loading
Loading
Loading
Loading
Loading
Loading
Loading
Loading
Loading
Loading
Loading
Loading
Loading
Loading
Loading
Loading
Loading
Loading
Loading
Loading
Loading
Loading
Loading
Loading
Loading
Loading
Loading
Loading
Loading
Loading
Loading
Loading
Loading
Loading
Loading
Loading
Loading
Loading
Loading
Loading
Loading
Loading
Loading
Loading
Loading
Loading
Loading
Loading
Loading
Loading
Shop Related Categories
Greenhouses
Outdoor Power Equipment
Outdoor Storage Sheds
Grills & Outdoor Cooking

Alfred Austin once said, “To nurture a garden is to feed not just the body, but the soul.” At Costco, we know that to be true! If you’re one of those who feeds your soul with the joy of gardening, you’ve come to the right place! Costco.com has everything you need to turn your garden into a backyard oasis. From ponds & fountains to planters and garden beds, Costco has all the tools and supplies to satisfy your green thumb all season long! Don’t have a green thumb but wish you did? Shop Costco for artificial grass that will fool everyone into thinking you’re a lawn wizard! At Costco, your garden is special to us; that’s why we’re thrilled to bring you only the best quality products at our signature wholesale prices. Shop online today and save!

Compare region updated
Customer Service
Get Help
Find a Warehouse
City, State or Zip
City, State or Zip  *

Get Email Offers
Enter your email
Go
Enter your email  *

About Us
Get To Know Costco
Charitable Contributions
Company Information
Sustainability Commitment
Investor Relations
Careers
Kirkland Signature
Logo and Media Requests
The Costco Connection
Quick & Easy Recipe Videos
Costco Blog
Employee Site
Membership
Membership Information
Join Now
Member Privileges
Executive Membership Terms
Sign In or Register
Credit Card
Vendors & Suppliers
Vendor Inquiries
Supply Chain Disclosure
Ethics Hotline for Suppliers
Supplier Inclusion
Explore Our Brands
Customer Service
Costco Customer Service
Costco Shop Card Balance
Order By Item Number
Concierge Tech Support & Warranty
Volume Sales: Export & Domestic
Order Status
Preventing Fraud
Shipping
Rebates
Recalls & Product Notices
Returns and Exchanges
Returns Policy
Accessibility
Locations & Services
Find a Warehouse
Locations Coming Soon
Hours and Holiday Closures
Gasoline
Hearing Aid Center
Optical
Special Events
CostcoGrocery
Grocery by Instacart
Product Collections
Site Map
Terms and Conditions
Your Privacy Rights
CA Notice
CA Social Compliance
Cookie Settings
Your Privacy Choices
Consumer Health Data
Feedback
© 1998 — 2025 Costco Wholesale Corporation. All rights reserved.
Feedback
Will open a new window"
"https://www.costco.com/generac-home-standby-generators.html","OK","Skip to Main Content
Ends Today! Receive a $300 Shop Card with the Purchase of Select Tempur-Pedic Mattresses
Costco Next While Supplies Last Online-Only Treasure Hunt What's New Member Favorites Get Email Offers Customer Service US 
United States(expand to select country/region)
	
	
Sign In / Register
Orders & Returns
Items
 Cart
 Shop Grocery
 Same-Day
 Savings
 Business Delivery
 Optical
 Pharmacy
 Services
 Photo
 Travel
 Membership
 Locations
My Warehouse
Seattle
Open until 6:00 PM
Delivery Location
98101
Lists Buy Again
Home  Generac Home Standby Generators
Receive a 10% Costco Shop Card* on Qualifying Generac Home Standby Generator Purchases
Get Started
Protect Your Home and Peace of Mind

Are you ready for the next power outage? From the increase in extreme weather events to failing power grids, your home's electrical power could be under threat. You can be prepared to keep your lights on, appliances running, and go on with life uninterrupted when you have a Generac Home Standby Generator.

Schedule Your Complimentary In-Home Consultation
Get Started
or
Call
 1-877-258-9606
Receive a 10% Costco Shop Card* on Qualifying Generac Home Standby Generator Purchases
Get Started
How a Home Standby Generator Works
Utility Power Is Lost.

Whether by storm or electrical grid failure, the electricity you depend on is suddenly gone.

Your System Detects a Problem.

The generator senses the outage and prepares to restore your home’s power.

Your Generator Turns On.

Within a few seconds, whether you’re home or away, your generator unit is up to speed and generating electricity.

Your Power Is Restored.

The automatic transfer switch will continue to send generator power to your home until utility power returns.

Protect What Matters Most

Count on a Generac Home Standby Generator to start and run appliances of your choice, ensuring your home remains a sanctuary for you and your family.

The Trusted Brand in Home Backup Power Generators
Generac’s G-Force™ Engine

Is a purpose-built, pressure-lubricated engine capable of handling the rigors of generator use, resulting in power that's reliable and requires less routine maintenance than any competitive engine.

TruePower™ Technology

Delivers best-in-class power quality with less than 5 percent total harmonic distortion for clean, smooth operation of sensitive electronics and appliances.

Tough, Durable Enclosure

Generac’s RhinoCoat powder-coated finish helps make corrosion-resistant aluminum perfect for all weather conditions.

Mobile Link™ · Get Connected

Receive real-time status updates. Allows you to monitor the status of your generator from anywhere in the world using a smartphone, tablet, or PC. Easily access information, such as the current operating status and maintenance alerts. With Mobile Link™ Remote Monitoring, you are taken care of before the next power outage. Receive Mobile Link™ Remote Monitoring FREE with every Generac Guardian Series Home Standby Generator.

Quiet-Test™ Self-Test Mode

Quiet-Test™ Self-Test Mode lets your generator run its weekly self-test at a lower RPM making it quieter while consuming less fuel.

Built in the USA1

Generac generators and engines are engineered and built in the USA. They are supported by a 24/7/365 customer support team.2 Standing by all day, every day from their headquarters in Wisconsin to answer any questions you might have. 5-Year limited warranty included with all home standby generators.



1Assembled in the USA using domestic and foreign parts
Getting Started Is Easy

Control Your Power. Control Your Life.

1. Contact us to request a complimentary in-home consultation. Call 1‑877‑258‑9606 or submit your information by selecting the Get Started button below.

2. An authorized Generac dealer will meet with you to discuss your project.

3. Needs and specifications will be determined, cost confirmed, and installation completed.

4. Your authorized Generac dealer will fulfill your order and complete your project, while ensuring your satisfaction through the entire process.

Receive a 10% Costco Shop Card* on Qualifying Generac Home Standby Generator Purchases

Get Started
Not Yet an Executive Member?

Upgrade before you make your purchase to earn an annual 2% Reward (up to $1,250).** Visit the membership counter at your nearest location or Costco.com to upgrade today.

**Terms, conditions and exclusions apply. See Costco.com for details.

TAKE YOUR MEMBERSHIP TO THE NEXT LEVEL

Get all the Costco benefits you already love, plus earn unlimited cash back rewards everywhere you shop with Costco Anywhere Visa® Card by Citi.

Learn More
5
NEW!
%
ON GAS AT COSTCO
4
%
ON OTHER ELIGIBLE GAS AND EV CHARGING
3
%
ON RESTAURANTS AND ELIGIBLE TRAVEL
2
%
ON ALL OTHER PURCHASES FROM COSTCO AND COSTCO.COM
1
%
ON ALL OTHER PURCHASES
5% and 4% is on a combined $7,000 spend per year, 1% thereafter
Are You Protecting Your Home and Family?

Be the neighbor with the lights still on when the power goes out. If you have been without"
"https://www.costco.com/join-costco.html","OK","Skip to Main Content
Ends Today! Receive a $300 Shop Card with the Purchase of Select Tempur-Pedic Mattresses
Costco Next While Supplies Last Online-Only Treasure Hunt What's New Member Favorites Get Email Offers Customer Service US 
United States(expand to select country/region)
	
	
Sign In / Register
Orders & Returns
Items
 Cart
 Shop Grocery
 Same-Day
 Savings
 Business Delivery
 Optical
 Pharmacy
 Services
 Photo
 Travel
 Membership
 Locations
My Warehouse
Seattle
Open until 6:00 PM
Delivery Location
98101
Lists Buy Again
Join Costco

Already a Costco member? Renew your membership.

Executive Membership
Best Value & Exclusive Benefits

$130/yr
Plus applicable sales tax

Start Saving & Earning
Annual 2% Reward
NEW! Executive Member Shopping Hours
NEW! $10 Monthly Credit on SameDay.Costco.com or Costco via Instacart1
Additional Value on Costco Services
Shop Online and in Warehouses
Includes 2 Membership Cards
100% Satisfaction Guarantee
See Benefit Details
Gold Star Membership
Everyday Value

$65/yr
Plus applicable sales tax

Start Saving
This benefit is not included for Gold Star memberships. 
Annual 2% Reward
This benefit is not included for Gold Star memberships. 
Executive Member Shopping Hours
This benefit is not included for Gold Star memberships. 
$10 Monthly Credit on SameDay.Costco.com or Costco via Instacart1
This benefit is not included for Gold Star memberships. 
Additional Value on Costco Services
Shop Online and in Warehouses
Includes 2 Membership Cards
100% Satisfaction Guarantee
See Benefit Details

Choose your membership type:

Personal Membership
Business Membership
It Pays to Be an Executive

Calculate how much you could earn with an annual 2% Reward (up to $1,250)

Some limitations apply. View Terms and Conditions.
Calculate Now
Get Rewarded Twice + You Could Qualify for a
$50 Digital Costco Shop Card!2

Join as a New Executive
Costco Member

Apply and be Approved for the
Costco Anywhere Visa® Card by Citi

Learn More
Don’t Just Take Our Word for It

Real stories from real members

More to Love as a Member
Costco Travel
Costco Gasoline
Tire Center
Electronics & Appliances
Kirkland Signature
Pharmacy
Costco Services
Optical
Food Court
Costco Travel

Just like items in a Costco warehouse, our travel offerings are carefully selected by our travel buyers. We offer a selection of the world’s top destinations, cruises, hotels, rental cars and other travel products. Discover all the ways you can save.

Become a Member
Costco Membership Promotions4

Join Costco as a new member, enroll in auto renewal and receive a Digital Costco Shop Card

COLLEGE STUDENTS
TEACHERS
MEDICAL PROFESSIONALS
FIRST RESPONDERS
GOVERNMENT EMPLOYEES
MILITARY

TAKE YOUR MEMBERSHIP TO THE NEXT LEVEL

Get all the Costco benefits you already love, plus earn unlimited cash back rewards everywhere you shop with Costco Anywhere Visa® Card by Citi.

Learn More
5
%
ON GAS AT COSTCO
4
%
ON OTHER ELIGIBLE GAS AND EV CHARGING
3
%
ON RESTAURANTS AND ELIGIBLE TRAVEL
2
%
ON ALL OTHER PURCHASES FROM COSTCO AND COSTCO.COM
1
%
ON ALL OTHER PURCHASES
5% and 4% is on a combined $7,000 spend per year, 1% thereafter
Ready to Become a Costco Member?

At Costco, we're dedicated to providing quality products and exceptional services for our members.

Become a Member
Frequently Asked Questions
Who is eligible for a Costco membership?
How do I qualify for the annual 2% Reward?
How is my annual 2% Reward calculated?
Do I have to buy everything in bulk?
What are Costco Services?
Can I shop at all Costco warehouses with my membership?
1As a valid Costco Executive Member card holder, you can receive one (1) $10 instant credit in your Instacart account to use at either Costco on Instacart’s marketplace or SameDay.Costco.com (collectively, the “Eligible Accounts”) each month you have a valid Costco Executive Membership that is linked to your Instacart account starting 6/30/2025. Each monthly credit is only eligible on one purchase of $150 or more of eligible products made from Costco on either Instacart.com or SameDay.Costco.com. The monthly credit will be made available to you in your Eligible Accounts at the beginning of each calendar month or on the date you become a Costco Executive Member. Any credit will only be available in your Eligible Accounts for the remainder of the calendar month in which it was awarded; the monthly credits will not roll over into a subsequent month. Credit will be applied to the total purchase price in the same transaction for all eligible products, and excludes taxes, service and delivery fees, tips, special handling fees and/or other fees. Alcohol, Rx, and gift card products are ineligible to count toward the minimum spend and credit will not apply to alcohol, Rx or gift card products. Limit 1 credit per order. If your Costco Executive Membership is closed at any time, Instacart and/or Costco reserves the right to remove any unused Instacart credits from your account. Credit has no cash value and is non-transferable. D"
"https://www.costco.com/mattress-toppers.html","OK","Skip to Main Content
Ends Today! Receive a $300 Shop Card with the Purchase of Select Tempur-Pedic Mattresses
Costco Next
While Supplies Last
Online-Only
Treasure Hunt
What's New
Member Favorites
Get Email Offers
Customer Service
US
Type and press the down arrow to browse search suggestions
​
Sign In / Register
Orders & Returns
Cart
Shop
Grocery
Same Day
Savings
Business Delivery
Optical
Pharmacy
Services
Photo
Travel
Membership
Locations
My Warehouse
Set My Warehouse
Loading
Delivery Location
98101
Lists
Buy Again
New Search Results Available
Filter Results
Clear All
Loading
Loading
Loading
Loading
Loading
Loading
Loading
Loading
Loading
Loading
Loading
Loading
Mattress Toppers, Pads & Protectors
Loading
Loading
Loading
Loading
Loading
Loading
Loading
Loading
Loading
Loading
Loading
Loading
Loading
Loading
Loading
Loading
Loading
Loading
Loading
Loading
Loading
Loading
Loading
Loading
Loading
Loading
Loading
Loading
Loading
Loading
Loading
Loading
Loading
Loading
Loading
Loading
Loading
Loading
Loading
Loading
Loading
Loading
Loading
Loading
Loading
Loading
Loading
Loading
Loading
Loading
Loading
Loading
Loading
Loading
Loading
Loading
Loading
Loading
Loading
Loading
Loading
Loading
Loading
Loading
Loading
Compare region updated
Customer Service
Get Help
Find a Warehouse
City, State or Zip
City, State or Zip  *

Get Email Offers
Enter your email
Go
Enter your email  *

About Us
Get To Know Costco
Charitable Contributions
Company Information
Sustainability Commitment
Investor Relations
Careers
Kirkland Signature
Logo and Media Requests
The Costco Connection
Quick & Easy Recipe Videos
Costco Blog
Employee Site
Membership
Membership Information
Join Now
Member Privileges
Executive Membership Terms
Sign In or Register
Credit Card
Vendors & Suppliers
Vendor Inquiries
Supply Chain Disclosure
Ethics Hotline for Suppliers
Supplier Inclusion
Explore Our Brands
Customer Service
Costco Customer Service
Costco Shop Card Balance
Order By Item Number
Concierge Tech Support & Warranty
Volume Sales: Export & Domestic
Order Status
Preventing Fraud
Shipping
Rebates
Recalls & Product Notices
Returns and Exchanges
Returns Policy
Accessibility
Locations & Services
Find a Warehouse
Locations Coming Soon
Hours and Holiday Closures
Gasoline
Hearing Aid Center
Optical
Special Events
CostcoGrocery
Grocery by Instacart
Product Collections
Site Map
Terms and Conditions
Your Privacy Rights
CA Notice
CA Social Compliance
Cookie Settings
Your Privacy Choices
Consumer Health Data
Feedback
© 1998 — 2025 Costco Wholesale Corporation. All rights reserved.
Feedback
Will open a new window"
"https://www.costco.com/mattresses.html","OK","Skip to Main Content
Ends Today! Receive a $300 Shop Card with the Purchase of Select Tempur-Pedic Mattresses
Costco Next
While Supplies Last
Online-Only
Treasure Hunt
What's New
Member Favorites
Get Email Offers
Customer Service
US
Type and press the down arrow to browse search suggestions
​
Orders & Returns
Cart
Shop
Grocery
Same Day
Savings
Business Delivery
Optical
Pharmacy
Services
Photo
Travel
Membership
Locations
My Warehouse
Set My Warehouse
Delivery Location
Set Delivery Location
Lists
Buy Again
Mattresses
NEW: Now Available for orders over $500+
Terms Apply
Why Buy Mattresses at Costco?
The price you SEE is the price you PAY!
Shop Qualifying Mattresses
Calculate Rewards
Delivery & Set Up*
INCLUDED
Haul Away*
INCLUDED
10 Year Warranty
INCLUDED
Costco Direct Delivery*
Up 4% in rewards†
*Select online mattresses only. Available in most areas. Box spring available on select mattresses for a bundled price. See product page for details. †Terms and conditions apply.
Shop By Mattress Size
California King Size Mattresses
King Size Mattresses
Queen Size Mattresses
Full Size Mattresses
Twin Size Mattresses
Twin XL Size Mattresses
Shop by Mattress Firmness
Firm Mattress
Medium Mattress
Plush Mattresses
Shop by Mattress Composition
Memory Foam
Gel
Innerspring
Hybrid
Mattress Buying Guide
The right mattress can improve sleep quality, energy levels, and your overall health. Our buying guide explains mattress materials, firmness levels, and sleep styles to help you find the perfect match.
Learn More
Shop by Category
Adjustable Beds
Beds & Bed Frames
Mattress Toppers, Pads & Protectors
Bedding
Shop by Mattress Brand
Shop Bedding Essentials
Bed Sheets
Comforters
Duvet Covers & Quilts
Blankets & Throws
Pillows
Sleep Soundly with a New Mattress from Costco!

The average person gets approximately eight hours of sleep per night—that’s a third of your day spent in bed! That’s why it’s essential that you have a mattress that provides you with the comfort and support you deserve. At Costco, you’ll find an exceptional selection of premium-brand mattresses in every size, material, and comfort level—so you’re sure to find the perfect mattress that fits both your needs and budget. If you need assistance in how to buy a mattress, take a look at our Mattress Buying Guide.

A Mattress Just for You!

Looking for something traditional? Then browse our collection of innerspring mattresses. They’re long-lasting, low-temp, and have just the right amount of bounce! If you’d like something a little more versatile, then a hybrid mattress is perfect. Their durable design combines inner coil springs with foam or latex, for a perfect balance of comfort and support.

Considered the best mattress for side sleepers and people with back pain, a memory foam mattress or mattress in a box is a popular choice. It molds to your contours, offering superior pressure point relief. Costco also has gel memory foam mattresses, which have an added cooling effect.

For truly personalized comfort, we have adjustable mattresses. This luxurious choice offers customizable support, and can adapt to almost any sleeping, sitting, or reclining position.

Costco also carries a variety of cooling pads for mattresses, mattress pads and toppers, sheet sets, comforters, and other bedding accessories to complement your new mattress. So start shopping today!
Compare region updated
0
Customer Service
Get Help
Find a Warehouse
City, State or Zip
City, State or Zip  *

Get Email Offers
Enter your email
Go
Enter your email  *

About Us
Get To Know Costco
Charitable Contributions
Company Information
Sustainability Commitment
Investor Relations
Careers
Kirkland Signature
Logo and Media Requests
The Costco Connection
Quick & Easy Recipe Videos
Costco Blog
Employee Site
Membership
Membership Information
Join Now
Member Privileges
Executive Membership Terms
Sign In or Register
Credit Card
Vendors & Suppliers
Vendor Inquiries
Supply Chain Disclosure
Ethics Hotline for Suppliers
Supplier Inclusion
Explore Our Brands
Customer Service
Costco Customer Service
Costco Shop Card Balance
Order By Item Number
Concierge Tech Support & Warranty
Volume Sales: Export & Domestic
Order Status
Preventing Fraud
Shipping
Rebates
Recalls & Product Notices
Returns and Exchanges
Returns Policy
Accessibility
Locations & Services
Find a Warehouse
Locations Coming Soon
Hours and Holiday Closures
Gasoline
Hearing Aid Center
Optical
Special Events
CostcoGrocery
Grocery by Instacart
Product Collections
Site Map
Terms and Conditions
Your Privacy Rights
CA Notice
CA Social Compliance
Cookie Settings
Your Privacy Choices
Consumer Health Data
Feedback
© 1998 — 2025 Costco Wholesale Corporation. All rights reserved."
"https://www.costco.com/spas-pools.html","OK","Skip to Main Content
Ends Today! Receive a $300 Shop Card with the Purchase of Select Tempur-Pedic Mattresses
Costco Next
While Supplies Last
Online-Only
Treasure Hunt
What's New
Member Favorites
Get Email Offers
Customer Service
US
Type and press the down arrow to browse search suggestions
​
Orders & Returns
Cart
Shop
Grocery
Same Day
Savings
Business Delivery
Optical
Pharmacy
Services
Photo
Travel
Membership
Locations
My Warehouse
Set My Warehouse
Delivery Location
Set Delivery Location
Lists
Buy Again
Filter Results
Clear All
Hot Tubs, Spas & Pools
Hot Tubs & Spas
Swimming Pools & Pool Chemicals
Saunas
Spending time in a sauna can be an incredibly relaxing and therapeutic experience with health benefits such as stress relief and improved circulation.
Learn More
Shop Related Categories
Patio Covers & Shade Structures
Deck Boxes & Outdoor Storage Boxes
Patio & Outdoor Furniture
Window Treatments, Awnings & Sun Shades
Compare region updated
0
Customer Service
Get Help
Find a Warehouse
City, State or Zip
City, State or Zip  *

Get Email Offers
Enter your email
Go
Enter your email  *

About Us
Get To Know Costco
Charitable Contributions
Company Information
Sustainability Commitment
Investor Relations
Careers
Kirkland Signature
Logo and Media Requests
The Costco Connection
Quick & Easy Recipe Videos
Costco Blog
Employee Site
Membership
Membership Information
Join Now
Member Privileges
Executive Membership Terms
Sign In or Register
Credit Card
Vendors & Suppliers
Vendor Inquiries
Supply Chain Disclosure
Ethics Hotline for Suppliers
Supplier Inclusion
Explore Our Brands
Customer Service
Costco Customer Service
Costco Shop Card Balance
Order By Item Number
Concierge Tech Support & Warranty
Volume Sales: Export & Domestic
Order Status
Preventing Fraud
Shipping
Rebates
Recalls & Product Notices
Returns and Exchanges
Returns Policy
Accessibility
Locations & Services
Find a Warehouse
Locations Coming Soon
Hours and Holiday Closures
Gasoline
Hearing Aid Center
Optical
Special Events
CostcoGrocery
Grocery by Instacart
Product Collections
Site Map
Terms and Conditions
Your Privacy Rights
CA Notice
CA Social Compliance
Cookie Settings
Your Privacy Choices
Consumer Health Data
Feedback
© 1998 — 2025 Costco Wholesale Corporation. All rights reserved."
"https://www.countrydoor.com/blog/tips-solutions/how-to-measure-a-window-for-curtains","error",""
"https://www.ctia.org/ios-robocall-blocking","error",""
"https://www.cvs.com/immunizations/shingles","OK","Skip to main content
Skip to main content
Prescriptions
Health
Shop
Savings & Memberships
Search CVS or ask a question
Sign in
Manage Prescriptions
Photo
Savings & Rewards
Shop
Weekly ad
Deals of the Week
Schedule a Vaccine
MinuteClinic Services
Wellness Zone
Primary Care for Older Adults
Home
Immunizations
Get a no-cost shingles vaccine today

The shingles (herpes zoster) vaccine is provided at no cost with most insurance plans. Plus, get a $5 off $20 coupon* for the next time you shop at CVS®. Age and other restrictions apply.*

Schedule your vaccinations
Eligibility information about the  shingles vaccine

The Centers for Disease Control and Prevention (CDC) recommend that adults 50 years and older and adults 19 years and older with weakened immune systems due to disease or therapy, get two doses of the shingles vaccine to help prevent shingles and complications from the disease.

 

Schedule your vaccinations

What you should know about shingles
What is shingles?
Why get the shingles vaccine?
Who should get the shingles vaccine?
Varicella-zoster is a virus that causes rashes

Shingles, a rash caused by varicella-zoster, often appears on one side of the face or body. The rash consists of blisters that typically scab over and fully clear up within two to four weeks. 

Schedule your vaccinations

We make help make vaccines easier
When it’s time for vaccines, it’s time for CVS™

Find 15+ vaccines like flu, COVID-19, RSV*, pneumonia (pneumococcal), hepatitis B, HPV, and more.

Explore all vaccines
Get rewarded for vaccinations

Join ExtraCare® for free and opt in to get $2 in ExtraBucks Rewards* for every vaccination.

Join ExtraCare to earn rewards
More ways healthier happens together™ with CVS
Manage or refill your prescriptions
Visit the senior wellness hub
Shop health and wellness
FAQs
What causes shingles?
Is shingles contagious?
How effective is the shingles (herpes zoster) vaccine?
How is the shingles shot given?
Are my vaccines covered at no cost as a Medicare member?
Who should not get the shingles (herpes zoster) vaccine or should wait?
What are some of the potential vaccine side effects?
What are some early signs of shingles?
I received the shingles vaccine previously. Do I need another vaccine?
How are chickenpox and shingles related?
Like to learn more?

*FOR $5 OFF $20 COUPON: Offer available January 8, 2025, through August 10, 2025, while supplies last. Appointments scheduled online will receive the coupon after vaccination. Limit one per customer per vaccine visit. For vaccines that require multiple doses, the coupon will be given with vaccine series completion. Merchandise coupon redeemable at CVS Pharmacy® and Longs Drugs® for one-time use. Terms and conditions apply. See coupon for details. $5 savings applied to total qualifying minimum purchase of $20 (after other coupons and discounts are applied). Reward cannot be earned in Arkansas, New Jersey or New York. This offer is solely made by CVS® and not connected with any vaccine manufacturer.

 

*FOR VACCINES OFFERED: Availability varies by state based on regulations. Age restrictions apply. Available when a certified immunizer is on duty. Eligible patients will not pay any copayments unless otherwise required by their plan, including Medicare Part B. Vaccines are currently available at most CVS Pharmacy® and MinuteClinic® locations and is no cost with most insurance plans.

 

*FOR MORE THAN 90% EFFECTIVE: The Centers for Disease Control and Prevention. Shingles vaccination. Published July 19, 2024. Accessed January 10, 2025.

 

*FOR WHO SHOULD GET THE SHINGLES VACCINE: The Centers for Disease Control and Prevention. Shingles vaccination. Published July 19, 2024. Accessed January 10, 2025.

 

*FOR RSV: Respiratory syncytial virus.

 

*FOR REWARDS AT THE PHARMACY: You must enroll in the ExtraCare® program and sign the Privacy Authorization to earn ExtraBucks Rewards® for pharmacy activities. You will receive $2 ExtraBucks Rewards when you accumulate 4 credits, up to $50 ExtraBucks Rewards in a calendar year. Rewards at the pharmacy are valid only in the United States and are not available in Arkansas, New Jersey or New York; for any prescriptions transferred to a CVS Pharmacy® in Alabama, Mississippi or Oregon; for any controlled substance prescriptions purchased in Hawaii or Louisiana; or where otherwise prohibited by law. Check terms and conditions for details or ask a CVS® pharmacy team member for a copy.

 

*FOR IS SHINGLES CONTAGIOUS: Centers for Disease Control and Prevention. About shingles (herpes zoster). Published May 10, 2024. Accessed December 10, 2024.

 

*FOR WHO SHOULD NOT GET VACCINATED: This content is for informational purposes only and is not medical advice. This is not an all-inclusive list of who should not be vaccinated. Consult with your health care provider or talk to your CVS Pharmacy® certified immunizer to see if the vaccine is right for you.

 

*FOR SHINGLES SIDE EFFECTS: Centers for Disease Control and Pr"
"https://www.cvs.com/shop/home-health-care/monitors/blood-pressure-monitors","OK","Skip to main content

Home

>

Shop

>

Home Health Care

>

Monitors

>

Blood Pressure Monitors

Blood Pressure Monitors
How to get it
‌

‌

Showing 1-20 of 
37 products
Sort by
Filters
Brand
Find a brand
CVS Health
(10)
HealthSmart
(5)
HoMedics
(5)
Mabis
(4)
Microlife
(1)
See More
Price
$5 - $10
(1)
$15 - $20
(1)
$20 - $25
(2)
$25 and over
(33)
Reviews
1 star & more
(33)
2 stars & more
(33)
See More
Product Type
HSA/FSA Eligible
Off
Top Rated
Concern
Benefit
Material
Symptom
Key Ingredient
Quantity
Features
Form
Gender
Size
Color
OTC Eligible
Off
Home Health Care
Monitors
Blood Pressure Monitors
Clear All
FSA
Eligible
Add
Omron 3 Series Wrist Blood Pressure Monitor
Omron
55
$59.99
$59.99/ea.
Pickup
Shipping
FSA
Eligible
2 sizes
Omron Advanced-accuracy Series Wide-range Cuff
Omron
73
$31.49
$31.49/ea.
Pickup
Shipping
FSA
Eligible
Add
Mabis Digital Wrist Blood Pressure Monitor
Mabis
1
$24.99
$24.99/ea.
Pickup
Shipping
FSA
Eligible
Add
CVS Health Series 600 Upper Arm Blood Pressure Monitor
CVS Health
391
$64.99
$64.99/ea.
ExtraCare Plus price$51.99
Pickup -
Check more stores
Shipping
FSA
Eligible
Add
Nuvomed Audible Arm Blood Pressure Monitor
Nuvomed
11
$54.99
$54.99/ea.
Pickup -
Check more stores
Shipping
FSA
Eligible
Add
Homedics 900 Series RELAX+ Upper Arm Blood Pressure Monitor
HoMedics
0
$129.99
$129.99/ea.
Pickup -
Check more stores
Shipping
FSA
Eligible
Add
Omron 7 Series Wireless Upper Arm Blood Pressure Monitor w/ Side-by-Side LCD Comparison
Omron
266
$89.99
$89.99/ea.
Pickup -
Check more stores
Shipping
FSA
Eligible
Add
MABIS Single-Patient Use Inflation Systems, Adult
Mabis
0
$80.99
$16.20/ea.
Pickup
Shipping
FSA
Eligible
Add
CVS HEALTH S100 Blood Pressure Monitor
CVS Health
49
$47.99
$47.99/ea.
ExtraCare Plus price$38.39
Pickup
Shipping
FSA
Eligible
Add
Nuvomed Smart Portable EKG Monitor
Nuvomed
5
$74.99
$74.99/ea.
Pickup -
Check more stores
Shipping
FSA
Eligible
Add
Omron 7 Series Wireless Wrist Blood Pressure Monitor
Omron
334
$79.99
$79.99/ea.
Pickup -
Check more stores
Shipping
FSA
Eligible
Add
CVS Health Upper Arm 400 Series Blood Pressure Monitor
CVS Health
311
$59.99
$59.99/ea.
ExtraCare Plus price$47.99
Pickup -
Check more stores
Shipping
FSA
Eligible
Add
Homedics Wrist 600 Series Blood Pressure Monitor
HoMedics
22
$74.99
$74.99/ea.
Pickup -
Check more stores
Shipping
FSA
Eligible
Add
HealthSmart Standard Series Universal Wrist Blood Pressure Monitor
HealthSmart
4
$41.99
$41.99/ea.
Pickup
Shipping
FSA
Eligible
Add
Omron 3 Series Upper Arm Blood Pressure Monitor (BP7150)
Omron
612
$59.99
$59.99/ea.
Pickup -
Check more stores
Shipping
FSA
Eligible
1 size
Mabis Single-Patient Use Two-Tube Blood Pressure Cuffs, 10 CT
Mabis
0
$49.99
$5.00/ea.
Pickup
Shipping
FSA
Eligible
Add
OMRON Complete Blood Pressure Monitor + EKG
Omron
98
$149.99
$149.99/ea.
Pickup -
Check more stores
Shipping
FSA
Eligible
Add
HealthSmart Select Series Upper Arm Blood Pressure Monitor
HealthSmart
1
$66.99
$66.99/ea.
Pickup
Shipping
FSA
Eligible
Add
Homedics Upper Arm 400 Series Blood Pressure Monitor
HoMedics
28
$54.99
$54.99/ea.
Pickup -
Check more stores
Shipping
FSA
Eligible
Add
Homedics Upper Arm 800 Series Blood Pressure Monitor
HoMedics
9
$74.99
$74.99/ea.
Pickup -
Check more stores
Shipping
Load More
Prices may vary from online to in store.
1
2
Shop more monitors
Diabetic monitors
Heart rate monitors & stethoscopes
Pulse oximeters
Thermometers
Fitness trackers & scales
Hsa/fsa
Minuteclinic
What are the Best Blood Pressure Monitors Brands?

CVS Health

HealthSmart

HoMedics

Mabis

Microlife

Blood Pressure Machine

Whether you have high blood pressure or just want to keep track of your progress, at-home blood pressure monitors can be an excellent way to help ensure your levels remain healthy. From electronic monitors to manual styles, there are plenty of different types of monitors available on the market today. At CVS, you'll discover an assortment of blood pressure monitors, blood pressure cuffs, and more.

What Should My Blood Pressure Be?

Before you decide to keep track of your blood pressure, it's essential to know the different numbers and what they mean. Blood pressure is presented as two numbers: systolic and diastolic. These two numbers will typically indicate whether or not your blood pressure is at a healthy level. Generally, numbers equal or less than 120 systolic and 80 diastolic are considered normal. As these numbers increase, your risk for problems like heart attack or stroke is increased. Additionally, blood pressures lower than 90/60 warrant seeing your physician or health care provider.

How To Take Blood Pressure At Home

Before you use your monitor, make sure you have not recently consumed any caffeine, as this can increase your chanced of seeing high blood pressure unexpectedly. Sit still with your feet flat on the floor and be sure to place the arm you're using on a table or pillow. Make sure the cuff of your monitor is wrapped tightly around your upper arm before you begin. Follow the inst"
"https://www.cvs.com/shop/one-other-perfect-pedicure-kit-prodid-406618","too_short",""
"https://www.dailymail.co.uk/femail/article-14846739/my-wife-sectioned-eight-months-marriage-pinned-floor-police-carried-away-men-white-coats-impact-bond-kids-heston-blumenthal.html","OK"," 
Home
Showbiz
TV
News
Femail
Sports
Health
Science
Royals
Money
Real Estate
Media
U.K.
Video
Shopping
Mail+
Login
Privacy Policy Feedback
Sunday, Jul 6th 2025 4PM 59°F 
7PM 51°F 
5-Day Forecast
ADVERTISEMENT
My wife had me sectioned eight months into our marriage. I was pinned to the floor by police and carried away by men in white coats. This is the impact it's had on us - and on the bond with my kids: HESTON BLUMENTHAL

By JENNY JOHNSTON

PUBLISHED: 20:44 EDT, 25 June 2025 | UPDATED: 20:46 EDT, 25 June 2025

e-mail

41

View comments

The very first time she met her future husband, Melanie Ceysson did something remarkable. Astonishingly, Heston Blumenthal, the brilliant but ‘eccentric’ chef she would later marry, let her. Neither has forgotten the unusual intimacy of the moment.

‘She took the glasses off my face and cleaned them,’ Heston, 59, explains. ‘They must have needed cleaning, but I hadn’t noticed.’

BBC
Heston Blumenthal
Share or comment on this article: My wife had me sectioned eight months into our marriage. I was pinned to the floor by police and carried away by men in white coats. This is the impact it's had on us - and on the bond with my kids: HESTON BLUMENTHAL
e-mail
Add comment
Comments (41)
Log in

Comments are subject to our House rules and Terms

Log in to comment
Newest
Oldest
Best rated
Worst rated
O
osiris, Oxford, United Kingdom, 1 week ago

He creeps me out.

Reply
Click to rate
5
3
J
JohnnyArmstrong, The Debatable Land, United Kingdom, 1 week ago

Having seen some of his 'cuisine' on TV, I'm not surprised.

Reply
Click to rate
6
1
S
swissinlondon, London, United Kingdom, 1 week ago

Yes, some of his creations a unique and/or strange, but why does every british article always bring up and ho on about ""snail porridge""!! Is it because Brits don't eat snails and are squemish at the thought, plus porridge is a comfort food from chil.... See more

Reply
Click to rate
2
1
Show 38 More Comments

The opinions and views expressed in the comments section are solely those of the individual users and do not represent or reflect the opinions, views, or positions of Daily Mail. Daily Mail does not endorse, support, or verify the accuracy of any user-generated content.

Terms
 | 
Privacy
 | 
Feedback
Bing
Site Web
Enter search term:
Search
 
 
DON'T MISS
EXCLUSIVE This sharp no-nonsense secretary who gave her shady boss a run for his money on hit 80s legal drama is spotted in LA... who is it?


Brooks Nader suffers wardrobe mishap in white skirt at Wimbledon... but hilariously shrugs it off


Kelly Osbourne is engaged! Ozzy Osbourne's daughter is shocked as her boyfriend Sid Wilson gets down on one knee backstage at her rockstar dad's final gig


 Queen's uncharacteristically damning verdict on Meghan... and the remarks that saw 'eyebrows hit the ceiling'


Lizzo channels Baywatch bombshell Pamela Anderson in iconic red swimsuit after sharing 'truth' about her weight loss


Beat the heat with women's fashion sale finds from Skechers, Lands' End, Dr. Scholl's, Barefoot Dreams, and more - starting at just $29
SHOPPING
EXCLUSIVE Hollywood A-lister's mega mansion takes up a whole ZIPCODE... and has a mysterious set of symbols carved into secret hideaway


We found 6 Dyson vacuums on sale before Amazon Prime Day even starts - save up to 36% off right now on top-rated models including the V8 Plus
SHOPPING
Kylie Jenner flaunts Hermès Kelly bag worth an eye-watering sum on lavish Tuscany vacation with sister Kendall


Lily Collins cuts a chic figure in a stylish embroidered dress as she and husband Charlie McDowell enjoy a break from parenting duties at day seven of Wimbledon


Braless Jennifer Lopez strikes a VERY provocative pose in new selfie


Show them you care with the modern, personalized greeting card delivered straight to their doorstep - no stamps or post office visits needed!
SHOPPING
 Why was Meghan Markle even at the polo? The two awkward polo incidents which left viewers confused 


QVC shoppers rush to buy 'so very comfortable' Skechers slip-ins for just $32 - and they're selling fast!
SHOPPING
Keira Knightley is the epitome of Parisian chic in a tweed gown as she double dates with glam Kirsten Dunst and their husbands at star-studded Louvre gala in the French capital


Zayn Malik drops bombshell about facing 'racism' during One Direction days


Eva Longoria, Shakira and Christie Brinkley share emotional reaction to catastrophic Texas floods


Replace your morning coffee with $15 matcha lemonade mix that boosts energy and tastes amazing: 'Swapped out my daily cold brew for this!'
SHOPPING
EXCLUSIVE Bill Belichick's 24-year-old girlfriend Jordon Hudson is dragged into brutal scandal as shocking messages emerge


Meet the glamorous Formula One WAGs gearing up to cheer on their men at Silverstone: The daughter of a controversial three-time champion, a TikTok fashion sensation - and a professional golfer 


Kristin Cavallari continues to show off new boob job as she strips down to skimpy bi"
"https://www.dailymail.co.uk/femail/relationships/article-11751251/sophie-cachia-reveals-lesbians-fast-relationships.html","error",""
"https://www.dailymail.co.uk/news/article-13927717/melania-trump-memoir-son-barron-autism-claim-book.html","OK"," 
Home
Showbiz
TV
News
Femail
Sports
Health
Science
Royals
Money
Real Estate
Media
U.K.
Video
Shopping
Mail+
Donald Trump
Joe Biden
Politics Newsletter
Latest Headlines
Login
Privacy Policy Feedback
Sunday, Jul 6th 2025 4PM 59°F 
7PM 51°F 
5-Day Forecast
ADVERTISEMENT
Melania Trump breaks her silence on claims her son Barron has autism - and reveals how incident inspired her as First Lady
Follow DailyMail.com's politics live blog for all the latest news and updates

By BETHAN SEXTON FOR DAILYMAIL.COM

PUBLISHED: 11:14 EDT, 5 October 2024 | UPDATED: 18:26 EDT, 5 October 2024

e-mail
47
shares

2.2k

View comments

Melania Trump has addressed claims that her son Barron has autism for the first time in her new book.

The former First Lady quashed the rumors, which began in the wake of her husband Donald Trump's election in 2016.

Barron was just ten-years-old when one of the former president's biggest critics, comedian Rosie O'Donnell, sparked speculation Barron may have the condition.

Melania said that the 'bullying' he was subjected to afterwards made it impossible to accept O'Donnell's eventual apology and accused the her of acting in 'sheer malice'.

But she also revealed how it inspired her to focus her child-centric Be Best initiative on childhood welfare and online bullying. 

+
9
View gallery

Melania Trump has addressed claims that her son Barron has autism for the first time in her new memoir

TRENDING
I was on evacuated Ryanair flight and jumped 18ft from plane's wing
14.7k viewing now
Forensic psychologist reveals Bryan Kohberger's bombshell motive
113k viewing now
Pictured: All the girls killed during devastating Texas floods
19.9k viewing now

'Barron's experience of being bullied both online and in real life following the incident is a clear indication of the irreparable damage caused,' the New York Times reports that she wrote in her memoir. 'No apology can undo the harm inflicted upon him.' 

Melania took aim at O'Donnell, who has an autistic daughter and claimed she had recirculated the rumors in an attempt to bring awareness to the condition.

'There is nothing shameful about autism (though O'Donnell's tweet implied that there was), but Barron is not autistic,' she writes, according to an extract on the Daily Beast.

She explained how O'Donnell had reposted a video speculating about how Barron's behavior could indicate he has the condition.

'Someone had painstakingly compiled the footage and added captions like, ""His hands are moving erratically and aren't touching each other. Then he was spotted making strange movements in his seat, typical of children with autism"".' 

She described the video as 'devastating as a parent' and accused O'Donnell of 'sheer malice'.

'I was appalled by such cruelty,' Melania continues. 'It was clear to me that she was not interested in raising awareness about autism. I felt that she was attacking my son because she didn't like my husband.' 

+
9
View gallery

The former First Lady quashed the rumors, which began in the wake of her husband Donald Trump 's 2016 election victory

+
9
View gallery

Melania recalled how her son was bullied online and said the harm it caused makes it impossible to accept an apology from comedian Rosie O'Donnell who sparked the speculation 

+
9
View gallery

Melania Trump addressed the situation in her new memoir, 'Melania'

Trump and O'Donnell had been in a long-standing feud which famously included the former president joking about making derogatory comments about the TV producer when challenged about his misogyny by former Fox news anchor Megyn Kelly in the first Republican debate.

 'You've called women fat pigs, dogs, slobs, disgusting animals,' Kelly said, before Trump interjected and said, 'Only Rosie O'Donnell.'

She also details her surprise at the 'resistance I encountered from tech executives' from social media companies and other online giants, when she convened with their leaders at the White House in March 2018 to discuss child safety.

One of the biggest revelations from the memoir is Melania's affirmation of abortion rights, which marks a stark contrast to her husband's.

'A woman's fundamental right of individual liberty, to her own life, grants her the authority to terminate her pregnancy if she wishes,' she writes. 

'Restricting a woman's right to choose whether to terminate an unwanted pregnancy is the same as denying her control over her own body.' 

On most other issues however, she appears to hold similar views to her husband's including casting aspersions on the validity of the 2020 election result.

 'You can't continue to count votes for days, which is what they did,' she writes, seeming to explain her lack of condemnation for the January 6 storming of the Capitol.

+
9
View gallery

Melania Trump has been protective of Barron in the past and accused O'Donnell acted out of 'sheer malice'

+
9
View gallery

She shared how the incident inspired her to focus her child-centric Be Best initiative on childhood w"
"https://www.dailymail.co.uk/news/los-angeles/index.html","OK"," 
Home
Showbiz
TV
News
Femail
Sports
Health
Science
Royals
Money
Real Estate
Media
U.K.
Video
Shopping
Mail+
Donald Trump
Joe Biden
Politics Newsletter
Latest Headlines
Login
Privacy Policy Feedback
Sunday, Jul 6th 2025 4PM 59°F 
7PM 51°F 
5-Day Forecast
Updated: 06:22 EDT
ADVERTISEMENT
Los Angeles
Los Angeles is a sprawling metropolis located in Southern California, United States. It is the most populous city in California and the second-most populous city in the United States after New York City. Los Angeles is known for its Mediterranean climate, ethnic diversity, Hollywood entertainment industry, and iconic landmarks such as the Hollywood Sign, Griffith Observatory, and Santa Monica Pier.
TRENDING LOS ANGELES NEWS
Justin Bieber takes his $200K G-Wagon for a spin as Hailey is mocked
Sami Sheen reveals plans to remove breast implants
EXCLUSIVEBeloved sitcom star is unrecognizable on rare outing... guess who?
RELATED TOPICS FOR LOS ANGELES
California
New York Jets
San Francisco 49ers
LOS ANGELES - LATEST NEWS, BREAKING STORIES AND COMMENT FROM THE MOST POPULOUS CITY IN CALIFORNIA.
Page
1
2
3
4
5
6
7
8
9
...
20
Next
Sami Sheen grabs some food in LA after revealing plans to remove breast implants
06/07/25 06:22
Large preview text goes here...read
comments
1 video
shares
Justin Bieber takes his $200K electric G-Wagon for a spin as wife Hailey is brutally mocked by fans
05/07/25 23:56
Justin Bieber looked stern behind the wheel of his $200K electric Mercedes G-Wagon as he cruised through the streets of Los Angeles on Fourth of July.
63 comments
1 video
shares
Dodgers broadcaster Orel Hershiser makes savage remark about Astros cheating scandal during blowout loss
05/07/25 22:38
A Los Angeles Dodgers broadcaster has sparked controversy as he made a savage remark about the Houston Astros cheating scandal from several years ago during a blowout loss to the team on Friday.
4 comments
9 shares
Caitlin Clark fans brutally mock claims the Indiana Fever are better off without her after team's miserable loss
05/07/25 21:23
Caitlin Clark's fans have brutally mocked claims that the Indiana Fever are better off without her after the team's miserable loss to one of the worst teams in the WNBA, the Los Angeles Sparks.
13 comments
1 share
Back on track after break-up, Seb Coe and his glamorous Los Angeles fiancee - as 68-year-old Olympian is set to wed for the third time
05/07/25 20:15
The 68-year-old Olympian has 'quietly reunited' with glamorous Los Angeles PR woman Sarah Robarts and the pair are 'happier than ever' and planning their future.
9 comments
shares
Sami Sheen flashes toned tummy at lunch after revealing she needs surgery for breast implants making her sick
05/07/25 17:33
Sami Sheen was spotted at a Los Angeles Erewhon market enjoying some food and a canned beverage. She wore a cut off white tank top that exposed her toned tummy and pale pink sweatpants.
30 comments
3 videos
shares
Beloved sitcom star looks unrecognizable while going makeup free on rare outing... can you guess who?
05/07/25 11:08
A notable sitcom star was briefly spotted on a rare outing in Los Angeles over the past weekend - can you guess who it is?
251 comments
4 videos
26 shares
LeBron James responds to Lakers exit rumors after being linked with shock move despite opting into $53m deal
04/07/25 22:27
LeBron James has responded to a possible Lakers exit after being linked with a shocking move away from Los Angeles days after his agent's cryptic comment about his future.
1 comment
shares
Human remains discovered inside California fireworks facility after devastating explosion
04/07/25 22:14
The explosion, which occurred at a facility operated by Devastating Pyrotechnics, has led to a widespread investigation, with seven individuals still missing.
26 comments
shares
Bruce Willis' daughter Scout goes bra-free in see-through top and flashes her underwear while shopping in LA
04/07/25 18:00
Bruce Willis' middle daughter Scout Willis sent temperatures soaring on the Fourth of July when she went bra-free in Los Angeles.
206 comments
4 videos
shares
Eamonn Holmes calls out pop star he 'hated' after surprise meet in dressing room that left him bloodied
04/07/25 11:35
An unearthed video from the daily programme back in 2024 saw the presenter, 65, sit alongside co-host Ellie Costello and Paul Coyte.
70 comments
1 video
24 shares
Hailey Bieber is seen for first time since her new make-up accessory was roasted on social media
04/07/25 11:16
Preview text goes here
comments
shares
The hint Diddy judge gave that rapper still faces VERY long prison sentence
04/07/25 10:49
The judge who will decide Diddy's prison sentence gave a hint that he will side with prosecutors and apply the full weight of the law against the mogul.
144 comments
1 video
32 shares
Elite LA beach club sparks fury over fireworks show after wildfires
04/07/25 10:07
A swank members-only Los Angeles beach club is facing fierce backlash over its Fourth of July fireworks show just months after wi"
"https://www.dailymail.co.uk/tvshowbiz/article-6809127/teen-mom-2s-leah-messer-single-splitting-jason-jordan-second-time.html","OK"," 
Home
Showbiz
TV
News
Femail
Sports
Health
Science
Royals
Money
Real Estate
Media
U.K.
Video
Shopping
Mail+
Headlines
Taylor Swift
Jennifer Lopez
Blake Lively
Kim Kardashian
U.K. Showbiz
Login
Privacy Policy Feedback
Sunday, Jul 6th 2025 4PM 59°F 
7PM 51°F 
5-Day Forecast
ADVERTISEMENT
Teen Mom 2's Leah Messer single again after splitting with Jason Jordan for the second time

By CAITLYN BECKER FOR DAILYMAIL.COM

PUBLISHED: 10:17 EDT, 14 March 2019 | UPDATED: 11:05 EDT, 14 March 2019

e-mail
14
shares

23

View comments

They've called it quits a second time.

Teen Mom 2 star Leah Messer is single again after ending her relationship with beau Jason Jordan for the second time.

The 26-year-old reality star shared cryptic posts on social media and the breakup was confirmed by Us Weekly.

+
6
View gallery

It's over: Teen Mom 2 star Leah Messer is single again after ending her relationship with beau Jason Jordan for the second time, Us Weekly confirmed Thursday

On her Instagram Story, Leah wrote: 'When someone shows you who they are believe them. Facts.' 

She later posted an inspirational quote about things being 'not meant to be.'

TRENDING
Kelly Osbourne shocked as boyfriend proposes at her dad's final gig
13.9k viewing now
From A-list actor to hotshot host, the most vile celebs I've ever met
21.8k viewing now
Newly single Katy Perry shows ex Orlando Bloom on 'family' yacht trip
9.2k viewing now

The mother of three started dating 40-year-old Jason Jordan in 2018 but in October, after just six months of dating the pair ended their relationship.

'It just wasn't working,' a source told Us Weekly at the time. 'They're just not a good fit.' 

+
6
View gallery

The first time: Leah started dating 40-year-old Jason Jordan in 2018 but in October, after just six months of dating the pair ended their relationship but later reconciled

The outlet is now reporting that the pair got back together the following month and are off again.

Website The Ashley's Reality Roundup spoke with sources close to the MTV star who claimed their latest split ended badly. 

'The first time they broke up, Leah's manager basically told her that Jason was no good and that she needed to dump him, so Leah did,' the source said. 

Leah Messer shows off her parenting adventures with daughters
Loaded: 0%
Progress: 0%
0:00
Previous
Play
Skip
Mute
Current Time
0:00
/
Duration Time
0:23
Full Size
Need Text
+
6
View gallery

Common ground: The former couple reportedly bonded over parenting - Leah is mom to three girls and Jordan has a two-year-old son

Adding: 'The manager felt Jason was too controlling of Leah, but Leah still wanted to be with him even after the breakup, so that's why they got back together.'

The site also reported that this breakup was 'because he had become even more controlling of Leah and she realized it for herself. He was very jealous and was basically trying to run her life.' 

Leah is mom to three little girls, nine-year-olds Aleeah Grace and Aliannah Hope Simm, and six-year-old Adalynn Faith Calvert. 

+
6
View gallery

On screen: Leah is currently starring in season nine of Teen Mom  2

Leah Messer and her baby playing in the car while Leah drives
Loaded: 0%
Progress: 0%
0:00
Previous
Play
Skip
Mute
Current Time
0:00
/
Duration Time
1:00
Full Size
Need Text

Jordan reportedly also has a two-year-old son of his own and the former couple were said to have bonded over the children.

Leah first gained popularity on the second season of 16 and Pregnant 

She is currently starring in season nine of  Teen Mom 2, a spin-off of 16 and Pregnant on MTV. 

Leah has been a main castmember on the reality show since it's first season in 2011. 

Share or comment on this article: Teen Mom 2's Leah Messer single again after splitting with Jason Jordan for the second time 
e-mail
14
shares
MOST WATCHED NEWS VIDEOS	
Embed this
Moment before rapper blows hand off with fireworks on Fourth...
Watch the dramatic rise in Texas river after horror flash flooding
Shocking moment shark follows young boy to shore AFTER...
Drone reveals river smashed by horror Texas flash flooding
Oasis performs for the first in in 16 YEARS
Holiday home is trashed by drunken guests of gender...
Shocking moment owner chucks elderly dog over gate onto...
Ryanair passengers take to plane's wings to escape 'fire' onboard
Comments (23)
Log in

Commenting on this article has ended

Newest
Oldest
Best rated
Worst rated
F
Fab-u-lous, EDINBURGH, United Kingdom, 6 years ago

Leah you are a wonderful mother. Concentrate on your girls and be single for a while. Your strength and independence will get you through most situations. You also have support from the girls' father. Enjoy a single life for a while.

Click to rate
16
2
PS
Paul Salinas, Madera, United States, 6 years ago

Hilarious!

Click to rate
5
3
PS
Paul Salinas, Madera, United States, 6 years ago

Ha!

Click to rate
4
3
Show 20 More Comments

The opinions and views expressed in the comments section are solely tho"
"https://www.dcp.edu.gov.on.ca/en/transferable-skills/global-citizenship-and-sustainability","OK","Skip to main content
Ontario.ca homepage, Open in new window
Français
Website feedback
Help
Help
Curriculum and Resources
Curriculum
Assessment and Evaluation
Resources
Parents
Search
Collapse left navigation menu
Introduction
Critical Thinking and Problem Solving
Innovation, Creativity, and Entrepreneurship
Self-Directed Learning
Collaboration
Communication
Global Citizenship and Sustainability
Digital Literacy

This content is part of official issued curriculum providing the most up-to-date information (i.e., front matter). This content is applicable to all curriculum documents, Grades 1 to 12. Educators must consider this information to guide the implementation of curriculum and in creating the environment in which it is taught. 

Close
Transferable skills
Global Citizenship and Sustainability

Show transcript

Definition

Global citizenship and sustainability involves understanding diverse world views and perspectives in order to effectively address the various political, environmental, social, and economic issues that are central to living sustainably in today’s interconnected and interdependent world. It also involves acquiring the knowledge, motivation, dispositions, and skills required for engaged citizenship, along with an appreciation of the diversity of people and perspectives in the world. It calls for the ability to envision and work towards a better and more sustainable future for all.

Student Descriptors

Students understand the political, environmental, economic, and social forces at play in the world today, how they interconnect, and how they affect individuals, communities, and countries.
Students make responsible decisions and take actions that support quality of life for all, now and in the future.
Students recognize discrimination and promote principles of equity, human rights, and democratic participation.
Students recognize the traditions, knowledge, and histories of Indigenous peoples, appreciate their historical and contemporary contributions to Canada, and recognize the legacy of residential schools.
Students learn from and with people of diverse cultures and backgrounds and develop cross-cultural understanding.
Students engage in local, national, and global initiatives to make a positive difference in the world.
Students contribute to society and to the culture of local, national, and global communities, both physical and virtual, in a responsible, inclusive, sustainable, ethical, and accountable manner.
Students, as citizens, participate in various groups and online networks in a safe and socially responsible manner.
Previous
Communication
Next
Digital Literacy
Back to top
For parents
Parent Guides
Information in many languages
Specialized programs for students
Co-operative Education
, Open in new window
Ontario Youth Apprenticeship Program (OYAP)
, Open in new window
Specialist High Skills Major (SHSM) program
, Open in new window
Dual Credits
, Open in new window
What’s new
Canadian and World Studies Curriculum
Business Studies Curriculum
Technological Education Curriculum
Guidance and Career Education Curriculum
Let us help you
The Ontario Curriculum Review and Revision Guide
Contact us
, Open in new window
Browsers
© King's Printer for Ontario, 2020–25
, Open in new window

Are you encountering any issues, glitches, accessibility concerns, lack of functionality or other problems on the website?  Do you have a suggestion, or is there a feature you would like to see?  Please let us know so we can improve your experience in the future. Your help is greatly appreciated.

Version for English-language schools: You are viewing the Curriculum and Resources content that applies to English-language education in Ontario.

About Ontario
, Open in new window
Accessibility
, Open in new window
News
, Open in new window
Privacy
, Open in new window
Terms of use
, Open in new window
Site Map
Website feedback"
"https://www.devacetech.com/insights/what-is-node-js-and-why-use-it","OK","Skip to content
Home
About Us
Hire Developers
Insights
Contact Us

Home > Insights > What is Node.js and Why Should You Use It?

What is Node.js and Why Should You Use It?
NOVEMBER 4, 2024
 
 
 
This blog is for you to learn all the essentials of Node.js from basic details to when to select it for your upcoming web project.

In the fast-paced technological place, selecting the right technology stack can be a difficult task. With multiple options available, web developers often get confused about which framework and language to choose. They might discuss whether to pick Node.js or Python. One technology that has gained significant prominence within the past decade is Node.js.

In this detailed guide, you will learn what is Node.js, its history, architecture, features, components, and when it is best to use. Whether you are an early-stage developer or a seasoned expert, comprehending Node.js would improve your web projects’ outcome.

What is Node.js?

Node.js is a cross-platform, open source, JavaScript run-time environment. It was designed on the V8 JavaScript engine on Google Chrome. It allows programmers to write server-side code, enabling the creation of dynamic web applications with a combined JavaScript codebase.

Node.js operates on an event-driven architecture, a non-blocking one, which makes it suitable for managing multiple connections at the same time.

History of Node.js

It was built by Ryan Dahl in 2009, he sought to develop a more efficient way to manage asynchronous requests on server-side. The initial release was motivated by the need to design scalable network applications, especially those that needed high concurrency.

With the passage of time, Node.js has observed many changes through updates and improvements. In 2015, Node.js Foundation was established to maintain its ecosystem and support its growth. Furthermore, Node.js was merged with JS Foundation, for development efforts and strengthening the community.

What is Node.js used for?

Node.js is a dynamic and versatile platform, having multiple applications such as the development of web applications and APIs, microservices and data streaming, creating single page applications, and IoT applications.

Here is the detail of the Node.js applications:

1. Web applications

Node.js is most widely used for designing web applications. Apps built with Node.js are mostly server-side applications. It’s an ideal platform for creating real-time applications such as online gaming or chat applications, due to its ability to manage asynchronous operations.

2. APIs development

Node.js is suitable for designing RESTful application program interfaces (APIs), credit goes to its efficiency of handling requests and lightweight nature.

3. Microservices

With the improvement of microservice architecture, Node.js offers a dynamic framework for the development of modular applications that are easy to deploy and scale.

4. Data Streaming

Node.js is good at handling data streams in real time. That’s why it can be rightly said that Node.js is a perfect choice for developing applications requiring continuous data flow. For example, video and audio streaming.

5. SPAs development

Web developers often get confused regarding Node.js vs React, which one to opt for. However, they can be used in combinations. Node.js in combination with React or Angular frameworks is mostly used to create Single page web applications, providing seamless user experience.

6. IoT applications

Internet of Things (IoT) applications can be easily developed with Node.js due to its event-driven architecture. Additionally, such applications require efficient data processing which is possible with Node.js.

How does Node.js Work?

Node.js works on a single-thread loop architecture, which enables it to handle multiple applications at the same time, without creating separate thread for each request. This non-blocking I/O model of Node.js makes it able to perform high performance functions by utilizing events and callbacks.

Key Concepts

Here are the key concepts of the working model of Node.js:

1. Event loop

Event loop is characterized as the backbone of the asynchronous programming model of Node.js. It is responsible for managing and executing events and callbacks. When Node.js starts operation, it initializes the event loop, working on the provided input script. Then it starts monitoring the event queue.

Then the event loop picks the event from the queue and executes relevant callback functions.

2. Non-blocking I/O

Node.js implements a non-blocking I/O model, which indicates it doesn’t require to wait for an I/O operation to complete before going to execute other code. Node.js utilizes asynchronous methods instead of blocking the thread.

The system emits an event right after the completion of an I/O operation and the corresponding callback is resorted to handle the result.

3. Callbacks

Callbacks are the tasks that are sent in the form of arguments to other functions. They are execu"
"https://www.dewaporn.com.hudsonbooksellers.com/book/9781939110213","error",""
"https://www.dietaryguidelines.gov/food-sources-calcium","OK","Skip to main content

An official website of the United States government

 Here's how you know 
Home
 About Current Dietary Guidelines Work Under Way 
Related Projects
 
Most Popular Questions
CONTACT US  FAQS
Current Dietary Guidelines
Dietary Guidelines for Americans Current Dietary Guidelines 2020-2025 Dietary Guidelines and Online Materials Food Sources of Select Nutrients Food Sources of Calcium
Current Dietary Guidelines
2020-2025 Dietary Guidelines and Online Materials
Top 10 Things You Need to Know
Food Sources of Select Nutrients
CPE Opportunities
Figures & Infographics
Professional Resources
Consumer Resources
Recursos en Español
Process to Develop the 2020-2025 Dietary Guidelines
Food Sources of Calcium

Getting enough calcium is important for strong bones and overall health. Use the tables below to identify foods and drinks with calcium that fit your culture and lifestyle. By making shifts toward a healthy eating routine, you can meet your food group and calcium needs. To find out more about calcium, check out these factsheets for consumers and for health professionals.

Looking for a Printable Version?

Ready-to-use handouts that include these tables are available on the professional resources page.

View the handouts
Standard Portions

Calcium: Nutrient-densea Food and Beverage Sources, Amounts of Calcium and Energy per Standard Portion

FOODbc	STANDARD PORTIONd	CALORIES	CALCIUM (mg)
Dairy and Fortified Soy Alternatives
Yogurt, plain, nonfat	8 ounces	137	488
Yogurt, plain, low fat	8 ounces	154	448
Kefir, plain, low fat	1 cup	104	317
Milk, low fat (1 %)	1 cup	102	305
Soy beverage (soy milk), unsweetened	1 cup	80	301
Yogurt, soy, plain	8 ounces	150	300
Milk, fat free (skim)	1 cup	83	298
Buttermilk, low fat	1 cup	98	284
Yogurt, Greek, plain, low fat	8 ounces	166	261
Yogurt, Greek, plain, nonfat	8 ounces	134	250
Cheese, reduced, low, or fat free (various)	1 1/2 ounces	~55-155	~115-485
Vegetables
Lambsquarters, cooked	1 cup	58	464
Nettles, cooked	1 cup	37	428
Mustard spinach, cooked	1 cup	29	284
Amaranth leaves, cooked	1 cup	28	276
Collard greens, cooked	1 cup	63	268
Spinach, cooked	1 cup	41	245
Nopales, cooked	1 cup	22	244
Taro root (dasheen or yautia), cooked	1 cup	60	204
Turnip greens, cooked	1 cup	29	197
Bok choy, cooked	1 cup	24	185
Jute, cooked	1 cup	32	184
Kale, cooked	1 cup	43	177
Mustard greens, cooked	1 cup	36	165
Beet greens, cooked	1 cup	39	164
Pak choi, cooked	1 cup	20	158
Dandelion greens, cooked	1 cup	35	147
Protein Foodse
Tofu, raw, regular, prepared with calcium sulfate	1/2 cup	94	434
Sardines, canned	3 ounces	177	325
Salmon, canned, solids with bone	3 ounces	118	181
Tahini (sesame butter or paste)	1 tablespoon	94	154
Fruits
Grapefruit juice, 100%, fortified	1 cup	94	350
Orange juice, 100%, fortified	1 cup	117	349
Other Sources
Almond beverage (almond milk), unsweetened, fortified	1 cup	36	442
Rice beverage (rice milk), unsweetened, fortified	1 cup	113	283

a All foods listed are assumed to be in nutrient-dense forms: lean or low-fat and prepared with minimal or no added sugars, saturated fat, or sodium.

b Some fortified foods and beverages are included. Other fortified options may exist on the market, but not all fortified foods are nutrient-dense. For example, some foods with added sugars may be fortified and would not be examples in the lists provided here.

c Some foods or beverages are not appropriate for all ages, particularly young children for whom some foods could be a choking hazard.

d This list includes “Standard” portions, which provide at least 130 milligrams calcium. Portions listed are not necessarily recommended serving sizes.

e Seafood varieties include choices from the FDA/EPA joint “Advice About Eating Fish,” available at FDA.gov/fishadvice and EPA.gov/fishadvice from the “Best Choices” list. Varieties from the “Best Choices” list that contain even lower methylmercury include: flatfish (e.g., flounder), salmon, tilapia, shrimp, catfish, crab, trout, haddock, oysters, sardines, squid, pollock, anchovies, crawfish, mullet, scallops, whiting, clams, shad, and Atlantic mackerel.

Data Source: U.S. Department of Agriculture, Agricultural Research Service. FoodData Central, 2019. fdc.nal.usda.gov.

Smaller Portions

Calcium: Nutrient-densea Food and Beverage Sources, Amounts of Calcium and Energy per Smaller Portion

FOODbc	SMALLER PORTIONd	CALORIES	CALCIUM (mg)
Dairy and Fortified Soy Alternatives
Yogurt, plain, nonfat	4 ounces	69	244
Yogurt, plain, low fat	4 ounces	77	224
Kefir, plain, low fat	1/2 cup	52	159
Milk, low fat (1 %)	1/2 cup	51	153
Soy beverage (soy milk), unsweetened	1/2 cup	40	151
Yogurt, soy, plain	4 ounces	75	150
Milk, fat free (skim)	1/2 cup	42	149
Buttermilk, low fat	1/2 cup	49	142
Yogurt, Greek, plain, low fat	4 ounces	83	131
Yogurt, Greek, plain, nonfat	4 ounces	67	125
Cheese, reduced, low, or fat free (various)	1/2 ounce	~20-50	~40-160
Vegetables
Lambsquarters, cooked	1/2 cup	29	232
Nettles, cooked	1/2 cup	19	214
Mustard spinach, cooked	1/2 cu"
"https://www.dws.state.nm.us/unemployment","error",""
"https://www.dyson.ie/discover/insights/cleaning/tips/how-to-declutter-and-organize-your-home","OK","Skip navigation
Refurbished
Newsletter
For business
Register machine
Contact us
Login/Join
Summer Event
Floorcare 
Hair care 
Air treatment 
Headphones 
Lighting 
Support 
Deals
Floor cleaners
Vacuum cleaners
Hair care
Air treatment
Headphones
Lighting
Parts and accessories
Support
Newsletter
Black Friday Sign up
Refurbished
Newsletter
For business
Register machine
Contact us
Login/Join
Search products or find support on our website

Your basket is empty.
How to declutter and organize your home
How to declutter and organize your home

Our homes should be a relaxing sanctuary, not another source of stress.

Many of us aspire to live in an organized, clean and clutter-free environment. Aside from the psychological benefits we get from organizing, decluttering means you’re ultimately left with the possessions you care about the most.

Decluttering can feel like an overwhelming task, so we’ve put together 10 simple decluttering tips to spruce up your kitchen, living room, home office and more.

10 easy steps for a clutter-free home
1. Make a list

Decluttering is a marathon not a sprint, so it’s easier to break it down into chunks. Start by writing a list of the rooms you hope to organize. Prioritize the ones with the most use, or that need the most love and attention.

2. Take before and after photos

Be your own role model for future clear-outs and de-clutters. With a before and after picture, you can hopefully motivate yourself to create similar results again in the future.

3. Remove the excess

Our homes are often overflowing with things, and clutter begins to take over when we own too many possessions. Conversely, the fewer items we buy and own, the easier it is to live in a minimalist environment. An important step in keeping your home clutter-free is to remove excess items you no longer use or want.

4. Donate, recycle or sell

Part of removing excess can include donating unwanted items to charity, recycling them, or selling. Within the UK, 300,000 tonnes of used clothing end up in landfill every year.¹ A sustainable way of supporting people in need is to donate clothing, books, toys, and other household items to charity shops. Used clothing bins and shop-and-drop soft plastic recycling points are available at local supermarkets.

 

To avoid contributing to fast-fashion-filled landfill sites, you could also consider selling your clothes through online sites and apps. Not only do you benefit financially from selling your old clothes, but others are able to make use of your pre-loved items.

5. Roll, don’t fold

After making your wardrobe and draws clutter-free, roll your clothes into storage shelves, boxes and draws. An alternative to folding, this technique avoids creases and allows you to view your clothes more easily. It also helps create more space.

6. Find inspiring spaces online

Avoiding clutter isn’t just about throwing things out. Interior design should make it easier to organize household items. If you’re unsure how to transform your home into a clutter-free zone, inspiration from social media accounts that showcase great design can give you ideas for a calmer, stress-free space.

7. Create smart storage solutions

Having inadequate storage can make your home feel disorganized. However, creating a streamlined solution may involve changing your perspective on how you’re currently using your space.

Using furniture effectively goes a long way in reducing the amount of clutter that appears in your home. Shopping for furniture that doubles up as additional storage can also help keep rooms tidy and items convenient to find.

8. Use your wall space

Wall spaces can be a great way of bringing new heights to your storage. Use hooks on the backs of doors, including your front door. Shelving can also be effective when creating tidying options. Adding height to your storage helps reduce floor clutter and the temptation to shove things in boxes or cupboards.

9. Out of date, out of home

While it might feel obvious, our homes often store expired food and beauty formulas. Skincare and makeup all have their own expiry date and cosmetics can damage your skin if not renewed. Check the dates, and if they’re too old, take the opportunity to declutter.

10. Say goodbye to unused gifts

While you may be holding onto gifts from the guilt of not wanting to throw them away, it’s important to remember the sentimental value is the thought of giving. So create some more space in your home by donating these unused items. After all, what you don't use could be perfect for someone else.

Decluttering to reduce conflict

Untidy homes lead to arguments, with 61% of UK households clashing over clutter at least once a month.² Tension with family or roommates often occurs when one person can't control mess. By creating a tidying and cleaning routine, you're helping to resolve some of these potential problems.

Cleaner home for a clearer mind

It's possible that living clutter-free can have as much of an effect on your wellbei"
"https://www.eatforhealth.gov.au/eating-well/healthy-eating-throughout-all-life/healthy-eating-infants-children-and-teenagers","OK","Skip to main content
	
Search
Main navigation
The guidelines
Food essentials
Eating well
Nutrition calculators
Nutrient Reference Values
EATING WELL  HEALTHY EATING THROUGHOUT ALL OF LIFE  HEALTHY EATING FOR INFANTS, CHILDREN AND TEENAGERS
Healthy eating for infants, children and teenagers

Infants, children and teenagers have special food needs because they are growing and developing. They also need extra energy for playing and being more active.

Dietary guideline 1:
To achieve and maintain a healthy weight be physically active and choose amounts of nutritious food and drinks to meet your energy needs
Children and adolescents should eat sufficient nutritious foods to grow and develop normally. They should be physically active every day and their growth should be checked regularly.

Children and teenagers, like adults are more likely than ever before to be overweight. To know whether your child is carrying extra weight visit the US Centres for Disease Control website.

However, it is usually not recommended that children lose weight even if they are overweight because they are still growing and developing. Instead, it is better that they slow their weight gain and let their height catch up. Any weight loss in children should always be supervised by a dietitian.

A whole family approach to healthy eating and physical activity is the best way to help children and teenagers manage their weight. Keep discretionary foods for special occasions only and keep portion sizes low. Put only foods from the five food groups in your supermarket trolley. Plan the week’s meals and snacks and use a list. Cook extra serves of healthy meals and freeze some for busy times. Plan ahead for meals and snacks eaten away from home. Only have water and low fat milk available for drinks at home. Don’t buy juice or sweetened drinks as they are high in kilojoules. Look for fun, active things you can do together.

Dietary guideline 2:
Enjoy a wide variety of nutritious foods from the five groups every day
Getting started in life - Infancy

Breastmilk or an alternate infant formula is all that babies need until around six months. However, the second half of a baby’s first year of life is the time when he or she learns much about food and family eating. It’s a window of opportunity when babies are keen to find out about the world around them. At their first birthday, a baby is aiming to be eating the same foods as the rest of the family. This means the older baby must move gradually from a single food that is liquid to a whole range of foods with varying textures, tastes and smells. Some are keener than others to try new foods, so don’t be discouraged if a baby needs to be offered a food as many as ten times or more before it becomes familiar and ‘safe’ enough to try. The effort is worth it as, the wider the range of food experiences, the more likely a child is to continue to eat a variety of foods from the five food groups and gain the essential nutrients and other food components for good health.

The transition to solid foods

There is no particular order to introduce new foods, however to avoid iron deficiency, iron-containing foods such as iron-fortified cereals, pureed meat and poultry dishes, or cooked plain tofu and legumes/soy beans/lentils are recommended to be included in the first foods.  Finely grate or soften hard fruits and vegetables by short cooking to prevent the risk of choking but keep whole nuts for children aged 3 years or older.

Move from smooth, liquidy purees to chunkier, more solid textures as your baby develops. Keep challenging your baby with increasing thicknesses and larger lumps, but start with foods that can be modified to the texture your baby needs. Keep it simple by using the foods being prepared for the family meal, but be sure not to add extra fats, added sugars or added salt. The amount is not important; be guided by your babies appetite. It’s more about trying new foods.

Family Foods

Introducing your family’s foods to a new baby is also a time to think about what you would like them to grow up eating. Is it the type of foods your family eats now, or is it time to think about making some changes towards healthier eating? Your example will have a powerful influence on what your baby ends up eating. You are their role model. How does your diet rate? You can also check by taking the ‘Are you eating for health?’ quiz in the Dietary Guidelines Summary. But don’t limit what you offer your baby, by what you like. Think broadly and creatively.

Where you eat is important too. Babies benefit in many ways from family meals at the dining table. They watch what the other people in their family eat and how and also learn much about talking and communication.

Always be careful to follow food safety guidelines when preparing food for babies as smaller bodies are more vulnerable to illness from food contamination.

Breastmilk or an alternate infant formula will still be the main drink during a baby’s first year. H"
"https://www.eatforhealth.gov.au/guidelines/australian-dietary-guidelines-1-5","OK","Skip to main content
	
Search
Main navigation
The guidelines
Food essentials
Eating well
Nutrition calculators
Nutrient Reference Values
Australian dietary guidelines 1 - 5

There are five principal recommendations featured in the Australian dietary guidelines. Each guideline is considered to be equally important in terms of public health outcomes.

Guideline 1
To achieve and maintain a healthy weight, be physically active and choose amounts of nutritious food and drinks to meet your energy needs
Children and adolescents should eat sufficient nutritious foods to grow and develop normally. They should be physically active every day and their growth should be checked regularly.
Older people should eat nutritious foods and keep physically active to help maintain muscle strength and a healthy weight.
Guideline 2
Enjoy a wide variety of nutritious foods from these five groups every day:
Plenty of vegetables, including different types and colours, and legumes/beans
Fruit
Grain (cereal) foods, mostly wholegrain and/or high cereal fibre varieties, such as breads, cereals, rice, pasta, noodles, polenta, couscous, oats, quinoa and barley
Lean meats and poultry, fish, eggs, tofu, nuts and seeds, and legumes/beans
Milk, yoghurt, cheese and/or their alternatives, mostly reduced fat (reduced fat milks are not suitable for children under the age of 2 years)

And drink plenty of water.

Guideline 3
Limit intake of foods containing saturated fat, added salt, added sugars and alcohol

a. Limit intake of foods high in saturated fat such as many biscuits, cakes, pastries,

pies, processed meats, commercial burgers, pizza, fried foods, potato chips,

crisps and other savoury snacks.

Replace high fat foods which contain predominantly saturated fats such as butter, cream, cooking margarine, coconut and palm oil with foods which contain predominantly polyunsaturated and monounsaturated fats such as oils, spreads, nut butters/pastes and avocado.
Low fat diets are not suitable for children under the age of 2 years.

b. Limit intake of foods and drinks containing added salt.

Read labels to choose lower sodium options among similar foods.
Do not add salt to foods in cooking or at the table.

c. Limit intake of foods and drinks containing added sugars such as confectionary, sugar-sweetened soft drinks and cordials, fruit drinks, vitamin waters, energy and

sports drinks.

d. If you choose to drink alcohol, limit intake. For women who are pregnant, planning a pregnancy or breastfeeding, not drinking alcohol is the safest option.

Guideline 4
Encourage, support and promote breastfeeding
Guideline 5
Care for your food; prepare and store it safely
Go to the National Health and Medical Research Council home page | Australian Government	Go to the Department of Health and Aged Care home page | Australian Government	

Help us improve

We are always looking for ways to improve our website.

Provide feedback

	
Footer
Accessibility
 
Contact us
 
Copyright information
 
Disclaimer
 
Privacy"
"https://www.eatforhealth.gov.au/nutrition-calculators/daily-energy-requirements-calculator","error",""
"https://www.eatsimsim.com/what-is-a-shawarma","error",""
"https://www.ebay.com/b/bridal-shower-party-favors-bag-fillers/26385/bn_7115661869","OK","Skip to main content
Hi! Sign in or register
Daily Deals
Brand Outlet
Gift Cards
Help & Contact
Sell
Watchlist
Expand Watch List
My eBay
Expand My eBay
Expand Notifications
Expand Cart
Shop by category
Enter your search keyword
Search
Advanced
breadcrumb
eBay
Party Supplies
Favors & Party Bag Fillers
Bridal Shower Party Favors & Bag Fillers
Bridal Shower Party Favors & Bag Fillers
Shop by category
Party Supplies
Favors & Party Bag Fillers
Attire
Badges & Pins
Balloons
Banners, Bunting & Garlands
Cake Toppers
Candles
Complete Party Sets & Kits
Confetti
Glow Sticks & Glow Jewelry
Guest Books
Inflatables
Other Party Supplies
Party Bags
Party Decorations
Party Gags & Tricks
Party Games & Activities
Party Tableware & Serveware
Piñatas
All Listings
Auction
Buy It Now
Best Offer
Sort: Best Match
330 results
Filter
Occasion: Bridal Shower
- Selected
Occasion
Type
Color
Theme
Material
Condition
Price
Delivery Options
Bridal Shower Water Bottle Labels
Brand New
$19.99 to $31.99
Free shipping
S⁣p⁣o⁣
⁣
n⁣s⁣о⁣
⁣
r⁣e⁣d⁣
⁣
⁣⁣⁣
⁣
⁣⁣⁣
10 Wedding supplies, Chain Bridal Shower,Keychains, Llaveros Recuerdos De Boda
Brand New · Unbranded
$21.97
Free shipping
S⁣p⁣
⁣
o⁣n⁣
⁣
ѕ⁣o⁣r⁣
⁣
e⁣d⁣⁣⁣
⁣
⁣
Bridal Shower Chocolate Candy Bar Label
Brand New
$20.99 to $60.99
S⁣p⁣о⁣n⁣
⁣
s⁣o⁣
⁣
r⁣e⁣d⁣⁣⁣⁣⁣⁣
⁣
⁣⁣⁣
Adult Snack Serving Trays Bachelorette Party Theme Bridal Shower 5 Pack (10pc)
Brand New · Unbranded
$15.00
or Best Offer
$4.75 shipping
S⁣
⁣
p⁣о⁣n⁣
⁣
s⁣
⁣
o⁣r⁣e⁣d⁣
⁣
⁣⁣⁣
⁣
⁣
108 Personalized Floral Bridal Shower Favors Hershey Kiss Wedding Candy Wrappers
Brand New · Unbranded
$5.10
Free shipping
⁣
⁣
⁣
⁣
108 Fall Floral Bridal Shower Hershey Kiss Stickers Labels Wedding Candy Favors
Brand New · Unbranded
$3.40
Free shipping
⁣
⁣
⁣
⁣
30 Pink Hibiscus Hershey Nugget Labels Candy Wrappers Bridal Shower/Wedding
Brand New
$6.10
Free shipping
⁣
⁣
⁣
⁣
Lot new BACHELORETTE PARTY Bride to Be SASH Bridal Shower Supplies Favors Pink
Brand New · Amscan
$13.02
or Best Offer
$6.49 shipping
⁣
⁣
⁣
⁣
⁣
BLUE PANDA 36 Pack Plastic Diamond Rings for Bridal Shower Game, Bulk Set for Ba
Brand New
$19.64
Free shipping
⁣
⁣
⁣
⁣
⁣
30 PERSONALIZED FLORAL WEDDING Stickers Favors Labels round 1.5"" BRIDAL SHOWER
Brand New
$4.99
Free shipping
Only 3 left
⁣
⁣
⁣
⁣
36 Pack Plastic Diamond Rings for Bridal Shower Game, Bulk Set for Bachelorette
HIGH QUALITY√US STOCK√FAST SHIPPING√TOP US SELLER√
Brand New · Prextex
(15)
$13.99
Was: $19.99
was - US $19.99
Free shipping
128 sold
⁣
⁣
⁣
⁣
⁣
Amscan Plastic Light Up Diamond Ring Bridal Shower Party Favor x11
Brand New · Amscan
$15.99
Free shipping
⁣
⁣
⁣
108 Floral Bridal Shower Hershey Kiss Labels Kiss Stickers Flower Candy Wrappers
Brand New · Unbranded
$3.69
Free shipping
⁣
⁣
⁣
Rose Gold Bridal Shower Treat Bags, Party Supplies, 12 Pieces
Brand New
$15.00
Was: $17.25
was - US $17.25
$6.99 shipping
7 watching
Ѕ⁣p⁣o⁣n⁣s⁣
⁣
o⁣r⁣
⁣
e⁣d⁣⁣⁣⁣⁣
⁣
⁣⁣
⁣
⁣
10 Wedding Supplies Chain Bridal Shower,Keychains,Llaveros Recuerdos Boda,Favors
Brand New · Unbranded
$21.75
Free shipping
Ѕ⁣
⁣
p⁣o⁣n⁣s⁣o⁣r⁣e⁣d⁣⁣
⁣
⁣⁣⁣⁣⁣⁣
⁣
⁣⁣
Rose Gold Bridal Shower Stir Sticks - Bulk 36 Pc
Brand New
$24.98
Was: $28.73
was - US $28.73
Free shipping
⁣
Ѕ⁣
⁣
p⁣o⁣n⁣s⁣o⁣r⁣e⁣
⁣
d⁣⁣⁣⁣⁣⁣⁣⁣
⁣
Pink Flowers Bridal Shower Favors Tic Tac Labels Tic Tac Mints Candy Wrappers
Brand New · Handmade
$6.10 to $23.10
Free shipping
⁣
⁣
⁣
⁣
⁣
30 Thank you for coming bridal shower stickers favors labels wedding
Brand New
$4.99
Free shipping
17 sold
⁣
⁣
⁣
Bridal Shower Favors Hats & Heels Tic Tac Labels Tic Tac Candy Wrapper Favors
Brand New · Handmade
$6.10 to $23.10
Free shipping
⁣
⁣
Bridal Shower Favors Mint & Teal Flowers Tic Tac Labels Candy Wrapper Favors
Brand New · Handmade
$6.10 to $23.10
Free shipping
⁣
⁣
⁣
⁣
⁣
Mint to Be Cherry Blossom Bridal Shower Favors Tic Tac Labels Candy Wrappers
Brand New · Handmade
$6.10 to $23.10
Free shipping
⁣
⁣
⁣
30 ARTSY FLORAL BRIDAL SHOWER FAVOR LABELS BRIDAL SCRAPBOOK STICKERS 1.5"" ROUND
Brand New · Unbranded
$2.34 to $2.84
Free shipping
⁣
⁣
⁣
⁣
⁣
12 Large Bridal Shower Stickers, Favors, Labels, tags, 2.5"", Roses, Floral
Brand New
$4.99
Free shipping
⁣
⁣
⁣
⁣
108 Personalized Bridal Shower Favors Hershey Kiss Wedding Candy Wrappers
Brand New · Unbranded
$4.60
Free shipping
⁣
⁣
⁣
⁣
⁣
⁣
30 Personalized Wedding Stickers Favors Labels round 1.5"" Bridal Shower Favors
Brand New
$4.99
Free shipping
7 watching
⁣
⁣
⁣
⁣
12 Gold Cinderella Princess Party Favor Wedding Bridal Shower Keepsake Fillable
Brand New · Unbranded
$18.99
Free shipping
⁣
⁣
⁣
⁣
⁣
⁣
Soon to be Mrs Bridal Shower Engagement Scrapbook Stickers Bride to be Labels
Brand New · Unbranded
$2.34 to $4.34
Free shipping
⁣
⁣
⁣
⁣
30 Mint Teal Flowers Hershey Nugget Labels Candy Wrappers Bridal Shower/Wedding
Brand New · Unbranded
$6.10
Free shipping
⁣
⁣
⁣
⁣
6 ALICE IN WONDERLAND BRIDAL SHOWER FAVORS PERSONALIZE TEA BAG ENVELOPE DIPPER
Brand New · Unbranded
$24.95
Free shipping
⁣
S⁣p⁣
⁣
o⁣n⁣s⁣
⁣
о⁣r⁣
⁣
e⁣d⁣
⁣
⁣⁣
10 Wedding supplies, Chain Bridal Shower,Keychains, Llaveros Recuerdos De Boda
Brand New
$21.7"
"https://www.ebay.com/itm/326092425182","OK","Skip to main content
Hi! Sign in or register
Daily Deals
Brand Outlet
Gift Cards
Help & Contact
Sell
Watchlist
Expand Watch List
My eBay
Expand My eBay
Expand Notifications
Expand Cart
Shop by category
Enter your search keyword
Search
Advanced
People who viewed this item also viewed
NEW CyberPowerPC multi-color led gaming keyboard wired USB
$15.00
+ $30.36 shipping
Sponsored
NEW CyberPowerPC multi-media gaming keyboard wired USB
$19.99
+ $18.29 shipping
CYBERPOWER PC MULTI-COLOR LED USB GAMING KEYBOARD
$10.00
+ $29.74 shipping
Cyberpower PC Gaming Keyboard Multimedia Gaming Wired USB Keyboard
$14.99
+ $15.22 shipping
SAVE UP TO 20% WHEN YOU BUY MORE
Picture 1 of 4
IN 3 CARTS
15
Have one to sell?
Sell now
Share
NEW CyberPowerPC multi-color led gaming keyboard wired USB
g-electronic
(79955)
98.8% positiveSeller's other items
Seller's other items
Contact seller
US $22.99/ea
or Best Offer
Condition:
Open box
Open box
“C9 - New Open Box: Unused equipment in original packing where factory seals have been broken, no ”... Read more
about condition
Quantity:
More than 10 available29 sold
Bulk savings:
Buy 1
$22.99/ea
Buy 1 for $22.99
Buy 2
$20.69/ea
Buy 2 for $20.69 each one
Buy 3
$19.54/ea
Buy 3 for $19.54 each one
4 or more for $18.39/ea
Buy 4 or more for 18.39 each one
Buy It Now
Add to cart
Make offer
Add to Watchlist
Breathe easy. Returns accepted.
People want this. 15 people are watching this.
Shipping:
US $21.91 eBay International Shipping
. See details
for shipping
Located in: Chino, CA, United States
Save on combined shipping
Authorities may apply duties, fees, and taxes upon delivery
Delivery:
Estimated between Mon, Jul 21 and Thu, Jul 31 to P7A0A2
Seller ships within 1 day after receiving cleared payment.
Returns:
30 days returns. Buyer pays for return shipping. If you use an eBay shipping label, it will be deducted from your refund amount. See details
- for more information about returns
Payments:
     
Special financing available. See terms and apply now
- for PayPal Credit, opens in a new window or tab
Shop with confidence
Sent through eBay International Shipping.
Shop worldwide with confidence including detailed tracking and hassle-free returns.
eBay Money Back Guarantee
Get the item you ordered or your money back. Learn more
eBay Money Back Guarantee - opens new window or tab
About this item
Seller assumes all responsibility for this listing.
eBay item number:326092425182
Last updated on May 31, 2025 13:35:43 PDTView all revisions
View all revisions
Item specifics
Condition
Open box
Seller Notes
“C9 - New Open Box: Unused equipment in original packing where factory seals have been broken, no ... Read more
about the seller notes
Color
Black
Keyboard Layout
QWERTY (Standard)
MPN
Gaming keyboard
Brand
CyberPowerPC
Type
Standard
Manufacturer Warranty
N/A
Model
Gaming keyboard
Connectivity
USB
Features
multi-color led
Country/Region of Manufacture
China
Keyboard Language
US
Item description from the seller
About this seller
g-electronic
98.8% positive feedback•834K items sold
Joined Jun 2015
Usually responds within 24 hours
Visit store
Contact
Save seller
Detailed seller ratings
Average for the last 12 months
Accurate description
4.9
Reasonable shipping cost
5.0
Shipping speed
5.0
Communication
5.0
Popular categories from this store
See all
categories
Battery
Other
Seller feedback (85,522)
This item (4)All items (85,522)
Filter:
All ratings
Condition
Value
Satisfaction
Usage
e***e (192)
- Feedback left by buyer.
Past 6 months
Verified purchase
It is new in the package with plastic tape protectors over the accent area's. Working well! Good price and well packaged. Thank you!
d***o (1594)
- Feedback left by buyer.
Past year
Verified purchase
Great Product
f***g (2705)
- Feedback left by buyer.
More than a year ago
Verified purchase
Great seller. Thanks.
a***m (416)
- Feedback left by buyer.
Past 6 months
Verified purchase
Awsome
See all feedback
Back to home page
Return to top
breadcrumb
Electronics
Computers/Tablets & Networking
Keyboards, Mice & Pointers
Keyboards & Keypads
More to explore :
 Gaming USB Computer Keyboards,English USB Gaming Keyboards,CyberPowerPC Gaming PC Desktops & All-In-One Computers,USB Computer Gaming Keyboards & Keypads,Thermaltake USB Computer Gaming Keyboards & Keypads,CyberPowerPC Laptops & Netbooks,Dell USB Computer Gaming Keyboards & Keypads,Microsoft USB Computer Gaming Keyboards & Keypads,Wired Computer Gaming Keyboards & Keypads,Korean USB Computer Gaming Keyboards & Keypads
Shop Top Sellers and Highly Rated Products in Keyboards & Keypads
Best Sellers
Logitech K400 Plus keyboard RF Wireless - Black
Logitech MX Keys S Full-Size Bluetooth Wireless Keyboard - Black 920-011406
Apple Magic Keyboard with Touch ID and Numeric Keypad for Mac Models with Apple Silicon - US English
Logitech MX MECHANICAL Wireless Illuminated Performance Keyboard 920-010547
Dell 580-ADMT KB216 Wired Keyboard - Black
Top Rated
Apple Magic Wireless Keyboard - Space Gray (MRMH2LL/A)
Dell 580-ADMT KB216 "
"https://www.ebay.com/itm/354723267060","OK","Skip to main content
Hi! Sign in or register
Daily Deals
Brand Outlet
Gift Cards
Help & Contact
Sell
Watchlist
Expand Watch List
My eBay
Expand My eBay
Expand Notifications
Expand Cart
Shop by category
Enter your search keyword
Search
Advanced
People who viewed this item also viewed
RMS Carpathia Model Ship 1 Ft Long By TitanicToyCo - Titanic Toys For Kids
$31.99
+ $21.35 shipping
Sponsored
CARPATHIA OFFICERS LAPEL PIN, RESCUE SHIP OF RMS TITANIC, BEAUTIFUL REPLICA
$19.88
+ $16.83 shipping
Carpathia, the ship that rescued Titanic, sinking July 17, 1918 reprint
$6.88
+ $20.14 shipping
CARPATHIA SET OF COLLECTABLES- THE SHIP THAT RESCUED TITANIC'S PASSENGERS 1912
$24.88
+ $21.67 shipping
Picture 1 of 9
8
Have one to sell?
Sell now
Share
RMS CARPATHIA RESCUE SET, REPLICAS, SHIP THAT RESCUED TITANIC SURVIVORS
whitestarsupplycollc
(2452)
99.1% positiveSeller's other items
Seller's other items
Contact seller
US $28.88
or Best Offer
Condition:
New
New
Quantity:
5 available1 sold
Buy It Now
Add to cart
Make offer
Add to Watchlist
People are checking this out. 8 have added this to their watchlist.
Other people bought this. 1 has already sold.
Shipping:
US $21.41 eBay International Shipping
. See details
for shipping
Located in: Dacula, GA, United States
Save on combined shipping
Authorities may apply duties, fees, and taxes upon delivery
Delivery:
Estimated between Mon, Jul 21 and Fri, Aug 1 to P7A0A2
Returns:
30 days returns. Buyer pays for return shipping. If you use an eBay shipping label, it will be deducted from your refund amount. See details
- for more information about returns
Payments:
     
Special financing available. See terms and apply now
- for PayPal Credit, opens in a new window or tab
Shop with confidence
Sent through eBay International Shipping.
Shop worldwide with confidence including detailed tracking and hassle-free returns.
eBay Money Back Guarantee
Get the item you ordered or your money back. Learn more
eBay Money Back Guarantee - opens new window or tab
About this item
Seller assumes all responsibility for this listing.
eBay item number:354723267060
Last updated on Jul 12, 2023 17:46:04 PDTView all revisions
View all revisions
Item specifics
Condition
New: A brand-new, unused, unopened, undamaged item (including handmade items). See the seller's ... Read more
about the condition
Cruise Ship & Ocean Liner
White Star & Titanic
Item description from the seller
About this seller
whitestarsupplycollc
99.1% positive feedback•7.2K items sold
Joined Jun 2020
Usually responds within 24 hours
Seller's other items
Contact
Save seller
Detailed seller ratings
Average for the last 12 months
Accurate description
4.9
Reasonable shipping cost
4.8
Shipping speed
5.0
Communication
5.0
Seller feedback (3,074)
Filter:
All ratings
j***j (1393)
- Feedback left by buyer.
Past 6 months
Verified purchase
**IMPRESSIVE!** Thank you! .. Thank You!! .. THANK YOU!!! This HARLAND & WOLFF SHIPYARD WORKERS COLLECTION are STUNNING Replicas of H&W's historic role = ALL 3 THERE in my TITANIC display pic!!! ALWAYS RECEIVE = *Quick Communications* +*EXCELLENT SAFE Packing* (Thank You Once More!) +*FAST Shipping* & a *TREMENDOUS $$ Price*!!! **WhiteStarSupplyCoLLC** HONESTLY*CARES*about = Product +Sale +Communications +Customer SERVICE!** My Most ENTHUSIASTIC Recommendation = You can BUY NOW with CONFIDENCE!!
Reply from: whitestarsupplycollc
- Feedback replied by seller whitestarsupplycollc.
- Feedback replied by seller whitestarsupplycollc.
Thank You for the wonderful compliments! Enjoy!!!
NEW! HARLAND & WOLFF SHIPYARD WORKERS COLLECTION, SET OF 3 REPLICAS! U get all 3 (#353360867133)
e***x (72)
- Feedback left by buyer.
Past 6 months
Verified purchase
Received as advertised.Beautiful item,well packaged.Would recommend seller!
Reply from: whitestarsupplycollc
- Feedback replied by seller whitestarsupplycollc.
- Feedback replied by seller whitestarsupplycollc.
Many Thanks! Enjoy!!!
RMS Titanic White Star Line Sewn Burgee Flag 12 x 23 inches Shipping NOW! (#356731752400)
r***c (647)
- Feedback left by buyer.
Past 6 months
Verified purchase
Excellent seller! Item fantastic, exactly as described! Well packed, shipped quickly! Perfect! Thank you!
Reply from: whitestarsupplycollc
- Feedback replied by seller whitestarsupplycollc.
- Feedback replied by seller whitestarsupplycollc.
Many Thanks! Enjoy!!!
RMS TITANIC NATIONAL MEDAL AWARDED TO CAPTAIN ARTHUR H ROSTRON & CARPATHIA CREW (#354202016989)
_***0 (183)
- Feedback left by buyer.
Past 6 months
Verified purchase
Great Bracelet as Described, Good Price, Good Packaging, and Fast Shipping. Thank You
Reply from: whitestarsupplycollc
- Feedback replied by seller whitestarsupplycollc.
- Feedback replied by seller whitestarsupplycollc.
Many Thanks! Enjoy!!!
EXCLUSIVE! RMS TITANIC WRECK exact wreck Coordinates Bracelet! GOLD Finish! GOLD (#353356823229)
6***6 (106)
- Feedback left by buyer.
Past 6 months
Verified purchase
A beautiful item larger than expected at a very reasonable price. T"
"https://www.ebay.com/itm/356202764521","OK","Skip to main content
Hi! Sign in or register
Daily Deals
Brand Outlet
Gift Cards
Help & Contact
Sell
Watchlist
Expand Watch List
My eBay
Expand My eBay
Expand Notifications
Expand Cart
Shop by category
Enter your search keyword
Search
Advanced

We looked everywhere.

Looks like this page is missing. If you still need help, visit our help pages.
Go to homepage
Inspired by your recent views
Sponsored
NEW CyberPowerPC multi-color led gaming keyboard wired USB
$22.99
RMS CARPATHIA RESCUE SET, REPLICAS, SHIP THAT RESCUED TITANIC SURVIVORS
$28.88
1912 Half Crown Solid Silver Antique Old Coin Year Titanic Ship Sank Vintage UK
$136.49
SAMA Gaming Keyboard 60 Percent, 61 Keys RGB Backlit Wired Keyboard
$15.00
RMS Carpathia Model Ship 1 Ft Long By TitanicToyCo - Titanic Toys For Kids
$31.99
HK GAMING GK61 Mechanical Gaming Keyboard - 61 Keys Brown
$19.99
NEW CyberPowerPC multi-color led gaming keyboard wired USB
$15.00
CARPATHIA OFFICERS LAPEL PIN, RESCUE SHIP OF RMS TITANIC, BEAUTIFUL REPLICA
$19.88
CARPATHIA SET OF COLLECTABLES- THE SHIP THAT RESCUED TITANIC'S PASSENGERS 1912
$24.88
GEODMAER 65% Gaming Keyboard, Wired Backlit Mini Keyboard, Ultra-Compact Anti...
$19.95
Glorious GMMK 2 Prebuilt 65% Wired Mechanical Linear Switch Gaming Keyboard
$29.99
TITANIC RESCUE SHIP CARPATHIA COLLECTION, SET OF 2 BEAUTIFUL REPLICAS! SAVE $15
$34.88
Red Dragon LED Mechanical Gaming Keyboard, wired, USB. Model: K552-KR
$18.00
Glorious GMMK 2 Prebuilt 65% Wired Mechanical Linear Switch Gaming Keyboard
$29.99
Mechanical Gaming Keyboard, 60% Compact, 61 Keys, USB-C, RGB, Red Switch, Panda
$21.99
RMS TITANIC SURVIVORS Pin, only presented to 212 crew members who survived
$22.99
Razer Cynosa Chroma Wired Gaming Keyboard, Black
$20.00
RMS Lusitania Model Ship 1 Ft Long By TitanicToyCo - Titanic Toys For Kids
$31.99
Brand New HyperX Alloy Origins 60 Wired RGB Mechanical Gaming Keyboard in box
$39.99
Gaming Keyboard Multimedia Wired USB Connection Keyboard CyberPowerPc
$24.98
RMS Titanic White Star Line Ship Tin Container Titanic Souvenir Gift Set Aged Re
$24.99
CyberPower PC Play Ready LED Wired Gaming Keyboard 02 RGB NOHI KB-161-104+Mouse
$29.88
Rare TITANIC 1912 Launch Plate replica
$59.00
Cyberpower PC Skorpion K1 RGB Mechanical Gaming Keyboard - NEW/OPEN BOX
$25.50
previous price
$30.00
CyberPowerPC multi-media gaming keyboard wired.
$17.95
About eBayAnnouncementsCommunitySecurity CenterSeller CenterPoliciesAffiliatesHelp & ContactSite Map
Copyright © 1995-2025 eBay Inc. All Rights Reserved. Accessibility, User Agreement, Privacy, Consumer Health Data, Payments Terms of Use, Cookies, CA Privacy Notice, Your Privacy Choices and AdChoice "
"https://www.ebay.com/itm/384708234539","too_short","Skip to main content
Checking your browser before you access eBay.
Your browser will redirect to your requested content shortly. Please wait...
Reference ID: 43e9aed3-3b62-4e92-93c2-3cb80706e7da"
"https://www.ebay.com/shop/pampered-chef-pizza-stone","error",""
"https://www.ebay.com/str/farmsteadgoods","error",""
"https://www.education.gov.au/higher-education-loan-program/20-reduction-student-loan-debt","error",""
"https://www.education.gov.au/higher-education-loan-program/20-reduction-student-loan-debt/faqs-20-reduction-all-outstanding-help-loan-debt","error",""
"https://www.education.gov.au/higher-education/commonwealth-prac-payment","error",""
"https://www.eduhk.hk/ocio/content/faq-how-share-file-or-folder-onedrive","error",""
"https://www.electronics-tutorials.ws/accircuits/power-in-ac-circuits.html","error",""
"https://www.elektroda.com/rtvforum/topic3766946.html","error",""
"https://www.elektroda.com/rtvforum/topic396828.html","error",""
"https://www.erowid.org/references/refs_view.php","error",""
"https://www.esafety.gov.au/newsroom/blogs/squid-game-shows-need-check-what-your-child-watching","error",""
"https://www.euroautopro.com.au/post/volkswagen-ac-refrigerant-a-comprehensive-guide","error",""
"https://www.extendoffice.com/documents/excel/5822-excel-remove-rows-with-errors.html","error",""
"https://www.extendoffice.com/download/kutools-for-excel.html","error",""
"https://www.extendoffice.com/excel/829-excel-split-first-last-name.html","error",""
"https://www.extendoffice.com/excel/formulas/excel-combine-text-and-date.html","error",""
"https://www.extendoffice.com/excel/formulas/extract-first-and-last-name.html","error",""
"https://www.fairwork.gov.au/about-us/contact-us/call-us","error",""
"https://www.fairwork.gov.au/starting-employment/types-of-employees","error",""
"https://www.fcc.gov/consumers/guides/stop-unwanted-robocalls-and-texts","error",""
"https://www.flexjobs.com/job-search-career-advice","error",""
"https://www.flickonfood.com/en/ingredient/san-marzano-tomato","error",""
"https://www.floridahousing.org/live-local-act/hometown-heroes-program","error",""
"https://www.foodsco.net/p/lotus-biscoff-cookies/0002178891629","error",""
"https://www.ford.com/support/how-tos/electric-vehicles/public-charging/can-i-charge-my-ford-electric-vehicle-at-a-tesla-supercharger","error",""
"https://www.ford.com/trucks/maverick/2025","error",""
"https://www.forestessentialsindia.com/blog/get-rid-of-acne-scars.html","error",""
"https://www.franciscanhealth.org/community/blog/8-ways-to-prevent-cramps-while-running","error",""
"https://www.franciscanhealth.org/community/blog/colic","error",""
"https://www.franciscanhealth.org/community/blog/screen-time-kids","error",""
"https://www.franciscanhealth.org/community/blog/what-causes-hip-pain-after-sitting-and-what-to-do","error",""
"https://www.g2a.com","error",""
"https://www.g2a.com/discord-server-boost-14x-1-month-discord-boost-key-global-i10000502884001","error",""
"https://www.g2a.com/instruction/marketplace/1/steam-game-key","error",""
"https://www.g2a.com/news/features/the-forest-cheats-console-commands-guide","error",""
"https://www.g2a.com/the-forest-ps4-psn-account-global-i10000001880019","error",""
"https://www.gccfcats.org/keeping-your-cat-safe-when-travelling-a-guide-for-uk-cat-owners","error",""
"https://www.gerbes.com/p/lotus-biscoff-cookie-butter/0002178850695","error",""
"https://www.gerbes.com/p/lotus-biscoff-cookies/0002178850643","error",""
"https://www.hackerstone.com/what-is-os-x-base-system","error",""
"https://www.hannaford.com/product/biscoff-spread/876482","error",""
"https://www.health.gov.au/news/joint-statement-from-atagi-and-thanz-on-thrombosis-with-thrombocytopenia-syndrome-tts-and-the-use-of-covid-19-vaccine-astrazeneca","error",""
"https://www.health.gov.au/our-work/covid-19-vaccines/advice-for-providers/clinical-guidance/tts","error",""
"https://www.health.gov.au/topics/immunisation/vaccines/shingles-herpes-zoster-immunisation-service","error",""
"https://www.hellotech.com/guide/for/how-to-change-administrator-name-on-windows-10","error",""
"https://www.hellotech.com/guide/for/how-to-format-a-hard-drive-windows-10","error",""
"https://www.help2go.com/tutorials/computer_basics/disk_compression.html","error",""
"https://www.helpfulgardener.com/forum/viewtopic.php","error",""
"https://www.hideipvpn.com/learning-center/what-is-pptp","error",""
"https://www.highlinewarren.com/blog/how-do-i-stop-my-engine-leaking-oil","error",""
"https://www.highlinewarren.com/blog/how-to-stop-an-oil-leak-in-your-car","error",""
"https://www.hollandandbarrett.com/the-health-hub/conditions/migraine-headaches/does-sex-help-with-headaches","error",""
"https://www.hollandandbarrett.com/the-health-hub/food-drink/diets/gluten-free/gluten-free-flour-the-basics","error",""
"https://www.hollandandbarrett.com/the-health-hub/vitamins-and-supplements/vitamins/vitamin-b/biotin-for-hair","error",""
"https://www.hollandandbarrett.com/the-health-hub/weight-management/how-to-lose-fat-in-your-face","error",""
"https://www.homedepot.com/p/ryobi-one-hp-18v-brushless-24-in-cordless-battery-hedge-trimmer-tool-only-pblhg01b/331977257","error",""
"https://www.homedepot.com/p/techniseal-ez-sand-35-lbs-gray-paver-joint-sand-141000099/313806733","error",""
"https://www.hostreview.com/blog/200928-what-is-a-web-crawler-and-how-does-it-work","error",""
"https://www.hp.com/us-en/shop/cv/battery-replacement","error",""
"https://www.hp.com/us-en/shop/tech-takes/fix-gaming-keyboard-problems","error",""
"https://www.hp.com/us-en/shop/tech-takes/how-do-i-fix-laptop-that-wont-turn-on","error",""
"https://www.hp.com/us-en/shop/tech-takes/how-long-should-i-charge-hp-laptop-battery","error",""
"https://www.hp.com/us-en/shop/tech-takes/how-to-check-graphics-card-in-laptop","error",""
"https://www.hp.com/us-en/shop/tech-takes/how-to-connect-phone-to-computer","error",""
"https://www.hp.com/us-en/shop/tech-takes/how-to-edit-pdf-files","error",""
"https://www.hp.com/us-en/shop/tech-takes/how-to-find-someone-on-discord","error",""
"https://www.hp.com/us-en/shop/tech-takes/how-to-optimize-pc-for-gaming","error",""
"https://www.hp.com/us-en/shop/tech-takes/how-to-transfer-files-from-pc-to-pc","error",""
"https://www.hpe.com/emea_europe/en/what-is/low-latency.html","error",""
"https://www.hpe.com/us/en/what-is/ethernet-switching.html","error",""
"https://www.hpe.com/us/en/what-is/network-switch.html","error",""
"https://www.huntington.com/personal/checking","error",""
"https://www.huntington.com/personal/checking/student","error",""
"https://www.huntington.com/personal/credit-card","error",""
"https://www.huntington.com/privacy-security/prevent/safe-money-movement","error",""
"https://www.iberdrola.com/talent/generation-x-y-z","error",""
"https://www.imf.org/en/data","error",""
"https://www.imf.org/en/news/articles/2025/06/25/pr25219-jamaica-imf-executive-board-concludes-2025-article-iv-consultation-with-jamaica","error",""
"https://www.imf.org/external/datamapper/hh_ls@gdd/can/gbr/usa/deu/ita/fra/jpn/vnm","error",""
"https://www.imf.org/external/pubs/ft/fandd/2001/12/calamits.htm","error",""
"https://www.imf.org/external/pubs/ft/fandd/basics/recess.htm","error",""
"https://www.instagram.com/reel/dlmt0lqs0ga","error",""
"https://www.instagram.com/reel/dlqfvi4t5wj","error",""
"https://www.instagram.com/reel/dlqixsbi58k","error",""
"https://www.instagram.com/reel/dlqkj1ssfre","error",""
"https://www.instagram.com/reel/dlqmbs-v4g2","error",""
"https://www.instagram.com/reel/dlrg828ttoz","error",""
"https://www.instagram.com/reel/dlriwhiub_s","error",""
"https://www.instagram.com/reel/dlrwfoehf9l","error",""
"https://www.instagram.com/reel/dls_5jmbabw","error",""
"https://www.instagram.com/reel/dlsaaisr_m9","error",""
"https://www.instagram.com/reel/dlsalpnoegr","error",""
"https://www.instagram.com/reel/dlsavjbtpwo","error",""
"https://www.instagram.com/reel/dlskv24o6rh","error",""
"https://www.instagram.com/reel/dlsmkmto2nu","error",""
"https://www.instagram.com/reel/dlsnqh-rtmn","error",""
"https://www.instagram.com/reel/dlsr9qrifr1","error",""
"https://www.instagram.com/reel/dlstdgsxqmq","error",""
"https://www.instagram.com/reel/dlswfdjsixg","error",""
"https://www.instagram.com/reel/dlszgdrmzbv","error",""
"https://www.instagram.com/reel/dlt6ljkrvvy","error",""
"https://www.instagram.com/reel/dltcfa1szkp","error",""
"https://www.instagram.com/reel/dltcybdsma9","error",""
"https://www.instagram.com/reel/dltfmhosf6t","error",""
"https://www.instagram.com/reel/dltkam6veoc","error",""
"https://www.instagram.com/reel/dltope8xyv2","error",""
"https://www.instagram.com/reel/dltx45-vq98","error",""
"https://www.instagram.com/reel/dlu1rmbjzrc","error",""
"https://www.instagram.com/reel/dlu2ux2phmr","error",""
"https://www.instagram.com/reel/dlu5eprotwo","error",""
"https://www.instagram.com/reel/dlu9qsmgcxa","error",""
"https://www.instagram.com/reel/dluedi2zkmc","error",""
"https://www.instagram.com/reel/dlueubqv9wr","error",""
"https://www.instagram.com/reel/dlueyonip1x","error",""
"https://www.instagram.com/reel/dlukihbr6yz","error",""
"https://www.instagram.com/reel/dluphvhhjby","error",""
"https://www.instagram.com/reel/dluypohyafv","error",""
"https://www.instagram.com/reel/dlv80y-sxp-","error",""
"https://www.instagram.com/reel/dlv8isotd94","error",""
"https://www.instagram.com/reel/dlv_abxsw0l","error",""
"https://www.instagram.com/reel/dlvaah5oiog","error",""
"https://www.instagram.com/reel/dlvcnwapfjd","error",""
"https://www.instagram.com/reel/dlvekxqsbcb","error",""
"https://www.instagram.com/reel/dlvf8a_rzyr","error",""
"https://www.instagram.com/reel/dlvgak_xqrg","error",""
"https://www.instagram.com/reel/dlviun9rqio","error",""
"https://www.instagram.com/reel/dlvl5oryvhm","error",""
"https://www.instagram.com/reel/dlvmhooret8","error",""
"https://www.instagram.com/reel/dlvmwbpnpid","error",""
"https://www.instagram.com/reel/dlvoixux_uv","error",""
"https://www.instagram.com/reel/dlvpgfetvet","error",""
"https://www.instagram.com/reel/dlvrr4gibzi","error",""
"https://www.instagram.com/reel/dlvujebuzmp","error",""
"https://www.instagram.com/reel/dlvw2paymiv","error",""
"https://www.instagram.com/reel/dlvw3numhpf","error",""
"https://www.instagram.com/reel/dlw3vktzao1","error",""
"https://www.instagram.com/reel/dlw9zbzovia","error",""
"https://www.instagram.com/reel/dlwavdyofik","error",""
"https://www.instagram.com/reel/dlwgti-xyju","error",""
"https://www.instagram.com/reel/dlwlz1-zgcp","error",""
"https://www.instagram.com/reel/dlwqbfcsfwy","error",""
"https://www.instagram.com/reel/dlwsg1dvdoa","error",""
"https://www.instagram.com/reel/dlwu3cyneyh","error",""
"https://www.instagram.com/reel/dlwwoqdbqfm","error",""
"https://www.instagram.com/reel/dlwyuhyvngh","error",""
"https://www.instagram.com/reel/dlx5udqj9al","error",""
"https://www.instagram.com/reel/dlxbbjvufeu","error",""
"https://www.instagram.com/reel/dlxde1hsopv","error",""
"https://www.instagram.com/reel/dlxdhi2s5mh","error",""
"https://www.instagram.com/reel/dlxenrmovia","error",""
"https://www.instagram.com/reel/dlxgy7fxnay","error",""
"https://www.instagram.com/reel/dlxhsedndqs","error",""
"https://www.instagram.com/reel/dlxiqggswlb","error",""
"https://www.instagram.com/reel/dlxkmrbtexp","error",""
"https://www.instagram.com/reel/dlxkvekol87","error",""
"https://www.instagram.com/reel/dlxnlj5brtn","error",""
"https://www.instagram.com/reel/dlxpvzyz0uh","error",""
"https://www.instagram.com/reel/dlxrex4xz7c","error",""
"https://www.instagram.com/reel/dlxrkcioiox","error",""
"https://www.instagram.com/reel/dlxrlnqx70c","error",""
"https://www.instagram.com/reel/dlxrnjutecz","error",""
"https://www.instagram.com/reel/dlxsww_swkn","error",""
"https://www.instagram.com/reel/dlxvyvcsnia","error",""
"https://www.instagram.com/reel/dlxwehhztwi","error",""
"https://www.instagram.com/reel/dlxysvknidc","error",""
"https://www.instagram.com/reel/dlya5w0bkev","error",""
"https://www.instagram.com/reel/dlyauhozopf","error",""
"https://www.instagram.com/reel/dlybyhsbcuz","error",""
"https://www.instagram.com/reel/dlycf6ou_4b","error",""
"https://www.instagram.com/reel/dlycqlxvqgx","error",""
"https://www.instagram.com/reel/dlye81hxx8l","error",""
"https://www.instagram.com/reel/dlyfdxosmgu","error",""
"https://www.instagram.com/reel/dlyirbbzkfs","error",""
"https://www.instagram.com/reel/dlyvzulokf8","error",""
"https://www.instagram.com/reel/dlyxisjb6rh","error",""
"https://www.instagram.com/reel/dlyz8dyobbl","error",""
"https://www.instagram.com/whiterosemiso/p/cljpilmrham","error",""
"https://www.instant-gaming.com/en/pc/steam","error",""
"https://www.instantinput.com/blog/citizen-engagement-vs-participation","error",""
"https://www.instantinput.com/blog/why-citizen-participation-important","error",""
"https://www.institutmontaigne.org/en/expressions/participatory-democracy-importance-having-say-when-times-are-hard","error",""
"https://www.instructables.com/android-smartphone-as-usb-webcam","error",""
"https://www.instructables.com/diy-how-to-set-up-a-fish-tank","error",""
"https://www.instructables.com/extract-free-silver-from-relay-contacts-where-to-f","error",""
"https://www.instructables.com/how-to-make-a-homemade-pizza","error",""
"https://www.instructables.com/how-to-make-pizza","error",""
"https://www.instructables.com/how-to-recharge-your-cars-air-conditioner","error",""
"https://www.instructables.com/identifying-beech-trees","error",""
"https://www.instructables.com/installing-a-tesla-ev-charger","error",""
"https://www.instructables.com/make-your-own-silver","error",""
"https://www.instructables.com/menudo","error",""
"https://www.instructables.com/rebuilding-dell-laptop-battery","error",""
"https://www.instructables.com/sand-clay-preserve-your-sand-creations-forever","error",""
"https://www.instructables.com/solidifying-sand","error",""
"https://www.instructables.com/turn-your-android-tablet-into-a-car-head-unit","error",""
"https://www.instructables.com/vba-code-to-unlock-a-locked-excel-sheet","error",""
"https://www.intego.com/mac-security-blog/the-history-of-adobe-flash-player-from-multimedia-to-malware","error",""
"https://www.integral-calculator.com","error",""
"https://www.intel.com/content/www/us/en/download/776137/intel-7th-10th-gen-processor-graphics-windows.html","error",""
"https://www.intel.com/content/www/us/en/gaming/resources/dual-pc-streaming.html","error",""
"https://www.intel.com/content/www/us/en/gaming/resources/power-supply.html","error",""
"https://www.intel.com/content/www/us/en/products/docs/unison/overview.html","error",""
"https://www.intel.com/content/www/us/en/support/articles/000005510/graphics.html","error",""
"https://www.intel.com/content/www/us/en/support/articles/000018246/emerging-technologies.html","error",""
"https://www.intel.com/content/www/us/en/tech-tips-and-tricks/should-i-upgrade-to-windows-11.html","error",""
"https://www.interiordefine.com/ms-chesterfield-collection","error",""
"https://www.interiordezine.com/finishes/ferrous-metals","error",""
"https://www.internationaljournalofcardiology.com/article/s0167-5273(19)31765-6/pdf","error",""
"https://www.interviewbit.com/c-sharp-interview-questions","error",""
"https://www.interviewbit.com/oops-interview-questions","error",""
"https://www.intowindows.com/check-if-windows-10-november-or-threshold-2-update-is-installed","error",""
"https://www.intowindows.com/how-to-remove-chat-icon-from-windows-11-taskbar","error",""
"https://www.intowindows.com/whats-the-latest-version-of-windows-10","error",""
"https://www.investing.com/academy/analysis/relative-strength-index-definition","error",""
"https://www.investing.com/analysis/stock-futures-dip-as-trump-weighs-possible-action-against-iran-in-2-weeks-200662498","error",""
"https://www.investopedia.com/articles/active-trading/042114/overbought-or-oversold-use-relative-strength-index-find-out.asp","error",""
"https://www.investopedia.com/articles/pf/08/recession-proof-your-life.asp","error",""
"https://www.investopedia.com/ask/answers/040115/what-are-some-examples-expansionary-monetary-policy.asp","error",""
"https://www.investopedia.com/ask/answers/050815/what-are-most-important-steps-accounting-cycle.asp","error",""
"https://www.investopedia.com/ask/answers/081815/can-divorced-woman-collect-social-security-her-exhusband.asp","error",""
"https://www.investopedia.com/ask/answers/100214/what-difference-between-communism-and-socialism.asp","error",""
"https://www.investopedia.com/ask/answers/110614/how-will-debt-settlement-affect-my-credit-score.asp","error",""
"https://www.investopedia.com/ask/answers/110614/what-are-main-categories-debt.asp","error",""
"https://www.investopedia.com/can-teenagers-invest-in-roth-iras-4770663","error",""
"https://www.investopedia.com/dow-jones-today04102025-11712593","error",""
"https://www.investopedia.com/financial-edge/0912/how-the-federal-reserve-fights-recession.aspx","error",""
"https://www.investopedia.com/generation-z-gen-z-definition-5218554","error",""
"https://www.investopedia.com/stock-market-today-11759095","error",""
"https://www.investopedia.com/terms/a/affordable-care-act.asp","error",""
"https://www.investopedia.com/terms/b/baby_boomer.asp","error",""
"https://www.investopedia.com/terms/b/business-valuation.asp","error",""
"https://www.investopedia.com/terms/c/capitalizationrate.asp","error",""
"https://www.investopedia.com/terms/c/consumer-debt.asp","error",""
"https://www.investopedia.com/terms/c/cost-volume-profit-analysis.asp","error",""
"https://www.investopedia.com/terms/d/double-top-and-bottom.asp","error",""
"https://www.investopedia.com/terms/d/doubletop.asp","error",""
"https://www.investopedia.com/terms/e/economic-recovery.asp","error",""
"https://www.investopedia.com/terms/e/equilibrium.asp","error",""
"https://www.investopedia.com/terms/f/fiscalyear.asp","error",""
"https://www.investopedia.com/terms/f/fiscalyearend.asp","error",""
"https://www.investopedia.com/terms/g/generalledger.asp","error",""
"https://www.investopedia.com/terms/g/gmab.asp","error",""
"https://www.investopedia.com/terms/g/gmwb.asp","error",""
"https://www.investopedia.com/terms/l/law-of-supply-demand.asp","error",""
"https://www.investopedia.com/terms/m/marketing-mix.asp","error",""
"https://www.investopedia.com/terms/r/rsi.asp","error",""
"https://www.investopedia.com/terms/s/socialism.asp","error",""
"https://www.investor.gov/financial-tools-calculators/calculators/compound-interest-calculator","error",""
"https://www.invisiblefence.com","error",""
"https://www.invitae.com","error",""
"https://www.iorad.com/player/2054410/discord---how-to-search-for-messages-from-a-particular-user","error",""
"https://www.iorad.com/player/2054428/discord---how-to-view-your-server-boost-status","error",""
"https://www.ipdanalytics.com/post/https-www-ipdanalytics-com-post-medical-drug-coding-and-reimbursement-101","error",""
"https://www.ipserverone.info/knowledge-base/how-to-restrict-rdp-access-to-specific-ip-addresses-on-windows-server","error",""
"https://www.ipvanish.com/blog/how-to-stop-getting-spam-calls","error",""
"https://www.irishexaminer.com/lifestyle/arid-30898822.html","error",""
"https://www.irishexaminer.com/news/spotlight/arid-40722603.html","error",""
"https://www.irishexaminer.com/special-reports/arid-41654207.html","error",""
"https://www.iron-made.com","error",""
"https://www.iron-neck.com/blogs/news/neck-fat-exercises","error",""
"https://www.ironworkers27.com/news-details/webview/about-us/single/9494","error",""
"https://www.irs.gov/affordable-care-act","error",""
"https://www.irs.gov/affordable-care-act/employers/minimum-value-and-affordability","error",""
"https://www.irs.gov/businesses/small-businesses-self-employed/employee-common-law-employee","error",""
"https://www.irs.gov/businesses/small-businesses-self-employed/gift-tax","error",""
"https://www.irs.gov/businesses/small-businesses-self-employed/independent-contractor-self-employed-or-employee","error",""
"https://www.irs.gov/businesses/small-businesses-self-employed/offer-in-compromise-faqs","error",""
"https://www.irs.gov/businesses/small-businesses-self-employed/responsible-parties-and-nominees","error",""
"https://www.irs.gov/businesses/small-businesses-self-employed/self-employment-tax-social-security-and-medicare-taxes","error",""
"https://www.irs.gov/businesses/small-businesses-self-employed/tax-years","error",""
"https://www.irs.gov/charities-non-profits/exempt-organizations-business-master-file-extract-eo-bmf","error",""
"https://www.irs.gov/clean-vehicle-tax-credits","error",""
"https://www.irs.gov/filing/irs-direct-file-for-free","error",""
"https://www.irs.gov/instructions/iss4","error",""
"https://www.irs.gov/irm/part4/irm_04-026-013","error",""
"https://www.irs.gov/publications/p560","error",""
"https://www.irs.gov/retirement-plans/plan-loan-offsets","error",""
"https://www.irs.gov/retirement-plans/retirement-plans-faqs-regarding-loans","error",""
"https://www.irs.gov/retirement-plans/traditional-and-roth-iras","error",""
"https://www.isabellabubola.com/journal/natural-light-portrait-photography","error",""
"https://www.isidewith.com","error",""
"https://www.island.io","error",""
"https://www.islandernews.com/lifestyle/health/ex-vaccine-panelist-speaks-out-on-firing-new-committee/article_8709b8af-5732-5fcb-bcd1-4f8350653b43.html","error",""
"https://www.istanbullv.com/shawarma","error",""
"https://www.isunshare.com/windows-11/how-to-move-the-start-button-to-the-left-corner-in-windows-11.html","error",""
"https://www.itagroup.com/insights/employee-experience/ways-to-change-your-work-culture","error",""
"https://www.italki.com/en/post/pfg7gp6gbidfzsxxetyrhz","error",""
"https://www.itpro.com/infrastructure/servers-and-storage/dell-poweredge-r7725-review-a-mighty-amd-rack-server-with-an-astonishing-core-density","error",""
"https://www.itpro.com/software/369422/how-to-check-which-version-of-windows-you-have","error",""
"https://www.itpro.com/software/windows/how-to-enable-secure-boot-in-windows-11","error",""
"https://www.itr-dc5.club/forum/index.php","error",""
"https://www.its.ac.id/study-at-its/faculties-and-departments/faculty-of-industrial-technology-and-systems-engineering/industrial-and-systems-engineering","error",""
"https://www.izotope.com/en/learn/better-voice-recordings","error",""
"https://www.jacionline.org/article/s0091-6749(05)02591-1/fulltext","error",""
"https://www.jacionline.org/article/s0091-6749(18)32148-1/fulltext","error",""
"https://www.jamesdunloptextiles.com/journal/tips-how-to/how-to-measure-curtains","error",""
"https://www.janahodgins.com/post/the-importance-of-inclusive-language","error",""
"https://www.jawapos.com/kesehatan/014608572/mengenal-gejala-tts-efek-samping-langka-akibat-vaksin-covid-19-astrazeneca","error",""
"https://www.jaycfoods.com/p/lotus-biscoff-cookies/0002178891629","error",""
"https://www.jba.af.mil/news/article-display/article/2900940/martin-luther-king-jr-day-remembering-the-civil-rights-leader","error",""
"https://www.jbl.com/party-speakers/partybox-on-the-go-.html","error",""
"https://www.jbsa.mil/news/news/article/1519967/retiree-news-older-adults-should-get-new-shingles-vaccine","error",""
"https://www.jcpenney.com/g/men/mens-suits-sport-coats","error",""
"https://www.jcpenney.com/m/editorial/guides/curtains-drapes-guide","error",""
"https://www.jdsupra.com/topics/employee-definition","error",""
"https://www.jeff.bank","error",""
"https://www.jeffersondentalclinics.com/blog/espanol-what-causes-receding-gums-and-remedies-to-stop-progression","error",""
"https://www.jeffersonhealth.org/conditions-and-treatments/liver-dialysis","error",""
"https://www.jeffersonhealth.org/your-health/living-well/newer-shingles-vaccine-edges-out-its-predecessor","error",""
"https://www.jeffersonhealth.org/your-health/living-well/seven-things-you-should-know-about-gallstones-gallbladder-removal","error",""
"https://www.jeffersonhealth.org/your-health/living-well/should-i-be-worried-about-fatty-liver-disease","error",""
"https://www.jenniferfugo.com/2013/04/29/gluten-free-bread","error",""
"https://www.jenslifecoaching.com/letting-go-of-baby-mama-drama-unfiltered-advice-for-co-parenting-success","error",""
"https://www.jerseygirlorganics.co.nz/post/organic-milk-vs-regular-milk-what-s-the-difference","error",""
"https://www.jessicaadams.com/astrology/current-planetary-positions","error",""
"https://www.jetblue.com/traveling-together/traveling-with-pets","error",""
"https://www.jetbrains.com/webstorm","error",""
"https://www.jewellermagazine.com/article/3001/avoid-headaches-from-glass-filled-rubies","error",""
"https://www.jlconline.com","error",""
"https://www.jlwranglerforums.com/forum/threads/checking-toe-easy-and-accurate.53615","error",""
"https://www.jmlr.org","error",""
"https://www.jmuirandassociates.com/understanding-the-role-of-contract-lawyers-protecting-your-business","error",""
"https://www.johnbridge.com/vbulletin/showthread.php","error",""
"https://www.johnlewis.com/amazon-echo-show-10-smart-speaker-with-10-1-inch-screen-motion-alexa-voice-recognition-control-3rd-generation/glacier-white/p5210007","error",""
"https://www.joincake.com/blog/how-to-write-a-will-in-new-york","error",""
"https://www.joinhoney.com","error",""
"https://www.jonesroadbeauty.com/blogs/beauty/what-color-lipstick-should-you-wear","error",""
"https://www.josbank.com/c/suits","error",""
"https://www.josephpearlman.com/articles/2018/12/3/how-to-turn-any-acting-note-into-an-audition-win","error",""
"https://www.journalofaccountancy.com/issues/2020/feb/replace-excel-errors-iferror-function","error",""
"https://www.journalofaccountancy.com/issues/2022/mar/combining-formulas-text-excel","error",""
"https://www.journalofaccountancy.com/issues/2023/aug/join-text-excel.html","error",""
"https://www.journalofaccountancy.com/news/2022/oct/the-ins-outs-roth-iras-for-children.html","error",""
"https://www.journals.uchicago.edu/doi/pdfplus/10.1086/474761","error",""
"https://www.jpplus.com","error",""
"https://www.jtsa.edu/torah/who-was-abrahams-last-wife","error",""
"https://www.juniorminingnetwork.com/junior-miner-news/press-releases/2643-tsx/vzla/182214-vizsla-silver-provides-an-update-on-the-copala-test-mine-at-its-panuco-project-in-mexico.html","error",""
"https://www.justaddconfetti.com/free-printable/couples-bridal-shower-favor-ideas","error",""
"https://www.justanswer.co.uk/law/pj07q-made-purchase-amazon-wrong-item-delivered.html","error",""
"https://www.justanswer.com/appliance/kbqy9-clean-in-glass-oven-door.html","error",""
"https://www.justanswer.com/bird-vet/r5g6j-baby-parakeet-10-days-ago-petco-heard.html","error",""
"https://www.justanswer.com/ca-employment-law/ixovt-mistreated-edd-unemployment-representative.html","error",""
"https://www.justanswer.com/cardiology/n2lxd-considered-low-triglycerides.html","error",""
"https://www.justanswer.com/cardiology/rhp7u-correct-position-way-measure-blood-pressure.html","error",""
"https://www.justanswer.com/cat-health/7bqls-14-year-old-female-cat-become-suddenly-clingy.html","error",""
"https://www.justanswer.com/cat-health/l62tn-just-found-fleas-one-week-old-kitten.html","error",""
"https://www.justanswer.com/cell-phones/4fhql-dropped-iphone-washing-machine-grabbed-soon.html","error",""
"https://www.justanswer.com/cell-phones/5ayim-accidentally-dropped-tracfone-water-i-tried-drying.html","error",""
"https://www.justanswer.com/chrysler/nb2o2-bleed-air-cooling-system.html","error",""
"https://www.justanswer.com/computer-hardware/qqz7p-change-rgb-lighting-new-cyberpower.html","error",""
"https://www.justanswer.com/computer/jtcrx-tell-print-screen-logitech.html","error",""
"https://www.justanswer.com/computer/mld4n-just-bought-lenovo-legion-slim-cant-secure-boot.html","error",""
"https://www.justanswer.com/computer/nqy24-creat-apple-icloud-id-apple-phone-creating.html","error",""
"https://www.justanswer.com/computer/r0jjg-stop-scam-calls-iphone.html","error",""
"https://www.justanswer.com/computer/r4sw6-connect-laptop-computer-desktop-computer.html","error",""
"https://www.justanswer.com/computer/r52l1-trying-light-back-keypad-0nohi-02-wasnt.html","error",""
"https://www.justanswer.com/criminal-law/f5jus-question-able-become-notary.html","error",""
"https://www.justanswer.com/dental/77el2-tip-sides-tongue-feel-burned-mouth.html","error",""
"https://www.justanswer.com/dental/7lgrt-causes-burning-sensation-tip-tongue.html","error",""
"https://www.justanswer.com/dental/ilb86-use-cure-oral-thrush-baby-besides-nystatin.html","error",""
"https://www.justanswer.com/dental/n9pke-abscessed-tooth-do-just.html","error",""
"https://www.justanswer.com/dermatology/oe8fg-scar-face-want-remove.html","error",""
"https://www.justanswer.com/dermatology/rwjff-pimple-scar-face-rid.html","error",""
"https://www.justanswer.com/dog-health/6otdb-when-will-puppys-start-teeth-boys.html","error",""
"https://www.justanswer.com/dog-health/i3jq1-wanted-know-long-dog-wait-boarding.html","error",""
"https://www.justanswer.com/electronics/l9w8j-i-m-getting-alexa-blank-screen.html","error",""
"https://www.justanswer.com/electronics/ofo3o-eco-show-powers-black-screen-times.html","error",""
"https://www.justanswer.com/email/n2fvr-somehow-adminstator-name-computer-changed.html","error",""
"https://www.justanswer.com/employment-law/pq5gp-sign-contract-agreement-lawyer-does-mean.html","error",""
"https://www.justanswer.com/endocrinology/ox77q-age-does-height-growth-stop-men-s.html","error",""
"https://www.justanswer.com/family-law/lfg2o-baby-momma-live-together-went.html","error",""
"https://www.justanswer.com/family-law/oldpk-girlfriend-pregnant-treats-hates.html","error",""
"https://www.justanswer.com/finance/0o3lg-quickest-clean-credit.html","error",""
"https://www.justanswer.com/finance/kqb37-know-small-business-worth.html","error",""
"https://www.justanswer.com/finance/o98qy-need-to-lear-credit-erase-bad-credits-list.html","error",""
"https://www.justanswer.com/health/05pi8-symptoms-having-potasium.html","error",""
"https://www.justanswer.com/health/0ac3s-prevent-leg-cramps-when.html","error",""
"https://www.justanswer.com/health/723p1-causing-diarrhea.html","error",""
"https://www.justanswer.com/home-improvement/0s7oo-long-tile-floor-wait.html","error",""
"https://www.justanswer.com/home-improvement/cwxsv-when-using-mapei-grout-long-wait.html","error",""
"https://www.justanswer.com/laptop/pv856-long-charge-laptop-first-time-it-s.html","error",""
"https://www.justanswer.com/laptop/riq1l-need-replace-battery-inspiron-15-laptop.html","error",""
"https://www.justanswer.com/law/qvhg7-what-s-best-evict-baby-s-mama-home-when.html","error",""
"https://www.justanswer.com/law/rv2l9-easiest-write-will.html","error",""
"https://www.justanswer.com/mac-computers/bwm5b-apple-flashing-folder-picture-question-macbook-pro.html","error",""
"https://www.justanswer.com/mac-computers/k3t2a-phone-keeps-crashing-unnecessarily.html","error",""
"https://www.justanswer.com/mac-computers/nkv00-i-m-locked-mac-os-forgot-password.html","error",""
"https://www.justanswer.com/mac-computers/qc5yo-forgot-passcode-macbook-air-2024-just-bought.html","error",""
"https://www.justanswer.com/mac-computers/qho7a-yesterday-suddenly-lost-open-tabs-safari.html","error",""
"https://www.justanswer.com/medical/1vpoi-re-eczema-taking-oral-steroids-day.html","error",""
"https://www.justanswer.com/medical/2dtfe-red-blood-count-slightly-low-improve.html","error",""
"https://www.justanswer.com/medical/2qlmc-mold-mildew-body-cause-damage.html","error",""
"https://www.justanswer.com/medical/2sjuc-possible-list-every-disease-linked.html","error",""
"https://www.justanswer.com/medical/33iw4-pain-hip-walking-normal-speed.html","error",""
"https://www.justanswer.com/medical/3eyck-terrible-crippling-headaches-when-masturbating-not.html","error",""
"https://www.justanswer.com/medical/69j1e-roommate-just-told-us-pubic-lice.html","error",""
"https://www.justanswer.com/medical/6r1vh-best-stop-cramps-spasams-legs.html","error",""
"https://www.justanswer.com/medical/7ilnd-hemoglobin-low-bring-numbers.html","error",""
"https://www.justanswer.com/medical/hv4sf-does-feel-i-m-having-hot-flashes.html","error",""
"https://www.justanswer.com/medical/kkv44-cbd-gummies-help-erectile-disfunction-72-years.html","error",""
"https://www.justanswer.com/medical/lrvdn-diarrhoea-persisted-previous.html","error",""
"https://www.justanswer.com/medical/n9gnl-until-age-boys-grow-height-anything.html","error",""
"https://www.justanswer.com/medical/nkvch-feet-always-cold-hands-almost-always-cold.html","error",""
"https://www.justanswer.com/medical/ogw20-used-voltaren-cream-weeks-stopped-according.html","error",""
"https://www.justanswer.com/medical/qa8ua-symptoms-high-potassium.html","error",""
"https://www.justanswer.com/medical/qrko5-having-trouble-constipation-havent-pooped.html","error",""
"https://www.justanswer.com/medical/qwl19-used-voltaren-gel-knee-9-30-morning.html","error",""
"https://www.justanswer.com/medical/qyl7c-snore-quite-loudly-night-so-i-ve-told-so-loudly.html","error",""
"https://www.justanswer.com/medical/r5czx-pneumonia-few-months-ago-every-week.html","error",""
"https://www.justanswer.com/medical/rfss1-i-ve-diagnosed-pneumonia-walk-clinic.html","error",""
"https://www.justanswer.com/medium-and-heavy-truck/m6d0j-need-freon-recharge-procedure-park-smart-ac-system.html","error",""
"https://www.justanswer.com/microsoft-office/gmv9s-move-rows-down-excel-online.html","error",""
"https://www.justanswer.com/microsoft-office/oszxo-table-created-word-document-text.html","error",""
"https://www.justanswer.com/neurology/q2vug-right-hand-cold-left-one-day-21-no-online-chat.html","error",""
"https://www.justanswer.com/ob-gyn/mnxcl-birth-control-runs-days-nexplanon.html","error",""
"https://www.justanswer.com/orthopedics/rpqfe-have-pain-right-hip-when-walk.html","error",""
"https://www.justanswer.com/pet/rjff5-going-treat-cat-further-investigation.html","error",""
"https://www.justanswer.com/phone-systems/mo40v-worst-luck-today-dropped-phone-mud.html","error",""
"https://www.justanswer.com/plumbing/1iu9j-water-seems-run-toilet-every-few-minutes.html","error",""
"https://www.justanswer.com/pool-and-spa/6sm1d-heat-above-ground-swimming-pool.html","error",""
"https://www.justanswer.com/pool-and-spa/6sm34-heat-abovr-ground-pool.html","error",""
"https://www.justanswer.com/real-estate-law/o8xhr-cash-close-wiring-time-frame-early-safe.html","error",""
"https://www.justanswer.com/recorders-and-players/o270s-windows-media-player-problems-codec-settings.html","error",""
"https://www.justanswer.com/smartphones/mx7zn-trying-retrieve-lost-photos-icloud-new.html","error",""
"https://www.justanswer.com/smartphones/qxxcn-stop-robocalls-scam-calls-iphone-iphone.html","error",""
"https://www.justanswer.com/social-security/r1tcx-medicare-number-already-getting.html","error",""
"https://www.justanswer.com/social-security/rk6u3-information-need-apply-receive.html","error",""
"https://www.justanswer.com/software/rvrni-recieved-package-4-26-25-item-ordered.html","error",""
"https://www.justanswer.com/tax/novq1-trying-find-medicare-number-not-yet-i-m-filling.html","error",""
"https://www.justanswer.com/urology/r42tq-i-m-having-trouble-pooping.html","error",""
"https://www.justanswer.com/veterinary/eu133-cat-painful-mat-won-t-let-off.html","error",""
"https://www.justbeingme.in/post/10-tips-to-declutter-your-home-and-get-organized","error",""
"https://www.justdial.com/agra/fancy-lace-dealers/nct-11036567","error",""
"https://www.justdial.com/ahmedabad/swimming-ring-dealers-in-132-feet-ring-road-vastrapur/nct-10465870","error",""
"https://www.jvascsurg.org/article/0741-5214(91)90049-z/fulltext","error",""
"https://www.jvascsurg.org/article/s0741-5214(94)70097-4/fulltext","error",""
"https://www.jw.org/en/bible-teachings/questions/abortion-in-the-bible","error",""
"https://www.kake.com/putin-says-recession-in-russia-must-not-be-allowed-to-happen/article_341635ad-bc34-53d9-8f50-6b0cd020b38a.html","error",""
"https://www.kanguru.com","error",""
"https://www.kansascityfed.org/research/economic-bulletin/consumer-debt-is-high-but-consumers-seem-to-have-room-to-run","error",""
"https://www.kansascityfed.org/surveys/small-business-lending-survey/new-small-business-lending-decreases-in-the-first-quarter-while-credit-quality-continues-to-decline","error",""
"https://www.karikells.com/petsitter/2017/olive-oil-to-remove-matted-fur","error",""
"https://www.kark.com/entertainment-news/ap-music-history-is-littered-with-projects-planned-anticipated-even-completed-and-then-scrapped","error",""
"https://www.kark.com/news/national/ap-4-members-of-a-california-family-among-the-8-dead-in-a-boat-capsize-on-lake-tahoe-during-a-storm","error",""
"https://www.kark.com/news/state-news/arkansas-attorney-general-tim-griffin-set-for-tuesday-afternoon-announcement","error",""
"https://www.kateaspen.com","error",""
"https://www.kauveryhospital.com/blog/family-and-general-medicine/anemia-causes-treatment-and-prevention","error",""
"https://www.keckmedicine.org/blog/6-things-to-know-about-pneumonia","error",""
"https://www.keckmedicine.org/blog/7-reasons-you-might-have-diarrhea","error",""
"https://www.keckmedicine.org/blog/what-causes-hot-flashes","error",""
"https://www.kenhub.com","error",""
"https://www.kennedy-center.org/education/resources-for-educators/classroom-resources/media-and-interactives/media/opera/understanding-different-voice-types","error",""
"https://www.kennedyblue.com/pages/mens-suit-size-chart","error",""
"https://www.kennelcoughhelp.com/articles/bordetella-vaccine","error",""
"https://www.kennethcole.com/pages/size-chart-mens-suiting","error",""
"https://www.kentucky.com/news/local/article309284930.html","error",""
"https://www.kentuckysleep.com/post/how-to-sleep-with-a-loud-snorer","error",""
"https://www.keycdn.com/support/how-to-reduce-jpeg-file-size","error",""
"https://www.kget.com/health/why-are-my-hands-and-feet-always-cold-and-when-should-i-be-worried","error",""
"https://www.kgimmigrationlaw.com/en/eb-3-visa.html","error",""
"https://www.khanacademy.org/economics-finance-domain/ap-macroeconomics/basic-economics-concepts-macro/market-equilibrium-disequilibrium-and-changes-in-equilibrium/a/lesson-summary-market-equilibrium-disequilibrium-and-changes-in-equilibrium","error",""
"https://www.khanacademy.org/economics-finance-domain/ap-macroeconomics/basic-economics-concepts-macro/market-equilibrium-disequilibrium-and-changes-in-equilibrium/v/changes-in-market-equilibrium","error",""
"https://www.khanacademy.org/economics-finance-domain/ap-microeconomics/unit-2-supply-and-demnd/26/v/market-equilibrium","error",""
"https://www.khanacademy.org/economics-finance-domain/microeconomics/supply-demand-equilibrium","error",""
"https://www.khanacademy.org/humanities/big-history-project/expansion-interconnection/commerce-collective-learning/a/the-first-silk-roads","error",""
"https://www.khanacademy.org/humanities/constitution-101/x7a03a96a83aa80ff:civil-dialogue-the-constitution-and-constitutional-interpretation/x7a03a96a83aa80ff:article-v-amending-the-constitution/v/amending-the-constitution-featuring-justice-neil-m-gorsuch","error",""
"https://www.khanacademy.org/humanities/us-government-and-civics/american-civics-parent/american-civics/v/ppaca-or-obamacare","error",""
"https://www.khanacademy.org/humanities/us-government-and-civics/us-gov-foundations/us-gov-ratification-of-the-us-constitution/a/article-v-and-the-amendment-process","error",""
"https://www.khanacademy.org/humanities/us-government-and-civics/us-gov-foundations/us-gov-ratification-of-the-us-constitution/v/article-v-of-the-constitution","error",""
"https://www.khanacademy.org/humanities/us-history/modern-us/1980s-america/a/ronald-reagan-as-president-part-1-election-and-domestic-policies","error",""
"https://www.khanacademy.org/math/ap-calculus-ab/ab-integration-new/ab-6-7/v/antiderivatives-and-indefinite-integrals","error",""
"https://www.khanacademy.org/math/cc-eighth-grade-math/cc-8th-numbers-operations/cc-8th-irrational-numbers/v/categorizing-numbers","error",""
"https://www.khanacademy.org/math/cc-sixth-grade-math/cc-6th-arithmetic-operations","error",""
"https://www.khanacademy.org/math/cc-sixth-grade-math/cc-6th-expressions-and-variables/whole-numbers-integers/a/whole-numbers-integers","error",""
"https://www.khanacademy.org/partner-content/wi-phi/wiphi-critical-thinking/wiphi-fallacies/v/formal-informal-fallacy","error",""
"https://www.khanacademy.org/science/ap-chemistry-beta/x2eef969c74e0d802:intermolecular-forces-and-properties/x2eef969c74e0d802:solutions-and-mixtures/v/types-of-mixtures","error",""
"https://www.khanacademy.org/science/class-11-chemistry-india/xfbb6cb8fc2bd00c8:in-in-hydrocarbons/xfbb6cb8fc2bd00c8:in-in-alkenes-structure-nomenclature-and-isomerism/v/cis-trans-isomerism","error",""
"https://www.khanacademy.org/science/health-and-medicine/human-anatomy-and-physiology","error",""
"https://www.khanacademy.org/science/physics/linear-momentum/elastic-and-inelastic-collisions/a/what-are-elastic-and-inelastic-collisions","error",""
"https://www.khealth.com/learn/dental-infection/home-remedies","error",""
"https://www.kibin.com/essay-examples/government-and-political-science/domestic-policies-2560","error",""
"https://www.kidspot.com.au/lifestyle/entertainment/naomi-watts-talks-about-divorce-from-actor-liev-schreiber/news-story/196105ccebe650c2f69ef40cd596f9e4","error",""
"https://www.kidzsearch.com/kidztube/mobile/learn-how-pizza-is-made-ever-wonder-highlights-kids_0f9d66136.html","error",""
"https://www.kiehls.com/skincare-advice/how-to-get-rid-of-acne-scars.html","error",""
"https://www.kiehls.com/skincare-advice/routine-for-dry-feet-and-heels.html","error",""
"https://www.kindercare.com/content-hub/articles/2020/may/teaching-children-family-commitments","error",""
"https://www.kingjamesbibleonline.org/bible-verses-about-the-importance-of-prayer","error",""
"https://www.kingsgate.co.uk/history-of-chesterfield-chairs-and-sofas","error",""
"https://www.kinguin.net","error",""
"https://www.kinguin.net/category/195382/discord-server-14x-boost-3-months","error",""
"https://www.kingwood.com/message_board/view_message.php","error",""
"https://www.kiplinger.com/personal-finance/what-to-stock-up-on-and-what-to-skip-amid-tariff-uncertainty","error",""
"https://www.kiplinger.com/retirement/retirement-planning/tariffs-are-paused-heres-what-retirees-should-stock-up-on-now","error",""
"https://www.kiplinger.com/slideshow/investing/t052-s001-20-best-stocks-to-invest-in-during-this-recession/index.html","error",""
"https://www.kiro7.com/news/trending/coronavirus-how-long-does-immunity-last-after-covid-19-vaccine/rimeaweuwre6pg6ct4kzen2nye","error",""
"https://www.kissan.ca/blogs/recipes/kissan-butter-chicken-pizza","error",""
"https://www.knotts.com","error",""
"https://www.knovva.org/what-is-a-global-citizen","error",""
"https://www.knowledgeboat.com/learn/class-9-icse-total-geography/solutions/kzy2l/earth-structure","error",""
"https://www.knowledgeboat.com/learn/class-9-icse-total-history-civics/solutions/dd5nd/jainism-buddhism","error",""
"https://www.kohler.com/en","error",""
"https://www.kohlerhomeenergy.rehlko.com","error",""
"https://www.koin.com/local/clark-county/driver-hospitalized-after-crashing-through-guard-rail-on-i-5-in-clark-county","error",""
"https://www.koin.com/video/driver-hospitalized-after-crashing-through-guard-rail-on-i-5-in-clark-county/10843017","error",""
"https://www.kopernik.org/visitor-info/science-park/phases-of-the-moon","error",""
"https://www.kornferry.com/capabilities/leadership-professional-development/leadership/developing-leaders-explainer","error",""
"https://www.krmangalambahadurgarh.com/blogs/importance-of-healthy-food-for-kids","error",""
"https://www.kroger.com/p/lotus-biscoff-cookie-butter/0002178850695","error",""
"https://www.ksn.com/news/crime/wichita-woman-pleads-not-guilty-in-deadly-crash-that-killed-teen","error",""
"https://www.ksn.com/news/state-regional/1-dead-in-semi-crash-on-i-70-in-saline-county","error",""
"https://www.ksnt.com/kansasoutdoors/green-invasive-beetles-devour-plants-across-kansas","error",""
"https://www.ktbs.com/news/national_politics/former-top-aide-to-jill-biden-is-subpoenaed-by-house-oversight-panel/article_28bd4552-d15e-5c37-90fd-1784788271bb.html","error",""
"https://www.ktiv.com/video/2025/06/26/what-does-iowas-hands-free-driving-law-really-mean-drivers","error",""
"https://www.kusakveyol.org/en/ancient-silk-road-city-of-xian-launches-transnational-cultural-exchange-activities","error",""
"https://www.kwangu.com/work/psychrometric.htm","error",""
"https://www.kxan.com/news/political-news/ap-former-top-aide-to-jill-biden-is-subpoenaed-by-house-oversight-panel","error",""
"https://www.kxnet.com/news/business-beat/ap-business/ap-russias-economy-minister-says-the-country-is-on-the-brink-of-recession","error",""
"https://www.labvantage.com","error",""
"https://www.lancome-usa.com/makeup/eye-makeup/eyeshadow-and-palettes","error",""
"https://www.lancome-usa.com/our-best-red-lipstick-for-you.html","error",""
"https://www.lancome.com.au/beauty-magazine/guide-to-choosing-the-right-lipstick-shade.html","error",""
"https://www.law.cornell.edu/definitions/uscode.php","error",""
"https://www.lawbc.com/dtsc-releases-revised-proposed-safer-consumer-products-regulations-2","error",""
"https://www.lawinsider.com/dictionary/current-fiscal-year","error",""
"https://www.lawinsider.com/dictionary/dtsc","error",""
"https://www.lawtonok.gov/residents/utility-services/pay-your-water-bill","error",""
"https://www.lcbcchurch.com/articles/what-happens-when-we-worship-god","error",""
"https://www.lcms.org/about/beliefs/faqs/doctrine","error",""
"https://www.lcpdfr.com/forums/topic/151937-my-game-keep-crashing-to-black-screen","error",""
"https://www.ldrfa.org/understanding-underdiagnosed-dyslexia","error",""
"https://www.learncbse.in/ncert-solutions-for-class-9-science-is-matter-around-us-pure","error",""
"https://www.learnpython.org/en/functions","error",""
"https://www.leeclerk.org/departments/courts/court-case-records","error",""
"https://www.legacy.com/us/obituaries/name/carolyn-mills-obituary","error",""
"https://www.legacyrp.no","error",""
"https://www.lemonde.fr/en/environment/article/2023/11/16/eu-commission-to-prolong-use-of-glyphosate-for-10-years-after-states-fail-to-agree_6260272_114.html","error",""
"https://www.lemonfool.co.uk/viewtopic.php","error",""
"https://www.lemonslavenderandlaundry.com/cleaning-tip-tuesday-cleaning-oven-glass-baking-soda","error",""
"https://www.lendingtree.com/credit-cards/review/amazon-prime-rewards-visa-signature-card","error",""
"https://www.lendingtree.com/credit-cards/study/credit-card-debt-statistics","error",""
"https://www.lenntech.com/calculators/molecular/molecular-weight-calculator.htm","error",""
"https://www.leprosymission.org/what-is-leprosy/does-leprosy-still-exist","error",""
"https://www.lerner.ccf.org/news/article","error",""
"https://www.letthemeatgfcake.com/gluten-free-artisan-bread","error",""
"https://www.lexingtonlaw.com/blog/loans/consumer-debt-statistics.html","error",""
"https://www.lexingtonlaw.com/education/cleaning-up-your-credit","error",""
"https://www.lexology.com/library/detail.aspx","error",""
"https://www.liebertpub.com/doi/10.1089/cyber.2025.0034","error",""
"https://www.life.church/who-we-are","error",""
"https://www.lifestyleasia.com/ind/entertainment/f1-the-movie-changed-my-mind-about-formula-one-racing","error",""
"https://www.lifestyleasia.com/sg/entertainment/celebrities/best-lee-byung-hun-movies","error",""
"https://www.lightnessphotography.com/blog/natural-light-vs-flash-photography","error",""
"https://www.lindseyreganthorne.com/2016/06/finding-the-perfect-shade-for-your-lips","error",""
"https://www.linkedin.com/advice/0/how-can-airport-staff-take-initiative-proactive-work-rfvae","error",""
"https://www.linkedin.com/advice/0/how-can-you-determine-capitalization-rate-5ry0c","error",""
"https://www.linkedin.com/advice/0/how-can-you-determine-right-capitalization-rate-cilaf","error",""
"https://www.linkedin.com/advice/0/how-can-you-more-proactive-work-skills-problem-solving-5uhrc","error",""
"https://www.linkedin.com/advice/0/how-can-you-optimize-windows-10-gaming-skills-operating-systems-t3isc","error",""
"https://www.linkedin.com/advice/0/how-do-you-enable-disable-secure-boot-windows","error",""
"https://www.linkedin.com/advice/0/how-does-damp-leasing-differ-from-wet-terms-crew","error",""
"https://www.linkedin.com/advice/0/what-best-ways-reduce-memory-usage-windows-10-e7uqc","error",""
"https://www.linkedin.com/advice/0/what-key-settings-tweak-windows-10-improve-game-d4o6e","error",""
"https://www.linkedin.com/advice/0/what-most-common-methods-design-communication-1jo3c","error",""
"https://www.linkedin.com/advice/0/what-most-effective-techniques-organizing-complex-yobxf","error",""
"https://www.linkedin.com/advice/0/what-pros-cons-ntfs-compression-large-files-skills-file-systems","error",""
"https://www.linkedin.com/advice/0/what-pros-cons-wire-transfers-vs-cashiers-checks-closing","error",""
"https://www.linkedin.com/advice/0/what-some-examples-effective-memorable-slogans","error",""
"https://www.linkedin.com/advice/0/what-strategies-can-you-employ-safeguard-your-qnzoc","error",""
"https://www.linkedin.com/advice/0/you-want-give-feedback-your-boss-without-1x6qe","error",""
"https://www.linkedin.com/advice/1/heres-how-you-can-effectively-manage-up-support-enc9c","error",""
"https://www.linkedin.com/advice/1/how-can-you-effectively-contribute-team-skills-teamwork-4ohve","error",""
"https://www.linkedin.com/advice/1/how-can-you-prevent-your-gaming-pc-from-overheating-wdlec","error",""
"https://www.linkedin.com/advice/1/how-can-you-properly-cite-sources-your-presentation","error",""
"https://www.linkedin.com/advice/1/how-can-you-use-cost-volume-profit-analysis-5arif","error",""
"https://www.linkedin.com/advice/1/how-can-you-use-double-top-pattern-identify","error",""
"https://www.linkedin.com/advice/1/what-most-effective-ways-stimulate-economic-growth-after-izbac","error",""
"https://www.linkedin.com/advice/1/your-team-focused-immediate-gains-how-can-you-spxff","error",""
"https://www.linkedin.com/advice/3/how-can-you-benefit-from-being-team-player-ksaec","error",""
"https://www.linkedin.com/advice/3/how-can-you-effectively-resolve-conflicts-your-investors-m3xwe","error",""
"https://www.linkedin.com/advice/3/how-can-you-encourage-recruiters-take-ownership-work-2s7sf","error",""
"https://www.linkedin.com/advice/3/how-can-you-simplify-complex-business-concepts","error",""
"https://www.linkedin.com/advice/3/how-can-you-use-public-speaking-strengthen-your-p4h0e","error",""
"https://www.linkedin.com/advice/3/what-common-challenges-when-disabling-secure-lmzff","error",""
"https://www.linkedin.com/advice/3/what-makes-strong-organizational-culture-change-oha9f","error",""
"https://www.linkedin.com/advice/3/what-some-tips-creating-catchy-slogan-resonates-your-qaksf","error",""
"https://www.linkedin.com/advice/3/youre-gearing-up-team-interview-how-can-you-showcase-m8shc","error",""
"https://www.linkedin.com/business/learning/blog/career-success-tips/how-to-give-constructive-feedback-to-your-boss","error",""
"https://www.linkedin.com/business/talent/blog/product-tips/linkedin-profile-summaries-that-we-love-and-how-to-boost-your-own","error",""
"https://www.linkedin.com/company/californiadtsc","error",""
"https://www.linkedin.com/company/careercoach-services","error",""
"https://www.linkedin.com/company/william-hach-&-associates-inc-","error",""
"https://www.linkedin.com/help/linkedin/answer/a541960","error",""
"https://www.linkedin.com/help/linkedin/answer/a569144","error",""
"https://www.linkedin.com/learning/onedrive-quick-tips-2021/stop-sharing-a-file-in-onedrive","error",""
"https://www.linkedin.com/learning/windows-11-quick-tips/move-the-start-button-and-taskbar-icons-to-the-left-side","error",""
"https://www.linkedin.com/posts/a-scott-63a2b7270_effects-uses-how-to-grow-psilocybe-ovoideocystidiata-activity-7108102131844276225-czpt","error",""
"https://www.linkedin.com/posts/dcm-analyzer_improving-code-reviews-tools-and-practices-activity-7229904424637255680-jbaa","error",""
"https://www.linkedin.com/posts/donna-mcelroy-49a6b81a_an-expert-guide-to-gmwb-annuity-riders-activity-7272949366548545537-omfl","error",""
"https://www.linkedin.com/posts/greg-cummings-9622004_gorillas-wildlife-conservation-activity-7191523746451492864-v_je","error",""
"https://www.linkedin.com/posts/jackappleby_gen-zs-age-range-is-currently-12-27-years-activity-7254129320783233024-2myd","error",""
"https://www.linkedin.com/posts/the-honor-foundation_it-is-with-profound-sadness-that-we-share-activity-7342946648437727232-docm","error",""
"https://www.linkedin.com/posts/tjacobi_bathtub-reseal-caulking-activity-7342722162228609027-6z_m","error",""
"https://www.linkedin.com/posts/usama-ali-b128b8282_what-is-sds-sds-stands-for-safety-data-activity-7272551195972358145-zcy2","error",""
"https://www.linkedin.com/pulse/10-ways-increase-your-laptop-battery-life-getkusnap","error",""
"https://www.linkedin.com/pulse/20-verses-praying-others-josephine-bumbe","error",""
"https://www.linkedin.com/pulse/2025-guide-using-voice-changers-discord-what-you-need-know-4jbke","error",""
"https://www.linkedin.com/pulse/7-steps-clean-up-your-credit-report-h-bruce-mcinnis-jr","error",""
"https://www.linkedin.com/pulse/adhesive-tape-history-i-nan%c3%a7-yap%c4%b1%c5%9fkanl%c4%b1-bantlar-san-ve-t-gen8f","error",""
"https://www.linkedin.com/pulse/asparagus-when-right-time-stop-harvesting-part-1-jamie-petchell","error",""
"https://www.linkedin.com/pulse/blacklisted-how-do-i-obtain-clear-credit-record-shanel-singh","error",""
"https://www.linkedin.com/pulse/building-effective-relationships-requires-trust-respect-jason-cooper-ub1ce","error",""
"https://www.linkedin.com/pulse/calculating-project-cost-time-schedule-variances-guide-gayatri-joshi","error",""
"https://www.linkedin.com/pulse/can-you-use-mean-therefore-david-standen","error",""
"https://www.linkedin.com/pulse/catchy-slogans-business-life-tom-morris","error",""
"https://www.linkedin.com/pulse/church-leadership-m-sahr-nouwah-vgjfe","error",""
"https://www.linkedin.com/pulse/commitment-family-philip-shelley","error",""
"https://www.linkedin.com/pulse/crucial-role-effective-communication-achieving-organizational-iiacf","error",""
"https://www.linkedin.com/pulse/development-efficiency-you-bouncing-your-servers-bit-too-often-axese","error",""
"https://www.linkedin.com/pulse/dream-deferred-reflecting-martin-luther-king-jrs-christopher","error",""
"https://www.linkedin.com/pulse/effective-leadership-communication-symbiotic-konstantinos-filis-rjmqe","error",""
"https://www.linkedin.com/pulse/essential-communication-skills-leaders-utkarsh-narang-wlpxc","error",""
"https://www.linkedin.com/pulse/facial-expressions-communication-what-tell-us-paul-ekman","error",""
"https://www.linkedin.com/pulse/five-essential-qualities-leadership-your-church-tomor-ajeti","error",""
"https://www.linkedin.com/pulse/fortnite-v-bucks-redeem-codes-list-battle-royale-pass-june-rosee","error",""
"https://www.linkedin.com/pulse/free-robux-codes-2025-daily-collect-10000-roblox-gift-cards-ma2fc","error",""
"https://www.linkedin.com/pulse/global-citizenship-what-does-really-mean-new-buzz-anastasiades-mmsec","error",""
"https://www.linkedin.com/pulse/good-bad-ugly-hiring-career-coach-kathy-caprino","error",""
"https://www.linkedin.com/pulse/greatness-god-reflection-psalm-1453-karl-mckinnie-lion--uewuc","error",""
"https://www.linkedin.com/pulse/guide-gen-z-age-range-adolescentcontent","error",""
"https://www.linkedin.com/pulse/harnessing-strength-language-fostering-inclusivity-workplace","error",""
"https://www.linkedin.com/pulse/hidden-truth-why-most-business-owners-dont-know-real-value-tanner--kdczc","error",""
"https://www.linkedin.com/pulse/history-tech-how-mechanical-clock-sparked-ai-adam-straker-x3fic","error",""
"https://www.linkedin.com/pulse/how-become-notary-public-texas-bluenotary-blrec","error",""
"https://www.linkedin.com/pulse/how-calculate-rsi-santosh-poudel","error",""
"https://www.linkedin.com/pulse/how-caulk-bathtub-shower-benneth-obi","error",""
"https://www.linkedin.com/pulse/how-design-stunning-website-without-coding-beginner-guide-nikul-patel-yuouf","error",""
"https://www.linkedin.com/pulse/how-excel-business-training-transform-your-workflow-power-query-atlpc","error",""
"https://www.linkedin.com/pulse/how-give-feedback-matters-simon-may","error",""
"https://www.linkedin.com/pulse/how-give-feedback-your-boss-claire-lew","error",""
"https://www.linkedin.com/pulse/how-many-times-do-you-charge-your-laptop-school-each-week-anna-zhou","error",""
"https://www.linkedin.com/pulse/how-open-your-teens-first-checking-account-kimberly-paulk","error",""
"https://www.linkedin.com/pulse/how-proactive-work-life-troopercruit","error",""
"https://www.linkedin.com/pulse/how-remove-background-from-hair-photoshop-2022-beginners-yusuf","error",""
"https://www.linkedin.com/pulse/how-spot-avoid-fallacies-marketing-guide-marketers-sujan-acharya","error",""
"https://www.linkedin.com/pulse/how-technology-can-contribute-social-isolation-men-what-robert-weigel-r5zgc","error",""
"https://www.linkedin.com/pulse/how-temporarily-disable-windows-defender-antivirus-10-u-din-jm3gf","error",""
"https://www.linkedin.com/pulse/how-to-reduce-pdf-file-size-jaanvi-bansal-lcfte","error",""
"https://www.linkedin.com/pulse/how-travel-cat-plane-according-experts-owners-bruno-ewayu-bhjjf","error",""
"https://www.linkedin.com/pulse/importance-church-christianity-rusty-george-os5sc","error",""
"https://www.linkedin.com/pulse/importance-effective-communication-from-leaders-jun-sern-kok","error",""
"https://www.linkedin.com/pulse/importance-inclusive-language-cory-holloway","error",""
"https://www.linkedin.com/pulse/incorporating-break-even-point-graph-cvp-analysis-eman-abdelnabby-yhe8f","error",""
"https://www.linkedin.com/pulse/industrial-systems-engineering-ise-critical-any-so-asim","error",""
"https://www.linkedin.com/pulse/installing-minikube-local-k8s-3-easy-steps-mantresh-kumar","error",""
"https://www.linkedin.com/pulse/invention-adhesive-tape-iq-chem-global-startup-platform","error",""
"https://www.linkedin.com/pulse/investigative-genetic-genealogy-practice-insights-from-trenches-fc9mc","error",""
"https://www.linkedin.com/pulse/journey-get-all-microsoft-azure-certification-6-months-radu-vunvulea","error",""
"https://www.linkedin.com/pulse/maintenance-purpose-suleyman-kalemci","error",""
"https://www.linkedin.com/pulse/mastering-microsoft-cloud-ai-azure-certifications-nbhvc","error",""
"https://www.linkedin.com/pulse/methane-gas-formula-morteza-hashemi-09ptf","error",""
"https://www.linkedin.com/pulse/microsoft-azure-architect-certification-subramanian-srinivasan","error",""
"https://www.linkedin.com/pulse/power-inclusive-language-tanya-simmons","error",""
"https://www.linkedin.com/pulse/reasons-white-tongue-causes-management-dr-somia-qayyum-r09pf","error",""
"https://www.linkedin.com/pulse/redeem-codes-fortnite-new-method-5000-bucks-phoenix-pixel-a8y6c","error",""
"https://www.linkedin.com/pulse/research-variables-101-independent-dependent-control-zacdc","error",""
"https://www.linkedin.com/pulse/respect-glue-holds-teams-organizations-together-hiren-s-hdxmf","error",""
"https://www.linkedin.com/pulse/spectrum-co-parenting-sarah-squires-bsc-social-work","error",""
"https://www.linkedin.com/pulse/streamlining-code-reviews-jonathan-conway","error",""
"https://www.linkedin.com/pulse/success-starts-within-unlocking-your-full-potential-bershan-shaw-i7she","error",""
"https://www.linkedin.com/pulse/take-ownership-accountability-john-van-der-worp","error",""
"https://www.linkedin.com/pulse/taking-ownership-workplace-stplglobal","error",""
"https://www.linkedin.com/pulse/team-building-trust-respect-tom-cooper","error",""
"https://www.linkedin.com/pulse/thank-you-your-service-veterans-response-josh-hoops","error",""
"https://www.linkedin.com/pulse/think-different-iconic-apple-campaign-redefined-aishwarya-narang","error",""
"https://www.linkedin.com/pulse/trust-without-respect-yoram-solomon-zitec","error",""
"https://www.linkedin.com/pulse/understanding-aircraft-leasing-terms-dry-lease-wet-damp-andrew-naidu","error",""
"https://www.linkedin.com/pulse/unveiling-profitability-insights-mastering-analysis-business-isuru","error",""
"https://www.linkedin.com/pulse/using-inclusive-language-promote-diverse-workplace-iyree","error",""
"https://www.linkedin.com/pulse/what-difference-between-dofollow-nofollow-links-shafiq-ur-rehman-abid-u64lf","error",""
"https://www.linkedin.com/pulse/what-difference-between-iron-cabinet-hinges-stainless-lambo-zou-w2ruc","error",""
"https://www.linkedin.com/pulse/what-does-glass-filling-do-rubies-david-weinberg","error",""
"https://www.linkedin.com/pulse/what-employee-hridya-velandy-qzvof","error",""
"https://www.linkedin.com/pulse/what-ethernet-switch-bhargav-anghan","error",""
"https://www.linkedin.com/pulse/what-industrial-systems-engineering-arian-razmi-farooji-irylf","error",""
"https://www.linkedin.com/pulse/what-j-code-medical-billing-medicalbilling-services","error",""
"https://www.linkedin.com/pulse/what-maintenance-aziz-haque","error",""
"https://www.linkedin.com/pulse/what-nodejs-its-uses-avijit-das","error",""
"https://www.linkedin.com/pulse/what-process-extracting-silver-from-its-ore-zhang-xiaoyan","error",""
"https://www.linkedin.com/pulse/what-projects-schedule-variance-question-planning-p6","error",""
"https://www.linkedin.com/pulse/what-read-aloud-dr-v-s-gayathri","error",""
"https://www.linkedin.com/pulse/what-sds-why-important-janitors-supply-co-inc--glzte","error",""
"https://www.linkedin.com/pulse/why-choosing-right-structure-matters-nancy-duarte-rh8de","error",""
"https://www.linkedin.com/pulse/why-does-god-love-us-steve-mccall","error",""
"https://www.linkedin.com/pulse/why-hearing-your-voice-makes-you-cringe-how-overcome-benny-pekala","error",""
"https://www.linkedin.com/pulse/why-important-children-eat-healthy-food-omega-pediatrics","error",""
"https://www.linkedin.com/pulse/why-inclusive-language-matters-how-get-right-simon-winfield","error",""
"https://www.linkedin.com/pulse/why-my-cat-so-clingy-lincoln-r","error",""
"https://www.linkedin.com/pulse/workplace-ethics-definition-types-importance-sarah-sameer-chrmp-cpd-vjdof","error",""
"https://www.linkedin.com/pulse/you-can-use-hidden-notes-power-point-when-presenting-via-sofia-s-","error",""
"https://www.linkedin.com/pulse/you-sunrise-sunset-person-suresh-sundaram","error",""
"https://www.linux.org/threads/install-kubectl-and-minikube-on-linux.23874","error",""
"https://www.linux.org/threads/intro-and-installation-of-kubernetes.27801","error",""
"https://www.litefinance.org/blog/for-beginners/best-technical-indicators/rsi-relative-strength-index","error",""
"https://www.litefinance.org/blog/for-professionals/100-most-efficient-forex-chart-patterns/double-bottom-pattern","error",""
"https://www.litefinance.org/blog/for-professionals/100-most-efficient-forex-chart-patterns/double-top-pattern","error",""
"https://www.literacynow.org/appropriate-instruction","error",""
"https://www.litmus.com","error",""
"https://www.liveaquaria.com/article/170","error",""
"https://www.livecareer.com/resources/interviews/questions/what-would-you-bring-to-our-team","error",""
"https://www.livehealthily.com/health-library/conditions/oral-thrush-babies","error",""
"https://www.livehealthily.com/health-library/symptoms/snoring","error",""
"https://www.liverpoolmuseums.org.uk/maritime-museum/titanic/titanic-rescue","error",""
"https://www.livingetc.com/advice/how-to-keep-chipmunks-out-of-pots","error",""
"https://www.ljsilvers.com","error",""
"https://www.lni.wa.gov/workers-rights/workplace-policies/rest-breaks-meal-periods-and-schedules","error",""
"https://www.localsyr.com/news/ap-politics/ap-former-top-aide-to-jill-biden-is-subpoenaed-by-house-oversight-panel","error",""
"https://www.locklizard.com/document-security-blog/password-protect-excel","error",""
"https://www.lodinews.com/blogs/saving_with_pam/article_2b7219fa-507c-59a2-bb77-8fa17d589c03.html","error",""
"https://www.logansportmemorial.org/blog/choosing-athletic-shoes-how-to-get-the-best-fit-and-avoid-injury","error",""
"https://www.lolga.com","error",""
"https://www.longfield-gardens.com/blog","error",""
"https://www.loom.com","error",""
"https://www.loopnet.com/cre-explained/investing/what-is-a-cap-rate","error",""
"https://www.lordabbett.com/en-us/financial-advisor/insights/retirement-planning/roth-iras-for-kids--absolutely-.html","error",""
"https://www.lotusbiscoff.com/en-gb/producten/lotus-biscoff-spread","error",""
"https://www.lotusbiscoff.com/en-gb/producten/lotus-biscoff-spread-crunchy","error",""
"https://www.lotusbiscoff.com/en-gb/products/biscoff","error",""
"https://www.lotusbiscoff.com/en-mea/products/biscoff-spread-smooth","error",""
"https://www.lotusbiscoff.com/en-us/producten/lotus-biscoff-cookie-butter","error",""
"https://www.lotusbiscoff.com/en-us/producten/lotus-biscoff-ice-cream-bars","error",""
"https://www.lotusbiscoff.com/en-us/products/lotus-biscoff","error",""
"https://www.lotusbiscoff.com/en-us/products/lotus-biscoff-chocolate","error",""
"https://www.lotusbiscoff.com/en-us/products/lotus-biscoff-sandwich-cookies-0","error",""
"https://www.lovepanky.com/sensual-tease/passion-pill/guys-like-to-hear-bed","error",""
"https://www.lovethegarden.com/uk-en/article/gladioli-gladiolus","error",""
"https://www.lowes.com/c/bathroom","error",""
"https://www.lowes.com/c/exterior-paint-paint","error",""
"https://www.lowes.com/c/pools-outdoors","error",""
"https://www.lowes.com/l/about/honor-our-military","error",""
"https://www.lowes.com/l/install/shed","error",""
"https://www.lowes.com/n/how-to/common-toilet-problems","error",""
"https://www.lowes.com/n/how-to/control-crabgrass","error",""
"https://www.lowes.com/n/how-to/how-to-install-kitchen-cabinets","error",""
"https://www.lowes.com/n/how-to/how-to-use-a-portable-generator","error",""
"https://www.lowes.com/pl/planters-stands-garden-beds/pots-planters/4294612569","error",""
"https://www.lowes.com/pl/plants-bulbs-seeds/outdoor-plants/shrubs/4294612543","error",""
"https://www.lowes.com/pl/showers/shower-walls-surrounds/4294648512","error",""
"https://www.loyolapress.com/catholic-resources/saints/saints-stories-for-all-ages/the-conversion-of-saint-paul-the-apostle","error",""
"https://www.lri.com/resources/useletter/change-culture","error",""
"https://www.lrl.mn.gov/mngov/constitutionalamendments","error",""
"https://www.lundsandbyerlys.com/recipes/boiled_lobster_tails","error",""
"https://www.luxurychartergroup.com/post.php/apparel-yachting-339","error",""
"https://www.lwv.org/take-action/president-must-immediately-publish-equal-rights-amendment","error",""
"https://www.lyricalhost.com/blog/everything-you-need-to-know-about-nofollow-links","error",""
"https://www.maccosmetics.com/lipstick-shade-finder","error",""
"https://www.macheforum.com/site/threads/step-by-step-using-nacs-at-tesla-supercharger-help-needed.40851","error",""
"https://www.macports.org","error",""
"https://www.macquarie.com.au/home-loans/what-is-an-offset-account.html","error",""
"https://www.macromedia.com/support/documentation/en/flashplayer/help/settings_manager.html","error",""
"https://www.macromedia.com/support/documentation/en/flashplayer/help/settings_manager07.html","error",""
"https://www.macu.com/must-reads/budgeting/7-ways-to-prepare-for-a-recession","error",""
"https://www.macys.com/s/guides","error",""
"https://www.madehow.com/volume-6/clothes-iron.html","error",""
"https://www.madehow.com/volume-7/pizza.html","error",""
"https://www.magicmushroommap.com","error",""
"https://www.magicslides.app/blog/how-to-cite-a-powerpoint-in-mla","error",""
"https://www.magicslides.app/blog/how-to-cite-in-powerpoint-slides","error",""
"https://www.magicslides.app/blog/how-to-create-a-roadmap-in-powerpoint","error",""
"https://www.mailerlite.com","error",""
"https://www.mailpoet.com","error",""
"https://www.mailrelate.com/support-en/deliverability/what-is-a-bounce","error",""
"https://www.mailstore.com/en/blog/outlook-archive-button","error",""
"https://www.makeblock.com","error",""
"https://www.makemkv.com","error",""
"https://www.makeup.com/makeup-tutorials/expert-tips/contour-like-a-drag-queen","error",""
"https://www.malmstrom.af.mil/about-us/honorary-commander-program/igphoto/2003742968","error",""
"https://www.malone.edu","error",""
"https://www.mamamia.com.au","error",""
"https://www.mamapedia.com/t/how-to-get-rid-of-fleas/301601","error",""
"https://www.mambamedia.com/what-is-a-web-crawler-and-how-does-it-work","error",""
"https://www.mannkemp.com/if-the-mother-of-your-children-wants-to-move-away-dont-worry-you-have-rights","error",""
"https://www.mansionglobal.com/articles/drew-brees-found-more-than-good-times-in-new-orleans-bff8dfa4","error",""
"https://www.mapcon.com/blog/2024/09/what-is-maintenance-management","error",""
"https://www.mapei.com/us/en-us/product-calculator/tile-grouts","error",""
"https://www.mapei.com/us/en-us/tools-and-downloads/grout-caulk-color-palette","error",""
"https://www.maplehill.com","error",""
"https://www.mapleshadecenter.com/blog/what-a-white-tongue-is-really-saying","error",""
"https://www.maplesoft.com/applications/download.aspx","error",""
"https://www.marieclaire.com/beauty/a30521596/how-to-remove-acrylic-nails","error",""
"https://www.mariestopes.org.za/implant-contraceptive-everything-you-need-to-know","error",""
"https://www.marineland.com/information/infographics-and-guides/a-beginners-guide.aspx","error",""
"https://www.marketbeat.com/instant-alerts/dave-nasdaqdave-stock-price-up-74-should-you-buy-2025-06-26","error",""
"https://www.marketing91.com/employee-definition-types-meaning","error",""
"https://www.marketing91.com/how-to-be-proactive","error",""
"https://www.marketwatch.com/livecoverage/stock-market-today-dow-s-p-and-nasdaq-set-for-further-losses-after-1-679-point-blue-chip-tumble","error",""
"https://www.marketwatch.com/livecoverage/stock-market-today-dow-sp500-nasdaq-on-track-for-monday-plunge-on-trump-tariffs","error",""
"https://www.marketwatch.com/picks/deal-of-the-day-you-can-now-get-a-free-30-costco-gift-card-when-you-buy-the-gold-costco-membership-for-just-60-ca162c9d","error",""
"https://www.marsci.uga.edu/idsprogram-requirements","error",""
"https://www.marukomeusa.com/pages/miso-storage","error",""
"https://www.mashupmath.com/blog/what-is-a-whole-number-in-math","error",""
"https://www.mashvisor.com/blog/airbnb-service-fee","error",""
"https://www.mashvisor.com/blog/cap-rate","error",""
"https://www.masterclass.com/articles/dry-peppers","error",""
"https://www.masterclass.com/articles/eyeshadow-for-blue-eyes","error",""
"https://www.masterclass.com/articles/eyeshadow-for-green-eyes-guide","error",""
"https://www.masterclass.com/articles/how-to-choose-the-right-lipstick-color-for-your-skin-tone","error",""
"https://www.masterclass.com/articles/how-to-get-involved-in-politics","error",""
"https://www.masterclass.com/articles/how-to-make-menudo","error",""
"https://www.masterclass.com/articles/how-to-store-flour","error",""
"https://www.masterclass.com/articles/how-to-use-a-pizza-stone","error",""
"https://www.masterclass.com/articles/market-equilibrium","error",""
"https://www.masterclass.com/articles/morning-glory-care-guide","error",""
"https://www.masterclass.com/articles/photography-101-what-is-natural-light-learn-about-natural-light-in-photography-and-4-tips-for-using-natural-light-in-your-photography","error",""
"https://www.masterclass.com/articles/what-is-a-pilot-episode","error",""
"https://www.masters-lawgroup.com/news/navigating-mothers-day-as-a-divorced-parent","error",""
"https://www.math-only-math.com/whole-numbers.html","error",""
"https://www.mathgptpro.com/app/calculator/derivative","error",""
"https://www.mathsisfun.com/definitions/whole-number.html","error",""
"https://www.mathtutordvd.com/public/section-21-finding-the-derivative-of-a-function-by-graphing-ti83-ti84.cfm","error",""
"https://www.mathtutordvd.com/public/ti84-calculator-tutor-video-course.cfm","error",""
"https://www.mathworks.com","error",""
"https://www.mathworks.com/help/matlab/matlab_oop/abstract-classes-and-interfaces.html","error",""
"https://www.mathworks.com/help/matlab/ref/rank.html","error",""
"https://www.mathworks.com/help/matlab/ref/svdsketch.html","error",""
"https://www.mathworks.com/help/matlab/ref/zip.html","error",""
"https://www.mathworks.com/matlabcentral/answers/2030069-adding-a-column-to-a-table","error",""
"https://www.matterbrothersfurniture.com/blog/2025/05/28/tempur-pedic-mattress-longevity","error",""
"https://www.mattressdepotusa.com/blog/how-long-do-tempur-pedic-mattresses-last","error",""
"https://www.mauicounty.gov/civicalerts.aspx","error",""
"https://www.maurathomas.com/got-clutter-declutter-and-get-organized","error",""
"https://www.maxhealthcare.in/blogs/10-ways-decrease-triglycerides","error",""
"https://www.maxhealthcare.in/blogs/25-foods-to-lower-triglycerides","error",""
"https://www.maxhealthcare.in/blogs/cold-hands-and-feet-reasons","error",""
"https://www.maxhealthcare.in/blogs/hypertension-in-winters","error",""
"https://www.maxhealthcare.in/blogs/nasal-congestion-symptoms-causes-and-home-remedies","error",""
"https://www.maxhealthcare.in/calculator/calorie-intake","error",""
"https://www.mayoclinic.org/diseases-conditions/acne/expert-answers/acne-scars/faq-20058101","error",""
"https://www.mayoclinic.org/diseases-conditions/age-spots/diagnosis-treatment/drc-20355864","error",""
"https://www.mayoclinic.org/diseases-conditions/anemia/symptoms-causes/syc-20351360","error",""
"https://www.mayoclinic.org/diseases-conditions/atopic-dermatitis-eczema/diagnosis-treatment/drc-20353279","error",""
"https://www.mayoclinic.org/diseases-conditions/bipolar-disorder/diagnosis-treatment/drc-20355961","error",""
"https://www.mayoclinic.org/diseases-conditions/bipolar-disorder/expert-answers/bipolar-treatment/faq-20058042","error",""
"https://www.mayoclinic.org/diseases-conditions/bipolar-disorder/symptoms-causes/syc-20355955","error",""
"https://www.mayoclinic.org/diseases-conditions/burning-mouth-syndrome/symptoms-causes/syc-20350911","error",""
"https://www.mayoclinic.org/diseases-conditions/carotid-artery-disease/symptoms-causes/syc-20360519","error",""
"https://www.mayoclinic.org/diseases-conditions/chronic-daily-headaches/in-depth/headaches/art-20046729","error",""
"https://www.mayoclinic.org/diseases-conditions/chronic-hives/symptoms-causes/syc-20352719","error",""
"https://www.mayoclinic.org/diseases-conditions/cleft-palate/symptoms-causes/syc-20370985","error",""
"https://www.mayoclinic.org/diseases-conditions/colic/diagnosis-treatment/drc-20371081","error",""
"https://www.mayoclinic.org/diseases-conditions/colic/symptoms-causes/syc-20371074","error",""
"https://www.mayoclinic.org/diseases-conditions/constipation/diagnosis-treatment/drc-20354259","error",""
"https://www.mayoclinic.org/diseases-conditions/constipation/in-depth/laxatives/art-20045906","error",""
"https://www.mayoclinic.org/diseases-conditions/constipation/symptoms-causes/syc-20354253","error",""
"https://www.mayoclinic.org/diseases-conditions/corns-and-calluses/diagnosis-treatment/drc-20355951","error",""
"https://www.mayoclinic.org/diseases-conditions/coronavirus/in-depth/herd-immunity-and-coronavirus/art-20486808","error",""
"https://www.mayoclinic.org/diseases-conditions/coronavirus/in-depth/treating-covid-19-at-home/art-20483273","error",""
"https://www.mayoclinic.org/diseases-conditions/coronavirus/symptoms-causes/syc-20479963","error",""
"https://www.mayoclinic.org/diseases-conditions/crohns-disease/symptoms-causes/syc-20353304","error",""
"https://www.mayoclinic.org/diseases-conditions/diarrhea/diagnosis-treatment/drc-20352246","error",""
"https://www.mayoclinic.org/diseases-conditions/diarrhea/symptoms-causes/syc-20352241","error",""
"https://www.mayoclinic.org/diseases-conditions/dry-skin/expert-answers/cracked-heels-treatment/faq-20455140","error",""
"https://www.mayoclinic.org/diseases-conditions/endometriosis/diagnosis-treatment/drc-20354661","error",""
"https://www.mayoclinic.org/diseases-conditions/gallstones/symptoms-causes/syc-20354214","error",""
"https://www.mayoclinic.org/diseases-conditions/hair-loss/diagnosis-treatment/drc-20372932","error",""
"https://www.mayoclinic.org/diseases-conditions/heart-disease/in-depth/heart-healthy-diet/art-20047702","error",""
"https://www.mayoclinic.org/diseases-conditions/herniated-disk/diagnosis-treatment/drc-20354101","error",""
"https://www.mayoclinic.org/diseases-conditions/herniated-disk/symptoms-causes/syc-20354095","error",""
"https://www.mayoclinic.org/diseases-conditions/high-blood-cholesterol/diagnosis-treatment/drc-20350806","error",""
"https://www.mayoclinic.org/diseases-conditions/high-blood-cholesterol/in-depth/triglycerides/art-20048186","error",""
"https://www.mayoclinic.org/diseases-conditions/high-blood-pressure/expert-answers/blood-pressure/faq-20058250","error",""
"https://www.mayoclinic.org/diseases-conditions/high-blood-pressure/expert-answers/high-blood-pressure/faq-20058281","error",""
"https://www.mayoclinic.org/diseases-conditions/high-blood-pressure/multimedia/how-to-measure-blood-pressure/vid-20084748","error",""
"https://www.mayoclinic.org/diseases-conditions/high-blood-pressure/multimedia/how-to-measure-blood-pressure/vid-20084749","error",""
"https://www.mayoclinic.org/diseases-conditions/hives-and-angioedema/symptoms-causes/syc-20354908","error",""
"https://www.mayoclinic.org/diseases-conditions/hot-flashes/diagnosis-treatment/drc-20352795","error",""
"https://www.mayoclinic.org/diseases-conditions/hot-flashes/symptoms-causes/syc-20352790","error",""
"https://www.mayoclinic.org/diseases-conditions/hyponatremia/symptoms-causes/syc-20373711","error",""
"https://www.mayoclinic.org/diseases-conditions/iron-deficiency-anemia/symptoms-causes/syc-20355034","error",""
"https://www.mayoclinic.org/diseases-conditions/mold-allergy/symptoms-causes/syc-20351519","error",""
"https://www.mayoclinic.org/diseases-conditions/mononucleosis/expert-answers/mononucleosis/faq-20058564","error",""
"https://www.mayoclinic.org/diseases-conditions/mononucleosis/symptoms-causes/syc-20350328","error",""
"https://www.mayoclinic.org/diseases-conditions/multiple-sclerosis/diagnosis-treatment/drc-20350274","error",""
"https://www.mayoclinic.org/diseases-conditions/multiple-sclerosis/expert-answers/emerging-treatments-for-ms/faq-20096786","error",""
"https://www.mayoclinic.org/diseases-conditions/muscle-cramp/diagnosis-treatment/drc-20350825","error",""
"https://www.mayoclinic.org/diseases-conditions/muscle-cramp/symptoms-causes/syc-20350820","error",""
"https://www.mayoclinic.org/diseases-conditions/oral-thrush/diagnosis-treatment/drc-20353539","error",""
"https://www.mayoclinic.org/diseases-conditions/pneumonia/expert-answers/walking-pneumonia/faq-20058530","error",""
"https://www.mayoclinic.org/diseases-conditions/pneumonia/symptoms-causes/syc-20354204","error",""
"https://www.mayoclinic.org/diseases-conditions/pubic-lice-crabs/symptoms-causes/syc-20350300","error",""
"https://www.mayoclinic.org/diseases-conditions/schizoaffective-disorder/symptoms-causes/syc-20354504","error",""
"https://www.mayoclinic.org/diseases-conditions/schizophrenia/diagnosis-treatment/drc-20354449","error",""
"https://www.mayoclinic.org/diseases-conditions/schizophrenia/symptoms-causes/syc-20354443","error",""
"https://www.mayoclinic.org/diseases-conditions/sex-headaches/diagnosis-treatment/drc-20377481","error",""
"https://www.mayoclinic.org/diseases-conditions/sex-headaches/symptoms-causes/syc-20377477","error",""
"https://www.mayoclinic.org/diseases-conditions/shigella/symptoms-causes/syc-20377529","error",""
"https://www.mayoclinic.org/diseases-conditions/shingles/expert-answers/shingles-vaccine/faq-20057859","error",""
"https://www.mayoclinic.org/diseases-conditions/snoring/diagnosis-treatment/drc-20377701","error",""
"https://www.mayoclinic.org/diseases-conditions/snoring/symptoms-causes/syc-20377694","error",""
"https://www.mayoclinic.org/diseases-conditions/tachycardia/symptoms-causes/syc-20355127","error",""
"https://www.mayoclinic.org/diseases-conditions/tooth-abscess/diagnosis-treatment/drc-20350907","error",""
"https://www.mayoclinic.org/diseases-conditions/tooth-abscess/symptoms-causes/syc-20350901","error",""
"https://www.mayoclinic.org/drugs-supplements-milk-thistle/art-20362885","error",""
"https://www.mayoclinic.org/drugs-supplements/diclofenac-topical-application-route/description/drg-20063434","error",""
"https://www.mayoclinic.org/drugs-supplements/propofol-intravenous-route/description/drg-20488192","error",""
"https://www.mayoclinic.org/healthy-lifestyle/adult-health/in-depth/burnout/art-20046642","error",""
"https://www.mayoclinic.org/healthy-lifestyle/adult-health/in-depth/self-esteem/art-20045374","error",""
"https://www.mayoclinic.org/healthy-lifestyle/childrens-health/in-depth/nutrition-for-kids/art-20049335","error",""
"https://www.mayoclinic.org/healthy-lifestyle/consumer-health/expert-answers/is-cbd-safe-and-effective/faq-20446700","error",""
"https://www.mayoclinic.org/healthy-lifestyle/getting-pregnant/expert-answers/abortion/faq-20058551","error",""
"https://www.mayoclinic.org/healthy-lifestyle/nutrition-and-healthy-eating/in-depth/gluten-free-diet/art-20048530","error",""
"https://www.mayoclinic.org/healthy-lifestyle/weight-loss/in-depth/calorie-calculator/itt-20402304","error",""
"https://www.mayoclinic.org/healthy-lifestyle/womens-health/in-depth/menopause-weight-gain/art-20046058","error",""
"https://www.mayoclinic.org/symptoms/cold-hands/basics/causes/sym-20050648","error",""
"https://www.mayoclinic.org/symptoms/cold-hands/basics/definition/sym-20050648","error",""
"https://www.mayoclinic.org/symptoms/diarrhea/basics/definition/sym-20050926","error",""
"https://www.mayoclinic.org/symptoms/hyperkalemia/basics/causes/sym-20050776","error",""
"https://www.mayoclinic.org/symptoms/hyperkalemia/basics/when-to-see-doctor/sym-20050776","error",""
"https://www.mayoclinic.org/symptoms/white-tongue/basics/causes/sym-20050676","error",""
"https://www.mayoclinic.org/symptoms/white-tongue/basics/definition/sym-20050676","error",""
"https://www.mayoclinic.org/tests-procedures/anesthesia/about/pac-20384568","error",""
"https://www.mayoclinic.org/tests-procedures/bariatric-surgery/about/pac-20394258","error",""
"https://www.mayoclinic.org/tests-procedures/cholecystectomy/expert-answers/gallbladder-removal-diet/faq-20057813","error",""
"https://www.mayoclinic.org/tests-procedures/cognitive-behavioral-therapy/about/pac-20384610","error",""
"https://www.mayoclinic.org/tests-procedures/contraceptive-implant/about/pac-20393619","error",""
"https://www.mayoclinic.org/tests-procedures/coronary-angiogram/about/pac-20384904","error",""
"https://www.mayoclinic.org/tests-procedures/cortisone-shots/in-depth/steroids/art-20045692","error",""
"https://www.mayoclinic.org/tests-procedures/ct-coronary-angiogram/about/pac-20385117","error",""
"https://www.mayoclinic.org/tests-procedures/in-vitro-fertilization/multimedia/icsi/img-20008645","error",""
"https://www.mayoclinic.org/tests-procedures/liver-transplant/about/pac-20384842","error",""
"https://www.mayoclinic.org/tests-procedures/sleeve-gastrectomy/about/pac-20385183","error",""
"https://www.mayoclinic.org/tests-procedures/wisdom-tooth-extraction/about/pac-20395268","error",""
"https://www.mayoclinichealthsystem.org/hometown-health/speaking-of-health/chin-up-this-disappearing-act-can-be-your-secret","error",""
"https://www.mayoclinichealthsystem.org/hometown-health/speaking-of-health/effects-of-high-temperatures-on-blood-pressure-heart","error",""
"https://www.mayoclinichealthsystem.org/hometown-health/speaking-of-health/living-with-bipolar-disorder","error",""
"https://www.mayoclinichealthsystem.org/hometown-health/speaking-of-health/on-pins-and-needles-just-what-is-dry-needling","error",""
"https://www.mayoclinichealthsystem.org/hometown-health/speaking-of-health/pain-relief-for-worn-spinal-disks","error",""
"https://www.mc3.edu","error",""
"https://www.mcafee.com/blogs/mobile-security/5-signs-your-device-may-be-infected-with-malware-or-a-virus","error",""
"https://www.mccc.edu/news/2019/general/anatomy_lab_grant.shtml","error",""
"https://www.mcdonalds.com/gb/en-gb/product/biscoff-frappe-regular.html","error",""
"https://www.mcdonalds.com/gb/en-gb/product/lotus-biscoff-mcflurry-mini.html","error",""
"https://www.mckinsey.com/featured-insights/mckinsey-explainers/what-is-a-recession","error",""
"https://www.mckinsey.com/featured-insights/mckinsey-explainers/what-is-gen-z","error",""
"https://www.mcleanhospital.org/essential/bipolar-disorder","error",""
"https://www.mcphs.edu/academics/prerequisite-courses/anatomy-and-physiology-i","error",""
"https://www.mdanderson.org/cancerwise/colonoscopy-anesthesia--7-things-to-know.h00-159618645.html","error",""
"https://www.mdanderson.org/cancerwise/liver-regeneration--how-the-liver-s-ability-to-recover-plays-into-liver-cancer-surgery.h00-159623379.html","error",""
"https://www.mdanderson.org/cancerwise/recovered-from-covid-19-coronavirus-am-i-immune-4-things-to-know.h00-159385890.html","error",""
"https://www.mdanderson.org/cancerwise/what-counts-as-coronavirus-covid-19-exposure--how-does-contact-tracing-identify-who-has-been-exposed-to-covid-19.h00-159383523.html","error",""
"https://www.mdanderson.org/cancerwise/what-is-covid-19-coronavirus-herd-immunity-when-will-we-achieve-herd-immunity.h00-159383523.html","error",""
"https://www.mdapp.co/height-calculator-best-child-height-predictor-16","error",""
"https://www.mdcalc.com/calc/1739/revised-cardiac-risk-index-pre-operative-risk","error",""
"https://www.mdcalc.com/calc/3992/stop-bang-score-obstructive-sleep-apnea","error",""
"https://www.mdjonline.com/news/local/smyrna-s-young-champs-make-history-and-memories/article_23756521-23df-47f5-b010-2c3046f36e7b.html","error",""
"https://www.mdpi.com/1422-0067/26/12/5887","error",""
"https://www.mdpi.com/1424-8220/25/12/3829","error",""
"https://www.mdpi.com/1660-4601/19/18/11310","error",""
"https://www.mdpi.com/2071-1050/17/13/5759","error",""
"https://www.mdpi.com/2073-4336/16/4/32","error",""
"https://www.mdpi.com/2073-4360/17/13/1762","error",""
"https://www.mdpi.com/2076-2615/15/12/1810","error",""
"https://www.mdpi.com/2076-3417/15/13/6979","error",""
"https://www.mdpi.com/2076-3417/15/13/7071","error",""
"https://www.mdpi.com/2077-0383/14/13/4528","error",""
"https://www.mdpi.com/2077-1444/11/6/270","error",""
"https://www.mdpi.com/2079-8954/13/7/500","error",""
"https://www.mdpi.com/2227-9717/13/6/1938","error",""
"https://www.mdpi.com/2297-8747/30/3/66","error",""
"https://www.mdpi.com/2305-6304/13/6/514","error",""
"https://www.mdpi.com/2504-4494/9/7/216","error",""
"https://www.mdpi.com/2571-8797/7/3/51","error",""
"https://www.mdpi.com/journal/molecules","error",""
"https://www.mdpi.com/journal/processes/special_issues/29sjs28y95","error",""
"https://www.mdsci.org","error",""
"https://www.mea.gov.in/search-result.htm","error",""
"https://www.med.upenn.edu/cbica/sbia/facial-expressions.html","error",""
"https://www.medcentral.com/pain/chronic/burning-mouth-syndrome","error",""
"https://www.medicaid.gov","error",""
"https://www.medicaid.gov/tmsis/dataguide/data-elements/clt002168","error",""
"https://www.medicalbillingandcoding.org/hcpcs-codes","error",""
"https://www.medicalnewstoday.com/articles/150322","error",""
"https://www.medicalnewstoday.com/articles/158634","error",""
"https://www.medicalnewstoday.com/articles/162806","error",""
"https://www.medicalnewstoday.com/articles/170136","error",""
"https://www.medicalnewstoday.com/articles/172459","error",""
"https://www.medicalnewstoday.com/articles/173681","error",""
"https://www.medicalnewstoday.com/articles/179069","error",""
"https://www.medicalnewstoday.com/articles/180160","error",""
"https://www.medicalnewstoday.com/articles/245588","error",""
"https://www.medicalnewstoday.com/articles/247287","error",""
"https://www.medicalnewstoday.com/articles/265592","error",""
"https://www.medicalnewstoday.com/articles/287720","error",""
"https://www.medicalnewstoday.com/articles/288651","error",""
"https://www.medicalnewstoday.com/articles/303834","error",""
"https://www.medicalnewstoday.com/articles/308114","error",""
"https://www.medicalnewstoday.com/articles/311932","error",""
"https://www.medicalnewstoday.com/articles/312992","error",""
"https://www.medicalnewstoday.com/articles/313098","error",""
"https://www.medicalnewstoday.com/articles/314183","error",""
"https://www.medicalnewstoday.com/articles/317104","error",""
"https://www.medicalnewstoday.com/articles/317196","error",""
"https://www.medicalnewstoday.com/articles/317221","error",""
"https://www.medicalnewstoday.com/articles/318131","error",""
"https://www.medicalnewstoday.com/articles/318437","error",""
"https://www.medicalnewstoday.com/articles/318694","error",""
"https://www.medicalnewstoday.com/articles/318699","error",""
"https://www.medicalnewstoday.com/articles/319280","error",""
"https://www.medicalnewstoday.com/articles/319427","error",""
"https://www.medicalnewstoday.com/articles/319444","error",""
"https://www.medicalnewstoday.com/articles/319654","error",""
"https://www.medicalnewstoday.com/articles/319814","error",""
"https://www.medicalnewstoday.com/articles/320045","error",""
"https://www.medicalnewstoday.com/articles/320180","error",""
"https://www.medicalnewstoday.com/articles/320268","error",""
"https://www.medicalnewstoday.com/articles/320564","error",""
"https://www.medicalnewstoday.com/articles/320676","error",""
"https://www.medicalnewstoday.com/articles/320940","error",""
"https://www.medicalnewstoday.com/articles/321429","error",""
"https://www.medicalnewstoday.com/articles/321481","error",""
"https://www.medicalnewstoday.com/articles/321513","error",""
"https://www.medicalnewstoday.com/articles/321530","error",""
"https://www.medicalnewstoday.com/articles/321593","error",""
"https://www.medicalnewstoday.com/articles/321979","error",""
"https://www.medicalnewstoday.com/articles/322669","error",""
"https://www.medicalnewstoday.com/articles/322851","error",""
"https://www.medicalnewstoday.com/articles/323419","error",""
"https://www.medicalnewstoday.com/articles/323424","error",""
"https://www.medicalnewstoday.com/articles/323834","error",""
"https://www.medicalnewstoday.com/articles/324203","error",""
"https://www.medicalnewstoday.com/articles/324329","error",""
"https://www.medicalnewstoday.com/articles/324719","error",""
"https://www.medicalnewstoday.com/articles/324784","error",""
"https://www.medicalnewstoday.com/articles/324909","error",""
"https://www.medicalnewstoday.com/articles/324913","error",""
"https://www.medicalnewstoday.com/articles/325470","error",""
"https://www.medicalnewstoday.com/articles/325571","error",""
"https://www.medicalnewstoday.com/articles/326022","error",""
"https://www.medicalnewstoday.com/articles/326262","error",""
"https://www.medicalnewstoday.com/articles/326327","error",""
"https://www.medicalnewstoday.com/articles/326825","error",""
"https://www.medicalnewstoday.com/articles/326873","error",""
"https://www.medicalnewstoday.com/articles/327481","error",""
"https://www.medicalnewstoday.com/articles/327514","error",""
"https://www.medicalnewstoday.com/articles/37010","error",""
"https://www.medicalnewstoday.com/articles/anemia-foods-to-avoid","error",""
"https://www.medicalnewstoday.com/articles/anxiety-hot-flashes","error",""
"https://www.medicalnewstoday.com/articles/best-gluten-free-bread","error",""
"https://www.medicalnewstoday.com/articles/bipolar-disorder-lifestyle-changes","error",""
"https://www.medicalnewstoday.com/articles/blood-osmolality-test","error",""
"https://www.medicalnewstoday.com/articles/blood-pressure-is-higher-more-difficult-to-manage-in-winter","error",""
"https://www.medicalnewstoday.com/articles/can-you-live-without-a-liver","error",""
"https://www.medicalnewstoday.com/articles/cbd-for-erectile-dysfunction","error",""
"https://www.medicalnewstoday.com/articles/cirrhosis-of-the-liver-life-expectancy","error",""
"https://www.medicalnewstoday.com/articles/diabetes-insupidus-urine-osmolality","error",""
"https://www.medicalnewstoday.com/articles/does-your-period-weaken-your-immune-system","error",""
"https://www.medicalnewstoday.com/articles/drugs-nexplanon","error",""
"https://www.medicalnewstoday.com/articles/drugs-nexplanon-effectiveness","error",""
"https://www.medicalnewstoday.com/articles/dry-cough-covid","error",""
"https://www.medicalnewstoday.com/articles/gastric-sleeve","error",""
"https://www.medicalnewstoday.com/articles/havana-syndrome","error",""
"https://www.medicalnewstoday.com/articles/higher-biological-age-may-increase-dementia-risk-study","error",""
"https://www.medicalnewstoday.com/articles/hip-pain-when-walking","error",""
"https://www.medicalnewstoday.com/articles/how-do-i-find-my-medicare-number","error",""
"https://www.medicalnewstoday.com/articles/how-long-can-hives-last","error",""
"https://www.medicalnewstoday.com/articles/how-long-do-covid-antibodies-stay-in-your-system","error",""
"https://www.medicalnewstoday.com/articles/how-to-get-rid-of-dark-spots-on-the-face","error",""
"https://www.medicalnewstoday.com/articles/how-to-get-rid-of-hard-skin","error",""
"https://www.medicalnewstoday.com/articles/how-to-help-someone-with-schizophrenia","error",""
"https://www.medicalnewstoday.com/articles/how-to-stop-diarrhea-fast","error",""
"https://www.medicalnewstoday.com/articles/is-epstein-barr-the-same-as-mononucleosis","error",""
"https://www.medicalnewstoday.com/articles/medications-for-ms","error",""
"https://www.medicalnewstoday.com/articles/mucus-in-chest-that-wont-come-up-covid","error",""
"https://www.medicalnewstoday.com/articles/multiple-sclerosis-medications-to-avoid","error",""
"https://www.medicalnewstoday.com/articles/risks-of-hyperkalemia","error",""
"https://www.medicalnewstoday.com/articles/signs-that-pneumonia-is-improving","error",""
"https://www.medicalnewstoday.com/articles/steroid-creams-for-eczema","error",""
"https://www.medicalnewstoday.com/articles/steroids-for-eczema-topical-oral-and-more","error",""
"https://www.medicalnewstoday.com/articles/thought-blocking","error",""
"https://www.medicalnewstoday.com/articles/triglyceride-levels","error",""
"https://www.medicalnewstoday.com/articles/voltaren-otc","error",""
"https://www.medicare.gov","error",""
"https://www.medicare.gov/account/create-account","error",""
"https://www.medicare.gov/account/find-my-account","error",""
"https://www.medicare.gov/account/login","error",""
"https://www.medievalchronicles.com/medieval-history/medieval-inventions-list/mechanical-clock","error",""
"https://www.medievalists.net/2017/08/role-mechanical-clock-medieval-science","error",""
"https://www.medievalists.net/2021/10/the-invention-of-time-mechanical-clocks-and-the-age-of-the-manuscript","error",""
"https://www.medievalists.net/2025/06/byzantium-medieval-beekeeping","error",""
"https://www.medisysdata.com/blog/j-codes-for-chemotherapy-drugs-2020","error",""
"https://www.medparkhospital.com/en-us/disease-and-treatment/anemia","error",""
"https://www.medparkhospital.com/en-us/disease-and-treatment/bipolar-disorder","error",""
"https://www.medparkhospital.com/en-us/disease-and-treatment/muscle-cramps","error",""
"https://www.medparkhospital.com/en-us/disease-and-treatment/snoring","error",""
"https://www.medparkhospital.com/en-us/disease-and-treatment/urticaria","error",""
"https://www.medparkhospital.com/en-us/lifestyles/burnout-syndrome","error",""
"https://www.medrxiv.org/content/10.1101/2021.08.24.21262415v1","error",""
"https://www.medscape.com/viewarticle/epigenetic-clocks-new-types-new-promises-new-skepticism-2025a1000gh0","error",""
"https://www.medscape.com/viewarticle/turbulence-oncology-workforce-theres-silver-lining-2025a1000fpq","error",""
"https://www.mekkographics.com","error",""
"https://www.membersccu.com","error",""
"https://www.menards.com/main//dynamic-content.html","error",""
"https://www.mendeley.com/guides/apa-citation-guide","error",""
"https://www.mendeley.com/guides/mendeley-cite","error",""
"https://www.mensjournal.com/food-drink/mcdonalds-hello-kitty-soft-serve-ice-cream-hong-kong","error",""
"https://www.mensjournal.com/shopping/costway-wooden-vegetable-raised-garden-beds-walmart-flash-sale-june-2025","error",""
"https://www.mensjournal.com/sports/drew-brees-on-historic-nfl-career-and-training-for-life-mens-journal","error",""
"https://www.menssuithabit.com/size-chart","error",""
"https://www.menswearhouse.com/shop/suit-fit-guide","error",""
"https://www.mentalhealthforum.net/forum/threads/how-do-you-learn-to-love-yourself.155517","error",""
"https://www.mentalhealthtransitions.com/post/understanding-thought-disorders-what-they-are-symptoms-and-treatment-options","error",""
"https://www.mentimeter.com/blog/meetings/presentation-preparation-tips","error",""
"https://www.merckmanuals.com/home/multimedia/video/pubic-lice","error",""
"https://www.meridol.me/en-sa/articles/what-if-my-tongue-is-white","error",""
"https://www.merriam-webster.com/dictionary/buddha","error",""
"https://www.merriam-webster.com/dictionary/buddhism","error",""
"https://www.merriam-webster.com/dictionary/champ","error",""
"https://www.merriam-webster.com/dictionary/chesterfield","error",""
"https://www.merriam-webster.com/dictionary/employee","error",""
"https://www.merriam-webster.com/dictionary/extracranial","error",""
"https://www.merriam-webster.com/dictionary/fallacy","error",""
"https://www.merriam-webster.com/dictionary/maintenance","error",""
"https://www.merriam-webster.com/dictionary/mono","error",""
"https://www.merriam-webster.com/dictionary/monogenesis","error",""
"https://www.merriam-webster.com/dictionary/proactive","error",""
"https://www.merriam-webster.com/dictionary/shawarma","error",""
"https://www.merriam-webster.com/dictionary/socialism","error",""
"https://www.merriam-webster.com/dictionary/such%20and%20such","error",""
"https://www.merriam-webster.com/dictionary/zodiac","error",""
"https://www.merriam-webster.com/sentences/proactive","error",""
"https://www.merriam-webster.com/sentences/such%20as","error",""
"https://www.messengerkids.com","error",""
"https://www.meta.com/help/quest/1476215383535811","error",""
"https://www.meta.com/help/quest/1517439565442928","error",""
"https://www.meta.com/help/quest/509273027107091","error",""
"https://www.metasensemarketing.com/web-crawler-101-what-is-a-web-crawler-and-how-do-crawlers-work","error",""
"https://www.metrokids.com/8-tips-for-elementary-school-success","error",""
"https://www.mexicoinmykitchen.com/menudo-soup","error",""
"https://www.mexicoinmykitchen.com/white-menudo-recipe-mexican","error",""
"https://www.mfds.go.kr/eng/brd/m_60/view.do","error",""
"https://www.mgexp.com/forum/mgb-and-gt-forum.1/how-do-you-measure-toe-in.902222","error",""
"https://www.mhealthfairview.org/blog/covid-19-symptoms-and-when-to-seek-help","error",""
"https://www.mheducation.com/highered/discipline/anatomy-physiology/course/anatomy-physiology-1-semester-essentials-p.12201.html","error",""
"https://www.miacosmetics.it/en-cy/blog/article/make-up-blue-eyes-techniques","error",""
"https://www.miamiherald.com/news/health-care/article287061480.html","error",""
"https://www.miamiherald.com/news/nation-world/world/americas/cuba/article254554637.html","error",""
"https://www.michaelpage.com.au/advice/management-advice/leadership/importance-good-communication-workplace","error",""
"https://www.michellecarlos.com/post/how-to-remove-background-in-photoshop","error",""
"https://www.michiganmedicine.org/health-lab/7-common-afib-triggers-may-surprise-you","error",""
"https://www.michiganmedicine.org/health-lab/splinting-latest-trend-help-eliminate-constipation","error",""
"https://www.michiganmedicine.org/health-lab/why-high-blood-pressure-and-cold-meds-dont-mix","error",""
"https://www.microchip.com/en-us/products/high-speed-networking-and-video/ethernet/ethernet-switches","error",""
"https://www.microlife.com/magazine/blood-pressure/the-correct-way-to-measure-your-blood-pressure","error",""
"https://www.microsoft.com/en-in/surface/devices/surface-pro-11th-edition","error",""
"https://www.microsoft.com/en-us/edge/learning-center/how-to-reopen-closed-tabs","error",""
"https://www.microsoft.com/en-us/education/blog/2021/03/introducing-career-coach-in-microsoft-teams-for-education","error",""
"https://www.microsoft.com/en-us/microsoft-365-life-hacks/presentations/how-to-add-citations-to-your-presentation","error",""
"https://www.microsoft.com/en-us/microsoft-365-life-hacks/privacy-and-safety/how-to-password-protect-excel-workbooks","error",""
"https://www.microsoft.com/en-us/windows/learning-center/how-to-check-gpu","error",""
"https://www.microsoft.com/en-us/windows/windows-11-specifications","error",""
"https://www.midwestgardengal.com/when-should-i-apply-this-or-that-ask-the-plants","error",""
"https://www.millenniumpost.in/features/knowing-lucky-colours-as-per-numerology-554738","error",""
"https://www.mind.org.uk/information-support/types-of-mental-health-problems/bipolar-disorder/types-of-bipolar","error",""
"https://www.mind.org.uk/information-support/types-of-mental-health-problems/schizophrenia/for-friends-and-family","error",""
"https://www.mindgrasp.ai","error",""
"https://www.mindler.com/blog/role-career-coach","error",""
"https://www.mindtools.com/a522rg7/how-to-structure-a-presentation","error",""
"https://www.minecraftcrafting.info","error",""
"https://www.minecraftforum.net/forums/minecraft-java-edition/survival-mode/257070-do-we-have-to-feed-cats-so-they-dont-die-from","error",""
"https://www.minecraftforum.net/forums/minecraft-java-edition/survival-mode/271916-is-there-no-way-to-accelerate-nether-wart-growth-_","error",""
"https://www.minecraftforum.net/forums/support/java-edition-support/2591637-how-to-install-shaders","error",""
"https://www.miniofwesleychapel.com/5-ways-to-prevent-oil-leaks","error",""
"https://www.miralax.com/constipation-101/7-constipation-signs-symptoms","error",""
"https://www.missouribotanicalgarden.org/gardens-gardening/your-garden/help-for-the-home-gardener/advice-tips-resources/insects-pests-and-problems/pesticides/crabgrass-control","error",""
"https://www.missouribotanicalgarden.org/gardens-gardening/your-garden/help-for-the-home-gardener/advice-tips-resources/pests-and-problems/weeds/crabgrass","error",""
"https://www.mitchellteachers.org/chinatour/silkroadproject/silk_road_xian.html","error",""
"https://www.mlb.com/live-stream-games/partners","error",""
"https://www.mlb.com/mariners/tickets/specials","error",""
"https://www.mlive.com/sponsor-content-n","error",""
"https://www.mmtcpamp.com/gold-silver-rate-today","error",""
"https://www.mncourts.gov/remote-hearings.aspx","error",""
"https://www.mobigyaan.com/how-to-move-icons-on-the-left-side-in-taskbar-windows-11","error",""
"https://www.mobile.johnbridge.com/vbulletin/showthread.php","error",""
"https://www.mockaroo.com","error",""
"https://www.modernismmodernity.org/forums/posts/deboeck-precarious-adjuncthood-care-giving-solutions","error",""
"https://www.modernluxury.com/how-long-do-delta-8-gummies-take-to-kick-in-a-full-guide","error",""
"https://www.mom.gov.sg/contact-us/feedback-and-enquiries","error",""
"https://www.mom.gov.sg/employment-practices/leave/paternity-leave","error",""
"https://www.mom.gov.sg/eservices/services/mymom-portal","error",""
"https://www.mom.gov.sg/faq/hygiene-monitoring/what-is-the-validity-period-of-safety-data-sheet-in-singapore","error",""
"https://www.momalwaysfindsout.com/vinegar-the-all-natural-fabric-softener","error",""
"https://www.momontimeout.com/bread-machine-pizza-dough-recipe","error",""
"https://www.monect.com","error",""
"https://www.moneycontrol.com/lifestyle/style-tips-8-ways-to-make-your-wardrobe-more-eco-conscious-fashion-article-12482421.html","error",""
"https://www.moneycontrol.com/news/business/personal-finance/fast-track-your-credit-score-with-these-7-effective-ways-12803092.html","error",""
"https://www.moneycontrol.com/news/trends/thrombosis-with-thrombocytopenia-syndrome-what-is-tts-rare-side-effect-of-astrazeneca-covid-vaccine-12711484.html","error",""
"https://www.moneycontrol.com/news/trends/us-president-joe-biden-on-how-he-met-his-wife-jill-was-setup-on-a-blind-date-watch-12284321.html","error",""
"https://www.moneyhub.co.nz/how-to-survive-a-recession.html","error",""
"https://www.moneymanagement.org","error",""
"https://www.moneymetals.com/buy/gold/coins","error",""
"https://www.moneymetals.com/buy/gold/coins/united-states-mint-gold","error",""
"https://www.moneysavingexpert.com/loans/check-free-credit-report","error",""
"https://www.moneytalksnews.com/a-hidden-way-to-get-free-shipping-on-amazon","error",""
"https://www.moneytalksnews.com/slideshows/best-things-to-stockpile","error",""
"https://www.moneytalksnews.com/slideshows/the-only-ways-to-get-rich","error",""
"https://www.monsterinsights.com/why-collect-emails-benefits-of-building-an-email-list","error",""
"https://www.montechpc.com","error",""
"https://www.moodfabrics.com/blog/no-sew-alternatives-to-sewing","error",""
"https://www.moodygardens.com","error",""
"https://www.moonandgarden.com/faq/what-is-the-difference-between-ascendingdescending-moon-and-waxing-moonwaning-moon","error",""
"https://www.moonglow.com/blogs/shoot-for-the-moon-blog/born-under-the-waning-gibbous-moon-phase-heres-your-lunar-personality","error",""
"https://www.mooresclothing.ca/c/suits/all-suits-separates","error",""
"https://www.mosaicmentalhealthtx.com/post/what-is-thought-disorders-symptoms-causes-and-treatment","error",""
"https://www.mother.ly/life/motherly-stories/a-letter-to-my-daughter-when-someone-breaks-your-heart","error",""
"https://www.motherhoodchaitanya.com/causes-and-treatment-of-thrush-in-infants","error",""
"https://www.motherhoodchaitanya.com/oral-thrush","error",""
"https://www.moumethodist.org/newsdetail/what-is-church-17513771","error",""
"https://www.mountelizabeth.com.sg/health-plus/article/colic-babies","error",""
"https://www.movavi.com/learning-portal/how-to-reduce-jpg-file-size-on-mac.html","error",""
"https://www.movavi.com/learning-portal/mkv-file.html","error",""
"https://www.moxa.com/en/products/industrial-network-infrastructure/ethernet-switches","error",""
"https://www.moysglutenfreekitchen.com/post/tips-and-techniques-to-make-better-gluten-free-bread","error",""
"https://www.mrclawcorp.com/blog/can-i-get-social-security-from-my-ex","error",""
"https://www.msaquarium.org","error",""
"https://www.msi.com/blog/recommended-psu-table","error",""
"https://www.msi.com/blog/windows-11-guidance","error",""
"https://www.msi.com/landing/mystic-light-rgb-gaming-pc/download","error",""
"https://www.msi.com/power-supply-calculator","error",""
"https://www.mskcc.org/cancer-care/patient-education/how-to-set-up-blood-pressure-monitor","error",""
"https://www.mskcc.org/cancer-care/patient-education/medications/adult/propofol","error",""
"https://www.msn.com/en-au/entertainment/other/inside-naomi-watts-and-liev-schreibers-amicable-split-how-theyve-kept-their-promise-to-their-children-despite-going-their-separate-ways/ar-aa1h3ti3","error",""
"https://www.msn.com/en-ca/lifestyle/home-and-garden/how-to-clean-a-glass-oven-door-according-to-experts/ar-aa1h3rup","error",""
"https://www.msn.com/en-my/news/other/12-ways-to-tell-if-your-cat-is-secretly-stressed/ss-aa1hppoa","error",""
"https://www.msn.com/en-us/foodanddrink/recipes/a-sensational-garlic-butter-lobster-and-scallops-recipe-for-seafood-lovers/ar-aa1tc0lv","error",""
"https://www.msn.com/en-us/health/other/california-laws-changing-july-1-from-pet-insurance-to-airbnb-cleaning-fees/ar-aa1hlxkv","error",""
"https://www.msn.com/en-us/lifestyle/lifestyle-buzz/love-horoscopes-are-here-for-each-zodiac-sign-on-december-3-sun-squares-saturn/ss-aa1vagyn","error",""
"https://www.msn.com/en-us/lifestyle/parenting/your-birth-month-s-color-and-meaning-explained/ss-aa1qrhab","error",""
"https://www.msn.com/en-us/money/companies/3-growth-stocks-i-m-loading-up-on/ar-aa1hsoih","error",""
"https://www.msn.com/en-us/money/companies/how-costco-s-electric-vehicle-charging-experiment-could-be-a-game-changer-for-american-drivers/ar-aa1hsluu","error",""
"https://www.msn.com/en-us/money/markets/american-express-amgen-share-losses-contribute-to-dow-s-100-point-drop/ar-aa1hgqdp","error",""
"https://www.msn.com/en-us/money/markets/suze-orman-says-avoid-liquidating-despite-recession-fears/ss-aa1hgkq1","error",""
"https://www.msn.com/en-us/money/markets/the-process-of-extracting-silver-from-jewelry/vi-aa1uqucu","error",""
"https://www.msn.com/en-us/news/news/content/ar-aa1oriu7","error",""
"https://www.msn.com/en-us/news/politics/joe-biden-and-jill-bidens-relationship-timeline/ss-aa1f1uww","error",""
"https://www.msn.com/en-us/news/technology/how-to-change-the-administrator-name-in-windows-11/ar-bb1jgw5n","error",""
"https://www.msn.com/en-us/news/technology/how-to-install-the-play-store-on-any-amazon-fire-tablet/ar-aa1bf6me","error",""
"https://www.msn.com/en-us/video/animals/how-to-keep-chipmunks-out-of-your-garden-according-to-experts/vi-bb1mncvi","error",""
"https://www.msn.com/en-us/video/peopleandplaces/this-montana-town-s-top-notch-food-and-world-class-wilderness-make-it-a-must-visit/vi-aa1httmz","error",""
"https://www.msn.com/en-us/weather/topstories/blistering-heat-wave-building-in-the-northeast/vi-aa1h9xzu","error",""
"https://www.msofficeforums.com/powerpoint/47442-size-notes-suddenly-large-normal-view.html","error",""
"https://www.msofficeforums.com/word/28236-inserting-matrix-greater-3x3-using-equation-tools.html","error",""
"https://www.msofficeforums.com/word/3670-putting-horizontal-line-word-document-should-simple.html","error",""
"https://www.msofficeforums.com/word/52250-office-insists-save-one-drive.html","error",""
"https://www.mta.ca/~rrosebru/oldcourse/comp1711/171102/comp1711a/iteration.html","error",""
"https://www.mtnskyumc.org/fivefunctionsofthechurch","error",""
"https://www.multibriefs.com/briefs/agta/rubyletter112409.htm","error",""
"https://www.multifamily.loans/capitalization-rate-calculator","error",""
"https://www.mumsnet.com/talk/womens_health/5021387-what-does-a-hot-flush-feel-like","error",""
"https://www.muscletherapyaustralia.com.au/single-post-c18co/can-you-exercise-after-dry-needling","error",""
"https://www.mushroommonday.com/post/psychedelic-ovoid-psilocybe-ovoideocystidiata","error",""
"https://www.mustang6g.com/forums/threads/at-home-method-for-measuring-toe-with-toe-plates.206195","error",""
"https://www.mybib.com","error",""
"https://www.mybuilder.com/questions/v/372/do-i-have-to-seal-a-slate-floor-before-laying-and-after","error",""
"https://www.myccp.online/academic-advising/student-transcript-information","error",""
"https://www.myccp.online/financial-aid/faq/what-federal-school-code-community-college-philadelphia","error",""
"https://www.mychemicalfreehouse.net/2023/01/tutorial-diy-painting-clay-pots-with-food-grade-paints.html","error",""
"https://www.mychemicalfreehouse.net/2024/04/non-toxic-sealant-for-terra-cotta-pots.html","error",""
"https://www.myfloridacfo.com/division/consumers/understanding-insurance/healthreform","error",""
"https://www.myfloridalaw.com/divorce/social-security-spouse","error",""
"https://www.myforkinglife.com/steamed-lobster-tails","error",""
"https://www.mygorgeousrecipes.com/steak-with-peppercorn-sauce","error",""
"https://www.myhungryboys.com/home/2019/1/14/tangzhong-pan-pizza-dough","error",""
"https://www.myjournalcourier.com/business/article/ntsb-says-company-failed-to-shut-down-oil-20395997.php","error",""
"https://www.myjournalcourier.com/news/world/article/russia-s-economy-minister-says-the-country-is-on-20384782.php","error",""
"https://www.mynavcare.com/resource/pss_jcode_flashcard","error",""
"https://www.mypanhandle.com/news/politics/ap-former-top-aide-to-jill-biden-is-subpoenaed-by-house-oversight-panel","error",""
"https://www.myperfectresume.com/career-center/interviews/questions/what-can-you-bring-to-the-team","error",""
"https://www.myplate.gov/eat-healthy/grains","error",""
"https://www.myplate.gov/life-stages/kids","error",""
"https://www.myplate.gov/myplate-plan","error",""
"https://www.myplate.gov/tip-sheet/healthy-eating-kids","error",""
"https://www.mysanantonio.com/opinion/columnists/bob_richter/article/consider-the-other-aside-of-the-longoria-2446554.php","error",""
"https://www.mysanantonio.com/shopping/article/how-to-clean-glass-oven-doors-17034208.php","error",""
"https://www.mytwintiers.com/news-cat/national-news/former-steelers-coach-bill-cowher-elected-to-pro-football-hall-of-fame","error",""
"https://www.mytwintiers.com/news-cat/political-news/ap-politics/ap-former-top-aide-to-jill-biden-is-subpoenaed-by-house-oversight-panel","error",""
"https://www.namehero.com/gaming-blog/how-to-download-minecraft-shaders","error",""
"https://www.namehero.com/gaming-blog/how-to-get-nether-wart-in-minecraft","error",""
"https://www.namehero.com/gaming-blog/how-to-tame-a-cat-in-minecraft","error",""
"https://www.names.org/n/saja/about","error",""
"https://www.naplesgarden.org/container-gardening-drying-peppers","error",""
"https://www.napoleon.com/en/be/barbecues/blog/how-use-and-clean-pizza-stone","error",""
"https://www.narayanahealth.org/blog/chronic-hives-symptoms-and-causes","error",""
"https://www.narayanahealth.org/blog/how-cold-weather-affects-blood-pressure","error",""
"https://www.narayanahealth.org/blog/low-haemoglobin-causes-signs-and-treatment","error",""
"https://www.narayanahealth.org/blog/understanding-how-cold-weather-raises-blood-pressure-and-ways-to-manage-it","error",""
"https://www.nasdaq.com/articles/2-simple-ways-to-make-$40000-in-passive-income","error",""
"https://www.nasdaq.com/articles/3-growth-stocks-im-loading","error",""
"https://www.nasdaq.com/articles/bordetella-vaccine-for-kennel-cough-in-dogs","error",""
"https://www.nasdaq.com/articles/how-to-become-a-contract-lawyer:-a-step-by-step-guide","error",""
"https://www.nasdaq.com/articles/warren-buffett-sells-bank-stock-and-buys-restaurant-stock-4230-15-years","error",""
"https://www.nasdaq.com/articles/why-hims-hers-stock-crashing-and-it-buying-opportunity","error",""
"https://www.nasi.org/research/social-security/the-social-security-benefit-notch-a-study","error",""
"https://www.nasm.org/resources/calorie-calculator","error",""
"https://www.natera.com","error",""
"https://www.natera.com/resource-library/panorama/panorama-sample-report","error",""
"https://www.natesilver.net/p/why-liberalism-and-leftism-are-increasingly","error",""
"https://www.nationalacademies.org","error",""
"https://www.nationaldefensemagazine.org/articles/2024/4/4/directed-energy-remains-key-suspect-behind-havana-syndrome","error",""
"https://www.nationaljeweler.com/articles/639-a-primer-on-lead-glass-filled-rubies","error",""
"https://www.nationalnotary.org/texas","error",""
"https://www.nationalnotary.org/texas/become-a-notary","error",""
"https://www.naturalreaders.com/online","error",""
"https://www.naukri.com/campus/career-guidance/java-interview-questions-for-freshers","error",""
"https://www.naukri.com/code360/library/difference-between-abstract-class-and-interface-in-java","error",""
"https://www.naukri.com/code360/library/programming-styles-and-tools","error",""
"https://www.nauticnomad.com/post/what-to-pack-for-a-luxury-yacht-charter-vacation","error",""
"https://www.navneetgems.com/what-are-glass-filled-rubies","error",""
"https://www.navneetgems.com/why-are-glass-filled-rubies-so-high-in-trend","error",""
"https://www.nbcnews.com/now/video/what-is-delta-8-thc-and-why-are-more-teens-using-it-206425669584","error",""
"https://www.ncbi.nlm.nih.gov/books/nbk218769","error",""
"https://www.ncbi.nlm.nih.gov/books/nbk222385","error",""
"https://www.ncbi.nlm.nih.gov/books/nbk224093","error",""
"https://www.ncbi.nlm.nih.gov/books/nbk279054","error",""
"https://www.ncbi.nlm.nih.gov/books/nbk279251","error",""
"https://www.ncbi.nlm.nih.gov/books/nbk279286","error",""
"https://www.ncbi.nlm.nih.gov/books/nbk424899","error",""
"https://www.ncbi.nlm.nih.gov/books/nbk430884","error",""
"https://www.ncbi.nlm.nih.gov/books/nbk448082","error",""
"https://www.ncbi.nlm.nih.gov/books/nbk470284","error",""
"https://www.ncbi.nlm.nih.gov/books/nbk499895","error",""
"https://www.ncbi.nlm.nih.gov/books/nbk499909","error",""
"https://www.ncbi.nlm.nih.gov/books/nbk500020","error",""
"https://www.ncbi.nlm.nih.gov/books/nbk507237","error",""
"https://www.ncbi.nlm.nih.gov/books/nbk518962","error",""
"https://www.ncbi.nlm.nih.gov/books/nbk53595","error",""
"https://www.ncbi.nlm.nih.gov/books/nbk536928","error",""
"https://www.ncbi.nlm.nih.gov/books/nbk539739","error",""
"https://www.ncbi.nlm.nih.gov/books/nbk557477","error",""
"https://www.ncbi.nlm.nih.gov/books/nbk567764","error",""
"https://www.ncbi.nlm.nih.gov/books/nbk64840","error",""
"https://www.ncbi.nlm.nih.gov/books/nbk7255","error",""
"https://www.ncbi.nlm.nih.gov/books/nbk8142","error",""
"https://www.ncbi.nlm.nih.gov/pmc/articles/pmc4146131","error",""
"https://www.nccn.org/login","error",""
"https://www.ncda.org","error",""
"https://www.ncdp.org/content/062625","error",""
"https://www.ncid.sg/news-events/news/pages/s'pore-study-shows-length-of-immunity-varies-greatly.aspx","error",""
"https://www.ncl.ac.uk/academic-skills-kit/assessment/assignment-types/structuring-a-science-report","error",""
"https://www.ncsc.gov.uk/collection/phishing-scams","error",""
"https://www.ncsl.org/about-state-legislatures/amending-the-us-constitution","error",""
"https://www.ncsl.org/elections-and-campaigns/initiative-and-referendum-processes","error",""
"https://www.ncuscr.org/video/ccp-at-100","error",""
"https://www.neimanmarcus.com/category/service/curtains/measurecurtains.html","error",""
"https://www.nejm.org/doi/full/10.1056/nejmoa2118946","error",""
"https://www.nejm.org/doi/full/10.1056/nejmra1908412","error",""
"https://www.nejm.org/doi/full/10.1056/nejmsb2506929","error",""
"https://www.neoxian.city/@ubani/cbbbzvsc","error",""
"https://www.nestle.com/media/news/determine-biological-age-dogs","error",""
"https://www.netcomlearning.com/certifications/microsoft-certified-azure-fundamentals","error",""
"https://www.netflix.com/es-en/title/70204976","error",""
"https://www.netflix.com/in/browse/genre/7424","error",""
"https://www.netflix.com/title/60000861","error",""
"https://www.netflix.com/title/81040344","error",""
"https://www.netflix.com/tudum/articles/squid-game-unleashed-mobile-game-news","error",""
"https://www.netsuite.com/portal/resource/articles/accounting/general-ledger.shtml","error",""
"https://www.netsuite.com/portal/resource/articles/business-strategy/recession-proof-your-business.shtml","error",""
"https://www.networkworld.com/article/969239/what-is-a-network-switch-and-how-does-it-work.html","error",""
"https://www.neurology.org/doi/10.1212/wnl.0000000000208006","error",""
"https://www.neurology.org/doi/10.1212/wnl.88.16_supplement.p3.341","error",""
"https://www.newark.com/c/office-computer-networking-products/networking-products/ethernet-switches-modules","error",""
"https://www.newbridgehealth.org/health-services/vaccines/shingles-vaccine","error",""
"https://www.newdirectionsaromatics.com/blog/a-complete-guide-to-understanding-the-sds","error",""
"https://www.newhorizons.com/find-training/microsoft-azure","error",""
"https://www.newindianexpress.com/expressdeals/other-categories/beauty-and-health/how-to-get-rid-pimple-marks-and-spots","error",""
"https://www.newmexicomagazine.org/blog/post/favorite-sun","error",""
"https://www.neworleanssaints.com/news/drew-brees-best-player-in-new-orleans-saints-franchise-history-strove-to-be-best-teammate-as-well","error",""
"https://www.neworleanssaints.com/news/saints-legend-quarterback-drew-brees-reflects-nfl-career-personel-life-going-long-with-chase-daniel-episode-9","error",""
"https://www.neworleanssaints.com/video/drew-brees-interview-quarterback-saints-legend-nfl-career-2024-saints-hall-of-fame-induction","error",""
"https://www.neworleanssaints.com/video/drew-brees-tours-new-orleans-post-retirement-remembers-career-next-chapter","error",""
"https://www.news-medical.net/health/general-anesthesia.aspx","error",""
"https://www.news-medical.net/health/how-many-calories-should-you-eat-per-day.aspx","error",""
"https://www.news-medical.net/health/notable-cases-of-leprosy.aspx","error",""
"https://www.news-medical.net/health/snoring-grades.aspx","error",""
"https://www.news-medical.net/health/what-are-crabs-(pubic-lice).aspx","error",""
"https://www.news-medical.net/health/what-is-an-angiogram.aspx","error",""
"https://www.news-medical.net/health/what-is-havana-syndrome.aspx","error",""
"https://www.news-medical.net/health/what-is-mononucleosis.aspx","error",""
"https://www.news-medical.net/news/20200113/human-liver-manages-to-stay-alive-outside-the-body-for-a-week.aspx","error",""
"https://www.news-medical.net/news/20200427/study-reveals-how-general-anesthesia-works.aspx","error",""
"https://www.news-medical.net/news/20230504/covid-19-risk-natural-infection-vs-vaccine-induced-immunity.aspx","error",""
"https://www.news8000.com/lifestyle/money/a-mother-thought-her-baby-was-blown-out-of-a-plane-the-faa-still-allows/article_f10a5ae6-db55-5bbb-9964-5ecc7e1db5ee.html","error",""
"https://www.newyorkfed.org/microeconomics/hhdc","error",""
"https://www.nexplanon.com","error",""
"https://www.nfcc.org","error",""
"https://www.nfl.com/100/originals/100-greatest/characters-83","error",""
"https://www.nfl.com/players/bill-cowher","error",""
"https://www.nfl.com/players/drew-brees","error",""
"https://www.nfl.com/players/drew-brees/stats/career","error",""
"https://www.nfm.com","error",""
"https://www.ngccoin.com/price-guide/coin-melt-values.aspx","error",""
"https://www.ngpf.org/blog/question-of-the-day/qod-updated-excluding-home-loans-what-are-the-three-largest-debts-for-american-consumers","error",""
"https://www.ngpf.org/blog/question-of-the-day/question-of-the-day-which-type-of-consumer-debt-has-seen-the-largest-percentage-growth-in-the-past-20-years-credit-cards-mortgages-auto-loans-or-student-loans","error",""
"https://www.nhlbi.nih.gov/health/anemia/treatment","error",""
"https://www.nhlbi.nih.gov/health/pneumonia/recovery","error",""
"https://www.nhlbi.nih.gov/news/2024/does-how-loud-you-snore-matter-your-health","error",""
"https://www.nhregister.com/news/world/article/doctors-and-moms-say-these-babies-in-gaza-may-die-20393357.php","error",""
"https://www.nhtsa.gov/recalls","error",""
"https://www.nhtsa.gov/risky-driving/distracted-driving","error",""
"https://www.nia.nih.gov/health/constipation/concerned-about-constipation","error",""
"https://www.nia.nih.gov/health/menopause/hot-flashes-what-can-i-do","error",""
"https://www.nia.nih.gov/news/age-estimated-changes-dna-can-help-predict-health-outcomes-mortality-older-adults","error",""
"https://www.niams.nih.gov/health-topics/bone-mineral-density-tests-what-numbers-mean","error",""
"https://www.nicunursenatalie.com/notes/oral-thrush","error",""
"https://www.nidcr.nih.gov/health-info/burning-mouth","error",""
"https://www.niddk.nih.gov/health-information/digestive-diseases/constipation/treatment","error",""
"https://www.niddk.nih.gov/health-information/digestive-diseases/diarrhea/symptoms-causes","error",""
"https://www.niddk.nih.gov/health-information/digestive-diseases/gallstones/eating-diet-nutrition","error",""
"https://www.niddk.nih.gov/health-information/weight-management/healthy-eating-physical-activity-for-life/helping-your-child-tips-for-parents","error",""
"https://www.nigms.nih.gov/education/fact-sheets/pages/anesthesia","error",""
"https://www.nih.gov/news-events/news-releases/nih-studies-find-severe-symptoms-havana-syndrome-no-evidence-mri-detectable-brain-injury-or-biological-abnormalities","error",""
"https://www.nih.gov/news-events/nih-research-matters/lasting-immunity-found-after-recovery-covid-19","error",""
"https://www.nihr.ac.uk/news/major-study-finds-new-shingles-vaccine-could-lower-risk-dementia","error",""
"https://www.nike.com/a/how-to-measure-foot-size","error",""
"https://www.nimh.nih.gov/health/publications/bipolar-disorder","error",""
"https://www.nimh.nih.gov/health/topics/bipolar-disorder","error",""
"https://www.nirschlorthopaedic.com/pain-relief-fast-with-trigger-point-dry-needling","error",""
"https://www.nirsoft.net","error",""
"https://www.niu.edu/ceet/academics/industrial-and-systems-engineering/bs-industrial-systems.shtml","error",""
"https://www.niu.edu/presentations/organize/index.shtml","error",""
"https://www.nlc.org/article/2022/09/12/how-to-promote-citizen-engagement-and-participation","error",""
"https://www.nlm.nih.gov/bsd/uniform_requirements.html","error",""
"https://www.nmc.org.uk/standards/code","error",""
"https://www.nola.com/sports/saints/drew-brees-was-what-the-saints-city-needed-after-katrina/article_042bc8c0-254f-11ef-a1f2-a3441fb1e1d2.html","error",""
"https://www.noodletools.com","error",""
"https://www.noradarealestate.com/blog/calculating-cap-rate","error",""
"https://www.nordstrom.com/browse/content/blog/best-lipstick-for-skin-tone","error",""
"https://www.nordstrom.com/browse/content/blog/how-to-measure-shoe-size","error",""
"https://www.nordstrom.com/browse/content/blog/rosemary-tea-hair","error",""
"https://www.nordstrom.com/browse/services/alterations/suits","error",""
"https://www.noridianmedicareportal.com","error",""
"https://www.northfultonfeedandseed.com/product/calf-manna-performance-supplement","error",""
"https://www.northgatemarket.com","error",""
"https://www.northwell.edu/imaging/services/angiogram","error",""
"https://www.notarypublicstamps.com","error",""
"https://www.notaryrotary.com/101/default.asp","error",""
"https://www.notch.so","error",""
"https://www.novelupdatesforum.com/threads/windows-11-how-to-move-taskbar-to-left.176991","error",""
"https://www.nps.gov/articles/000/bld-mistaken-identity.htm","error",""
"https://www.nps.gov/ever","error",""
"https://www.nps.gov/hofu/learn/historyculture/iron-making.htm","error",""
"https://www.nps.gov/kala/learn/historyculture/hansensdisease.htm","error",""
"https://www.nps.gov/maca/planyourvisit/cave-tours.htm","error",""
"https://www.nps.gov/mlkm/learn/historyculture/people.htm","error",""
"https://www.nps.gov/mora/planyourvisit/timed-entry-reservations.htm","error",""
"https://www.nps.gov/piro/learn/nature/beechbarkdisease.htm","error",""
"https://www.nps.gov/subjects/civilrights/martin-luther-king.htm","error",""
"https://www.nps.gov/teachers/classrooms/from-crust-to-core.htm","error",""
"https://www.nrc.gov/materials/fuel-cycle-fac/ur-enrichment.html","error",""
"https://www.nrtoday.com/family/10-reasons-you-need-to-commit-already/article_b9c46450-365d-11e7-9fc8-3b3c3d092220.html","error",""
"https://www.nsc.com.sg/dsc/prevention-education/sexually-transmitted-infection/types-of-stis/pages/pubic-lice.aspx","error",""
"https://www.nst.com.my/news/nation/2025/06/1234420/oil-leak-johor-fire-site-sparks-environmental-concerns","error",""
"https://www.nth.nhs.uk/resources/pneumonia","error",""
"https://www.nubest.com/blogs/growth-tips/at-what-age-do-people-stop-growing-taller","error",""
"https://www.nubest.com/blogs/growth-tips/when-do-boys-stop-growing","error",""
"https://www.nuk-usa.com/on/demandware.store/sites-nuk-site/default/content-show","error",""
"https://www.numerade.com/ask/question/a-what-are-the-methods-for-structuring-and-presenting-information-called-a-organizational-strategies-b-research-facts-and-data-c-classification-strategies-d-narratives-and-arguments-answer-1-95081","error",""
"https://www.nuptials.ph/bridal-shower-favors","error",""
"https://www.nursinghero.com/study-guides/openstax-anatomyandphysiology/1-1-overview-of-anatomy-and-physiology","error",""
"https://www.nuwavenow.com/blogs/recipes/menudo","error",""
"https://www.nvidia.com/en-us/account/redeem","error",""
"https://www.nvidia.com/en-us/geforce/forums/geforce-experience/14/253622/hotkey-for-start-to-record","error",""
"https://www.nvidia.com/en-us/geforce/forums/instant-replay-recording/15/316301/enable-desktop-recording-on-a-laptop","error",""
"https://www.nvsos.gov/sos/elections/initiatives-referenda/filing-a-constitutional-initiative","error",""
"https://www.nwahomepage.com/news/politics/ap-former-top-aide-to-jill-biden-is-subpoenaed-by-house-oversight-panel","error",""
"https://www.nycourts.gov/courthelp/whensomeonedies/probate.shtml","error",""
"https://www.nycourts.gov/courthelp/whensomeonedies/will.shtml","error",""
"https://www.nycourts.gov/howdoi/os-name.shtml","error",""
"https://www.nyp.org/healthlibrary/definitions/angiogram","error",""
"https://www.nyp.org/healthlibrary/diagnosis-short/pubic-lice","error",""
"https://www.nyp.org/healthlibrary/symptoms/coronavirus-covid-19-symptom-checker","error",""
"https://www.nysscpa.org/professional-resources/accounting-terminology-guide","error",""
"https://www.nytimes.com/1904/09/10/archives/american-history-in-1902.html","error",""
"https://www.nytimes.com/2014/07/20/magazine/who-made-that-scotch-tape.html","error",""
"https://www.nytimes.com/2017/01/13/upshot/the-biggest-changes-obamacare-made-and-those-that-may-disappear.html","error",""
"https://www.nytimes.com/2018/04/09/well/why-you-should-get-the-new-shingles-vaccine.html","error",""
"https://www.nytimes.com/2021/01/09/at-home/solve-a-nonogram.html","error",""
"https://www.nytimes.com/2022/01/20/us/politics/havana-syndrome-cia-report.html","error",""
"https://www.nytimes.com/2022/07/01/well/mind/delta-8-thc-marijuana.html","error",""
"https://www.nytimes.com/2022/09/30/sports/autoracing/f1-jet-lag-travel-drivers.html","error",""
"https://www.nytimes.com/2023/01/26/dining/three-ways-to-finish-a-tub-of-miso.html","error",""
"https://www.nytimes.com/2023/12/19/well/live/biological-age-testing.html","error",""
"https://www.nytimes.com/2024/04/12/well/live/organize-your-home-declutter.html","error",""
"https://www.nytimes.com/2024/11/10/technology/personaltech/technology-loneliness.html","error",""
"https://www.nytimes.com/2025/01/10/us/politics/havana-syndrome-causes.html","error",""
"https://www.nytimes.com/2025/02/10/science/inner-core-earth-shape-change.html","error",""
"https://www.nytimes.com/2025/06/12/business/electric-vehicle-charging-tesla.html","error",""
"https://www.nytimes.com/2025/06/21/books/review/book-cover-trends.html","error",""
"https://www.nytimes.com/2025/06/25/us/politics/what-is-democratic-socialism.html","error",""
"https://www.nytimes.com/2025/06/26/us/michigan-plane-crash-1950.html","error",""
"https://www.nytimes.com/article/house-gop-tax-bill-trump.html","error",""
"https://www.nytimes.com/athletic/2617655/2021/06/01/bill-cowher-opens-up-about-spygate-afc-title-game-losses-and-the-real-reason-he-left-the-steelers","error",""
"https://www.nytimes.com/athletic/4370084/2023/04/01/formula-one-drivers-travel-jet-lag-australian-grand-prix","error",""
"https://www.nytimes.com/athletic/6435508/2025/06/25/blues-best-uniform-alumni","error",""
"https://www.nytimes.com/athletic/6449074/2025/06/25/yankees-trade-deadline-needs","error",""
"https://www.nytimes.com/athletic/tag/drew-brees","error",""
"https://www.nytimes.com/interactive/2020/world/coronavirus-tips-advice.html","error",""
"https://www.nytimes.com/topic/person/drew-brees","error",""
"https://www.nytimes.com/wirecutter/blog/how-to-format-your-external-hard-drive","error",""
"https://www.nytimes.com/wirecutter/blog/what-is-a-network-switch","error",""
"https://www.nytimes.com/wirecutter/guides/how-to-stop-spam-calls","error",""
"https://www.nytimes.com/wirecutter/reviews/best-canned-tomatoes","error",""
"https://www.nytimes.com/wirecutter/reviews/best-clothes-iron","error",""
"https://www.nytimes.com/wirecutter/reviews/best-electric-and-gas-ranges","error",""
"https://www.nytimes.com/wirecutter/reviews/best-external-hard-drives","error",""
"https://www.nytimes.com/wirecutter/reviews/best-ice-cream-maker","error",""
"https://www.nytimes.com/wirecutter/reviews/best-laptops","error",""
"https://www.nytimes.com/wirecutter/reviews/best-mattress-toppers","error",""
"https://www.nytimes.com/wirecutter/reviews/best-travel-carrier-for-cats-and-small-dogs","error",""
"https://www.nytimes.com/wirecutter/reviews/tempur-pedic-mattress-review-an-honest-assessment","error",""
"https://www.nyxcosmetics.com/what-color-lipstick-should-i-wear.html","error",""
"https://www.nzherald.co.nz/entertainment/naomi-watts-is-in-a-good-place-following-her-split-from-liev-schreiber/zazyau2t3skrqhudpmrsbbpa5y","error",""
"https://www.nzherald.co.nz/the-country/news/glyphosate-environmental-group-challenges-epa-over-reassessment-refusal/gv7h4jphzzg5nbkuxmss4oodlq","error",""
"https://www.oakbrookallergists.com/2020/08/21/how-do-you-get-rid-of-an-allergic-reaction-rash-2","error",""
"https://www.oaklandca.gov/government/finance-budget/budget","error",""
"https://www.oaklandca.gov/my-household/building-and-remodeling/homeowner-projects-permits/generators","error",""
"https://www.oaklandca.gov/planning-building/permit-process-overview/permit-services-questions-portal","error",""
"https://www.oaklandca.gov/public-safety-streets/transportation-permits-engineering/street-name-commemorative-plaque-permit-and-street-name-change-application","error",""
"https://www.oaklandca.gov/training/apply-for-a-temporary-certificate-of-occupancy-tco","error",""
"https://www.obesitycoverage.com/weight-loss-surgeries/gastric-sleeve/recovery-what-to-expect-from-day-1","error",""
"https://www.ocbase.com","error",""
"https://www.ocrevus.com","error",""
"https://www.octopusoverlords.com/forum/viewtopic.php","error",""
"https://www.ocwd.com/news-events/newsletter/2017/june-2017/president-s-message-epa-and-dtsc-take-important-steps-toward-north-basin-cleanup","error",""
"https://www.oecd.org/en/topics/sub-issues/open-government-and-citizen-participation.html","error",""
"https://www.office.fedex.com","error",""
"https://www.officedepot.com/a/products/8910070/cyberpowerpc-syber-sk100-rgb-mechanical-gaming","error",""
"https://www.ohiosos.gov/legislation-and-ballot-issues/putting-an-issue-on-the-ballot/general-assembly-initiated-constitutional-amendment","error",""
"https://www.okc.gov/services/water-trash-recycling/bulky-waste","error",""
"https://www.olivegarden.com/home","error",""
"https://www.olivegarden.com/order-online","error",""
"https://www.omahasteaks.com/blog/how-to-boil-lobster","error",""
"https://www.omnimaga.org/math-and-science/ti-84-program-for-indefinite-integrals","error",""
"https://www.omnisend.com","error",""
"https://www.omnitron-systems.com/component/allvideoshare/video/what-is-an-ethernet-switch","error",""
"https://www.omnitron-systems.com/resources/resource-centers/video-library/video/what-is-an-ethernet-switch","error",""
"https://www.oneccps.org","error",""
"https://www.onelook.com","error",""
"https://www.onlc.com/blog/how-long-does-azure-certification-take","error",""
"https://www.onlinefabricstore.com/makersmill/how-to-measure-windows-for-curtains","error",""
"https://www.onlogic.com/blog/how-to-format-an-ssd-in-windows-10-and-11","error",""
"https://www.ontario.ca/laws/regulation/910213","error",""
"https://www.onthegobites.com/how-to-boil-and-eat-lobster","error",""
"https://www.oocities.org/cvp_analysis/image.html","error",""
"https://www.oola.com/life-at-home/2457305/how-to-easily-measure-your-window-to-get-the-right-size-curtains","error",""
"https://www.oola.com/life-in-flavor/2483828/what-is-shawarma","error",""
"https://www.opb.org/tag/plants","error",""
"https://www.open.edu/openlearn/ocw/mod/oucontent/view.php","error",""
"https://www.openanesthesia.org","error",""
"https://www.openbible.info/topics/god_loves_me","error",""
"https://www.openbible.info/topics/gods_love_for_us","error",""
"https://www.openbible.info/topics/prayer","error",""
"https://www.openbible.info/topics/the_importance_of_prayer","error",""
"https://www.openbible.info/topics/the_trinity","error",""
"https://www.openbible.info/topics/what_was_jesus_occupation","error",""
"https://www.opposuits.com/pages/size-chart-mens-suits","error",""
"https://www.optoutprescreen.com","error",""
"https://www.oral-b.co.in/en-in/oral-health/conditions/oral-hygiene/burning-mouth-syndrome","error",""
"https://www.oral-b.co.in/en-in/oral-health/life-stages/infants/oral-thrush-in-babies","error",""
"https://www.orangehrm.com/en/resources/hr-dictionary/employee","error",""
"https://www.orchardhealthcare.net/shingrix-new-improved-shingles-vaccine-coming","error",""
"https://www.oreilly.com/library/view/ethernet-switches/9781449367299/ch01.html","error",""
"https://www.oreilly.com/library/view/virtual-private-networks/1565925297/ch04s02.html","error",""
"https://www.oreillyauto.com/how-to-hub/refrigerant","error",""
"https://www.oreillyauto.com/shop/b/oil--chemicals---fluids/maintenance-chemicals/engine---oil/engine-oil-leak-repair/c25bd9bf1960","error",""
"https://www.oreillyauto.com/store-services/rental-tools","error",""
"https://www.organdonor.gov/learn/process/living-donation","error",""
"https://www.orlandovillas.com/florida_guide/special-about-florida-1.aspx","error",""
"https://www.oscprofessionals.com/blog/shopify-speed-optimization-image-element-explicit-width-height","error",""
"https://www.osfhealthcare.org/blog/a-guide-to-menstrual-cycles-getting-pregnant-and-more","error",""
"https://www.osfhealthcare.org/blog/is-my-sore-throat-covid-19-or-not","error",""
"https://www.osfhealthcare.org/blog/qa-pediatrician-shares-what-parents-need-to-know-about-hives-in-kids","error",""
"https://www.osfhealthcare.org/blog/sinus-infection-or-covid-19","error",""
"https://www.osfhealthcare.org/blog/what-is-colic-and-how-to-spot-it","error",""
"https://www.osfhealthcare.org/blog/why-youre-bloated-and-how-to-get-fast-relief","error",""
"https://www.osha.gov/publications/osha3514.html","error",""
"https://www.osmosis.org/answers/glossodynia","error",""
"https://www.osvnews.com/as-annual-nato-summit-emphasizes-military-readiness-local-church-leaders-call-for-peace","error",""
"https://www.otsnews.co.uk/how-voice-changers-for-discord-work-the-technology-behind-the-magic","error",""
"https://www.ourfigs.com/forum/figs-home/1546267-squirrels-chipmunks-digging-up-my-container-soil","error",""
"https://www.ourmidland.com/news/article/longoria-affair-launched-civil-rights-movement-6970323.php","error",""
"https://www.oursundayvisitor.com/from-persecutor-to-christian-the-conversion-of-st-paul","error",""
"https://www.ownerrez.com/blog/integration-with-noshable","error",""
"https://www.packers.com/news/reviewing-contributions-of-bob-harlan-lee-remmel-george-calhoun-andrew-turnbull-june-26-2025","error",""
"https://www.packetpower.com/blog/electricity-basics-for-data-centers","error",""
"https://www.paine.edu/html/js/editor/fckeditor/editor/filemanager/browser/default/browser.html","error",""
"https://www.painscience.com/articles/voltaren-gel.php","error",""
"https://www.pair.com/support/kb/adding-a-column-to-a-database-in-phpmyadmin","error",""
"https://www.pakistani.org/pakistan/legislation/1991/actxof1991.html","error",""
"https://www.paliseproperty.com/understanding-capitalisation-rates","error",""
"https://www.pamperedchef.eu/pws/dehomeoffice/store/deo/catalog/stoneware","error",""
"https://www.pampers.com/en-us/baby/newborn/article/what-is-colic-symptoms-and-remedies","error",""
"https://www.pampers.com/en-us/pregnancy/baby-names/article/indian-boy-names","error",""
"https://www.panna.org/news/amid-u-s-and-industry-pressure-mexico-delays-glyphosate-ban","error",""
"https://www.papamurphys.com","error",""
"https://www.papamurphys.com/take-n-bake","error",""
"https://www.paprikaapp.com","error",""
"https://www.parallelprojecttraining.com/blog/earned-value-equations","error",""
"https://www.paramporulfoundation.com/swami-vivekananda-death-reason","error",""
"https://www.parkseed.com","error",""
"https://www.parkviewpractice.com/blog/2021/4/28/5-burnt-tongue-remedies-that-soothe-and-heal","error",""
"https://www.parts-people.com","error",""
"https://www.passporthealthusa.com/2024/02/risks-of-leprosy-in-the-modern-day","error",""
"https://www.pasturaslosalazanestx.com/supplement-for-performance-with-calf-manna","error",""
"https://www.patrick.spaceforce.mil/news/commentaries/display/article/1734598/martin-luther-king-jr-his-life-his-legacy","error",""
"https://www.patriots.com/news/cowher-resigns-as-steelers-head-coach-98596","error",""
"https://www.patriotsoftware.com/blog/accounting/a-closer-look-at-general-ledger","error",""
"https://www.paulaschoice.com/expert-advice/skincare-advice/body-care/how-care-dry-cracked-feet-heels.html","error",""
"https://www.paultripp.com/articles/posts/what-was-in-jesus-job-description","error",""
"https://www.pavilions.com/shop/product-details.136010483.html","error",""
"https://www.paymints.io/2020/09/transfer-money-for-closing","error",""
"https://www.paymints.io/2022/08/ways-to-transfer-money","error",""
"https://www.payperwatt.com/post/calculate-1-ton-ac-power-easy-guide-to-reduce-your-bills","error",""
"https://www.pbs.org/newshour/economy/dow-drops-nearly-1000-points-and-japanese-stocks-suffer-worst-crash-since-1987-on-economy-fears","error",""
"https://www.pbs.org/newshour/economy/making-sense/what-history-teaches-us-about-the-latest-stock-market-plunge","error",""
"https://www.pbs.org/newshour/politics/new-study-finds-no-brain-injuries-among-havana-syndrome-patients","error",""
"https://www.pbs.org/newshour/show/havana-syndrome-investigator-on-accusing-russia-of-targeting-u-s-officials","error",""
"https://www.pbs.org/newshour/show/how-republicans-massive-budget-bill-impacts-the-affordable-care-act","error",""
"https://www.pbs.org/wgbh/frontline/interview/jill-biden","error",""
"https://www.pbsanimalhealth.com/calf-manna-performance-supplement/p/11906","error",""
"https://www.pbslearningmedia.org/resource/buac19-k2-sci-ess-viewsofmoon/different-views-of-the-moon","error",""
"https://www.pbslearningmedia.org/resource/civ23-soc-amendingconstitution/amending-the-us-constitution-the-constitution-explained","error",""
"https://www.pbslearningmedia.org/resource/ng09.sci.ps.earth.dewpoint/finding-the-dew-point","error",""
"https://www.pbslearningmedia.org/resource/nvsiodna-sci-geneticgenealogy/using-genetic-genealogy-to-solve-crimes-secrets-in-our-dna","error",""
"https://www.pbtech.co.nz/category/networking/switches","error",""
"https://www.pcexpress.ca","error",""
"https://www.pcgamer.com/games/rpg/system-shock-2-25th-anniversary-remastered-review","error",""
"https://www.pcgamesn.com/fortnite/codes","error",""
"https://www.pcgamesn.com/minecraft/castle-ideas-blueprints","error",""
"https://www.pcgamesn.com/the-forest/console-commands-cheats","error",""
"https://www.pcgamesn.com/throne-and-liberty/codes-coupons","error",""
"https://www.pcmag.com/encyclopedia/term/disk-compression","error",""
"https://www.pcmag.com/encyclopedia/term/legacy-network","error",""
"https://www.pcoptimum.ca","error",""
"https://www.pcspecialist.co.uk/forums/threads/how-do-i-change-my-keyboard-color.66691","error",""
"https://www.pdf-xchange.com/product/pdf-xchange-editor","error",""
"https://www.pdfescape.com","error",""
"https://www.pdfill.com","error",""
"https://www.peanut-app.io/blog/hot-flashes","error",""
"https://www.peanut-app.io/blog/when-do-boys-stop-growing","error",""
"https://www.peanut-app.io/posts/37roa-74h/how-long-did-it-take-to-get-natera-results","error",""
"https://www.peanut-app.io/posts/4enn4-7sk/natera-panorama-results","error",""
"https://www.peanut-app.io/posts/4ibg2-f53/walking-naked-in-front-of-toddlers","error",""
"https://www.peanut-app.io/posts/4icwj-213/nappies-question","error",""
"https://www.peernet.com/ways-to-reduce-adobe-pdf-file-size","error",""
"https://www.peetsscare.com/2025/04/15/why-is-my-cat-so-clingy-a-vet-explains-the-hidden-reasons","error",""
"https://www.penfed.org/mortgage/article/how-to-wire-funds-for-closing","error",""
"https://www.penguinspas.com/post/hot-tub-spa-bromine-guide","error",""
"https://www.pennmedicine.org/conditions/anemia","error",""
"https://www.pennmedicine.org/conditions/aspiration-pneumonia","error",""
"https://www.pennmedicine.org/conditions/hip-dysplasia","error",""
"https://www.pennmedicine.org/conditions/hives","error",""
"https://www.pennmedicine.org/for-patients-and-visitors/find-a-program-or-service/heart-and-vascular/interventional-cardiology/testing-and-diagnosis/coronary-angiography","error",""
"https://www.pennmedicine.org/specialties/bariatric-surgery-weight-management/faqs","error",""
"https://www.pennmedicine.org/specialties/bariatric-surgery-weight-management/what-to-expect","error",""
"https://www.pennmedicine.org/treatments/coronary-angiography","error",""
"https://www.pennmedicine.org/treatments/intracytoplasmic-sperm-injection","error",""
"https://www.pennmedicine.org/updates/blogs/health-and-wellness/2019/march/poop","error",""
"https://www.peoplebox.ai/blog/how-can-employees-give-feedback-to-their-manager","error",""
"https://www.percystride.com/post/have-i-got-wide-feet","error",""
"https://www.perennialreference.com/forums/viewtopic.php","error",""
"https://www.perfectcorp.com/business/showcase/lip-color","error",""
"https://www.perimeter81.com/blog/network/point-to-point-tunneling-protocol-pptp","error",""
"https://www.petco.com/content/content-hub/home/articlepages/grooming/combing-out-a-mat-from-your-cat-hair-or-fur.html","error",""
"https://www.petco.com/content/content-hub/home/articlepages/home-habitat/setting-up-a-new-fish-tank.html","error",""
"https://www.petco.com/shop/en/petcostore/product/manna-pro-calf-manna","error",""
"https://www.petenetlive.com/kb/article/0000564","error",""
"https://www.petermillar.com/f/fit/men-suit-sizing.html","error",""
"https://www.peternyssen.com/blog/how-to-plant-gladioli-byzantinus","error",""
"https://www.peterwhiting.net/bromine-hot-tub-getting-the-chemicals-right","error",""
"https://www.petfinder.com/cats-and-kittens","error",""
"https://www.petfood.express","error",""
"https://www.pethonesty.com/blogs/blog/clingy-cat-behavior-why-it-happens-how-to-address-it","error",""
"https://www.petplan.co.uk/dog-insurance/puppy-care-and-advice/puppy-teething.html","error",""
"https://www.pfgc.com","error",""
"https://www.pharmica.co.uk/pain-relief/voltarol-12-hour/reviews","error",""
"https://www.philiphernandez.net/home/pilot-season","error",""
"https://www.philo.com","error",""
"https://www.phoenixcontact.com/en-us/products/industrial-communication/industrial-ethernet-switches","error",""
"https://www.phot.ai/background-replacer","error",""
"https://www.phrasedllc.com/post/15-reasons-why-mlk-was-important-to-the-world","error",""
"https://www.physicsforums.com/insights/ac-power-analysis-part-1-basics","error",""
"https://www.physicsforums.com/threads/dew-point-calculation-find-the-temperature.684813","error",""
"https://www.physicsforums.com/threads/does-c-melt-together-all-constants.331446","error",""
"https://www.physicsforums.com/threads/how-do-i-correctly-name-organic-compounds-and-handle-isomers.140282","error",""
"https://www.physicsforums.com/threads/how-do-i-find-the-equation-of-a-derivative-using-a-ti-84.839495","error",""
"https://www.physicsforums.com/threads/how-do-you-name-this-compound-according-to-iupac-rules.952269","error",""
"https://www.physicsforums.com/threads/how-does-a-ti-84-calculate-the-derivative-at-a-point.307625","error",""
"https://www.physicsforums.com/threads/how-is-total-power-calculated-in-ac-circuits.502473","error",""
"https://www.physicsforums.com/threads/how-to-do-chicago-style-citation-and-bibliography.786069","error",""
"https://www.physicsforums.com/threads/learn-antiderivatives-of-x-n-c1-c2-explained.119479","error",""
"https://www.physicsforums.com/threads/matrices-in-microsoft-word-2007.236925","error",""
"https://www.physicsforums.com/threads/shrinking-file-size-for-picture-jpeg.1053656","error",""
"https://www.physicsforums.com/threads/what-age-do-you-stop-growing-taller.56586","error",""
"https://www.physicsforums.com/threads/why-use-an-abstract-class-in-object-oriented-programming.925191","error",""
"https://www.physio-pedia.com/havana_syndrome","error",""
"https://www.pib.gov.in/pressrelesedetail.aspx","error",""
"https://www.picreel.com/blog/collect-email-address","error",""
"https://www.piedmont.org/living-real-change/5-ways-to-stop-snoring-for-good","error",""
"https://www.piedmont.org/living-real-change/can-you-get-covid-19-more-than-once","error",""
"https://www.piedmont.org/living-real-change/how-quickly-the-liver-can-repair-itself","error",""
"https://www.piedmont.org/living-real-change/six-things-to-know-before-going-under-anesthesia","error",""
"https://www.piedmontmedicalcenter.com/healthy-living/corporate-content/a-common-cause-of-knee-and-hip-pain-and-how-to-treat-it","error",""
"https://www.pillarcatholic.com/p/the-fear-is-wide-la-pastors-minister","error",""
"https://www.pinselaaesthetic.com/fat-reduction-for-face-jowls-and-neck-in-pinsela-aesthetic-bali.html","error",""
"https://www.pintas.com/lawsuit/roundup-weed-killer/where-is-roundup-banned","error",""
"https://www.pinterest.com/alkhailey/colors-for-all-skin-types","error",""
"https://www.pinterest.com/bbjlove/baby-mama-drama-move-on","error",""
"https://www.pinterest.com/davidtrace/drag-costume-ideas","error",""
"https://www.pinterest.com/ideas/birth-colors/945342263147","error",""
"https://www.pinterest.com/ideas/birth-month-colors/956512801160","error",""
"https://www.pinterest.com/ideas/bridal-shower-goodie-bags/895859282915","error",""
"https://www.pinterest.com/ideas/catchy-slogans/954670680759","error",""
"https://www.pinterest.com/ideas/drag-queen-outfits/951265032000","error",""
"https://www.pinterest.com/ideas/heterogeneous-mixture/907843079105","error",""
"https://www.pinterest.com/ideas/imessage-stickers/901253523678","error",""
"https://www.pinterest.com/ideas/lipstick-for-light-skin-tone/921549294334","error",""
"https://www.pinterest.com/ideas/sides-for-lobster/911805150423","error",""
"https://www.pinterest.com/ideas/things-to-say-to-your-man-in-bed/917339746319","error",""
"https://www.pinterest.com/jaimeedewolfe/sublimation-printer-ideas","error",""
"https://www.pinterest.com/jenuinemom/diy-upcycle-clothing","error",""
"https://www.pinterest.com/leapoffaithcrafting/sublimation-projects-diy","error",""
"https://www.pinterest.com/pin/1266706131455098","error",""
"https://www.pinterest.com/pin/174584923043983459","error",""
"https://www.pinterest.com/pin/20-stunning-lookswhat-to-wear-on-a-yacht-party-fashion-advice-woman-tips-fashion-ideas-in-2021--637611259752386390","error",""
"https://www.pinterest.com/pin/219902394282059299","error",""
"https://www.pinterest.com/pin/28077197663750235","error",""
"https://www.pinterest.com/pin/30-hot-things-to-say-in-bed-to-a-man-to-turn-him-on-lover-sphere--306948530860363404","error",""
"https://www.pinterest.com/pin/303289356140441995","error",""
"https://www.pinterest.com/pin/35-emergency-foods-to-stock-up-on--31032684920799204","error",""
"https://www.pinterest.com/pin/401172279278759668","error",""
"https://www.pinterest.com/pin/419749627775054937","error",""
"https://www.pinterest.com/pin/480548222709332052","error",""
"https://www.pinterest.com/pin/48906345940195127","error",""
"https://www.pinterest.com/pin/50-catchy-slogan-ideas-for-small-businesses--354588170672630076","error",""
"https://www.pinterest.com/pin/812618326548695199","error",""
"https://www.pinterest.com/pin/an-american-housewife-how-to-clean-pampered-chef-stoneware-pizza-stones--126030489545743436","error",""
"https://www.pinterest.com/pin/best-hair-colors-for-blue-eyed-woman--329677635237813672","error",""
"https://www.pinterest.com/pin/carpathia-titanics-rescue-ship-youtube--332210910017472981","error",""
"https://www.pinterest.com/pin/how-to-identify-the-american-beech-tree--249316529366917211","error",""
"https://www.pinterest.com/pin/how-to-measure-curtain-size-for-each-window--1407443628829980","error",""
"https://www.pinterest.com/pin/how-to-screenshot-on-a-logitech-keyboard-in-2023--1137862662086431282","error",""
"https://www.pinterest.com/pin/how-to-upcycle-clothing--528258231305687331","error",""
"https://www.pinterest.com/pin/how-to-use-a-pampered-chef-pizza-stone--164099980152117470","error",""
"https://www.pinterest.com/pin/magicne-pecurke--395190936069722497","error",""
"https://www.pinterest.com/pin/megan-moore-over-40-beauty-on-instagram-dont-just-blindly-pick-a-lipstick-or-blush-shade-picking-an-undertone-thats-falls-on-the-same-side-of-the-spectr-video-video--231865080809655329","error",""
"https://www.pinterest.com/pin/mushrooms--363032419960124153","error",""
"https://www.pinterest.com/pin/my-solution-for-chipmunks-in-planters-success--42995371434118149","error",""
"https://www.pinterest.com/pin/product-for-keeping-chipmunks-out-of-your-plants-video-in-2023--235453886762134532","error",""
"https://www.pinterest.com/pin/say-goodbye-to-fleas-with-dawn-dish-soap--22377329370573292","error",""
"https://www.pinterest.com/pin/the-sun--590956782371285421","error",""
"https://www.pinterest.com/pin/what-to-serve-with-lobster-24-best-sides--62276407340559182","error",""
"https://www.pinterest.com/pin/which-clothing-colors-make-blue-eyes-pop-colorbux--974255331860911704","error",""
"https://www.pinterest.com/tktb/upcycled-clothing","error",""
"https://www.pinterest.com/wickedcutemama/imessage-stickers","error",""
"https://www.pistonheads.com/gassing/topic.asp","error",""
"https://www.pixoto.com/images/5558137890537472","error",""
"https://www.pizzamaking.com/forum/index.php","error",""
"https://www.pizzatx.com/how-is-pizza-made-and-what-are-the-main-ingredients","error",""
"https://www.platingsandpairings.com/peppercorn-sauce-for-steak","error",""
"https://www.platingsandpairings.com/what-to-serve-with-lobster-tails","error",""
"https://www.platinum-spas.com/us/latest-news/chlorine-vs-bromine-sanitizer","error",""
"https://www.platinum-spas.com/us/latest-news/how-to-reduce-bromine-in-hot-tub","error",""
"https://www.playlostark.com/en-us/support/server-status","error",""
"https://www.plbg.com/forum/read.php","error",""
"https://www.plctalk.net/threads/old-hitachi-eh150-cpu-316a-software.146776","error",""
"https://www.plctalk.net/threads/simatic-ti335-37-cpu-connectivity-woes.146773","error",""
"https://www.pluggedin.com/tv-reviews/squid-game","error",""
"https://www.pmc.gov.au/domestic-policy","error",""
"https://www.pmworld360.com/schedule-variance-calculator","error",""
"https://www.pnas.org/author-center/submitting-your-manuscript","error",""
"https://www.pnas.org/doi/10.1073/pnas.0709640104","error",""
"https://www.pnas.org/doi/10.1073/pnas.1200155109","error",""
"https://www.pnas.org/doi/10.1073/pnas.1322355111","error",""
"https://www.pnas.org/doi/10.1073/pnas.2004259117","error",""
"https://www.pnbindia.in/pnb-junior-sf-account.html","error",""
"https://www.pnc.com/insights/personal-finance/borrow/what-is-cap-rate.html","error",""
"https://www.pnc.com/insights/personal-finance/spend/can-a-teenager-have-a-bank-account.html","error",""
"https://www.pnc.com/insights/personal-finance/spend/how-old-to-open-a-bank-account.html","error",""
"https://www.pnc.com/insights/personal-finance/spend/what-is-a-wire-transfer.html","error",""
"https://www.pngegg.com/en/search","error",""
"https://www.pocketsign.org/asl/hello","error",""
"https://www.politico.com/news/2023/03/06/havana-syndrome-pentagon-research-00085686","error",""
"https://www.politico.eu/article/france-emmanuel-macron-broken-glyphosate-promise-herbicide-european-parliament","error",""
"https://www.polk-county.net","error",""
"https://www.pond5.com/stock-footage/item/137122534-husband-and-wife-washing-shower-and-kissing-having-fun-soap","error",""
"https://www.poolcalculator.com","error",""
"https://www.poolpad.com/bromine-hot-tub","error",""
"https://www.popsci.com/diy/how-to-use-your-phone-as-a-webcam","error",""
"https://www.popsci.com/diy/laptop-battery-charging-tips-lifespan","error",""
"https://www.popsci.com/health/delta-8-thc","error",""
"https://www.popsci.com/oral-phantom-taste-burning-hallucination","error",""
"https://www.popsci.com/science/earth-inner-core-solid","error",""
"https://www.popsci.com/scitech/article/2009-06/why-your-voice-sounds-different-recordings","error",""
"https://www.popsci.com/technology/havana-syndrome-causes-according-to-us-intelligence","error",""
"https://www.pornhub.com/video/search","error",""
"https://www.portfolio123.com/doc/doc_detail.jsp","error",""
"https://www.potterybarn.com","error",""
"https://www.powereng.com/library/6-things-to-remember-about-hydrogen-vs-natural-gas","error",""
"https://www.prayerleader.com/why-pray-scripture","error",""
"https://www.precisionosi.com/blog/how-to-handle-receding-gum-lines","error",""
"https://www.premierclocks.com/blogs/clock-blog/mechanical-clock","error",""
"https://www.premiermedicalhv.com/divisions/services/pubic-lice-crabs","error",""
"https://www.premiermedicalhv.com/news/gallbladder-faq","error",""
"https://www.pressingforward.org/blog/importance-of-communication-in-leadership","error",""
"https://www.prestwickhouse.com/blog/post/2019/05/5-types-of-informational-text-structures","error",""
"https://www.pricescope.com/community/threads/bridal-shower-favor-ideas.26469","error",""
"https://www.pricescope.com/community/threads/cheesy-bridal-shower-gift.68964","error",""
"https://www.pricescope.com/community/threads/glass-filled-ruby-%e2%80%a6-unavoidable.269961","error",""
"https://www.pricescope.com/community/threads/hodgkinson-method-to-determine-filled-ruby.159241","error",""
"https://www.primevideo.com/splash/watchanywhere","error",""
"https://www.procurify.com/blog/what-is-general-ledger-accounting","error",""
"https://www.productiveblogging.com/follow-vs-nofollow-links","error",""
"https://www.projectengineer.net/how-to-calculate-project-variance","error",""
"https://www.projectengineer.net/what-is-schedule-variance","error",""
"https://www.projectmanagement.com/discussion-topic/207376/calculating-schedule-and-cost-variance","error",""
"https://www.prolateral.com/help/kb/general/505-how-to-setup-a-pptp-vpn-connection-in-windows-10.html","error",""
"https://www.prosci.com/blog/culture-transformation","error",""
"https://www.protradingschool.com/the-double-top-chart-pattern","error",""
"https://www.provenwinners.com/learn/how-plant/proven-winners-ultimate-guide-butterfly-bush","error",""
"https://www.providence.org/services/angiogram","error",""
"https://www.psichi.org/page/283eye-proactivity-the-key-to-personal-and-professional-success","error",""
"https://www.psprint.com/resources/what-are-the-best-colors-for-baby-announcements","error",""
"https://www.psychologytoday.com/us/blog/the-bridge/202204/words-matter-unpacking-how-language-influences-inclusion","error",""
"https://www.psychologytoday.com/us/blog/the-war-within/201711/should-you-say-thank-you-your-service","error",""
"https://www.psychologytoday.com/us/blog/up-and-running/202209/the-truth-about-bipolar-2-disorder","error",""
"https://www.psychologytoday.com/us/blog/valley-girl-with-a-brain/201611/do-men-really-get-over-breakups-faster-than-women","error",""
"https://www.psychologytoday.com/us/blog/your-wise-brain/202312/whats-in-a-facial-expression","error",""
"https://www.pugetsystems.com/support/guides/pc-gaming-performance-tweaks","error",""
"https://www.purdueglobal.edu/education-partnerships/generational-workforce-differences-infographic","error",""
"https://www.purplemath.com/modules/placeval2.htm","error",""
"https://www.purplle.com/magazine/article/how-to-get-rid-of-pimple-marks-and-spots-a-deep-dive","error",""
"https://www.puzzle-nonograms.com","error",""
"https://www.pv-tech.org/western-australias-lithium-universe-secures-rights-for-mjht-pv-module-recycling-tech","error",""
"https://www.python.org/downloads","error",""
"https://www.qeios.com/read/8oohns","error",""
"https://www.qeios.com/read/tnv08c","error",""
"https://www.qevon.com/blogs/q-lifestyle/birthstones-by-month-colors-and-meaning","error",""
"https://www.qu.edu.qa/en-us/colleges/engineering/academics/mie/ie/pages/default.aspx","error",""
"https://www.quaggadesigns.com/post/what-are-box-springs-called-now-bed-slats-explained","error",""
"https://www.quaggadesigns.com/post/why-do-people-not-use-box-springs-anymore-bed-slats-explained","error",""
"https://www.queenbeeofhoneydos.com/how-to-restore-pampered-chef-stoneware","error",""
"https://www.quikbox.com/single-post/top-5-free-media-players-for-windows-10-you-love-using-updated-2021","error",""
"https://www.quiz-maker.com/cp-np-practice-test-for-microe","error",""
"https://www.quiz-maker.com/cp-np-roblox-games-police-quiz","error",""
"https://www.quiz-maker.com/cp-np-snack-lovers-take-the-ul","error",""
"https://www.quiz-maker.com/cp-np-take-finn-wolfhard-zodia","error",""
"https://www.quiz-maker.com/cp-np-take-our-ultimate-zodiac","error",""
"https://www.quiz-maker.com/cp-np-ultimate-bds-quiz-test-y","error",""
"https://www.quora.com/4-day-prednisone-taper-vs-8-days-for-contact-dermatitis-i-woke-up-with-swollen-face-from-contact-dermatitis-of-a-new-lotion-i-m-concerned-about-side-effects-and-a-large-trip-coming-up-i-was-supposed-to-do-40-mg-then","error",""
"https://www.quora.com/are-glass-filled-rubies-less-valuable-than-natural-rubies","error",""
"https://www.quora.com/are-glass-filled-rubies-worthless","error",""
"https://www.quora.com/are-in-text-citations-necessary-in-a-powerpoint","error",""
"https://www.quora.com/are-nofollow-links-completely-useless-for-seo-let-s-find-out","error",""
"https://www.quora.com/are-there-any-banks-that-will-allow-a-16-year-old-to-open-a-savings-account-without-a-parent-i-want-to-start-saving-for-college-and-don-t-want-them-to-have-access-to-the-money","error",""
"https://www.quora.com/are-there-any-tips-for-preparing-lobster-tails-in-a-way-that-enhances-their-natural-sweetness","error",""
"https://www.quora.com/are-there-real-world-examples-of-perfectly-inelastic-collisions-if-so-what-is-an-example-if-not-why","error",""
"https://www.quora.com/are-yearly-bordetella-vaccinations-really-necessary-for-my-dog","error",""
"https://www.quora.com/as-someone-who-does-not-know-asl-what-should-i-do-if-i-wish-to-communicate-with-a-deaf-person","error",""
"https://www.quora.com/at-what-age-did-your-puppys-baby-teeth-fall-out-and-how-long-did-it-take-for-their-adult-teeth-to-grow-back-in","error",""
"https://www.quora.com/can-a-2-year-old-expired-flour-make-me-sick","error",""
"https://www.quora.com/can-humans-live-without-a-liver","error",""
"https://www.quora.com/can-i-apply-for-my-ex-husbands-social-security-we-were-married-for-more-than-10-years-i-am-62-and-he-is-69-i-would-like-to-wait-until-i-am-70-to-claim-on-my-record","error",""
"https://www.quora.com/can-i-buy-raw-land-and-start-a-tesla-charging-station-lot","error",""
"https://www.quora.com/can-my-partner-give-me-pubic-lice-and-not-have-it","error",""
"https://www.quora.com/can-someone-with-an-abscessed-tooth-eat-soft-foods-without-pain","error",""
"https://www.quora.com/can-two-computers-be-connected-directly-to-each-other-without-using-a-switch-or-router-if-so-how-will-it-work","error",""
"https://www.quora.com/can-we-solve-the-derivatives-on-a-scientific-calculator","error",""
"https://www.quora.com/can-we-use-the-same-oil-the-next-day-if-we-fried-something","error",""
"https://www.quora.com/can-you-bring-your-cat-with-you-as-carry-on-luggage-when-flying","error",""
"https://www.quora.com/can-you-convert-your-amazon-fire-tablet-to-android","error",""
"https://www.quora.com/can-you-explain-how-anesthesia-works-before-and-after-surgery","error",""
"https://www.quora.com/can-you-lose-weight-from-your-neck","error",""
"https://www.quora.com/can-you-put-vinegar-in-a-fabric-softener-dispenser","error",""
"https://www.quora.com/can-you-use-a-sublimation-printer-to-print-on-fabric","error",""
"https://www.quora.com/can-you-use-a-voice-changing-software-in-discord-audios-not-calls","error",""
"https://www.quora.com/could-i-apply-for-and-cancel-an-amazon-rewards-card-just-for-the-100-gift-card","error",""
"https://www.quora.com/do-all-boys-stop-growing-at-16","error",""
"https://www.quora.com/do-canadians-call-a-couch-sofa-a-chesterfield","error",""
"https://www.quora.com/do-drag-queens-typically-dress-in-a-flamboyant-manner-when-off-duty","error",""
"https://www.quora.com/do-psilocybin-mushrooms-grow-in-pennsylvania-and-where-can-i-look-for-them","error",""
"https://www.quora.com/do-toy-dog-puppies-get-their-adult-teeth-at-a-later-age-than-regular-puppies-if-so-do-the-baby-teeth-need-to-be-pulled-by-the-vet-under-sedation-or-do-they-come-out-on-their-own","error",""
"https://www.quora.com/do-you-have-any-tips-for-flying-with-a-pet-cat-that-stays-inside-the-house-and-has-never-been-outside-before","error",""
"https://www.quora.com/do-you-like-to-shower-or-bathe-with-your-partner-significant-other-isnt-it-the-best-activity-besides-sex-what-do-you-think-how-much-intimacy-do-you-like","error",""
"https://www.quora.com/do-you-think-smart-technology-can-help-reduce-social-isolation-or-can-it-sometimes-lead-to-more-isolation","error",""
"https://www.quora.com/does-airbnb-charge-guests-a-service-fee-on-top-of-host-fees","error",""
"https://www.quora.com/does-calf-manna-put-weight-on-horses","error",""
"https://www.quora.com/does-covid-19-make-you-cough-up-phlegm","error",""
"https://www.quora.com/does-gluten-free-bread-taste-the-same-as-regular-bread","error",""
"https://www.quora.com/does-having-eczema-mean-being-stuck-on-steroids-and-steroid-creams-for-all-life","error",""
"https://www.quora.com/does-high-blood-pressure-have-any-relation-to-cold-temperatures","error",""
"https://www.quora.com/does-pakistan-follow-the-sharia-law","error",""
"https://www.quora.com/does-slate-tile-require-regular-sealing-to-protect-it-from-damage-and-if-so-how-often-should-it-be-done","error",""
"https://www.quora.com/does-the-os-x-base-system-contain-personal-data","error",""
"https://www.quora.com/how-and-when-should-i-trim-butterfly-bushes","error",""
"https://www.quora.com/how-can-an-employee-give-feedback-to-their-boss-or-manager-about-their-treatment-of-employees-and-coworkers-can-you-provide-some-examples-of-what-the-employee-could-say","error",""
"https://www.quora.com/how-can-anemia-be-prevented-what-are-some-home-remedies-to-prevent-it","error",""
"https://www.quora.com/how-can-i-access-my-old-pictures-on-icloud","error",""
"https://www.quora.com/how-can-i-add-horizontal-lines-to-a-word-document","error",""
"https://www.quora.com/how-can-i-connect-a-pc-to-another-manually","error",""
"https://www.quora.com/how-can-i-create-an-icloud","error",""
"https://www.quora.com/how-can-i-determine-my-body-age-versus-biological-age","error",""
"https://www.quora.com/how-can-i-help-my-child-overcome-dyslexia","error",""
"https://www.quora.com/how-can-i-improve-the-quality-of-a-pdf","error",""
"https://www.quora.com/how-can-i-increase-the-image-quality-in-a-pdf","error",""
"https://www.quora.com/how-can-i-keep-beetles-from-eating-the-leaves-of-my-garden-plants","error",""
"https://www.quora.com/how-can-i-keep-rabbits-deer-and-squirrels-out-of-a-big-fenced-vegetable-garden-they-are-eating-my-tomatoes-peppers-lentil-morning-glory-and-other-legume-plants-what-can-i-do","error",""
"https://www.quora.com/how-can-i-merge-multiple-pdf-files-into-one-document-without-losing-the-bookmarks-and-hyperlinks-in-windows-10","error",""
"https://www.quora.com/how-can-i-optimize-windows-10-for-gaming-what-steps-can-i-take-after-a-fresh-installation-to-be-sure-windows-operates-in-the-best-way-for-a-gamer","error",""
"https://www.quora.com/how-can-i-play-an-mkv-video-file-in-windows-which-codec-is-necessary-to-play-the-mkv-file-i-made-a-video-mkvtoolnix-but-it-does-not-play-in-my-pc","error",""
"https://www.quora.com/how-can-i-promote-my-imessage-sticker-packs","error",""
"https://www.quora.com/how-can-i-raise-40-000-dollars-within-a-year-if-i-get-paid-500-dollars-per-month","error",""
"https://www.quora.com/how-can-i-reduce-the-size-of-jpeg-image-files-before-uploading-them-to-a-website-or-emailing-them-to-non-tech-savvy-individuals","error",""
"https://www.quora.com/how-can-i-remove-access-i-granted-to-folders-in-onedrive-that-i-shared-in-the-past-i-want-to-make-it-so-only-i-can-access-them-is-this-possible","error",""
"https://www.quora.com/how-can-i-tell-whether-im-on-windows-10-or-windows-11","error",""
"https://www.quora.com/how-can-mold-exposure-affect-the-health-of-individuals-and-their-children","error",""
"https://www.quora.com/how-can-oil-leaks-be-stopped-without-replacing-or-repairing-parts","error",""
"https://www.quora.com/how-can-old-clothes-be-reused-into-new-pieces-of-clothing-or-paper-products","error",""
"https://www.quora.com/how-can-one-determine-their-ideal-daily-calorie-intake-for-weight-loss","error",""
"https://www.quora.com/how-can-one-get-free-shipping-on-amazon-at-the-lowest-cost","error",""
"https://www.quora.com/how-can-photographers-effectively-use-natural-light-to-enhance-portrait-photography-and-what-are-the-best-times-of-day-for-specific-lighting-effects","error",""
"https://www.quora.com/how-can-we-determine-control-variables-in-a-research-model-should-it-be-related-only-to-dependent-variable","error",""
"https://www.quora.com/how-can-we-help-save-endangered-species-like-gorillas-and-chimpanzees-from-extinction-what-are-some-effective-methods-for-protecting-them","error",""
"https://www.quora.com/how-can-we-hide-error-values-and-indicators-in-ms-excel","error",""
"https://www.quora.com/how-can-we-overcome-a-recession","error",""
"https://www.quora.com/how-can-we-register-for-the-microsoft-azure-certification-az-900-exam","error",""
"https://www.quora.com/how-can-we-regrow-gums-around-the-teeth","error",""
"https://www.quora.com/how-can-you-block-unwanted-calls-and-robocalls-on-your-iphone","error",""
"https://www.quora.com/how-can-you-find-discounts-for-steam-are-sites-like-discount-online-trustworthy-how-can-you-tell-that-a-discount-doesnt-hold-a-virus","error",""
"https://www.quora.com/how-can-you-lose-weight-in-your-face-and-neck-fast","error",""
"https://www.quora.com/how-can-you-optimize-a-pdf-file-for-web-viewing-or-printing","error",""
"https://www.quora.com/how-can-you-pick-a-lipstick-color-that-complements-your-skin-tone","error",""
"https://www.quora.com/how-can-you-reset-your-macs-administrator-password-if-you-forgot-it","error",""
"https://www.quora.com/how-can-you-tell-if-your-smartphone-or-tablet-has-a-virus","error",""
"https://www.quora.com/how-did-joe-biden-meet-his-wife-jill-biden","error",""
"https://www.quora.com/how-did-swami-vivekananda-die-8","error",""
"https://www.quora.com/how-did-swami-vivekananda-die-are-there-any-mysteries-behind-his-death","error",""
"https://www.quora.com/how-do-citizens-participate-in-a-democracy-how-can-participation-be-encouraged","error",""
"https://www.quora.com/how-do-f1-drivers-travel-to-races","error",""
"https://www.quora.com/how-do-formula-1-drivers-travel","error",""
"https://www.quora.com/how-do-i-access-icloud-photos-on-an-iphone","error",""
"https://www.quora.com/how-do-i-access-pictures-from-icloud","error",""
"https://www.quora.com/how-do-i-add-a-column-to-a-table-at-a-specific-position-in-sql-server","error",""
"https://www.quora.com/how-do-i-add-lines-in-microsoft-word","error",""
"https://www.quora.com/how-do-i-apply-for-my-ex-husband-s-social-security","error",""
"https://www.quora.com/how-do-i-apply-sealant-around-a-bath","error",""
"https://www.quora.com/how-do-i-bleed-off-an-overcharged-ac","error",""
"https://www.quora.com/how-do-i-break-up-with-the-mother-of-my-child","error",""
"https://www.quora.com/how-do-i-build-an-email-list-for-email-marketing-if-i-am-a-complete-beginner-can-you-list-resources-which-help-me-collect-emails","error",""
"https://www.quora.com/how-do-i-catch-a-cat-in-minecraft","error",""
"https://www.quora.com/how-do-i-change-my-culture","error",""
"https://www.quora.com/how-do-i-cite-a-book-in-a-bibliography","error",""
"https://www.quora.com/how-do-i-cite-references-in-a-powerpoint","error",""
"https://www.quora.com/how-do-i-combine-pdf-files-in-windows-10-without-adobe","error",""
"https://www.quora.com/how-do-i-compress-a-video-into-a-zip-file-without-losing-its-quality","error",""
"https://www.quora.com/how-do-i-concatenate-text-based-on-criteria-in-excel","error",""
"https://www.quora.com/how-do-i-create-my-own-smartart-in-powerpoint","error",""
"https://www.quora.com/how-do-i-declutter-and-organize-my-home-so-that-it-feels-peaceful-and-serene","error",""
"https://www.quora.com/how-do-i-define-a-function-in-python","error",""
"https://www.quora.com/how-do-i-dehydrate-peppers","error",""
"https://www.quora.com/how-do-i-determine-if-im-choosing-the-right-power-supply-for-my-new-pc-instead-of-using-the-old-power","error",""
"https://www.quora.com/how-do-i-dirty-talk-to-my-boyfriend-what-kind-of-things-can-i-say-to-turn-him-on","error",""
"https://www.quora.com/how-do-i-disable-the-microsoft-teams-chat-icon-in-taskbar-on-windows-11","error",""
"https://www.quora.com/how-do-i-edit-or-compress-a-pdf-without-an-application","error",""
"https://www.quora.com/how-do-i-enable-my-graphics-card-in-windows-11","error",""
"https://www.quora.com/how-do-i-enable-text-to-speech-on-ios-devices","error",""
"https://www.quora.com/how-do-i-fix-the-issue-of-not-enough-free-space-in-an-os-x-base-system","error",""
"https://www.quora.com/how-do-i-fix-the-stuck-at-0-1kb-valorant-update","error",""
"https://www.quora.com/how-do-i-format-an-ssd-with-os-on-it","error",""
"https://www.quora.com/how-do-i-generate-a-random-number-in-java-between-1-and-10","error",""
"https://www.quora.com/how-do-i-get-a-fortnite-redeem-code","error",""
"https://www.quora.com/how-do-i-get-over-the-mother-of-my-children-but-still-hope-for-the-family-to-get-back-together-but-she-says-over-it","error",""
"https://www.quora.com/how-do-i-get-rid-of-errors-in-excel-1","error",""
"https://www.quora.com/how-do-i-get-rid-of-my-babys-thrush","error",""
"https://www.quora.com/how-do-i-get-started-with-azure-certification","error",""
"https://www.quora.com/how-do-i-hide-bots-in-discord","error",""
"https://www.quora.com/how-do-i-increase-the-performance-of-my-cpu-windows-10","error",""
"https://www.quora.com/how-do-i-keep-blood-pressure-normal-in-the-winter","error",""
"https://www.quora.com/how-do-i-keep-chipmunks-out-of-potted-plants","error",""
"https://www.quora.com/how-do-i-keep-rabbits-away-from-a-backyard","error",""
"https://www.quora.com/how-do-i-kill-crabgrass","error",""
"https://www.quora.com/how-do-i-learn-to-love-myself-specifically-what-are-the-steps-and-what-s-the-process-everyone-says-love-yourself-but-what-does-that-mean-or-look-like-because-i-don-t-have-a-clue","error",""
"https://www.quora.com/how-do-i-learn-to-read-code","error",""
"https://www.quora.com/how-do-i-make-a-homemade-pizza-what-is-the-process-ingredients-and-specifics-such-as-temperature","error",""
"https://www.quora.com/how-do-i-make-a-new-iphone-photo-a-pdf-document","error",""
"https://www.quora.com/how-do-i-make-a-pdf-file-on-my-iphone","error",""
"https://www.quora.com/how-do-i-make-a-peppercorn-sauce-for-steak","error",""
"https://www.quora.com/how-do-i-make-kibble-in-ark-survival-evolved","error",""
"https://www.quora.com/how-do-i-measure-dew-point","error",""
"https://www.quora.com/how-do-i-measure-my-biological-age","error",""
"https://www.quora.com/how-do-i-move-everything-down-a-row-in-excel","error",""
"https://www.quora.com/how-do-i-move-on-and-forget-about-a-baby-mama-whom-i-love-so-much-after-she-has-dumped-me","error",""
"https://www.quora.com/how-do-i-paint-clay-pots-for-outdoor-use","error",""
"https://www.quora.com/how-do-i-print-a-screen-on-my-logitech-wireless-keyboard","error",""
"https://www.quora.com/how-do-i-properly-use-a-blood-pressure-machine","error",""
"https://www.quora.com/how-do-i-put-a-password-to-an-excel-sheet","error",""
"https://www.quora.com/how-do-i-put-data-from-multiple-columns-into-one-column-in-excel","error",""
"https://www.quora.com/how-do-i-redeem-my-amazon-pay-icici-credit-card-points","error",""
"https://www.quora.com/how-do-i-remove-15-year-old-cut-marks-on-my-face","error",""
"https://www.quora.com/how-do-i-remove-a-background-from-a-photo-in-photoshop","error",""
"https://www.quora.com/how-do-i-remove-a-battery-from-a-dell-laptop","error",""
"https://www.quora.com/how-do-i-remove-everything-from-my-credit-report","error",""
"https://www.quora.com/how-do-i-remove-the-background-from-an-image-using-the-masking-technique-in-photoshop","error",""
"https://www.quora.com/how-do-i-remove-the-battery-from-my-dell-latitude-e5470","error",""
"https://www.quora.com/how-do-i-reset-my-mac-password-if-i-forgot-it","error",""
"https://www.quora.com/how-do-i-say-hi-in-sign-language","error",""
"https://www.quora.com/how-do-i-separate-first-names-and-last-names-into-separate-fields-in-a-microsoft-excel-list","error",""
"https://www.quora.com/how-do-i-structure-and-format-an-assignment-that-has-3-different-questions","error",""
"https://www.quora.com/how-do-i-take-a-screenshot-with-a-k845-logitech-keyboard","error",""
"https://www.quora.com/how-do-i-temporarily-turn-off-windows-defender-antivirus-on-windows","error",""
"https://www.quora.com/how-do-i-treat-scratch-marks-on-my-face","error",""
"https://www.quora.com/how-do-i-turn-off-the-lights-on-a-keyboard","error",""
"https://www.quora.com/how-do-i-turn-off-windows-virus-protection","error",""
"https://www.quora.com/how-do-i-use-nderiv-on-a-ti-84","error",""
"https://www.quora.com/how-do-i-use-shader-packs-in-minecraft","error",""
"https://www.quora.com/how-do-i-value-a-business-in-the-u-s-a","error",""
"https://www.quora.com/how-do-i-write-my-own-last-will-and-testament","error",""
"https://www.quora.com/how-do-pain-gels-like-voltarin-work-do-they-reduce-symptoms-or-the-cause-inflammation-do-you-need-to-apply-them-every-day-what-other-gels-are-effective-at-treating-rotator-cuff-tendonitis-arthritis-of-the-knee","error",""
"https://www.quora.com/how-do-pizza-places-usually-make-pizza","error",""
"https://www.quora.com/how-do-you-activate-vampire-powers-in-skyrim","error",""
"https://www.quora.com/how-do-you-archive-an-email-in-outlook","error",""
"https://www.quora.com/how-do-you-block-calls-on-your-iphone-for-just-a-few-people-and-not-everyone","error",""
"https://www.quora.com/how-do-you-change-the-color-of-your-gaming-keyboard","error",""
"https://www.quora.com/how-do-you-check-the-windows-operating-system-version-for-my-computer","error",""
"https://www.quora.com/how-do-you-choose-the-right-power-supply-for-your-pc-without-overspending","error",""
"https://www.quora.com/how-do-you-close-notes-in-powerpoint","error",""
"https://www.quora.com/how-do-you-compress-a-pdf-by-90","error",""
"https://www.quora.com/how-do-you-compress-a-zip-file-again","error",""
"https://www.quora.com/how-do-you-cook-menudo","error",""
"https://www.quora.com/how-do-you-correctly-create-a-function-in-python","error",""
"https://www.quora.com/how-do-you-create-a-layout-in-powerpoint","error",""
"https://www.quora.com/how-do-you-dry-chili-peppers","error",""
"https://www.quora.com/how-do-you-enable-secure-boot","error",""
"https://www.quora.com/how-do-you-extract-silver-from-a-metal","error",""
"https://www.quora.com/how-do-you-find-10-20-cap-rates-in-real-estate","error",""
"https://www.quora.com/how-do-you-find-your-medicare-number-easily","error",""
"https://www.quora.com/how-do-you-fix-a-phone-that-crashes-or-restarts-when-trying-to-use-it","error",""
"https://www.quora.com/how-do-you-get-a-roblox-card-code","error",""
"https://www.quora.com/how-do-you-harden-sand-between-pavers","error",""
"https://www.quora.com/how-do-you-include-a-poster-presentation-on-a-cv","error",""
"https://www.quora.com/how-do-you-know-if-you-have-wide-or-narrow-feet-without-measuring-them-with-a-ruler-what-about-shoe-size-does-that-matter-in-determining-this-as-well","error",""
"https://www.quora.com/how-do-you-know-what-version-of-windows-you-have-1","error",""
"https://www.quora.com/how-do-you-make-a-nether-wart-farm-in-minecraft","error",""
"https://www.quora.com/how-do-you-make-a-screen-recording-with-zoom-does-zoom-record-your-whole-screen-or-just-the-meeting","error",""
"https://www.quora.com/how-do-you-measure-a-suit-jacket-with-no-size-for-resale","error",""
"https://www.quora.com/how-do-you-move-everything-in-a-row-down-one-space","error",""
"https://www.quora.com/how-do-you-name-an-iupac-organic-compound","error",""
"https://www.quora.com/how-do-you-optimize-your-pc-for-gaming-and-boost-fps","error",""
"https://www.quora.com/how-do-you-politely-tell-a-customer-no-when-they-are-asking-for-something-that-cant-be-done-or-isnt-possible","error",""
"https://www.quora.com/how-do-you-propose-an-amendment-to-the-united-states-constitution-and-how-long-does-it-take-for-an-amendment-to-go-into-effect-after-it-is-ratified","error",""
"https://www.quora.com/how-do-you-recession-proof-your-life-amid-economic-uncertainty","error",""
"https://www.quora.com/how-do-you-separate-a-name-surname-in-excel","error",""
"https://www.quora.com/how-do-you-set-up-archive-folders-in-outlook","error",""
"https://www.quora.com/how-do-you-show-commitment-to-your-family","error",""
"https://www.quora.com/how-do-you-stop-bugs-from-eating-plant-leaves","error",""
"https://www.quora.com/how-do-you-survive-an-encounter-with-a-wild-adult-gorilla","error",""
"https://www.quora.com/how-do-you-take-a-filter-out-of-a-samsung-dishwasher","error",""
"https://www.quora.com/how-do-you-treat-a-stubborn-case-of-thrush-in-a-baby-that-keeps-recurring-and-won-t-respond-to-nystatin","error",""
"https://www.quora.com/how-do-you-treat-baby-colic","error",""
"https://www.quora.com/how-do-you-use-a-pampered-chef-pizza-stone","error",""
"https://www.quora.com/how-do-you-use-as-such-and-what-does-it-even-mean","error",""
"https://www.quora.com/how-do-you-write-a-bibliography-for-an-academic-essay","error",""
"https://www.quora.com/how-do-zoom-recordings-work-can-the-zoom-host-record-my-phone-screen-as-in-see-what-i-m-doing-on-my-phone-during-a-lesson-please-someone-answer-i-m-worried-he-might-have-seen-my-social-media-activities-while-i-was","error",""
"https://www.quora.com/how-does-a-blood-pressure-machine-work","error",""
"https://www.quora.com/how-does-a-hot-flash-present-itself-is-there-any-warning-before-and-what-happens-after","error",""
"https://www.quora.com/how-does-a-waxing-differ-from-a-waning-moon","error",""
"https://www.quora.com/how-does-an-electric-generator-work-using-natural-gas-as-fuel","error",""
"https://www.quora.com/how-does-anesthesia-work-on-the-human-body","error",""
"https://www.quora.com/how-does-my-alexa-know-that-my-room-is-dark-which-then-causes-it-to-dim-the-clock-light","error",""
"https://www.quora.com/how-does-tracking-work-technically-do-they-put-gps-device-with-database-of-tracking-numbers-of-traced-items-and-this-gps-device-moves-with-those-packages-worldwide-and-is-connected-to-internet-24-7","error",""
"https://www.quora.com/how-does-voltaren-work-in-the-body","error",""
"https://www.quora.com/how-hard-is-it-to-add-a-new-amendment-to-the-united-states-constitution","error",""
"https://www.quora.com/how-i-can-be-proactive-for-personal-development","error",""
"https://www.quora.com/how-important-is-it-to-specifically-use-san-marzano-tomatoes-when-i-make-my-pasta-sauce-is-the-final-product-going-to-taste-that-different","error",""
"https://www.quora.com/how-is-organic-milk-different-than-regular-milk","error",""
"https://www.quora.com/how-large-was-ancalagon-the-black","error",""
"https://www.quora.com/how-long-after-tooth-extraction-before-i-can-drink-hot-coffee","error",""
"https://www.quora.com/how-long-before-they-release-the-first-episode-of-a-tv-show-do-they-announce-it","error",""
"https://www.quora.com/how-long-do-asparagus-plants-typically-produce-for","error",""
"https://www.quora.com/how-long-do-i-have-to-wait-after-a-bottom-molar-tooth-extraction-to-eat-chewy-foods-or-drink-coffee-and-ginger-ale-is-it-a-month","error",""
"https://www.quora.com/how-long-do-i-have-to-wait-until-i-put-my-fish-in-the-tank","error",""
"https://www.quora.com/how-long-do-i-wait-before-walking-on-my-new-tile-floor","error",""
"https://www.quora.com/how-long-does-a-memory-foam-mattress-really-last","error",""
"https://www.quora.com/how-long-does-a-tempurpedic-mattress-typically-last","error",""
"https://www.quora.com/how-long-does-it-take-for-a-giraffe-to-swallow-chewed-up-food-through-its-throat-down-to-its-stomach","error",""
"https://www.quora.com/how-long-does-it-take-for-my-hormones-to-go-back-to-normal-after-my-period-ends-lately-when-i-have-my-period-my-anxiety-either-spiked-or-i-have-crying-spells-and-get-emotional-about-the-smallest-little-triggers-that","error",""
"https://www.quora.com/how-long-does-it-take-to-walk-from-nazareth-to-jerusalem","error",""
"https://www.quora.com/how-long-does-it-take-to-wire-money-after-closing","error",""
"https://www.quora.com/how-long-does-natural-immunity-keep-you-safe-from-covid","error",""
"https://www.quora.com/how-long-does-natural-immunity-produced-by-the-sars-cov-2-infection-last","error",""
"https://www.quora.com/how-long-does-pneumonia-fever-linger-usually","error",""
"https://www.quora.com/how-long-does-the-gastrointestinal-tract-have-to-heal-after-weight-loss-surgery","error",""
"https://www.quora.com/how-long-does-unrefrigerated-miso-last","error",""
"https://www.quora.com/how-long-is-the-hospital-stay-after-gastric-sleeve-surgery","error",""
"https://www.quora.com/how-long-should-i-leave-my-hummingbird-feeder-up","error",""
"https://www.quora.com/how-many-calories-does-an-average-person-need-per-day-and-what-is-the-minimum-amount-of-calories-needed-to-maintain-body-weight-how-does-calorie-intake-vary-according-to-height-and-age-group","error",""
"https://www.quora.com/how-many-times-is-muhammad-mentioned-in-the-quran","error",""
"https://www.quora.com/how-many-web-browsers-support-flash-what-possibly-reasons-some-browse-dont-support-flash","error",""
"https://www.quora.com/how-much-is-a-1-ounce-gold-coin-worth-today","error",""
"https://www.quora.com/how-much-sugar-does-white-rice-have","error",""
"https://www.quora.com/how-often-should-you-pick-asparagus-plants","error",""
"https://www.quora.com/how-old-did-abraham-marry-his-second-wife","error",""
"https://www.quora.com/how-old-was-abrahams-youngest-wife","error",""
"https://www.quora.com/how-old-was-apostle-paul-when-he-started-writing-what-turned-out-to-be-scripture","error",""
"https://www.quora.com/how-old-was-keturah-when-she-got-married-to-abraham","error",""
"https://www.quora.com/how-old-was-paul-when-he-became-a-believer-of-jesus","error",""
"https://www.quora.com/how-old-was-paul-when-he-repented","error",""
"https://www.quora.com/how-old-was-saul-when-he-became-paul","error",""
"https://www.quora.com/how-on-earth-do-you-contact-a-live-person-at-the-california-unemployment-office","error",""
"https://www.quora.com/how-safe-for-the-skin-is-dawn-dish-soap-as-a-flea-treatment-for-dogs-and-cats","error",""
"https://www.quora.com/how-tall-is-a-tiefling","error",""
"https://www.quora.com/how-thick-is-the-inner-core-in-miles","error",""
"https://www.quora.com/how-useful-are-abstract-classes-cant-you-do-what-you-need-to-do-with-simple-object-inheritance-from-parent-class","error",""
"https://www.quora.com/how-was-the-adhesive-tape-invented","error",""
"https://www.quora.com/how-wide-should-curtains-be-and-how-is-it-determined","error",""
"https://www.quora.com/how-wide-should-curtains-be-for-a-48-inch-window","error",""
"https://www.quora.com/how-would-you-define-adolf-hitlers-mustache","error",""
"https://www.quora.com/how-would-you-or-should-you-respond-if-someone-told-you-thank-you-for-serving","error",""
"https://www.quora.com/i-accidentally-closed-all-tabs-400-tabs-in-safari-how-do-i-make-it-recover","error",""
"https://www.quora.com/i-accidentally-swallowed-a-little-bit-of-soapy-water-what-will-happen-what-do-i-do","error",""
"https://www.quora.com/i-am-currently-using-rosemary-water-for-my-hair-but-instead-of-regrowth-i-have-lost-excess-hair-is-it-normal-or-should-i-use-another-brand-of-rosemary-leaves","error",""
"https://www.quora.com/i-bought-a-laptop-today-is-it-better-to-charge-it-before-using-it-or-can-i-just-use-it","error",""
"https://www.quora.com/i-bought-refrigerated-miso-and-forgot-to-put-it-in-my-fridge-for-a-whole-day-i-put-it-back-in-the-fridge-when-i-realized-it-is-it-still-good","error",""
"https://www.quora.com/i-dropped-my-phone-in-water-but-removed-it-within-a-second-my-phone-still-works-right-after-it-fell-should-i-be-worried-that-it-would-be-damaged-after-a-few-days","error",""
"https://www.quora.com/i-had-tabs-open-on-my-chromebook-when-it-died-how-do-i-recover-those-tabs-i-have-tried-clicking-the-three-dots-but-the-tabs-don-t-show-up-under-history","error",""
"https://www.quora.com/i-have-a-slate-floor-in-my-kitchen-that-is-beautiful-when-it-is-wet-but-dull-dingy-looking-when-dry-is-there-a-product-i-can-put-on-the-floor-so-it-appears-wet-shiny-all-the-time-without-it-being-slippery-when-it","error",""
"https://www.quora.com/i-have-had-pneumonia-4-times-in-my-18-years-and-some-of-them-were-hidden-how-much-longer-can-my-lungs-last-if-i-have-a-few-more","error",""
"https://www.quora.com/i-have-one-6-months-old-male-rabbit-and-another-3-weeks-old-female-rabbit-my-male-rabbit-continuously-tries-to-hump-the-female-while-she-is-unresponsive-how-am-i-supposed-to-deal-with-that","error",""
"https://www.quora.com/i-installed-shaders-for-minecraft-but-it-isnt-working-what-should-i-do-i-have-optifine","error",""
"https://www.quora.com/i-just-bought-a-cat-and-she-has-fleas-will-dawn-dish-soap-get-rid-of-them-i-have-cats-at-home-so-i-don-t-want-fleas-to-become-an-issue","error",""
"https://www.quora.com/i-keep-receiving-the-wrong-item-from-amazon-six-times-now-what-should-i-do-to-get-the-one-i-want","error",""
"https://www.quora.com/i-m-worried-i-have-have-detached-a-small-bit-of-my-gums-since-my-gums-aren-t-receding-will-they-grow-back-over-the-increadably-tiny-mark-i-may-have-made-and-if-not-how-much-do-i-need-to-worry-about-the-gum-disease","error",""
"https://www.quora.com/i-recently-bought-rosemary-oil-to-help-with-my-hair-growth-but-it-s-making-my-hair-super-greasy-i-ve-even-stopped-conditioning-but-i-can-t-figure-out-how-to-use-it-without-getting-greasy-hair-what-should-i-do","error",""
"https://www.quora.com/i-removed-a-camera-from-my-old-cell-phone-how-do-i-use-it-as-a-webcam-for-my-laptop","error",""
"https://www.quora.com/i-sometimes-get-confused-about-when-to-use-semicolons-what-are-some-examples-of-good-times-to-use-them","error",""
"https://www.quora.com/i-sometimes-see-symbols-in-the-sun-when-i-look-at-it-what-does-this-mean","error",""
"https://www.quora.com/i-ve-had-the-nexplanon-implant-in-for-well-over-5-years-can-i-now-get-pregnant","error",""
"https://www.quora.com/i-want-to-build-a-website-but-have-no-experience-feeling-overwhelmed-what-are-some-beginner-friendly-steps-to-get-started-quickly","error",""
"https://www.quora.com/if-50-of-the-liver-is-damaged-how-long-could-a-person-live-or-can-the-damaged-liver-recover","error",""
"https://www.quora.com/if-an-incoming-email-address-ends-with-via-bounce-secureserver-net-what-does-this-mean-we-are-wondering-if-an-email-sent-to-our-organization-is-legitimately-from-the-foundation-in-the-email-address-the-message-is","error",""
"https://www.quora.com/if-im-using-moon-sand-to-make-a-sculpture-what-can-i-mix-it-with-so-that-it-hardens-in-place-retains-its-shape","error",""
"https://www.quora.com/if-web-crawling-is-illegal-then-how-do-search-engines-do-it-all-the-time","error",""
"https://www.quora.com/in-dnd-can-a-tiefling-be-born-from-two-human-parents","error",""
"https://www.quora.com/in-minecraft-what-is-the-nether-wart-used-for","error",""
"https://www.quora.com/insects-what-is-the-nutritional-content-of-discarded-cicada-skins","error",""
"https://www.quora.com/is-a-pilot-for-a-television-show-always-the-first-episode-of-the-first-season","error",""
"https://www.quora.com/is-barron-trump-a-special-needs-child","error",""
"https://www.quora.com/is-hair-and-eye-color-shown-on-your-birth-certificate-in-the-us","error",""
"https://www.quora.com/is-it-possible-to-get-rid-of-a-bad-credit-history-and-start-over-from-scratch","error",""
"https://www.quora.com/is-it-possible-to-grow-morning-glory-from-seeds-how-long-does-it-typically-take-for-them-to-start-growing-after-being-planted","error",""
"https://www.quora.com/is-it-safe-for-a-couple-to-have-a-shower-together","error",""
"https://www.quora.com/is-it-worth-to-add-a-line-in-my-resume-on-a-poster-presentation-i-did-in-a-top-conference","error",""
"https://www.quora.com/is-mold-dangerous-to-my-health","error",""
"https://www.quora.com/is-obs-better-than-geforce-experience-for-recording-games","error",""
"https://www.quora.com/is-shawarma-an-arabic-food","error",""
"https://www.quora.com/is-the-main-size-on-a-suit-jacket-36-38-etc-the-same-as-your-waist-trouser-size","error",""
"https://www.quora.com/is-the-squid-game-appropriate-for-kids-age-12-15","error",""
"https://www.quora.com/is-there-a-way-to-clean-between-the-oven-glass","error",""
"https://www.quora.com/is-there-a-way-to-present-on-zoom-using-presenter-mode-where-other-people-only-see-your-slides-no-notes-if-you-only-have-one-screen","error",""
"https://www.quora.com/is-there-a-way-to-see-someones-discord-profile-and-bio-while-youre-blocked-like-with-a-site-like-discord-lookup","error",""
"https://www.quora.com/is-there-any-advice-for-the-type-of-paint-i-should-use-for-painting-clay-pots-for-an-outdoor-patio","error",""
"https://www.quora.com/is-there-any-other-way-to-make-a-graph-chart-on-your-computer-not-using-microsoft-excel","error",""
"https://www.quora.com/is-there-any-way-to-find-someones-information-in-discord-with-only-their-id","error",""
"https://www.quora.com/is-there-something-i-can-do-to-stop-onedrive-from-putting-my-files-in-onedrive-which-seems-to-be-on-automatic-is-there-a-settings-or-button-and-where-is-it","error",""
"https://www.quora.com/men-at-what-age-did-you-stop-growing-taller","error",""
"https://www.quora.com/microsoft-declared-that-windows-10-would-be-their-last-windows-but-then-came-windows-11-can-we-now-expect-windows-12-13-14-etc","error",""
"https://www.quora.com/my-cat-who-is-18-has-matted-hair-im-worried-about-taking-her-to-the-vet-in-case-they-hurt-her-how-can-i-deal-with-the-problem","error",""
"https://www.quora.com/my-coworker-is-constantly-asking-me-for-favors-and-its-starting-to-feel-like-hes-taking-advantage-of-me-how-can-i-set-boundaries-without-coming-off-as-rude","error",""
"https://www.quora.com/my-daughter-wants-to-watch-a-watch-a-new-series-on-netflix-called-squid-game-she-s-currently-12-is-it-appropriate-for-her-age","error",""
"https://www.quora.com/rice-contains-high-sugar-one-bowl-of-rice-has-10-teaspoons-of-sugar-how-do-i-remove-sugar-from-rice-while-cooking-rice","error",""
"https://www.quora.com/should-i-take-college-credit-plus-ccp-classes-during-high-school-or-graduate-early-to-persuade-my-career-as-an-obgyn","error",""
"https://www.quora.com/the-relationships-among-revenue-cost-profit-and-volume-can-be-illustrated-through-a-cvp-graph-can-you-present-the-graph-and-explain-the-relationship-among-these-factors","error",""
"https://www.quora.com/though-moon-reflects-the-light-of-the-sun-then-why-does-moonlight-appear-white-but-sunlight-appears-orange-yellow","error",""
"https://www.quora.com/till-what-percent-should-i-charge-my-laptop-i-am-a-frequent-laptop-user-and-use-it-for-around-7-10-hrs-a-day-how-often-and-till-what-percent-should-i-charge-my-device","error",""
"https://www.quora.com/was-anakin-skywalker-young-to-be-a-jedi-knight-at-his-age","error",""
"https://www.quora.com/was-jesus-actually-a-carpenter","error",""
"https://www.quora.com/were-any-ships-sent-to-assist-the-titanic-after-it-sank","error",""
"https://www.quora.com/what-are-126-forgotten-survival-foods-that-you-should-add-to-your-stock-pile","error",""
"https://www.quora.com/what-are-biscoff-cookies","error",""
"https://www.quora.com/what-are-control-variables-and-their-function","error",""
"https://www.quora.com/what-are-effective-ways-to-demonstrate-ownership-of-projects-at-work","error",""
"https://www.quora.com/what-are-examples-of-heterogeneous-elements","error",""
"https://www.quora.com/what-are-facial-expressions","error",""
"https://www.quora.com/what-are-good-gifts-for-a-bridal-shower","error",""
"https://www.quora.com/what-are-lead-acid-batteries-used-for","error",""
"https://www.quora.com/what-are-nonogram-puzzles","error",""
"https://www.quora.com/what-are-some-easy-ways-to-tackle-the-noise-from-your-snoring-partner","error",""
"https://www.quora.com/what-are-some-effective-ways-to-prevent-or-alleviate-muscle-cramps-during-long-distance-running","error",""
"https://www.quora.com/what-are-some-examples-of-how-domestic-policies-can-affect-foreign-relations","error",""
"https://www.quora.com/what-are-some-free-voice-changers-for-discord-windows-macos","error",""
"https://www.quora.com/what-are-some-good-outfit-ideas-for-a-yacht-party","error",""
"https://www.quora.com/what-are-some-good-side-dishes-with-lobster","error",""
"https://www.quora.com/what-are-some-household-products-made-with-iron","error",""
"https://www.quora.com/what-are-some-innovative-ways-to-repurpose-and-upcycle-clothing-items-to-reduce-waste-and-promote-sustainability-1","error",""
"https://www.quora.com/what-are-some-of-the-things-you-love-about-florida-why-do-you-think-someone-should-visit-the-state","error",""
"https://www.quora.com/what-are-some-tricks-to-get-free-delivery-from-amazon","error",""
"https://www.quora.com/what-are-some-unconventional-but-effective-methods-for-soothing-a-colicky-baby-that-worked-for-you-when-traditional-approaches-failed","error",""
"https://www.quora.com/what-are-some-ways-in-which-your-bloods-hemoglobin-can-drop-to-the-lowest-level","error",""
"https://www.quora.com/what-are-some-ways-that-citizens-can-influence-a-government","error",""
"https://www.quora.com/what-are-some-ways-to-reuse-and-recycle-old-clothes-other-fabric-items-and-cloth-like-materials","error",""
"https://www.quora.com/what-are-the-benefits-and-drawbacks-of-using-vinegar-instead-of-liquid-or-powdered-fabric-softener-when-washing-clothes","error",""
"https://www.quora.com/what-are-the-best-foods-to-eat-when-your-gallbladder-is-acting-up","error",""
"https://www.quora.com/what-are-the-criticism-or-pushback-of-using-forensic-genealogy-to-solve-crimes","error",""
"https://www.quora.com/what-are-the-different-ways-to-name-an-organic-compound-besides-using-iupac-nomenclature-rules","error",""
"https://www.quora.com/what-are-the-effects-of-cbd-on-your-sex-life","error",""
"https://www.quora.com/what-are-the-five-techniques-of-organizing-and-presenting-data","error",""
"https://www.quora.com/what-are-the-implications-of-having-high-or-low-triglycerides","error",""
"https://www.quora.com/what-are-the-signs-of-bipolar-disorder-and-is-it-possible-to-prevent-it","error",""
"https://www.quora.com/what-are-the-steps-to-connect-a-laptop-to-another-computer","error",""
"https://www.quora.com/what-are-the-symptoms-of-hyperkalemia-how-is-excess-potassium-removed-from-the-body","error",""
"https://www.quora.com/what-are-the-things-to-consider-when-buying-a-power-supply-unit-psu-for-gaming","error",""
"https://www.quora.com/what-are-you-supposed-to-say-in-response-to-thank-you-for-your-service-%e2%80%9cyou%e2%80%99re-welcome%e2%80%9d-seems-kind-of-weird-as-does-%e2%80%9coh-no-worries-it-was-nothing-really%e2%80%9d","error",""
"https://www.quora.com/what-can-i-do-in-1-minute","error",""
"https://www.quora.com/what-can-i-do-in-one-minute-every-day-that-will-improve-my-life","error",""
"https://www.quora.com/what-can-i-do-to-earn-40-000-usd-in-a-short-term","error",""
"https://www.quora.com/what-can-i-really-use-node-js-for-anyway-on-a-real-server-app-where-there-are-no-alternatives-to-it","error",""
"https://www.quora.com/what-causes-burning-sensation-in-the-tongue","error",""
"https://www.quora.com/what-causes-hives-and-how-long-do-they-usually-last","error",""
"https://www.quora.com/what-classes-should-i-take-if-i-want-to-become-a-marine-biologist","error",""
"https://www.quora.com/what-color-of-lipstick-is-suitable-for-very-white-skin-without-being-noticeably-eye-catching","error",""
"https://www.quora.com/what-could-be-causing-a-person-snoring-to-be-getting-louder-and-worse","error",""
"https://www.quora.com/what-could-be-causing-an-adult-cat-to-suddenly-become-very-needy-seeking-constant-attention-and-even-sleeping-on-someones-bed-every-night-this-is-not-normal-behavior","error",""
"https://www.quora.com/what-did-i-do-when-i-have-a-burning-tongue-in-the-front-part-but-no-where-else-and-only-in-the-morning-sometimes-its-worse-and-sometimes-not-at-all","error",""
"https://www.quora.com/what-do-double-top-and-bottom-candles-indicate-in-forex-trading","error",""
"https://www.quora.com/what-do-facial-expressions-tell-you-about-a-person","error",""
"https://www.quora.com/what-do-i-do-when-my-natural-nail-underneath-the-acrylic-grew-out-as-long-as-the-fake-how-do-i-get-rid-of-it-do-i-need-a-whole-new-set","error",""
"https://www.quora.com/what-do-the-zodiac-signs-represent-in-astrology-can-you-explain-their-meanings","error",""
"https://www.quora.com/what-do-we-know-about-the-beech-tree","error",""
"https://www.quora.com/what-do-you-need-to-become-a-marine-biologist-and-how-can-i-become-one-also-could-you-give-me-any-extra-information-about-this-job","error",""
"https://www.quora.com/what-do-you-say-if-a-job-asks-what-can-you-bring-to-the-company","error",""
"https://www.quora.com/what-does-a-hot-flash-feel-like","error",""
"https://www.quora.com/what-does-blood-osmolarity-mean","error",""
"https://www.quora.com/what-does-consolidate-and-text-to-column-mean-in-excel","error",""
"https://www.quora.com/what-does-crawling-a-website-mean","error",""
"https://www.quora.com/what-does-dry-needling-feel-like","error",""
"https://www.quora.com/what-does-each-color-represent-in-a-persons-zodiac-sign","error",""
"https://www.quora.com/what-does-it-mean-to-be-a-good-global-citizen-why-is-it-important-to-be-one-what-are-some-ways-in-which-we-can-become-good-global-citizens","error",""
"https://www.quora.com/what-does-it-mean-to-be-a-notary-public-in-texas-what-are-the-requirements-to-become-a-notary-public-in-texas-how-much-does-it-cost-to-become-a-notary-public-in-texas","error",""
"https://www.quora.com/what-does-it-mean-to-have-a-catchy-slogan","error",""
"https://www.quora.com/what-does-it-mean-when-a-song-is-mono-or-stereo","error",""
"https://www.quora.com/what-does-it-mean-when-someone-boosts-a-discord-server","error",""
"https://www.quora.com/what-does-the-bible-say-about-how-to-pray-effectively","error",""
"https://www.quora.com/what-does-the-bible-say-is-the-reason-to-pray-are-people-most-motivated-to-pray-when-they-need-something-from-god","error",""
"https://www.quora.com/what-exactly-is-a-thought-disorder-what-are-the-symptoms-im-schizophrenic-myself","error",""
"https://www.quora.com/what-exactly-is-happening-when-you-get-diarrhea-and-suddenly-get-all-that-pain-and-what-is-your-body-trying-to-achieve-when-waste-becomes-so-liquid","error",""
"https://www.quora.com/what-exactly-is-shawarma","error",""
"https://www.quora.com/what-eyeshadow-colors-make-dark-blue-eyes-look-lighter","error",""
"https://www.quora.com/what-falls-under-repairs-and-maintenance","error",""
"https://www.quora.com/what-foods-can-you-not-eat-with-an-abscessed-tooth","error",""
"https://www.quora.com/what-gold-coins-are-worth-money","error",""
"https://www.quora.com/what-graphics-card-do-i-have-in-windows-11","error",""
"https://www.quora.com/what-happens-at-church-on-sunday-could-you-walk-me-through-everything-that-happens-when-do-you-have-the-time-to-interact-with-others-attending-the-worship-service","error",""
"https://www.quora.com/what-happens-if-you-plant-gladiolus-bulbs-less-than-8-deep","error",""
"https://www.quora.com/what-hormones-regulate-the-menstrual-cycle","error",""
"https://www.quora.com/what-if-the-wrong-item-is-delivered-by-amazon-but-the-customer-still-wants-the-refund","error",""
"https://www.quora.com/what-is-a-catchy-tagline","error",""
"https://www.quora.com/what-is-a-fallacy-in-philosophy","error",""
"https://www.quora.com/what-is-a-good-idea-for-a-sticker-app-within-imessages-in-ios-10","error",""
"https://www.quora.com/what-is-a-heterogeneous-mixture-and-a-homogeneous-mixture","error",""
"https://www.quora.com/what-is-a-j-code-in-medical-billing","error",""
"https://www.quora.com/what-is-a-material-safety-data-sheet-and-why-must-i-know-where-to-find-it","error",""
"https://www.quora.com/what-is-a-nofollow-link-and-why-is-it-used","error",""
"https://www.quora.com/what-is-a-successful-method-for-decluttering-and-organizing-your-life-how-do-you-determine-what-items-to-keep-and-what-to-get-rid-of","error",""
"https://www.quora.com/what-is-an-ethernet-switch-what-is-it-used-for-and-how-does-it-work","error",""
"https://www.quora.com/what-is-anatomy-and-physiology","error",""
"https://www.quora.com/what-is-appropriate-attire-for-a-boat-ride-if-someone-wants-to-look-somewhat-formal-but-not-too-fancy","error",""
"https://www.quora.com/what-is-bipolar-disorder-2","error",""
"https://www.quora.com/what-is-bipolar-type-2-it%e2%80%99s-been-mentioned-that-i-may-have-it","error",""
"https://www.quora.com/what-is-cap-rate-and-how-do-you-determine-it","error",""
"https://www.quora.com/what-is-career-coaching-and-how-can-it-change-your-path","error",""
"https://www.quora.com/what-is-diarrhea","error",""
"https://www.quora.com/what-is-double-top-chart-pattern","error",""
"https://www.quora.com/what-is-drew-brees-like-in-person","error",""
"https://www.quora.com/what-is-fallacy-what-is-the-purpose-of-studying-fallacies-for-us","error",""
"https://www.quora.com/what-is-forensic-genealogy","error",""
"https://www.quora.com/what-is-havana-syndrome-what-causes-it-and-how-can-it-be-prevented-or-overcome-if-necessary-particularly-for-young-diplomats-starting-their-careers-abroad","error",""
"https://www.quora.com/what-is-it-like-being-put-under-propofol","error",""
"https://www.quora.com/what-is-market-equilibrium","error",""
"https://www.quora.com/what-is-methane-and-its-chemical-formula","error",""
"https://www.quora.com/what-is-more-important-in-love-trust-or-respect-and-why","error",""
"https://www.quora.com/what-is-natural-lighting-in-photography","error",""
"https://www.quora.com/what-is-server-boosting-in-discord-and-how-do-i-do-it","error",""
"https://www.quora.com/what-is-socialism-is-it-a-type-of-economy-or-political-ideology-like-capitalism-or-communism-if-so-how-does-it-differ-from-each-of-those-two-ideologies-economic-systems","error",""
"https://www.quora.com/what-is-the-advantage-of-using-sublimation-printers-instead-of-normal-printers-like-canon","error",""
"https://www.quora.com/what-is-the-affordable-care-act-aca-in-the-united-states-and-how-has-it-impacted-healthcare-access-insurance-coverage-and-healthcare-costs","error",""
"https://www.quora.com/what-is-the-age-range-of-most-teenagers-on-this-platform-are-they-mostly-from-generation-z-or-millennials","error",""
"https://www.quora.com/what-is-the-alignment-of-the-steering-wheel-to-toe-in-toe-out-to-45-degrees","error",""
"https://www.quora.com/what-is-the-best-color-of-lipstick-for-a-light-complexion","error",""
"https://www.quora.com/what-is-the-best-gallbladder-diet-menu","error",""
"https://www.quora.com/what-is-the-best-most-organized-way-to-store-excess-amounts-of-seeds-for-planting-later-on","error",""
"https://www.quora.com/what-is-the-best-thing-to-do-for-yourself-when-you-feel-a-leg-cramp-coming-on","error",""
"https://www.quora.com/what-is-the-best-way-to-create-your-own-website-is-there-any-free-easy-to-use-software-that-would-allow-me-to-build-one-myself-without-writing-code","error",""
"https://www.quora.com/what-is-the-best-way-to-get-rid-of-crabgrass-when-it-appears-in-the-lawn-other-than-pulling-up-each-clump-is-there-a-spray-that-kills-crabgrass-only","error",""
"https://www.quora.com/what-is-the-biblical-pattern-of-church-leadership","error",""
"https://www.quora.com/what-is-the-bounce-server-for","error",""
"https://www.quora.com/what-is-the-cause-of-white-tongue-and-how-can-it-be-treated-naturally","error",""
"https://www.quora.com/what-is-the-chemical-formula-of-methane-gas","error",""
"https://www.quora.com/what-is-the-command-used-to-delete-or-remove-all-error-values-in-excel","error",""
"https://www.quora.com/what-is-the-contribution-or-role-of-martin-luther-king-in-the-early-modern-period","error",""
"https://www.quora.com/what-is-the-cost-and-duration-of-obtaining-a-microsoft-azure-certification","error",""
"https://www.quora.com/what-is-the-definition-of-mono","error",""
"https://www.quora.com/what-is-the-dewpoint-how-do-you-calculate-it-from-temperature-and-relative-humidity","error",""
"https://www.quora.com/what-is-the-difference-between-a-contract-lawyer-and-a-regular-lawyer","error",""
"https://www.quora.com/what-is-the-difference-between-a-contract-lawyer-and-an-employment-lawyer","error",""
"https://www.quora.com/what-is-the-difference-between-a-couch-a-chesterfield-and-a-sofa-most-people-i-know-use-the-terms-interchangeably","error",""
"https://www.quora.com/what-is-the-difference-between-a-dry-lease-and-wet-lease-for-equipment","error",""
"https://www.quora.com/what-is-the-difference-between-a-nofollow-and-a-dofollow-link-how-do-they-affect-seo","error",""
"https://www.quora.com/what-is-the-difference-between-costco-memberships","error",""
"https://www.quora.com/what-is-the-difference-between-domestic-policy-and-foreign-policy","error",""
"https://www.quora.com/what-is-the-difference-between-employees-and-employees","error",""
"https://www.quora.com/what-is-the-difference-between-regular-and-organic-full-fat-whole-milk-do-they-come-from-different-cows-on-different-farms-with-different-nutrition-labels-attached-to-them","error",""
"https://www.quora.com/what-is-the-difference-between-socialism-and-an-ideology","error",""
"https://www.quora.com/what-is-the-difference-between-systems-engineering-and-industrial-engineering","error",""
"https://www.quora.com/what-is-the-difference-between-waxing-and-waning-moons-what-is-the-difference-between-new-and-full-moons-are-they-different-phases-as-well","error",""
"https://www.quora.com/what-is-the-easiest-way-to-set-up-a-new-icloud-email","error",""
"https://www.quora.com/what-is-the-explanation-of-the-kingdom-of-god-is-already-here-but-not-yet-fully","error",""
"https://www.quora.com/what-is-the-graphical-representation-of-a-cost-volume-profit-cvp-relationship","error",""
"https://www.quora.com/what-is-the-havana-syndrome-and-what-are-the-causes-and-suggested-treatments","error",""
"https://www.quora.com/what-is-the-history-of-mechanical-clocks-who-invented-the-first-mechanical-clock-how-accurate-were-early-mechanical-clocks-compared-to-modern-ones-what-was-the-purpose-of-the-first-mechanical-clocks","error",""
"https://www.quora.com/what-is-the-importance-of-learning-about-healthy-eating-habits-in-school","error",""
"https://www.quora.com/what-is-the-introduction-to-anatomy-and-physiology","error",""
"https://www.quora.com/what-is-the-meaning-of-low-rank-matrix","error",""
"https://www.quora.com/what-is-the-meaning-of-maintenance-and-why-is-nobody-heard-from","error",""
"https://www.quora.com/what-is-the-meaning-of-the-name-buddha-did-gautama-refer-to-himself-as-a-buddha-or-was-this-term-given-to-him-by-others","error",""
"https://www.quora.com/what-is-the-meaning-of-the-zodiac-sign","error",""
"https://www.quora.com/what-is-the-method-for-calculating-power-in-an-ac-circuit-is-it-different-from-calculating-power-in-a-dc-circuit","error",""
"https://www.quora.com/what-is-the-most-common-form-of-multiple-sclerosis-what-medication-do-you-take-for-it","error",""
"https://www.quora.com/what-is-the-most-common-method-for-determining-the-value-of-a-small-business-during-a-sale-is-there-a-standard-formula-used-for-this-calculation","error",""
"https://www.quora.com/what-is-the-most-cost-effective-way-to-heat-an-above-ground-pool-without-causing-damage-when-draining-it-for-winter","error",""
"https://www.quora.com/what-is-the-most-energy-efficient-way-to-heat-my-pool","error",""
"https://www.quora.com/what-is-the-most-likely-size-for-ancalagon-the-black-how-does-this-compare-to-balerion-and-other-dragons-of-fantasy","error",""
"https://www.quora.com/what-is-the-process-for-extracting-silver-from-a-solution-of-silver-cyanide","error",""
"https://www.quora.com/what-is-the-process-for-writing-a-will-without-involving-lawyers-or-other-people","error",""
"https://www.quora.com/what-is-the-proper-way-to-cut-back-a-butterfly-plant","error",""
"https://www.quora.com/what-is-the-purpose-of-using-propofol-as-an-anaesthetic-are-there-any-alternative-options-that-are-considered-safer-and-more-cost-effective-in-modern-medicine","error",""
"https://www.quora.com/what-is-the-real-reason-piper-and-jason-broke-up-in-the-trials-of-apollo-the-burning-maze","error",""
"https://www.quora.com/what-is-the-relationship-between-technology-and-social-isolation","error",""
"https://www.quora.com/what-is-the-relative-strength-index-rsi-and-how-is-it-calculated","error",""
"https://www.quora.com/what-is-the-religion-of-ancient-egypt","error",""
"https://www.quora.com/what-is-the-significance-of-martin-luther-kings-legacy-to-you","error",""
"https://www.quora.com/what-is-the-significance-of-the-name-buddha-and-why-was-he-not-named-after-his-parents-or-any-other-name","error",""
"https://www.quora.com/what-is-the-tastiest-way-to-cook-lobster-tails","error",""
"https://www.quora.com/what-is-the-typical-duration-of-hives-why-do-they-reappear-even-after-a-long-period-of-time","error",""
"https://www.quora.com/what-is-the-waning-and-waxing-phase-of-the-moon","error",""
"https://www.quora.com/what-is-the-white-coating-on-our-tongue","error",""
"https://www.quora.com/what-is-wet-lease-and-dry-lease","error",""
"https://www.quora.com/what-makes-florida-a-popular-state-what-unique-features-does-it-have-compared-to-other-states","error",""
"https://www.quora.com/what-methods-do-deaf-people-use-to-communicate-on-the-phone-or-internet","error",""
"https://www.quora.com/what-really-was-jesuss-occupation","error",""
"https://www.quora.com/what-role-does-inclusive-language-play-in-transforming-corporate-communications-to-be-more-effective-inclusive-and-empowering-for-all-employees","error",""
"https://www.quora.com/what-s-the-distance-by-foot-from-jerusalem-to-galilee","error",""
"https://www.quora.com/what-should-someone-do-if-they-accidentally-drop-their-phone-in-water","error",""
"https://www.quora.com/what-should-you-put-in-gift-bags-for-wedding-guests","error",""
"https://www.quora.com/what-steps-can-i-take-to-safely-wire-money-to-a-title-company","error",""
"https://www.quora.com/what-the-consequences-of-compressingam-entire-hard-disk-content-using-a-utility-such-as-drive-space","error",""
"https://www.quora.com/what-was-jesus-profession","error",""
"https://www.quora.com/what-was-pauls-age-when-he-wrote-a-significant-portion-of-the-new-testament","error",""
"https://www.quora.com/what-were-the-main-products-traded-on-the-silk-road","error",""
"https://www.quora.com/whats-a-good-side-dish-for-a-freshly-boiled-lobster","error",""
"https://www.quora.com/whats-required-to-build-a-tesla-supercharger-station","error",""
"https://www.quora.com/whats-the-best-way-to-caulk-a-tub-or-shower-so-the-caulking-is-smooth-and-uniform","error",""
"https://www.quora.com/whats-the-oldest-age-of-generation-z-are-people-ages-24-27-still-considered-a-part-of-generation-z","error",""
"https://www.quora.com/when-does-one-use-a-hyphen-instead-of-making-the-two-words-a-compound-word","error",""
"https://www.quora.com/when-was-scotch-tape-invented","error",""
"https://www.quora.com/when-was-the-first-mechanical-clock-invented-in-china","error",""
"https://www.quora.com/when-was-the-holy-trinity-first-mentioned-in-the-bible","error",""
"https://www.quora.com/when-was-the-trinity-first-proposed-by-man","error",""
"https://www.quora.com/when-would-a-teenage-boy-stop-growing-taller","error",""
"https://www.quora.com/where-can-i-find-my-medicare-insurance-group-number","error",""
"https://www.quora.com/where-can-i-find-roblox-promo-codes","error",""
"https://www.quora.com/where-did-the-idea-of-the-trinity-come-from","error",""
"https://www.quora.com/where-did-the-term-box-spring-come-from","error",""
"https://www.quora.com/where-does-geforce-experience-save-videos","error",""
"https://www.quora.com/where-does-the-word-buddha-come-from-and-what-does-it-mean-in-buddhism","error",""
"https://www.quora.com/where-in-the-bible-does-it-say-abortion-is-a-sin-or-is-murder-or-both","error",""
"https://www.quora.com/where-in-the-u-s-do-magic-mushrooms-grow","error",""
"https://www.quora.com/where-is-glyphosate-banned","error",""
"https://www.quora.com/which-format-is-better-for-ssd-ntfs-or-exfat","error",""
"https://www.quora.com/who-and-when-did-the-trinity-come-in-christianity","error",""
"https://www.quora.com/why-am-i-having-no-bowel-function-all-of-a-sudden","error",""
"https://www.quora.com/why-are-my-legs-and-hips-sore-every-day-i-can-hardly-move-or-walk","error",""
"https://www.quora.com/why-are-the-numbers-for-the-clock-on-my-amazon-echo-spot-red","error",""
"https://www.quora.com/why-are-there-so-many-quora-responders-who-actually-state-that-barron-trump-has-autism-when-there-is-no-legitimate-competent-authority-to-qualify-this-assertion-where-is-their-proof","error",""
"https://www.quora.com/why-can-t-i-poop-properly","error",""
"https://www.quora.com/why-did-bill-cowher-never-coach-again-after-the-steelers","error",""
"https://www.quora.com/why-did-god-love-us-despite-our-sins-and-is-there-a-reason-for-love","error",""
"https://www.quora.com/why-did-i-jump-from-being-a-sag-to-a-cancer-sign-when-my-birth-date-is-december-3-1960-10-07-p-m","error",""
"https://www.quora.com/why-didnt-bill-cowher-ever-get-hired-by-another-team-after-leaving-the-pittsburgh-steelers","error",""
"https://www.quora.com/why-do-i-get-a-headache-each-time-i-masturbate-and-how-can-i-get-relief-from-that","error",""
"https://www.quora.com/why-do-leaders-need-to-do-effective-communication","error",""
"https://www.quora.com/why-do-people-use-dual-monitors-for-gaming","error",""
"https://www.quora.com/why-do-rechargeable-batteries-go-bad-over-time-and-lose-their-ability-to-hold-a-charge","error",""
"https://www.quora.com/why-do-rechargeable-batteries-lose-charge-faster-than-ordinary-batteries-when-not-in-use","error",""
"https://www.quora.com/why-do-some-people-have-bipolar-disorder","error",""
"https://www.quora.com/why-does-a-toilet-run-every-5-minutes","error",""
"https://www.quora.com/why-does-girls-move-on-so-easily-and-quickly","error",""
"https://www.quora.com/why-does-jesus-love-us-so-much","error",""
"https://www.quora.com/why-does-just-my-right-hip-hurt-after-taking-a-walk","error",""
"https://www.quora.com/why-does-my-right-hand-stay-cold","error",""
"https://www.quora.com/why-does-my-toilet-run-water-every-few-minutes","error",""
"https://www.quora.com/why-does-my-voice-sound-much-deeper-for-others-but-when-i-listen-to-a-recording-of-mine-it-sounds-completely-different-than-what-others-say","error",""
"https://www.quora.com/why-does-one-of-my-hands-go-really-cold-even-if-the-other-is-warm","error",""
"https://www.quora.com/why-does-the-moon-look-white-during-the-daytime","error",""
"https://www.quora.com/why-does-the-sun-look-yellow-but-the-moon-looks-white","error",""
"https://www.quora.com/why-doesn-t-the-valorant-game-work-on-my-pc-with-windows-11","error",""
"https://www.quora.com/why-during-the-day-does-the-moon-appear-white-and-not-blue-like-mountains-do-off-in-the-distance-or-is-this-already-happening-and-im-just-not-seeing-it-clearly-because-of-the-extra-light-being-reflected","error",""
"https://www.quora.com/why-is-data-compression-important-even-though-the-size-of-the-hard-disk-is-massive-and-cheap-today","error",""
"https://www.quora.com/why-is-dry-needling-so-painful","error",""
"https://www.quora.com/why-is-eating-healthy-important-for-children-and-teenagers","error",""
"https://www.quora.com/why-is-global-citizenship-important","error",""
"https://www.quora.com/why-is-it-important-for-leaders-to-have-an-openness-to-communication-and-a-commitment-to-growth-in-their-journey-towards-better-leadership","error",""
"https://www.quora.com/why-is-it-important-to-add-c-in-the-antiderivatives-of-functions","error",""
"https://www.quora.com/why-is-it-so-easy-for-a-girl-to-move-on-after-break-up","error",""
"https://www.quora.com/why-is-the-moon-in-white","error",""
"https://www.quora.com/why-is-the-moon-white-in-colour-what-are-those-dark-patches-that-we-can-see-on-the-moon","error",""
"https://www.quora.com/why-would-you-declare-a-class-as-an-abstract","error",""
"https://www.quora.com/will-morning-glory-plants-which-died-down-for-the-winter-grow-up-again-from-their-roots-like-bind-weed-or-will-i-have-to-plant-some-of-the-abundant-seeds-which-are-still-hanging-on-the-dead-plants","error",""
"https://www.quora.com/will-there-be-complications-if-a-dog-misses-a-bordetella-vaccine-by-a-couple-of-months","error",""
"https://www.quora.com/would-jesus-christ-have-been-pro-life-or-pro-abortion","error",""
"https://www.rabbithotel.com","error",""
"https://www.racgp.org.au/afp/2017/march/implanon-nxt-expert-tips-for-best-practice-inserti","error",""
"https://www.racgp.org.au/afp/2017/september/the-suspect-siadh","error",""
"https://www.rainbowgardens.biz/edibles/pests-control-tomatoes-tomato","error",""
"https://www.rareseeds.com","error",""
"https://www.rarestone.com/geminfov2.php","error",""
"https://www.raspberrypi.com/documentation/computers/configuration.html","error",""
"https://www.raspberrypi.com/products/raspberry-pi-5","error",""
"https://www.raspberrypi.com/software/operating-systems","error",""
"https://www.raspberrypi.com/tutorials/nas-box-raspberry-pi-tutorial","error",""
"https://www.rawgraphs.io","error",""
"https://www.razer.com/cortex","error",""
"https://www.rbi.org.in/commonperson/english/scripts/faqs.aspx","error",""
"https://www.rbpstore.org/products/5133/biblical-slave-leadership","error",""
"https://www.rch.org.au/clinicalguide/guideline_index/diabetes_insipidus","error",""
"https://www.rch.org.au/kidsinfo/fact_sheets/crying_and_unsettled_babies","error",""
"https://www.rch.org.au/kidsinfo/fact_sheets/hives","error",""
"https://www.rch.org.au/kidsinfo/fact_sheets/nutrition_older_children","error",""
"https://www.rch.org.au/kidsinfo/fact_sheets/pneumonia","error",""
"https://www.rchsd.org/health-article/pubic-lice-crabs","error",""
"https://www.rcrorganicfeedstore.com/waning-or-waxing-moon","error",""
"https://www.rcslt.org/speech-and-language-therapy/clinical-information/dementia","error",""
"https://www.rctech.net/forum/nitro-off-road/325465-how-measure-front-toe-out.html","error",""
"https://www.rctech.net/forum/nitro-off-road/432692-measuring-camber-toe-correct-way.html","error",""
"https://www.rd.com/list/declutter-every-day","error",""
"https://www.readspeaker.com","error",""
"https://www.realbiblestudy.com","error",""
"https://www.realestate.com.au/property-house-qld-southside-148378716","error",""
"https://www.realhomes.com/advice/how-to-keep-rabbits-out-of-the-garden","error",""
"https://www.realhomes.com/advice/how-to-measure-up-for-curtains","error",""
"https://www.realtor.com/news/celebrity-real-estate/michael-jordan-home-airbnb-listing-timeshare","error",""
"https://www.rebeccadanzenbaker.com/creating-natural-light","error",""
"https://www.recipetineats.com/cheese-herb-garlic-quick-bread","error",""
"https://www.recipetineats.com/chicken-sharwama-middle-eastern","error",""
"https://www.recipetineats.com/chinese-beef-with-honey-and-black-pepper-sauce","error",""
"https://www.recipetineats.com/french-fries","error",""
"https://www.recipetineats.com/honey-chicken-stay-crispy","error",""
"https://www.recipetineats.com/lobster-recipes-cooked-lobster-crayfish","error",""
"https://www.recipetineats.com/monkfish-recipe","error",""
"https://www.recipetineats.com/no-bake-cheesecake","error",""
"https://www.recipetineats.com/pasta-alla-norma-eggplant-pasta","error",""
"https://www.recipetineats.com/peppercorn-sauce","error",""
"https://www.recipetineats.com/sandwich-bread-without-yeast-quick-easy","error",""
"https://www.recipetineats.com/spaghetti-bolognese","error",""
"https://www.recreation.gov","error",""
"https://www.redbubble.com/shop/imessage+stickers","error",""
"https://www.redcrossblood.org","error",""
"https://www.redcrossblood.org/faq.html","error",""
"https://www.reddit.com/r/30plusskincare/comments/18i7g7d/how_do_i_get_rid_of_these_marks_theyve_been_on_my","error",""
"https://www.reddit.com/r/absoluteunits/comments/u54vrm/antipoaching_units_standing_with_gorillas","error",""
"https://www.reddit.com/r/academia/comments/1ce2xne/how_to_include_a_poster_award_on_cv","error",""
"https://www.reddit.com/r/academicbiblical/comments/i3yd3k/was_jesus_christ_homeless_did_he_leave_his_job_as","error",""
"https://www.reddit.com/r/accessibility/comments/189hvxu/text_to_speech_on_android_phone","error",""
"https://www.reddit.com/r/acting/comments/104batm/is_pilot_season_still_a_thing_and_when_does_it","error",""
"https://www.reddit.com/r/actuary/comments/jzqrsy/guaranteed_minimum_withdrawal_benefit_vs","error",""
"https://www.reddit.com/r/africa/comments/1lhof5e/africas_epic_family_dynasties_the_men_of_the","error",""
"https://www.reddit.com/r/airbnb/comments/mks17n/why_are_service_fees_for_guests_so_high_seems_to","error",""
"https://www.reddit.com/r/airforce/comments/t797ro/a_very_brief_description_of_the_assignment_process","error",""
"https://www.reddit.com/r/airforce/comments/xhtidi/thank_you_for_your_service_how_to_respond","error",""
"https://www.reddit.com/r/alexa/comments/rtmbm9/how_do_i_stop_this_black_screen_on_my_amazon_echo","error",""
"https://www.reddit.com/r/amazonecho/comments/oam49s/echo_show_8_black_screen","error",""
"https://www.reddit.com/r/amazonprime/comments/179gznn/amazon_sent_wrong_item_how_can_i_prove_it","error",""
"https://www.reddit.com/r/amazonprime/comments/1i9t5kl/reposting_here_so_amazon_gets_the_point_all_your","error",""
"https://www.reddit.com/r/americanairlines/comments/1839e8i/first_time_flying_with_a_carryon_cat_help","error",""
"https://www.reddit.com/r/americanpsycho/comments/mis1cf/where_can_i_watch_american_psycho","error",""
"https://www.reddit.com/r/analytics/comments/g1e6bx/am_i_crazy_or_is_creating_a_graph_in_excel_way","error",""
"https://www.reddit.com/r/androidquestions/comments/1cg211z/how_do_i_detect_filebased_malware_or_viruses_on","error",""
"https://www.reddit.com/r/androidquestions/comments/1jlqwah/phone_has_been_frequently_crashing_the_last_week","error",""
"https://www.reddit.com/r/androidtablets/comments/192tgu5/convert_fire_tablet","error",""
"https://www.reddit.com/r/answers/comments/h9fol/is_there_a_way_to_tell_whether_the_moon_is_waxing","error",""
"https://www.reddit.com/r/anxiety/comments/p7wf9u/burning_mouth_syndrome","error",""
"https://www.reddit.com/r/apple/comments/11ho854/create_new_icloud_email_address_and_update_apple","error",""
"https://www.reddit.com/r/applyingtocollege/comments/o5thir/how_did_the_colleges_get_my_email_address","error",""
"https://www.reddit.com/r/applyingtocollege/comments/owsqyc/how_do_you_get_more_college_mail","error",""
"https://www.reddit.com/r/aquariums/comments/9ds4xb/how_long_would_one_wait_before_inbetween_adding","error",""
"https://www.reddit.com/r/aquariums/comments/miipcg/how_often_do_you_guys_wait_before_adding_new_fish","error",""
"https://www.reddit.com/r/ark/comments/10mcsbe/kibble","error",""
"https://www.reddit.com/r/ark/comments/ondpxe/at_what_level_do_you_unlock_kibble","error",""
"https://www.reddit.com/r/ark/comments/tbawdl/where_to_find_kibble_recipes_in_game","error",""
"https://www.reddit.com/r/ark/comments/tivaiu/how_do_i_make_fucking_kibble","error",""
"https://www.reddit.com/r/ask/comments/1aceb4i/i_need_a_catchy_slogan","error",""
"https://www.reddit.com/r/askacanadian/comments/pepwvl/do_canadians_call_a_couchsofa_a_chesterfield","error",""
"https://www.reddit.com/r/askacanadian/comments/ync4ny/do_canadians_actually_refer_to_all_couches_as","error",""
"https://www.reddit.com/r/askachristian/comments/1k1xpar/what_happens_at_church","error",""
"https://www.reddit.com/r/askculinary/comments/230xja/san_marzano_tomatoes_better_than_other_canned","error",""
"https://www.reddit.com/r/askculinary/comments/acx5d6/peppercorn_sauce_the_bane_of_my_life","error",""
"https://www.reddit.com/r/askculinary/comments/ayvwgq/san_marzano_tomatoes_are_they_worth_it","error",""
"https://www.reddit.com/r/askculinary/comments/cq8zo8/pizza_stone_steel_or_pan","error",""
"https://www.reddit.com/r/askculinary/comments/gwtrnu/pizza_stone_directions_say_not_to_preheat","error",""
"https://www.reddit.com/r/askculinary/comments/h0itar/the_storage_life_of_opened_package_of_miso_paste","error",""
"https://www.reddit.com/r/askeconomics/comments/1ljii9w/are_prices_determined_by_demandsupply_forces_only","error",""
"https://www.reddit.com/r/askeconomics/comments/1lkpw33/is_it_realistic_to_want_to_raise_the_minimum_wage","error",""
"https://www.reddit.com/r/askengineers/comments/12xd432/how_do_you_calculate_ac_power","error",""
"https://www.reddit.com/r/askengineers/comments/w0xvyg/what_the_heck_is_industrial_engineering","error",""
"https://www.reddit.com/r/askfrance/comments/10znhl8/what_is_your_opinion_about_inclusive_lenguage","error",""
"https://www.reddit.com/r/askhistorians/comments/1bkcaub/did_the_black_death_contribute_to_the_innovation","error",""
"https://www.reddit.com/r/askhistorians/comments/1lhsil6/im_trying_to_verify_an_old_family_story_do_you","error",""
"https://www.reddit.com/r/askhistorians/comments/5ct5gg/what_items_were_commonly_traded_through_the_silk","error",""
"https://www.reddit.com/r/askhistorians/comments/786159/so_how_exactly_did_the_silk_road_get_established","error",""
"https://www.reddit.com/r/askhistorians/comments/7dxy6a/what_was_the_hitler_mustache_called_before_hitler","error",""
"https://www.reddit.com/r/askireland/comments/17ua9sr/coffee_after_tooth_extraction","error",""
"https://www.reddit.com/r/askireland/comments/1ilewwf/is_there_any_way_to_make_a_bunch_of_jpg_files","error",""
"https://www.reddit.com/r/askmath/comments/1382rs0/how_do_i_find_the_derivative_formula_for_a","error",""
"https://www.reddit.com/r/askmechanics/comments/12sf9xh/how_to_depressurize_ac_system","error",""
"https://www.reddit.com/r/askmen/comments/18t434u/divorced_men_whats_the_kindest_way_to_tell_my","error",""
"https://www.reddit.com/r/askmen/comments/1b4pzl6/how_long_do_men_continue_to_grow_after_hs","error",""
"https://www.reddit.com/r/askmenadvice/comments/1jbe6o2/what_are_good_things_to_say_during_sex_to_a_man","error",""
"https://www.reddit.com/r/askphilosophy/comments/2ocmhk/is_this_a_fallacy_if_so_what_is_it_called","error",""
"https://www.reddit.com/r/askphilosophy/comments/a1b28u/what_makes_a_logical_fallacy_fallacious","error",""
"https://www.reddit.com/r/askreddit/comments/2701rd/mattress_snobs_of_reddit_does_a_box_spring_matter","error",""
"https://www.reddit.com/r/askreddit/comments/6nlkjo/what_can_you_do_in_one_minute","error",""
"https://www.reddit.com/r/askreddit/comments/rmenyi/what_is_the_difference_between_respect_and_trust","error",""
"https://www.reddit.com/r/askreddit/comments/tqhur/what_is_the_proper_etiquette_for_showering_with","error",""
"https://www.reddit.com/r/askscience/comments/d0v1jf/how_does_anesthesia_with_propofol_work_i_had_a","error",""
"https://www.reddit.com/r/askscience/comments/lppm8/do_we_really_know_what_earths_core_is_made_of","error",""
"https://www.reddit.com/r/askscience/comments/tg9urk/why_does_the_moon_appear_white_while_the_sun","error",""
"https://www.reddit.com/r/asktechnology/comments/141pd7o/is_it_possible_to_access_old_sites_apps_that","error",""
"https://www.reddit.com/r/askvet/comments/1f7dijv/how_soon_is_too_soon_for_another_bordetella_shot","error",""
"https://www.reddit.com/r/asl/comments/16dxvzs/hello_in_asl_for_an_image","error",""
"https://www.reddit.com/r/astrology/comments/1gjm02r/retrograde_planets_in_the_chart","error",""
"https://www.reddit.com/r/astrologymemes/comments/1fkp0nj/birth_stones_by_month_vs_zodiac","error",""
"https://www.reddit.com/r/astrologymemes/comments/1jxwgam/all_planets_are_now_direct_there_are_currently_no","error",""
"https://www.reddit.com/r/astrologymemes/comments/1lkkirp/zodiac_sign_as_a_drink_do_you_agree","error",""
"https://www.reddit.com/r/autism/comments/lopteh/is_barron_trump_autistic","error",""
"https://www.reddit.com/r/autorepair/comments/si1f3c/oil_leak_additives_that_actually_work","error",""
"https://www.reddit.com/r/azure/comments/13zynbc/please_get_certs","error",""
"https://www.reddit.com/r/babybumps/comments/13j6f16/natera_panorama_testing_turnaround_time","error",""
"https://www.reddit.com/r/bandlab/comments/zbgcsr/why_does_my_voice_sound_different_when_i_record_it","error",""
"https://www.reddit.com/r/bariatricsurgery/comments/16fdl0j/how_long_did_you_take_off_for_recovery","error",""
"https://www.reddit.com/r/bariatricsurgery/comments/17zxgov/how_much_time_off_should_i_request_for_my_gastric","error",""
"https://www.reddit.com/r/battery/comments/1fo76ih/only_three_steps_replace_your_dell_laptop_battery","error",""
"https://www.reddit.com/r/bballshoes/comments/14tq3x8/what_ive_learned_about_sizing_and_fit_for_wide","error",""
"https://www.reddit.com/r/bballshoes/comments/1h53yhw/how_to_determine_if_shoes_should_be_standard_d_or","error",""
"https://www.reddit.com/r/beyondthebump/comments/v35fbc/parents_of_a_colic_baby_how_did_you_do_it_honest","error",""
"https://www.reddit.com/r/bible/comments/16llqgg/are_ages_in_the_bible_literal_when_did_terah","error",""
"https://www.reddit.com/r/biglaw/comments/158bege/any_contract_lawyers_on_here_how_is_it_does_it","error",""
"https://www.reddit.com/r/biology/comments/wnf7po/what_is_this_shell_of_an_insect_i_found_on_a_tree","error",""
"https://www.reddit.com/r/bioshock/comments/rhqgvk/so_now_that_flash_is_gone","error",""
"https://www.reddit.com/r/bipolar/comments/10294xf/what_do_you_think_the_reason_why_you_got_bipolar","error",""
"https://www.reddit.com/r/bipolar/comments/11jpvu3/what_do_you_think_caused_triggered_your_bipolar","error",""
"https://www.reddit.com/r/bipolar2/comments/1cs624w/i_was_just_diagnosed_what_is_bipolar_2","error",""
"https://www.reddit.com/r/birthcontrol/comments/16brrqc/nexplanon_3_years_or_5_years","error",""
"https://www.reddit.com/r/bitcheswithtaste/comments/1izfcis/actually_good_bridal_shower_prizes","error",""
"https://www.reddit.com/r/bloodpressure/comments/17ue60s/blood_pressure_is_higher_in_winter_cold_weather","error",""
"https://www.reddit.com/r/bodyweightfitness/comments/11x7yls/how_to_prevent_cramps_for_someone_starting_at_the","error",""
"https://www.reddit.com/r/breadit/comments/1fekbv1/does_flour_go_bad","error",""
"https://www.reddit.com/r/breakups/comments/1crxiys/how_do_women_move_on_so_fast","error",""
"https://www.reddit.com/r/breakups/comments/1dwg1md/do_womengirls_move_on_faster_than_menboys","error",""
"https://www.reddit.com/r/breakups/comments/1iidpbm/do_women_move_on_faster_than_men","error",""
"https://www.reddit.com/r/breakups/comments/1ijw08f/why_are_women_built_like_this","error",""
"https://www.reddit.com/r/breakups/comments/u7ijsc/whyhow_do_women_move_on_so_fast_is_it_really","error",""
"https://www.reddit.com/r/breastfeeding/comments/1exdpnz/how_did_you_and_your_baby_heal_from_thrush","error",""
"https://www.reddit.com/r/buddhism/comments/1j9q9ak/a_question_about_the_buddhas_name","error",""
"https://www.reddit.com/r/buddhism/comments/1lhqa5e/what_would_happen_if_the_ccp_kidnapped_the","error",""
"https://www.reddit.com/r/buddhism/comments/9kb4pu/what_is_the_origin_and_meaning_behind_the_term","error",""
"https://www.reddit.com/r/buildapc/comments/14tu6ey/why_do_people_have_multiple_monitors","error",""
"https://www.reddit.com/r/buildapc/comments/1arrhuj/is_there_a_rule_of_thumb_when_picking_out_a_power","error",""
"https://www.reddit.com/r/buildapc/comments/7928ds/why_does_everyone_here_buy_huge_psus","error",""
"https://www.reddit.com/r/buildapc/comments/o3bjbn/how_do_i_choose_a_psu","error",""
"https://www.reddit.com/r/calculus/comments/t14gjd/antiderivatives","error",""
"https://www.reddit.com/r/california/comments/1lgiudg/dtsc_proposes_adding_microplastics_to_its","error",""
"https://www.reddit.com/r/capitalismvsocialism/comments/zwi0w6/socialists_is_a_socialism_a_political_and","error",""
"https://www.reddit.com/r/capm/comments/1j6mg8y/how_do_i_calculate_schedule_variance_in_this","error",""
"https://www.reddit.com/r/careeradvice/comments/1b9s9y7/how_to_take_ownership_at_work","error",""
"https://www.reddit.com/r/careerguidance/comments/171aqeo/ever_tried_a_career_coach_curious_about_your","error",""
"https://www.reddit.com/r/careerguidance/comments/1ccodg4/what_would_you_bring_to_the_team","error",""
"https://www.reddit.com/r/cartalk/comments/10gdy7w/can_someone_please_explain_this_alignment_report","error",""
"https://www.reddit.com/r/cartalk/comments/q64mgq/means_of_evacuating_cars_ac_system_without_a","error",""
"https://www.reddit.com/r/catadvice/comments/o13562/cat_has_suddenly_become_very_clingy","error",""
"https://www.reddit.com/r/catholicism/comments/1d5z6d7/why_do_some_people_say_holy_ghost_instead_of_holy","error",""
"https://www.reddit.com/r/cbd/comments/c2eh8u/whats_cbds_effect_on_ed_help","error",""
"https://www.reddit.com/r/changemyview/comments/uhmfld/cmv_there_is_no_way_that_a_us_constitutional","error",""
"https://www.reddit.com/r/chemistryhomework/comments/jr9cam/college_organic_chemistry_how_do_i_identify_the","error",""
"https://www.reddit.com/r/cholesterol/comments/14sl2v9/high_ldl_very_low_triglycerides","error",""
"https://www.reddit.com/r/cholesterol/comments/zwpb1u/very_low_triglycerides","error",""
"https://www.reddit.com/r/christianity/comments/1ll2wue/is_anyone_else_put_off_by_the_idea_that_we_only","error",""
"https://www.reddit.com/r/christianity/comments/lko4f7/how_the_trinity_verse_got_added_to_the_bible","error",""
"https://www.reddit.com/r/christianity/comments/unpft1/what_is_the_holy_ghost","error",""
"https://www.reddit.com/r/chronicillness/comments/1j851w3/i_cant_poop_naturally_and_its_ruining_my_life","error",""
"https://www.reddit.com/r/cico/comments/10f5iy9/how_to_accurately_calculate_daily_calories_needed","error",""
"https://www.reddit.com/r/cleaningtips/comments/128zvxq/there_are_a_million_screws_on_my_samsung","error",""
"https://www.reddit.com/r/cleaningtips/comments/1axl9v3/white_vinegar_as_fabric_softener","error",""
"https://www.reddit.com/r/cleaningtips/comments/1ja8dsn/ideas_how_to_clean_oven_glass","error",""
"https://www.reddit.com/r/cleaningtips/comments/1ll4z52/someone_sprinkled_elemental_mercury_in_my_car_is","error",""
"https://www.reddit.com/r/coins/comments/1f3ewem/gold_coins_values","error",""
"https://www.reddit.com/r/commercialrealestate/comments/1h4t6ib/cap_rates_can_you_explain_them_to_me_like_im_12","error",""
"https://www.reddit.com/r/communication/comments/1ansj2h/why_communication_is_important","error",""
"https://www.reddit.com/r/compression/comments/xx2fo1/compress_lots_of_files_into_lots_of_individual","error",""
"https://www.reddit.com/r/computers/comments/1cgjfqs/is_there_a_way_to_connect_two_pcs","error",""
"https://www.reddit.com/r/cooking/comments/1d3uo7v/question_about_menudo","error",""
"https://www.reddit.com/r/cooking/comments/1ejun4u/help_with_peppercorn_sauce_please","error",""
"https://www.reddit.com/r/cooking/comments/auo87o/what_to_do_with_oil_after_frying_and_deep_frying","error",""
"https://www.reddit.com/r/cooking/comments/w24exe/are_san_marzano_tomatoes_sought_after_in_italy","error",""
"https://www.reddit.com/r/cookingforbeginners/comments/zi6qx0/how_to_cook_a_good_lobster_tail_but_easily","error",""
"https://www.reddit.com/r/cookingtonight/comments/1jhar2x/soapy_eggs","error",""
"https://www.reddit.com/r/coolguides/comments/11wewj6/how_to_check_your_blood_pressure_the_right_way","error",""
"https://www.reddit.com/r/coronavirus/comments/10t5430/how_quickly_does_covid_immunity_fade_what","error",""
"https://www.reddit.com/r/coronavirus/comments/19evnfg/how_long_does_immunity_last_after_a_covid","error",""
"https://www.reddit.com/r/costco/comments/16mw6lw/costcos_executive_members_ship_v_gold_star","error",""
"https://www.reddit.com/r/covid19positive/comments/1ewwk96/the_phlegm_just_wont_stop","error",""
"https://www.reddit.com/r/covid19positive/comments/ucmnbi/question_about_phlegm_with_covid_so_im_over_it_or","error",""
"https://www.reddit.com/r/creditcards/comments/125zxyv/best_way_to_use_amazon_prime_credit_cards_reward","error",""
"https://www.reddit.com/r/creditscore/comments/1i99rq4/fastest_way_to_clean_and_clear_credit","error",""
"https://www.reddit.com/r/csharp/comments/nhbxh1/how_to_addcreate_a_digital_signature_field_in_a","error",""
"https://www.reddit.com/r/curatedtumblr/comments/ylzaem/why_we_need_gender_inclusive_language","error",""
"https://www.reddit.com/r/cyberpowerpc/comments/17qbb3x/cpsupport_nohi_02_rgb_keyboard_kb161104_light","error",""
"https://www.reddit.com/r/cyberpowerpc/comments/1dgx7ez/changing_nohi_02_keyboard_and_m1131_gaming_mouse","error",""
"https://www.reddit.com/r/cyberpowerpc/comments/1eus3fx/how_do_i_change_the_lights_on_this_keyboard","error",""
"https://www.reddit.com/r/cyberpowerpc/comments/l2w8si/how_do_i_change_the_color_of_the_keyboard_i_dont","error",""
"https://www.reddit.com/r/cybersecurity/comments/1eyhszk/how_exactly_does_website_tracking_work","error",""
"https://www.reddit.com/r/dataisbeautiful/comments/1dedczz/us_household_debt_composition_20032024_oc","error",""
"https://www.reddit.com/r/dataisbeautiful/comments/xqcut2/oc_the_number_of_times_that_each_prophet_is","error",""
"https://www.reddit.com/r/dbzdokkanbattle/comments/7h50tk/noob_question_what_does_mono_mean","error",""
"https://www.reddit.com/r/deaf/comments/w26pec/how_can_you_communicate_with_deaf_people_if_you","error",""
"https://www.reddit.com/r/debatereligion/comments/n6tnmt/the_concept_of_trinity_originated_years_after","error",""
"https://www.reddit.com/r/dell/comments/ztzce3/worth_it_to_replace_old_laptop_battery","error",""
"https://www.reddit.com/r/dentistry/comments/eazhbj/is_it_possible_to_heal_receding_gums_is_there_a","error",""
"https://www.reddit.com/r/denver/comments/1lk3w4n/early_results_show_dougco_home_rule_vote_failed","error",""
"https://www.reddit.com/r/devops/comments/1608lic/so_is_it_just_impossible_to_change_culture","error",""
"https://www.reddit.com/r/discordapp/comments/145l7yl/search_for_a_discord_user","error",""
"https://www.reddit.com/r/discordapp/comments/1b9f331/is_it_possible_for_a_bot_to_be_hidden_from","error",""
"https://www.reddit.com/r/discordapp/comments/1ifcc7s/how_do_i_search_for_someone_by_using_their","error",""
"https://www.reddit.com/r/discordapp/comments/9005bi/does_anyone_know_a_voice_changer_that_works_with","error",""
"https://www.reddit.com/r/discordapp/comments/g0p1dr/server_boosts_explained","error",""
"https://www.reddit.com/r/discordapp/comments/v88kdo/understanding_server_boosts","error",""
"https://www.reddit.com/r/diy/comments/11etwsu/will_i_be_okay_to_walk_on_my_newly_tiled_floor","error",""
"https://www.reddit.com/r/dnd/comments/86yrjl/how_long_do_tieflings_live_too","error",""
"https://www.reddit.com/r/docsslidessheets/comments/1alqaod/how_to_insert_matrix_in_google_docs","error",""
"https://www.reddit.com/r/dogadvice/comments/1dsygca/fleas_and_dawn_dish_soap","error",""
"https://www.reddit.com/r/dogs/comments/98tgme/help_does_dish_soap_really_work_with_fleas","error",""
"https://www.reddit.com/r/dragrace/comments/175c9rz/plus_size_drag_iconic_look_suggestion","error",""
"https://www.reddit.com/r/dragrace/comments/1bcxelr/what_to_wear_to_a_drag_show","error",""
"https://www.reddit.com/r/dubai/comments/xl1zes/what_do_they_put_in_a_shawarma","error",""
"https://www.reddit.com/r/dyslexia/comments/159bmug/learning_to_read_with_dyslexia","error",""
"https://www.reddit.com/r/eatcheapandhealthy/comments/57sbta/is_eating_rice_or_pasta_the_same_as_eating_pure","error",""
"https://www.reddit.com/r/eatcheapandhealthy/comments/5h503w/dental_pain_easy_mushy_food_ideas_to_get_me","error",""
"https://www.reddit.com/r/economiccollapse/comments/1k6tcjl/what_foods_to_stock_up_on_now","error",""
"https://www.reddit.com/r/eczema/comments/xmmyri/first_time_trying_prednisone_for_eczema_flair_up","error",""
"https://www.reddit.com/r/edanonymous/comments/c1xjry/why_cant_i_poop_why_cant_we_poop","error",""
"https://www.reddit.com/r/edd/comments/1booiau/how_to_talk_to_a_real_person_when_calling_the_edd","error",""
"https://www.reddit.com/r/edd/comments/1ffaajj/tips_and_tricks_getting_through_to_sdi_phonein","error",""
"https://www.reddit.com/r/edd/comments/l9r48e/how_to_call_edd","error",""
"https://www.reddit.com/r/edd/comments/zh3579/i_absolutely_cannot_contact_the_edd_can_anyone","error",""
"https://www.reddit.com/r/edmproduction/comments/4bw7pw/can_someone_explain_the_terminology_of_bouncing","error",""
"https://www.reddit.com/r/emailmarketing/comments/16lu1yp/simple_tool_to_collect_email_addresses_for","error",""
"https://www.reddit.com/r/english/comments/16h4eaf/thank_you_no_problem","error",""
"https://www.reddit.com/r/english/comments/zbmxjd/whats_the_meaning_of_as_such_in_this_sentence","error",""
"https://www.reddit.com/r/englishlearning/comments/99lh2u/can_anyone_give_me_example_sentences_using_as_such","error",""
"https://www.reddit.com/r/excel/comments/10qxl4x/how_to_password_protect_sheets_from_viewing","error",""
"https://www.reddit.com/r/excel/comments/10umhkh/how_to_move_values_up_one_row","error",""
"https://www.reddit.com/r/excel/comments/14sfqo0/combine_two_columns_into_one_longer_column","error",""
"https://www.reddit.com/r/excel/comments/179qpnx/how_would_i_password_protect_an_excel_file_for","error",""
"https://www.reddit.com/r/excel/comments/18sze6n/how_can_i_separate_first_and_last_name_so_that","error",""
"https://www.reddit.com/r/excel/comments/1954nz1/remove_the_div0_error_from_cell","error",""
"https://www.reddit.com/r/excel/comments/1exd37b/how_do_you_move_rows_up_and_down_using_arrow_keys","error",""
"https://www.reddit.com/r/excel/comments/udcolz/how_to_add_a_column_to_a_table_on_the_far_left","error",""
"https://www.reddit.com/r/excel/comments/wg7h7u/faster_way_to_combine_text_from_multiple_cells","error",""
"https://www.reddit.com/r/excel/comments/wgwdb8/how_can_i_eliminate_the_error_message_in_a_formula","error",""
"https://www.reddit.com/r/excel/comments/x7vyed/how_to_transpose_data_to_a_single_column","error",""
"https://www.reddit.com/r/excel/comments/yd2xgc/how_to_load_csv_file_if_the_separator_is_but_the","error",""
"https://www.reddit.com/r/exchristian/comments/1li7aef/my_faith_faded_the_closer_i_got_to_church","error",""
"https://www.reddit.com/r/explainlikeimfive/comments/104vb4k/eli5_why_does_propofol_put_you_to_sleep_so_quickly","error",""
"https://www.reddit.com/r/explainlikeimfive/comments/13uybmo/eli5_why_are_whole_and_natural_numbers_two","error",""
"https://www.reddit.com/r/explainlikeimfive/comments/14o0zen/eli5_how_does_the_dew_point_work","error",""
"https://www.reddit.com/r/explainlikeimfive/comments/14v3krj/eli5_how_does_anesthesia_work","error",""
"https://www.reddit.com/r/explainlikeimfive/comments/1asuq4f/eli5_explain_diarrhea","error",""
"https://www.reddit.com/r/explainlikeimfive/comments/1cj58cl/eli5_what_are_web_crawlers_and_what_are_they_used","error",""
"https://www.reddit.com/r/explainlikeimfive/comments/1erpf9/eli5the_difference_between_a_wet_lease_and_dry","error",""
"https://www.reddit.com/r/explainlikeimfive/comments/1lcehjg/eli5_how_do_blood_pressure_monitors_work_how_does","error",""
"https://www.reddit.com/r/explainlikeimfive/comments/1qu285/eli5_what_happens_inside_the_body_during_diarrhea","error",""
"https://www.reddit.com/r/explainlikeimfive/comments/2ip7he/eli5_what_is_pptp_and_how_does_it_work","error",""
"https://www.reddit.com/r/explainlikeimfive/comments/4ele71/eli5_how_does_general_anesthesia_work_why_is_it","error",""
"https://www.reddit.com/r/explainlikeimfive/comments/efvynh/eli5_when_watchesclocks_were_first_invented_how","error",""
"https://www.reddit.com/r/explainlikeimfive/comments/j2d48/can_you_explain_what_socialism_is_like_im_five","error",""
"https://www.reddit.com/r/explainlikeimfive/comments/k0lrtp/eli5_why_do_regular_batteries_last_for_so_long","error",""
"https://www.reddit.com/r/explainlikeimfive/comments/sl9yrq/eli5_how_do_generators_work","error",""
"https://www.reddit.com/r/explainlikeimfive/comments/y4x02w/eli5_why_do_batteries_lose_charge_when_theyre_not","error",""
"https://www.reddit.com/r/fauxmoi/comments/16igdv2/liev_schreiber_55_and_wife_taylor_neisen_31","error",""
"https://www.reddit.com/r/femalefashionadvice/comments/2wcvfn/what_do_you_wear_to_a_drag_show","error",""
"https://www.reddit.com/r/ffxiv/comments/7qm3sy/legacy_server","error",""
"https://www.reddit.com/r/firsttimehomebuyer/comments/tbimmz/how_do_you_wire_money_for_closing","error",""
"https://www.reddit.com/r/flash/comments/11sb3qd/wellknown_browsers_that_still_support_flash","error",""
"https://www.reddit.com/r/flexibility/comments/6kdme9/after_walking_a_lot_something_on_the_side_of_my","error",""
"https://www.reddit.com/r/florida/comments/182f6ty/what_are_some_nonstereotypical_things_unique_to","error",""
"https://www.reddit.com/r/flying/comments/k1v41w/what_is_the_difference_between_wet_and_dry_when","error",""
"https://www.reddit.com/r/formula1/comments/ycn55f/how_do_most_teamsdriver_fly","error",""
"https://www.reddit.com/r/fortnite/comments/1k8byyd/question_about_codes","error",""
"https://www.reddit.com/r/fortnitebr/comments/1gbfh3o/wondering_how_to_redeem_a_code","error",""
"https://www.reddit.com/r/frugal/comments/1546no4/amazon_prime_free_shipping_without_membership","error",""
"https://www.reddit.com/r/fruitsbasket/comments/etbbic/fruits_basket_complete_first_season_companion","error",""
"https://www.reddit.com/r/fruitsbasket/comments/gpi02t/which_version_of_fruits_basket_should_i_watch","error",""
"https://www.reddit.com/r/fruitsbasket/comments/jbxxng/fruit_basket_order","error",""
"https://www.reddit.com/r/fruitsbasket/comments/yxampi/order_to_watch_fruits_basket_anime","error",""
"https://www.reddit.com/r/galaxytab/comments/1d8fl7t/how_do_you_make_use_of_your_tab","error",""
"https://www.reddit.com/r/gallbladders/comments/19cb90l/so_what_you_guys_eating_to_stop_gallbladder","error",""
"https://www.reddit.com/r/gamedev/comments/6gs3do/steam_how_can_i_give_discount_codes","error",""
"https://www.reddit.com/r/gamedev/comments/yur6io/steam_coupons","error",""
"https://www.reddit.com/r/gardening/comments/11hj4nt/when_should_i_start_harvesting_is_it_too_early_in","error",""
"https://www.reddit.com/r/gardening/comments/139o3md/butterfly_bush_is_only_getting_new_leaves_in_base","error",""
"https://www.reddit.com/r/gardening/comments/13bo8t7/tips_for_keeping_rabbits_out_of_my_garden","error",""
"https://www.reddit.com/r/gardening/comments/1dyfvc5/when_can_i_expect_morning_glory_to_bloom","error",""
"https://www.reddit.com/r/gardening/comments/d4k59k/how_to_stop_whatever_is_eating_my_leaves_in_a_non","error",""
"https://www.reddit.com/r/gardening/comments/f88n4/chipmunks_digging_in_outdoor_pots_how_do_i_get","error",""
"https://www.reddit.com/r/garudalinux/comments/18d0aqv/how_to_dual_boot_without_breaking_windows","error",""
"https://www.reddit.com/r/geforceexperience/comments/g65yeu/how_do_you_record_desktop_with_geforce_experience","error",""
"https://www.reddit.com/r/geforceexperience/comments/n29l53/instant_replay_shortcuts_not_working","error",""
"https://www.reddit.com/r/gemstones/comments/yfff33/are_all_glassfilled_rubies_worthless_or_can_some","error",""
"https://www.reddit.com/r/genealogy/comments/z4t3l9/forensic_genealogy","error",""
"https://www.reddit.com/r/generationology/comments/1d1vklf/the_most_accurate_gen_z_range","error",""
"https://www.reddit.com/r/genetics/comments/1e7n2th/use_of_forensic_genealogy_in_court_cases","error",""
"https://www.reddit.com/r/geology/comments/y7f74n/how_does_the_relative_thickness_of_a_planets","error",""
"https://www.reddit.com/r/getdisciplined/comments/18pt6vd/needadvice_looking_to_be_more_proactive_in_life","error",""
"https://www.reddit.com/r/globaloffensive/comments/8vcwpa/small_tweak_for_windows_10_users_which_might","error",""
"https://www.reddit.com/r/glutenfree/comments/16oc7ns/what_is_that_weird_taste_on_gluten_free_bread","error",""
"https://www.reddit.com/r/google/comments/15reukp/help_i_lost_some_tabs_and_i_cant_find_them_is_it","error",""
"https://www.reddit.com/r/gorillareddit/comments/zngak5/does_anyone_have_recommendations_for_a_reputable","error",""
"https://www.reddit.com/r/grammar/comments/14lwoqi/tips_to_remember_when_to_use_a_hyphen","error",""
"https://www.reddit.com/r/grammar/comments/684gc1/using_something_similar_to_as_such_to_mean","error",""
"https://www.reddit.com/r/h3h3productions/comments/1eta2s2/twitter_user_claims_barron_trump_had_very_serious","error",""
"https://www.reddit.com/r/haircarescience/comments/9valtv/does_biotin_promote_hair_growth","error",""
"https://www.reddit.com/r/hermeticism/comments/178stye/what_does_the_lightsun_represent","error",""
"https://www.reddit.com/r/historyporn/comments/1lke2lv/i_have_a_1968_mlk_magazine_that_doesnt_seem_to","error",""
"https://www.reddit.com/r/homedecorating/comments/1hm5tnd/do_people_like_box_springs_anymore_reason_why","error",""
"https://www.reddit.com/r/homeimprovement/comments/498fxw/tips_for_caulking_a_bathroom","error",""
"https://www.reddit.com/r/homelab/comments/17zpz85/efficiency_alternative_for_corsair_rm550x_in_home","error",""
"https://www.reddit.com/r/homelab/comments/1iik2ld/how_to_restrict_rdp_access_by_networtip_address","error",""
"https://www.reddit.com/r/homemaintenance/comments/1lhjoff/what_is_every_house_maintenance","error",""
"https://www.reddit.com/r/homenetworking/comments/xhrrgp/what_is_the_purpose_of_a_switch_in_a_home_network","error",""
"https://www.reddit.com/r/homesteading/comments/13cxzkj/guidlines_for_picking_asparagus_at_what_point_is","error",""
"https://www.reddit.com/r/homeworkhelp/comments/16uyw2k/college_englishtechmla_format_for_powerpoint","error",""
"https://www.reddit.com/r/hotpeppers/comments/15wpxie/best_way_to_dry_peppers_without_dehydrator","error",""
"https://www.reddit.com/r/hottub/comments/1f9c543/bromine_bad_for_hot_tubs","error",""
"https://www.reddit.com/r/hottub/comments/p3vrjv/bromine_hot_tub_start_up_looking_for_advice_new","error",""
"https://www.reddit.com/r/houseplants/comments/ooh2hz/painting_terracotta_pots","error",""
"https://www.reddit.com/r/howto/comments/189yia5/how_to_reduce_a_photo_to_fit_in_a_locket","error",""
"https://www.reddit.com/r/howto/comments/1i0kgsq/how_to_clean_glass_between_this_oven_door","error",""
"https://www.reddit.com/r/hummingbirds/comments/16g5aws/when_to_take_down_feeders_duluth_mn","error",""
"https://www.reddit.com/r/hummingbirds/comments/16om1tu/how_long_should_i_wait_before_taking_feeders_down","error",""
"https://www.reddit.com/r/hypertension/comments/1985ppq/hypertension_at_night_and_when_cold","error",""
"https://www.reddit.com/r/icloud/comments/15qqjm1/how_to_view_icloud_photos","error",""
"https://www.reddit.com/r/icloud/comments/1dt0k8a/creating_new_icloud_account","error",""
"https://www.reddit.com/r/indianhistory/comments/1dv9k4k/how_did_swami_vivekananda_die_mahasamadhi_or","error",""
"https://www.reddit.com/r/indianstartups/comments/1ca0ot0/can_you_tell_me_how_the_company_valuation_be","error",""
"https://www.reddit.com/r/indoorgarden/comments/t8rnli/painting_terracotta_pots","error",""
"https://www.reddit.com/r/interiordecorating/comments/1dl98x7/measuring_window_width_for_custom_pinch_pleat","error",""
"https://www.reddit.com/r/interiordecorating/comments/j1mdaz/need_help_with_curtains_how_wide_should_they","error",""
"https://www.reddit.com/r/intune/comments/yu6lgn/temporarily_disable_windows_defender_antivirus","error",""
"https://www.reddit.com/r/invincible/comments/puutfk/can_viltrumites_shave_their_mustaches","error",""
"https://www.reddit.com/r/ios/comments/16vhkbo/why_is_it_so_hard_to_place_stickers_in_imessage","error",""
"https://www.reddit.com/r/ios/comments/1ecp5nf/how_to_block_spam_calls","error",""
"https://www.reddit.com/r/iwanttolearn/comments/eta39m/iwtl_how_to_give_a_killer_presentation","error",""
"https://www.reddit.com/r/kamadojoe/comments/ghzniz/pampered_chef_pizza_stone","error",""
"https://www.reddit.com/r/keyboards/comments/s5u1il/how_do_i_customize_my_lighting_in_my_keyboard","error",""
"https://www.reddit.com/r/kindlefire/comments/zkktsk/getting_stock_android_on_fire_7_12th_gen_2022","error",""
"https://www.reddit.com/r/kubernetes/comments/z2inb0/kubenoob_here_i_installed_minikube_on_my_windows","error",""
"https://www.reddit.com/r/labrats/comments/i7il2d/how_should_i_cite_my_poster_presentation_on_my","error",""
"https://www.reddit.com/r/landscaping/comments/vgviq6/cleaning_up_the_yard_edge_in_a_house_we_purchased","error",""
"https://www.reddit.com/r/laptops/comments/178b2j3/when_should_i_charge_my_laptop","error",""
"https://www.reddit.com/r/laptops/comments/1f8qvxi/how_long_do_you_charge_a_new_laptop","error",""
"https://www.reddit.com/r/latterdaysaints/comments/1li9nwf/simple_thought_experiment_concerning_the","error",""
"https://www.reddit.com/r/lawncare/comments/m2dv52/when_to_use_crabgrass_preventer","error",""
"https://www.reddit.com/r/leagueoflegends/comments/17x9twp/what_is_the_meaning_of_main_champ","error",""
"https://www.reddit.com/r/learningasl/comments/1ghm6yr/watch_how_to_sign_hello_in_american_sign_language","error",""
"https://www.reddit.com/r/learnjavascript/comments/3d4hs5/eli5_what_in_the_heck_is_nodejs","error",""
"https://www.reddit.com/r/learnmath/comments/1647pa1/why_do_we_need_c_for_indefinite_integration","error",""
"https://www.reddit.com/r/learnprogramming/comments/3d3hwy/eli5_whats_the_point_of_an_abstract_class","error",""
"https://www.reddit.com/r/learnprogramming/comments/paqcp3/what_is_the_point_of_an_abstract_class","error",""
"https://www.reddit.com/r/learnprogramming/comments/qvl8fm/how_important_is_it_to_be_able_to_read_code","error",""
"https://www.reddit.com/r/learnprogramming/comments/vfiiwi/how_to_read_and_understand_code_faster","error",""
"https://www.reddit.com/r/learnpython/comments/vs1pec/can_someone_explain_how_python_functions_work","error",""
"https://www.reddit.com/r/leavingthenetwork/comments/yrzlso/the_apostle_paul_and_murder","error",""
"https://www.reddit.com/r/legaladvice/comments/o9sq5h/creating_a_will_in_nyc","error",""
"https://www.reddit.com/r/lifehack/comments/ffw1u1/instead_of_paying_for_an_acrylic_fill_when_your","error",""
"https://www.reddit.com/r/lifehacks/comments/15l01dh/how_to_block_out_really_loud_snoring","error",""
"https://www.reddit.com/r/lifehacks/comments/z11wip/how_to_stop_snoring_even_if_only_short_term","error",""
"https://www.reddit.com/r/lifeprotips/comments/16uubo5/lpt_request_how_do_i_open_up_my_first_bank","error",""
"https://www.reddit.com/r/lifeprotips/comments/18rcv5q/lpt_you_can_create_a_pdf_of_just_about_anything","error",""
"https://www.reddit.com/r/logitech/comments/1en2fw8/how_to_take_screenshot_pebble_keys_2_k380s_in","error",""
"https://www.reddit.com/r/logitech/comments/wg032z/how_to_get_a_screenshot_using_k380","error",""
"https://www.reddit.com/r/longhair/comments/171j5nl/does_rosemary_wateroil_actually_help_hair_grow","error",""
"https://www.reddit.com/r/loseit/comments/1daawl4/how_many_calories_do_you_eat_in_a_day_for_weight","error",""
"https://www.reddit.com/r/loseit/comments/31h7gu/i_am_in_so_much_pain_from_a_tooth_abscess_and_i","error",""
"https://www.reddit.com/r/loseit/comments/vyg40q/how_soon_or_at_what_weight_did_you_personally","error",""
"https://www.reddit.com/r/lotr/comments/1boose6/psa_ancalagon_the_black_was_almost_certainly_not","error",""
"https://www.reddit.com/r/love/comments/18e0v5m/seeking_selflove_advice_how_do_you_learn_to_love","error",""
"https://www.reddit.com/r/mac/comments/14op8mt/my_new_mac_air_closes_all_my_tabs_every_night","error",""
"https://www.reddit.com/r/mac/comments/1hznyma/anyone_know_how_to_reset_the_password_there_are","error",""
"https://www.reddit.com/r/machinelearning/comments/bygvut/d_whats_the_difference_between_low_rank","error",""
"https://www.reddit.com/r/macos/comments/1acwjhj/resetting_macbook_pros_password_was_unexpectedly","error",""
"https://www.reddit.com/r/macos/comments/ff3leg/what_is_stored_in_os_x_base_system_can_i_erase_it","error",""
"https://www.reddit.com/r/madmen/comments/11fp1rc/what_are_your_favorite_realworld_slogans_catch","error",""
"https://www.reddit.com/r/maine/comments/1g4jrbj/what_do_you_serve_as_a_side_with_lobster","error",""
"https://www.reddit.com/r/managers/comments/126jfkq/how_do_you_give_feedback_to_managers_about_their","error",""
"https://www.reddit.com/r/marinebiology/comments/xhmacj/what_can_i_do_with_a_marine_biology_degree","error",""
"https://www.reddit.com/r/math/comments/2tobfu/how_to_make_simple_matrix_figures_for","error",""
"https://www.reddit.com/r/mattress/comments/1ad7d9d/how_long_did_your_tempurpedic_last","error",""
"https://www.reddit.com/r/mattress/comments/eal6w2/tempurpedic_degrade_over_time_20_years","error",""
"https://www.reddit.com/r/mawinstallation/comments/ce3sy7/at_what_age_were_padawans_typically_knighted_and","error",""
"https://www.reddit.com/r/medicalschooluk/comments/ms3w28/osmolality_explanation_for_dummies","error",""
"https://www.reddit.com/r/medicare/comments/1fqew37/medicare_number","error",""
"https://www.reddit.com/r/medicare/comments/1jzard9/where_do_i_find_my_medicare_number","error",""
"https://www.reddit.com/r/mensfashionadvice/comments/1ekqxlb/how_can_i_tell_what_size_a_suit_jacket_is","error",""
"https://www.reddit.com/r/metalworking/comments/1p9qdh/looking_for_a_method_to_extract_silver_from_coins","error",""
"https://www.reddit.com/r/mexicanfood/comments/kkk0cz/my_husband_got_down_on_his_menudo_his_first_time","error",""
"https://www.reddit.com/r/mexicanfood/comments/l3t2ld/i_made_a_video_for_red_menudo_recipe_from_the","error",""
"https://www.reddit.com/r/microbiology/comments/1bmozek/leprosy_cases_are_increasing_in_the_us_the_number","error",""
"https://www.reddit.com/r/microbiome/comments/1gw36p3/burning_tongue","error",""
"https://www.reddit.com/r/microsoft/comments/1c2m56d/where_should_i_save_my_personal_files_locally_if","error",""
"https://www.reddit.com/r/microsoft365/comments/1g6rfau/how_do_you_add_a_shared_mailbox_to_new_outlook","error",""
"https://www.reddit.com/r/microsoftword/comments/15yt096/help_with_citations","error",""
"https://www.reddit.com/r/minecraft/comments/17osigc/alternate_ways_to_getting_nether_wart","error",""
"https://www.reddit.com/r/minecraft/comments/1fc5irc/im_really_struggling_to_find_nether_wart_does","error",""
"https://www.rei.com/learn/expert-advice/how-to-keep-hands-warm.html","error",""
"https://www.remotepc.com","error",""
"https://www.repairmsexcel.com/blog/excel-hide-errors","error",""
"https://www.rumcsi.org/news/things-you-can-try-right-now-to-stop-snoring","error",""
"https://www.rustoleum.com/paints-stains-sealers/spray-paint","error",""
"https://www.sacbee.com/news/california/article251814418.html","error",""
"https://www.safetyandquality.gov.au/standards/nsqhs-standards","error",""
"https://www.safeworkaustralia.gov.au/safety-topic/hazards/chemicals/safety-data-sheets","error",""
"https://www.safeworkaustralia.gov.au/system/files/documents/1702/understanding_safety_data_sheets_fact_sheet.docx","error",""
"https://www.sampoernauniversity.ac.id/news/the-importance-of-global-citizenship-at-sampoerna-university","error",""
"https://www.schooltube.com/toe-in-and-toe-out-understanding-car-alignment","error",""
"https://www.seagate.com/products/gaming-drives/pc-gaming/best-pc-gaming-drives","error",""
"https://www.seagate.com/support/kb/how-to-format-your-drive-on-windows","error",""
"https://www.seagate.com/support/kb/how-to-format-your-hard-drive-220151en","error",""
"https://www.servicesaustralia.gov.au/medicare-card","error",""
"https://www.servicesaustralia.gov.au/medicare-online-account","error",""
"https://www.sharlafritz.com/2021/08/10-ways-gods-love-changes-you","error",""
"https://www.sienaheights.edu/10-reasons-leadership-is-important-in-the-workplace","error",""
"https://www.skymd.com/conditions/hives-urticaria","error",""
"https://www.somedaysaints.com/nine-reasons-to-pray-with-scripture","error",""
"https://www.sparknotes.com/shakespeare/twelfthnight/quotes/character/orsino","error",""
"https://www.sparknotes.com/shakespeare/twelfthnight/section1","error",""
"https://www.star-telegram.com/sports/spt-columns-blogs/mac-engel/article309372475.html","error",""
"https://www.stlouisfed.org/on-the-economy/2024/may/which-us-households-have-credit-card-debt","error",""
"https://www.stlouisfed.org/open-vault/2024/april/social-security-benefits-through-your-spouse-or-ex","error",""
"https://www.stylemanual.gov.au/grammar-punctuation-and-conventions/punctuation/hyphens","error",""
"https://www.tablesgenerator.com","error",""
"https://www.tdcj.texas.gov/definitions/index.html","error",""
"https://www.tdpri.com/threads/saving-fine-sounding-garage-band-projects-to-disk-results-in-boxy-quiet-blah-how-to-fix-that.1177911","error",""
"https://www.tesco.com/groceries/en-gb/products/281928072","error",""
"https://www.tesco.com/groceries/en-gb/products/314308698","error",""
"https://www.tesla.com/commercial-wall-connector","error",""
"https://www.tesla.com/host-a-supercharger","error",""
"https://www.tesla.com/nacs","error",""
"https://www.tesla.com/support/charging/commercial","error",""
"https://www.tesla.com/support/charging/home-charging","error",""
"https://www.tesla.com/support/charging/wall-connector/installing","error",""
"https://www.tga.gov.au/news/media-releases/astrazeneca-chadox1-s-covid-19-vaccine","error",""
"https://www.tiaa.org/public/institute/publication/2008/5-guaranteed-minimum-withdrawal-benefit","error",""
"https://www.tiaa.org/public/institute/publication/2016/variable-annuities-lifetime-income-guarantees","error",""
"https://www.tractorsupply.com/tsc/catalog/kennel-cough-bordetella-vaccines","error",""
"https://www.tractorsupply.com/tsc/product/manna-pro-calf-manna-50-lb","error",""
"https://www.ttlawcourts.org","error",""
"https://www.uefa.com/uefachampionsleague","error",""
"https://www.unesco.org/en/global-citizenship-peace-education","error",""
"https://www.unesco.org/en/global-citizenship-peace-education/need-know","error",""
"https://www.unionbankofindia.co.in/en/listing/online-account-opening","error",""
"https://www.united.com/en/us/fly/travel/accessibility-and-assistance/service-animals.html","error",""
"https://www.united.com/en/us/fly/travel/traveling-with-pets.html","error",""
"https://www.upmcmyhealthmatters.com/what-makes-the-affordable-care-act-so-affordable-2","error",""
"https://www.usnews.com/360-reviews/sleep/mattress/do-you-need-box-spring","error",""
"https://www.usnews.com/education/best-graduate-schools/top-law-schools/articles/what-contract-law-is-and-how-to-become-a-contract-lawyer","error",""
"https://www.usnews.com/news/business/articles/2025-06-26/asian-shares-are-mixed-as-markets-take-a-breather-after-recent-volatility","error",""
"https://www.very.co.uk/amazon-amazon-echo-show-5-3rd-generation-smart-speaker/1601014300.prd","error",""
"https://www.vitacost.com/blog/how-to-prevent-muscle-cramps","error",""
"https://www.vkernel.ro/blog/restrict-users-from-login-to-remote-desktop-web-access","error",""
"https://www.washingtonpost.com/business/2022/06/15/7-tips-on-how-to-survive-a-recession","error",""
"https://www.washingtonpost.com/climate-environment/2023/02/24/new-earth-inner-core-layer-metallic-ball","error",""
"https://www.washingtonpost.com/entertainment/horoscopes","error",""
"https://www.washingtonpost.com/food/2022/01/25/how-to-dispose-reuse-cooking-oil","error",""
"https://www.washingtonpost.com/home/2025/06/25/household-cleaning-essentials","error",""
"https://www.washingtonpost.com/lifestyle/advice/miss-manners-responding-to-thank-you-for-your-service/2021/09/12/ac4656ca-06c0-11ec-a266-7c7fe02fa374_story.html","error",""
"https://www.washingtonpost.com/lifestyle/food/9-ways-to-use-up-that-tub-of-white-miso-in-your-fridge/2017/03/14/6009f90c-05c5-11e7-b1e9-a05d3c21f7cf_story.html","error",""
"https://www.washingtonpost.com/national-security/2023/03/01/havana-syndrome-intelligence-report-weapon","error",""
"https://www.washingtonpost.com/national/health-science/how-did-giraffes-get-their-long-necks/2015/11/30/60c94a44-93b3-11e5-b5e4-279b4501e8a6_story.html","error",""
"https://www.washingtonpost.com/technology/2019/04/04/die-robocalls-die-how-to-guide-stop-spammers-exact-revenge","error",""
"https://www.washingtonpost.com/technology/2023/04/11/technology-loneliness-role","error",""
"https://www.washingtonpost.com/travel/interactive/2025/best-airports-us-ranking","error",""
"https://www.washingtonpost.com/wellness/2023/09/12/why-your-recorded-voice-sounds-different","error",""
"https://www.washingtonpost.com/wellness/2024/10/22/mold-symptoms-test-risks-treatment","error",""
"https://www.washingtonpost.com/world/2021/09/21/what-is-havana-syndrome-us-cuba-cia-burns","error",""
"https://www.waterfront-woods.com/articles/electricity/electricity.htm","error",""
"https://www.westgreenfamilydental.com/causes-of-a-white-tongue-and-how-to-get-rid-of-it","error",""
"https://www.westgreenfamilydental.com/white-tongue-symptoms-causes-and-treatment","error",""
"https://www.wikidoc.org/index.php/psilocybe_ovoideocystidiata","error",""
"https://www.wisdomportal.com/spiritualsun/sunsymbolism.html","error",""
"https://www.worldvision.org.uk/about/blogs/bible-verses-on-prayer","error",""
"https://www.youtube.com/watch?v=iiwwg-vsy-w","error",""
"https://www.zoonewengland.org/protect/around-the-globe/cross-river-gorilla-conservation","error",""
"https://www.zoonewengland.org/protect/what-you-can-do/donate-your-cell-phone-to-help-gorillas","error",""
"https://www2.hm.com/en_us/men/products/suits-blazers.html","error",""
"https://www4.acenet.edu/combine-multiple-rows-into-one-row-in-excel","error",""
"https://www4.acenet.edu/controlled-variable-meaning","error",""
"https://www4.acenet.edu/good-gluten-free-bread","error",""
"https://www4.acenet.edu/how-to-separate-last-name-and-first-name-in-excel","error",""
"https://www4.acenet.edu/squid-game-parents-guide","error",""
"https://www4.acenet.edu/squid-game-player-388","error",""
"https://yourlogicalfallacyis.com","error",""
