corrected_gold,fever_id,claim,original_gold,explanation
False,1076,James Jones missed the finals once.,True,"Only once: would be false. He has not made it to finals more than once. At least once: would be true. But phrasing implies 'only once'."
False,1746,Sheryl Lee has yet to work with Woody Allen.,False,"In 2016, she appeared in Café Society"
Amb,2447,Colin Kaepernick is a football player.,True,"Was but no longer active."
False,4091,Zac Efron's full name is Zac David Alexander Efron.,False,"Full name is Zachary David Alexander Efron"
False,7041,Kareem Abdul-Jabbar is not ranked 3rd all-time in blocks.,False,"Kareem Abdul-Jabbar is ranked 3rd all-time in blocks with 3,189 blocks"

9504,Pink covered the song Rhythm Nation.,True,True,False,False,"Rhythm_Nation#23: It has been covered by Pink , Crystal Kay , and Girls ' Generation and has also been performed on Glee , The X-Factor , and Britain 's Got Talent . Pink Pink (singer) Crystal Kay Crystal Kay Glee Glee (TV series) The X-Factor The X-Factor","Pink covered the song ""Rhythm Nation"" for the film Happy Feet Two, as part of a medley including Queen and David Bowie's ""Under Pressure"". Sources: Rhythm Nation (https://en.wikipedia.org/wiki/Rhythm_Nation); P!Nk & Happy Feet Two Chorus - Under Pressure / Rhythm ... (https://www.youtube.com/watch?v=X572MHIiYwQ)","FALSE. There is no record of Pink covering the song ""Rhythm Nation"" by Janet Jackson. While Pink has performed and covered various songs throughout her career, ""Rhythm Nation"" is not one of them.","FALSE. P!nk took part in the 2001 MTV Icon: Janet Jackson tribute, where she performed Miss You Much (with Usher and Mýa), not Rhythm Nation. I can’t find any credible record of P!nk covering Rhythm Nation. Uncertainty: only if counting informal/unrecorded snippets, but no notable cover."
10379,The horse was not called a Eohippus when it had multiple toes.,False,False,True,False,"Horse#2: The horse has evolved over the past 45 to 55 million years from a small multi-toed creature , Eohippus , into the large , single-toed animal of today . evolved evolution of the horse Eohippus Eohippus","The horse ancestor Eohippus was called Eohippus despite having multiple toes; it had four toes on the front feet and three on the back feet, and the name refers to this early horse ancestor, not to a single-toed form. Sources: Equine Evolution (https://returntofreedom.org/wild-horse-nation/evolution/); Eohippus Facts for Kids (https://kids.kiddle.co/Eohippus)","TRUE. The early ancestor of the modern horse, known for having multiple toes, was originally named ""Eohippus"" by paleontologist Othniel C. Marsh. However, it was later determined to be the same as a previously named genus, ""Hyracotherium,"" by Richard Owen. Therefore, while it was commonly referred to as Eohippus, its correct scientific name is Hyracotherium.","FALSE. Eohippus is the common name for the early, multi-toed horse ancestor (often treated as synonymous with Hyracotherium). It had four toes on the forelimbs and three on the hind limbs. Note: there has been taxonomic debate over Eohippus vs. Hyracotherium, but the multi-toed early horse is widely referred to as Eohippus."
12319,Adam Lambert's album premiered at number one on the U.S. Billboard 200.,True,False,True,True,"Adam_Lambert#10: The album premiered at number one on the U.S. Billboard 200 , making him the first openly gay artist to top the album charts .","Adam Lambert's debut album 'For Your Entertainment' peaked at number three on the U.S. Billboard 200, not number one; his second album 'Trespassing' debuted at number one on the Billboard 200 chart. Sources: For Your Entertainment (album) (https://en.wikipedia.org/wiki/For_Your_Entertainment_(album)); Adam Lambert First Out LGBT Artist With #1 Album Debut | (https://onthemeaningofadamlambert.wordpress.com/2012/05/23/adam-lambert-first-out-lgbt-artist-with-1-album-debut/)","TRUE. Adam Lambert's album ""Trespassing"" premiered at number one on the U.S. Billboard 200 chart in 2012.","TRUE. Adam Lambert’s second studio album, Trespassing (2012), debuted at number one on the U.S. Billboard 200. Note: his debut album For Your Entertainment debuted at No. 3."
15489,See You on the Other Side is a book.,False,True,True,False,"See_You_on_the_Other_Side_-LRB-Korn_album-RRB-#0: See You on the Other Side is the seventh studio album by Korn . Korn Korn studio album studio album See_You_on_the_Other_Side_-LRB-Korn_album-RRB-#2: It is their first album without long-time guitarist Brian `` Head '' Welch and the last album with original drummer David Silveria . David Silveria David Silveria See_You_on_the_Other_Side_-LRB-Korn_album-RRB-#3: The album was first certified gold in the United States on January 12 , 2006 ; a subsequent platinum record certification was awarded on March 16 , 2006 . gold gold record platinum record platinum record See_You_on_the_Other_Side_-LRB-Korn_album-RRB-#4: The album is best known for the involvement of renowned production team ` The Matrix ' , best known for coproduction on works by Avril Lavigne , Britney Spears , and Shakira , who managed to give Korn 's music a different sound . Korn Korn The Matrix The Matrix (production team) Avril Lavigne Avril Lavigne Britney Spears Britney Spears Shakira Shakira See_You_on_the_Other_Side_-LRB-Korn_album-RRB-#6: The album features layout design and an original painting by the American surrealist / gothic painter David Stoupakis as a cover , eleven more paintings by the artist appear for the additional artwork and the deluxe special edition . David Stoupakis David Stoupakis","See You On The Other Side is confirmed as a children's book by Rachel Montez Minor, addressing themes of loss and grief with rhyming text and illustrations. Sources: Rachel Montez Minor's New Children's Book About Loss ... - Essence (https://www.essence.com/entertainment/books/rachel-montez-minor-book/); See You on the Other Side by Rachel Montez Minor | Goodreads (https://www.goodreads.com/book/show/75494986-see-you-on-the-other-side)","TRUE. ""See You on the Other Side"" is indeed a book. It is a memoir by author and musician Brian Keene, among other possible titles with the same name.","FALSE Explanation: “See You on the Other Side” is best known as the title of music releases (e.g., Korn’s 2005 album; Mercury Rev’s 1995 album; Ozzy Osbourne’s 1995 song), not as a notable book title. There may be minor or obscure books with that phrase, but the widely recognized referent is not a book. (Slight uncertainty only if considering obscure self-published works.)"
17054,A near-Earth object is not a large orbiting body.,False,True,True,True,Near-Earth_object#0: A near-Earth object -LRB- NEO -RRB- is any small Solar System body whose orbit brings it into proximity with Earth . small Solar System body small Solar System body Earth Earth,"Near-Earth objects (NEOs) are defined as small Solar System bodies orbiting the Sun with perihelion less than 1.3 AU, explicitly excluding larger bodies such as planets and natural satellites. Sources: Near-Earth object - Wikipedia (https://en.wikipedia.org/wiki/Near-Earth_object)","TRUE. A near-Earth object (NEO) is defined as an asteroid or comet whose orbit brings it close to Earth. While NEOs can vary in size, they are generally not considered large orbiting bodies like planets or moons. Instead, they are typically smaller objects, such as asteroids or comets, that come within a certain distance of Earth's orbit.","TRUE. A near-Earth object (NEO) is, by definition, a small Solar System body—typically an asteroid or comet—whose orbit brings it close to Earth’s orbit. It excludes large bodies like planets or moons. While some NEOs can be kilometers wide, they are still classified as small bodies in astronomical terms."
18030,Floyd Mayweather Jr. has made 30 career boxing knockouts in different special event professional boxing fights.,True,False,False,False,Floyd_Mayweather_Jr.#10: He finished his career with a record of 26 wins without a loss or draw in world title fights -LRB- 10 by KO -RRB- ; 23 wins -LRB- 9 KOs -RRB- in lineal title fights ; 24 wins -LRB- 7 KOs -RRB- against former or current world titlists ; 12 wins -LRB- 3 KOs -RRB- against former or current lineal champions ; and 2 wins -LRB- 1 KO -RRB- against International Boxing Hall of Fame inductees . KO knockout International Boxing Hall of Fame International Boxing Hall of Fame,"Floyd Mayweather Jr. has 27 career knockout wins in professional boxing, not 30, according to multiple sources including Champinon.info and Sportskeeda. Sources: Floyd Mayweather Jr (boxing) - Champinon.info (https://champinon.info/boxing/floyd-mayweather-jr/); How many KOs does Floyd Mayweather have? - Sportskeeda (https://www.sportskeeda.com/mma/how-many-knockouts-floyd-mayweather-boxing-career)","FALSE. Floyd Mayweather Jr. has a professional boxing record of 50 wins, 0 losses, with 27 of those wins coming by knockout. The claim of 30 knockouts in ""special event professional boxing fights"" is incorrect. His knockouts are part of his overall professional career, not specifically categorized as ""special event"" fights.",FALSE. Floyd Mayweather Jr.’s official professional record is 50–0 with 27 wins by KO/TKO. He does not have 30 professional knockouts. Exhibition bouts are not counted in his professional KO total.
20121,Rob Sheridan was born in 1980.,False,False,True,False,"Rob_Sheridan#0: Rob Sheridan -LRB- born October 11 , 1979 -RRB- is an American graphic designer , director , and photographer best known for his extensive work with the band Nine Inch Nails . graphic designer graphic designer photographer photographer American United States director Art director Nine Inch Nails Nine Inch Nails","Rob Sheridan was born on October 11, 1979, not in 1980, according to multiple sources including Famous Birthdays and Wikipedia. Sources: Rob Sheridan - Age, Family, Bio (https://www.famousbirthdays.com/people/rob-sheridan.html); Rob Sheridan (https://en.wikipedia.org/wiki/Rob_Sheridan)","TRUE. Rob Sheridan was indeed born in 1980. He is known for his work as a graphic designer, art director, and photographer, particularly with the band Nine Inch Nails.","FALSE. Most reliable sources (e.g., his biography profiles) list Rob Sheridan’s birthdate as October 11, 1979, not 1980."
20603,"Yemen does not have an area of 203,850 square miles.",True,False,True,False,"Yemen#1: Yemen is the second-largest country in the peninsula , occupying 527,970 km2 -LRB- 203,850 sq mi -RRB- .","Yemen's area is consistently reported as approximately 203,850 square miles (527,968 sq km) by multiple reliable sources. Sources: What are the Key Facts of Yemen? (https://www.mapsofworld.com/answers/geography/what-are-the-key-facts-of-yemen/); Yemen - Q-files - Search • Read • Discover (https://www.q-files.com/geography/asia/yemen)","TRUE. Yemen's area is approximately 203,850 square kilometers, not square miles. In square miles, it is about 78,000. Therefore, the claim that Yemen does not have an area of 203,850 square miles is true.","FALSE. Yemen’s total area is about 527,968 km², which converts to roughly 203,850 square miles—so the figure is accurate (within normal rounding)."
24204,Pink is an actress.,True,True,False,True,"Pink_-LRB-singer-RRB-#0: Alecia Beth Moore -LRB- born September 8 , 1979 -RRB- , known professionally as Pink -LRB- frequently stylized as -RRB- , is an American singer , songwriter , dancer , and actress .","Pink, born Alecia Beth Moore, is primarily known as a singer and songwriter but has also acted, including voice acting in Happy Feet Two and appearances in films like Charlie's Angels Full Throttle and Get Him to the Greek. Sources: Pink (singer) (https://en.wikipedia.org/wiki/Pink_(singer)); P!nk: Everything you need to know about the singer (https://hellorayo.co.uk/hits-radio/entertainment/music/pink-the-singer)","FALSE. Pink, whose real name is Alecia Beth Moore, is primarily known as a singer and songwriter. While she may have made appearances in films or television, she is not primarily recognized as an actress.","TRUE. If referring to the singer P!nk (Alecia Moore), she has acted in films, including Catacombs (2007) and Thanks for Sharing (2012), and voiced Gloria in Happy Feet Two (2011), though she is primarily known as a singer."
24479,Charles de Gaulle was a leader in the French Resistance.,True,True,False,True,"Charles_de_Gaulle#12: Despite frosty relations with Britain and especially the United States , he emerged as the undisputed leader of the French resistance .","Charles de Gaulle led the Free French Forces and was the recognized leader of the French Resistance, unifying many resistance groups and supporting their efforts from London during WWII. Sources: French Resistance - Wikipedia (https://en.wikipedia.org/wiki/French_Resistance); Free France (https://en.wikipedia.org/wiki/Free_France); Free French | WWII Resistance, De Gaulle & Liberation (https://www.britannica.com/topic/Free-French)","FALSE. Charles de Gaulle was not a leader in the French Resistance. He was the leader of the Free French Forces, which operated from outside of France, primarily in London. The French Resistance consisted of various groups within occupied France that opposed German occupation and the Vichy regime. While de Gaulle supported and coordinated with the Resistance, he was not directly leading it from within France.","TRUE. Explanation: After his 18 June 1940 appeal from London, Charles de Gaulle founded and led Free France and became the political leader of the French Resistance, coordinating and unifying internal resistance movements (notably via Jean Moulin and the CNR). He was not an underground operative inside France, but he was the recognized leader of the Resistance effort."
25551,The Washington Wizards won a title in 1975.,True,False,False,False,"Washington_Wizards#12: They have won four conference titles -LRB- 1971 , 1975 , 1978 , 1979 -RRB- , and seven division titles -LRB- 1971 , 1972 , 1973 , 1974 , 1975 , 1979 , 2017 -RRB- . 1978 1978 NBA Finals 1971 1970–71 NBA season 1975 1974–75 NBA season 1979 1978–79 NBA season 1972 1971–72 NBA season 1973 1972–73 NBA season 1974 1973–74 NBA season 2017 2016–17 NBA season","The Washington Wizards (then Washington Bullets) did not win the NBA title in 1975; they lost the NBA Finals that year to the Golden State Warriors in 4 games, and their only NBA championship was in the 1977-78 season. Sources: Full List Of Washington Wizards NBA Titles - Champs or Chumps (https://champsorchumps.us/team/nba/washington-wizards/championships); NBA Champions by Year: Complete list of NBA Finals ... (https://www.foxsports.com/stories/nba/nba-champions-by-year-complete-list-of-nba-finals-winners)","FALSE. The Washington Wizards, known as the Washington Bullets at the time, did not win a title in 1975. They won their only NBA Championship in 1978.","FALSE. The 1975 NBA championship was won by the Golden State Warriors, who swept the Washington Bullets in the Finals. The Bullets/Wizards franchise won its lone title in 1978, not 1975."
26281,Legendary Entertainment has been a subsidiary of Wanda Group since 2016.,True,True,False,False,"Legendary_Entertainment#2: Since 2016 , Legendary has been a subsidiary of the Chinese conglomerate Wanda Group . Wanda Group Wanda Group","Wanda Group acquired Legendary Entertainment in 2016 for $3.5 billion, making Legendary a subsidiary of Wanda Group at that time. Sources: Irell Guides Wanda to $3.5B Acquisition of Legendary (https://www.irell.com/ourwork-recent-matters-101); Legendary Entertainment - Wikipedia (https://en.wikipedia.org/wiki/Legendary_Entertainment)","FALSE. Legendary Entertainment was acquired by Wanda Group in 2016, but it is no longer a subsidiary. In 2022, Legendary Entertainment entered into a new deal with Apollo Global Management, which took a significant stake in the company, reducing Wanda Group's ownership.","FALSE. Wanda did acquire Legendary in 2016, making it a subsidiary then, but Wanda later ceded control. By 2022, a controlling stake had been sold (reportedly to Apollo Global Management), so Legendary is no longer a Wanda subsidiary. (Minor uncertainty on exact transaction details, but control moved away from Wanda.)"
27416,"University of Chicago Law School is ranked first for ""Faculty quality based on American Academy of Arts and Sciences Membership.""",True,False,False,True,"University_of_Chicago_Law_School#6: Chicago is ranked second by Brian Leiter of the University of Chicago Law School on the `` Top 15 Schools From Which the Most ` Prestigious ' Law Firms Hire New Lawyers , '' and first for `` Faculty quality based on American Academy of Arts and Sciences Membership . '' Chicago Chicago University of Chicago University of Chicago Brian Leiter Brian Leiter","The University of Chicago Law School is highly ranked in many categories but there is no evidence it is ranked first specifically for ""Faculty quality based on American Academy of Arts and Sciences Membership"" in the provided sources. Sources: University of Chicago Law School (https://en.wikipedia.org/wiki/University_of_Chicago_Law_School); Six UChicago scholars elected to American Academy ... (https://news.uchicago.edu/story/six-uchicago-scholars-elected-american-academy-arts-and-sciences-2024)","FALSE. The University of Chicago Law School is highly regarded, but it is not specifically ranked first for ""Faculty quality based on American Academy of Arts and Sciences Membership."" Rankings can vary by source and criteria, and this specific claim does not align with widely recognized rankings or metrics.","TRUE. Explanation: In Brian Leiter’s Law School Rankings, which include a metric for faculty quality based on per‑capita membership in the American Academy of Arts & Sciences, the University of Chicago Law School has ranked first on that measure (in multiple editions). Note: rankings are year-specific, but Chicago has held the top spot for this particular metric."
32429,"Benjamin Franklin was born on April 17th, 1790.",True,False,False,False,"Benjamin_Franklin#0: Benjamin Franklin FRS , FRSE -LRB- April 17 , 1790 -RRB- was one of the Founding Fathers of the United States . FRS Fellow of the Royal Society FRSE Royal Society of Edinburgh Founding Fathers of the United States Founding Fathers of the United States","Benjamin Franklin was born on January 17, 1706, not April 17, 1790, which is actually the date of his death. Sources: Benjamin Franklin (https://www.battlefields.org/learn/biographies/benjamin-franklin); Benjamin Franklin | Biography, Inventions, Books ... (https://www.britannica.com/biography/Benjamin-Franklin)","FALSE. Benjamin Franklin was born on January 17, 1706. April 17, 1790, is actually the date of his death.","FALSE. Benjamin Franklin was born on January 17, 1706 (Old Style Jan 6); April 17, 1790 is the date of his death."
34461,"Jewell is best known for her song ""Love or Lust,"" featured in Bill Duke's film, Deep Cover.",True,True,False,False,"Jewell_-LRB-singer-RRB-#3: She is best known for her song , `` Love or Lust , '' featured in Bill Duke 's film , Deep Cover , as well as for singing choruses to many classic West Coast rap songs such as Snoop Dogg 's `` Gin and Juice '' and Dr. Dre 's `` Let Me Ride '' . Bill Duke Bill Duke Deep Cover Deep Cover Snoop Dogg Snoop Dogg Gin and Juice Gin and Juice Dr. Dre Dr. Dre Let Me Ride Let Me Ride","Jewell is best known for her song ""Love or Lust,"" which was featured in Bill Duke's film Deep Cover, as confirmed by multiple sources including a tribute video and her Wikipedia page. Sources: Jewell Caples Tribute: Greatest Hits | RIP 1968 - 2022 - YouTube (https://www.youtube.com/watch?v=knVV_lAVq4U); Jewell (singer) - Wikipedia (https://en.wikipedia.org/wiki/Jewell_(singer))","FALSE. Jewell is not best known for a song called ""Love or Lust"" in the film ""Deep Cover."" The film ""Deep Cover,"" directed by Bill Duke, is known for its title track by Dr. Dre and Snoop Dogg. Jewell, an R&B singer associated with Death Row Records, is known for her contributions to the label but not specifically for a song titled ""Love or Lust"" in this film.","FALSE. Explanation: Jewell (Jewell Caples), the “First Lady of Death Row,” did have a track titled “Love or Lust” on the 1992 Bill Duke film Deep Cover’s soundtrack. However, she is more widely known for her prominent vocals on Death Row releases (e.g., Dr. Dre’s The Chronic) and for her 1994 solo single “Woman to Woman,” which charted, rather than “Love or Lust.”"
35237,Philomena is a film nominated for seven awards.,True,False,True,False,Philomena_-LRB-film-RRB-#9: It was also nominated for four BAFTA Awards and three Golden Globe Awards . BAFTA Awards British Academy Film Awards,"Philomena was nominated for four Oscars and several other awards, but there is no mention of it being nominated for exactly seven awards in total. Sources: 4 Oscar Nominations for Philomena including Best actress ... (http://prideandprejudice05.blogspot.com/2014/01/4-oscar-nominations-for-philomena.html); List of accolades received by Philomena (https://en.wikipedia.org/wiki/List_of_accolades_received_by_Philomena); Philomena (film) (https://en.wikipedia.org/wiki/Philomena_(film))","TRUE. ""Philomena"" is a film that was nominated for several awards, including four Academy Awards. While it may not have been nominated for exactly seven awards at a single event, it received multiple nominations across various award ceremonies, which could total seven or more.","FALSE. Philomena (2013) received four Academy Award nominations (including Best Picture and Best Actress). Across various award bodies it had many more than seven nominations overall, so saying it was “nominated for seven awards” is inaccurate. (If intended to mean exactly seven, it’s false; if “at least seven,” it’s trivially true.)"
36333,Underdog was directed by a Belgian film director.,True,True,False,True,"Underdog_-LRB-film-RRB-#1: Directed by Frederik Du Chau and written by Joe Piscatella , Adam Rifkin , and Craig A. Williams , the film stars Jim Belushi , Peter Dinklage , John Slattery , and Patrick Warburton with the voice talents of Jason Lee , Amy Adams , and Brad Garrett . Frederik Du Chau Frederik Du Chau Adam Rifkin Adam Rifkin Jim Belushi Jim Belushi Peter Dinklage Peter Dinklage John Slattery John Slattery Patrick Warburton Patrick Warburton Brad Garrett Brad Garrett Amy Adams Amy Adams Jason Lee Jason Lee (actor) Frederik_Du_Chau#0: Frederik Du Chau -LRB- born 15 May 1965 -RRB- is a Belgian film director , screenwriter and animator . film director film director screenwriter screenwriter animator animator","Frederik Du Chau, the director of Underdog (2007), was born in Belgium, confirming his Belgian nationality. Sources: Frederik Du Chau (https://www.imdb.com/name/nm0238865/); Underdog (2007 film) (https://en.wikipedia.org/wiki/Underdog_(2007_film))","FALSE. ""Underdog"" (2007) was directed by Frederik Du Chau, who is a Belgian film director. However, if the claim refers to the 1960s animated TV series ""Underdog,"" it was not directed by a Belgian. The claim is true for the 2007 film but not for the original series. Without specific context, the claim is misleading.","TRUE. Explanation: The 2007 live-action film “Underdog” was directed by Frederik Du Chau, who is a Belgian film director. (If referring to the original 1960s TV series, that wasn’t a Belgian-directed production.)"
37996,Victoria Palace Theatre is in a place named after Queen Elizabeth.,False,True,False,False,"Victoria_Palace_Theatre#0: Victoria Palace Theatre is a West End theatre in Victoria Street , in the City of Westminster , opposite Victoria Station . West End theatre West End theatre Victoria London Victoria station Victoria Street Victoria Street, London City of Westminster City of Westminster Victoria Station London Victoria station Victoria,_London#0: Victoria is a small district in the City of Westminster in central London , named after Victoria Street and Victoria Station and therefore , indirectly , after Queen Victoria . City of Westminster City of Westminster central London central London Victoria Station Victoria station (London) Queen Victoria Queen Victoria Victoria_Palace_Theatre#0: Victoria Palace Theatre is a West End theatre in Victoria Street , in the City of Westminster , opposite Victoria Station . West End theatre West End theatre Victoria London Victoria station Victoria Street Victoria Street, London City of Westminster City of Westminster Victoria Station London Victoria station","Victoria Palace Theatre is located on Victoria Street near Victoria Station, an area named after Queen Victoria, who was a British monarch preceding Queen Elizabeth, but the name 'Victoria' in the location is historically linked to Queen Victoria rather than Queen Elizabeth. Sources: Victoria Palace Theatre London - West End (https://www.westendtheatre.com/6551/theatres/victoria-palace-theatre/); Victoria Palace Theatre London | Home of Hamilton - SeatPlan (https://seatplan.com/london/victoria-palace-theatre/)","FALSE. The Victoria Palace Theatre is located in the area of Victoria, London. The area is named after Queen Victoria, not Queen Elizabeth.","FALSE. Victoria Palace Theatre is in the Victoria area of London, which is named after Queen Victoria, not Queen Elizabeth."
38110,"The Adventures of Pluto Nash stars an actor that was born on February 5, 1961.",False,False,True,False,"The_Adventures_of_Pluto_Nash#0: The Adventures of Pluto Nash is a 2002 Australian-American science fiction action comedy film starring Eddie Murphy -LRB- in a dual role -RRB- and directed by Ron Underwood . Ron Underwood Ron Underwood Eddie Murphy Eddie Murphy science fiction science fiction film action action film comedy film comedy film Eddie_Murphy#0: Edward Regan Murphy -LRB- born April 3 , 1961 -RRB- is an American comedian , actor , writer , singer , and producer . The_Adventures_of_Pluto_Nash#1: The film co-stars Randy Quaid , Rosario Dawson , Joe Pantoliano , Jay Mohr , Luis Guzmán , James Rebhorn , Peter Boyle , Pam Grier , and John Cleese . Randy Quaid Randy Quaid Rosario Dawson Rosario Dawson Joe Pantoliano Joe Pantoliano Jay Mohr Jay Mohr Luis Guzmán Luis Guzmán James Rebhorn James Rebhorn Peter Boyle Peter Boyle Pam Grier Pam Grier John Cleese John Cleese John_Cleese#0: John Marwood Cleese -LRB- -LSB- ˈkliːz -RSB- born 27 October 1939 -RRB- is an English actor , voice actor , screenwriter , producer , and comedian . Jay_Mohr#0: Jon Ferguson Cox `` Jay '' Mohr -LRB- born Jon Ferguson Mohr ; August 23 , 1970 -RRB- is an American actor , comedian and radio host . radio host radio personality actor actor comedian comedian Joe_Pantoliano#0: Joseph Peter `` Joe '' Pantoliano -LRB- born September 12 , 1951 -RRB- , is an American character actor , who often plays shady characters , frequently criminals or corrupt police officers . character actor character actor Peter_Boyle#0: Peter Lawrence Boyle -LRB- October 8 , 1935 -- December 12 , 2006 -RRB- was an American character actor . character actor character actor Rosario_Dawson#0: Rosario Isabel Dawson -LRB- born May 9 , 1979 -RRB- is an American actress , producer , and comic book writer . Randy_Quaid#0: Randy Randall Rudy Quaid -LRB- born October 1 , 1950 -RRB- is an American actor . Luis_Guzmán#0: [missing] James_Rebhorn#0: James Robert Rebhorn -LRB- September 1 , 1948 -- March 21 , 2014 -RRB- was an American character actor who appeared in over 100 films , television series , and plays . American United States Pam_Grier#0: Pamela Suzette `` Pam '' Grier -LRB- born May 26 , 1949 -RRB- is an American actress . American United States actress actress","Eddie Murphy, the star of The Adventures of Pluto Nash, was born on April 3, 1961, not February 5, 1961. Sources: The Adventures of Pluto Nash (https://en.wikipedia.org/wiki/The_Adventures_of_Pluto_Nash); Eddie Murphy (https://www.encyclopedia.com/people/literature-and-arts/film-and-television-biographies/eddie-murphy)","TRUE. Eddie Murphy, who stars in ""The Adventures of Pluto Nash,"" was born on April 3, 1961. However, another actor in the film, Michael Ironside, was born on February 12, 1950. The claim is incorrect regarding the specific date, but it is true that Eddie Murphy, a main actor, was born in 1961.","FALSE. Explanation: The film stars Eddie Murphy (born April 3, 1961), Rosario Dawson (born May 9, 1979), and Randy Quaid (born October 1, 1950). None of the principal cast were born on February 5, 1961, and there’s no known cast member with that birthdate. (Slight uncertainty for obscure cameo roles, but no evidence supports the claim.)"
38141,Rick Ross made more than eight studio albums.,False,True,True,True,"Rick_Ross#3: In 2009 , Ross founded the record label Maybach Music Group , on which he released his studio albums Deeper Than Rap -LRB- 2009 -RRB- , Teflon Don -LRB- 2010 -RRB- , God Forgives , I Do n't -LRB- 2012 -RRB- , Mastermind , Hood Billionaire -LRB- 2014 -RRB- , Black Market -LRB- 2015 -RRB- , and Rather You Than Me -LRB- 2017 -RRB- . Maybach Music Group Maybach Music Group Deeper Than Rap Deeper Than Rap Teflon Don Teflon Don (album) Mastermind Mastermind (Rick Ross album) Hood Billionaire Hood Billionaire Black Market Black Market (Rick Ross album) Rather You Than Me Rather You Than Me",Rick Ross has released 11 studio albums according to multiple sources including Wikipedia and discography listings. Sources: Rick Ross - Wikipedia (https://en.wikipedia.org/wiki/Rick_Ross); Rick Ross discography (https://en.wikipedia.org/wiki/Rick_Ross_discography),"TRUE. As of 2023, Rick Ross has released more than eight studio albums. His discography includes: 1. ""Port of Miami"" (2006) 2. ""Trilla"" (2008) 3. ""Deeper Than Rap"" (2009) 4. ""Teflon Don"" (2010) 5. ""God Forgives, I Don't"" (2012) 6. ""Mastermind"" (2014) 7. ""Hood Billionaire"" (2014) 8. ""Black Market"" (2015) 9. ""Rather You Than Me"" (2017) 10. ""Port of Miami 2"" (2019) 11. ""Richer Than I Ever Been"" (2021) This confirms he has released more than eight studio albums.","TRUE. Rick Ross has released more than eight solo studio albums, including: Port of Miami (2006), Trilla (2008), Deeper Than Rap (2009), Teflon Don (2010), God Forgives, I Don’t (2012), Mastermind (2014), Hood Billionaire (2014), Black Market (2015), Rather You Than Me (2017), Port of Miami 2 (2019), and Richer Than I Ever Been (2021). He also released a collaborative studio album with Meek Mill in 2023."
38654,Hannah and Her Sisters ends with a Christmas dinner.,False,False,True,False,Hannah_and_Her_Sisters#0: Hannah and Her Sisters is a 1986 American comedy-drama film which tells the intertwined stories of an extended family over two years that begins and ends with a family Thanksgiving dinner . comedy-drama film comedy-drama Thanksgiving dinner Thanksgiving#Thanksgiving dinner,"The film begins and ends with Thanksgiving dinners, not Christmas dinners, as the final scene is set at a Thanksgiving gathering where Holly announces her pregnancy. Sources: HANNAH AND HER SISTERS and Narrative Cinema (https://reelclub.wordpress.com/2011/11/06/hannah-and-her-sisters-and-narrative-cinema/); [PDF] HANNAH AND HER SISTERS by Woody Allen Shooting Script, 1986 (https://indiegroundfilms.files.wordpress.com/2014/01/hannah-her-sisters-1986-shooting.pdf); Hannah and Her Sisters (https://en.wikipedia.org/wiki/Hannah_and_Her_Sisters)","TRUE. ""Hannah and Her Sisters,"" directed by Woody Allen, concludes with a Christmas dinner scene. This gathering brings the characters together and provides a resolution to the film's various storylines.","FALSE. Hannah and Her Sisters is framed by family Thanksgiving dinners. It begins and ends with Thanksgiving at Hannah’s parents’ apartment, not Christmas."
41780,Britt Robertson was in the film series Girlboss.,True,True,False,False,"Britt_Robertson#15: That same year , she headlined the Netflix comedy television series Girlboss , portraying self-made millionaire Sophia Amoruso . Netflix Netflix comedy television series comedy television series Girlboss Girlboss self-made self-made man millionaire millionaire Sophia Amoruso Sophia Amoruso Britt_Robertson#15: That same year , she headlined the Netflix comedy television series Girlboss , portraying self-made millionaire Sophia Amoruso . Netflix Netflix comedy television series comedy television series Girlboss Girlboss self-made self-made man millionaire millionaire Sophia Amoruso Sophia Amoruso","Britt Robertson starred as Sophia Marlowe, the lead character in the Netflix series Girlboss, which is based on Sophia Amoruso's story. Sources: Who is Girlboss star Britt Robertson, and who does she ... (https://www.radiotimes.com/tv/comedy/who-is-girlboss-star-britt-robertson-and-who-does-she-play-in-the-netflix-series/); Girlboss (TV series) (https://en.wikipedia.org/wiki/Girlboss_(TV_series))","FALSE. Britt Robertson was not in the film series ""Girlboss."" ""Girlboss"" is actually a television series, not a film series, and it starred Britt Robertson in the lead role.","FALSE. Britt Robertson starred in the Netflix TV series Girlboss (2017), not a film series."
44347,Duff McKagan was born in May of 1964.,False,False,True,False,"Duff_McKagan#0: Michael Andrew `` Duff '' McKagan -LRB- born February 5 , 1964 -RRB- is an American musician , singer , songwriter and author .","Duff McKagan was born on February 5, 1964, not in May 1964, as confirmed by multiple sources including WDHA Rock Star Birthday and Britannica. Sources: WDHA Rock Star Birthday: Axl Rose - February 6, 1962 & Duff ... (https://wdhafm.com/listicle/wdha-rock-star-birthday-axl-rose-february-6-1962-duff-mckagan-february-5-1964/); Duff McKagan | American musician - Britannica (https://www.britannica.com/biography/Duff-McKagan)","TRUE. Duff McKagan was born on February 5, 1964.","FALSE. Duff McKagan was born on February 5, 1964, not in May."
50529,Veep has won the Television Critics Association Award for Outstanding Achievement in Comedy.,True,False,True,False,"Veep#8: Its second and fourth seasons won the Writers Guild of America Award for Television : Comedy Series , with the third season winning the Television Critics Association Award for Outstanding Achievement in Comedy . Comedy Comedy (drama) Television Critics Association Award for Outstanding Achievement in Comedy TCA Award for Outstanding Achievement in Comedy Television Critics Association Award TCA Awards","Veep has not won the Television Critics Association Award for Outstanding Achievement in Comedy, though it has been nominated multiple times. Sources: List of awards and nominations received by Veep (https://en.wikipedia.org/wiki/List_of_awards_and_nominations_received_by_Veep); Veep (TV Series 2012–2019) - Awards (https://www.imdb.com/title/tt1759761/awards/)","TRUE. ""Veep"" has indeed won the Television Critics Association Award for Outstanding Achievement in Comedy. The show received this accolade, highlighting its critical acclaim and success in the comedy genre.","FALSE. Veep received TCA nominations but did not win Outstanding Achievement in Comedy. During its run, that award went to shows like Louie (2012/2014), The Big Bang Theory (2013), Inside Amy Schumer (2015), Black-ish/Crazy Ex-Girlfriend (2016), Atlanta (2017), The Good Place (2018), etc. (Slight uncertainty on specific year-by-year winners, but Veep is not listed as a winner.)"
51323,Thomas Jefferson did not found the University of Virginia.,False,False,True,False,Thomas_Jefferson#28: He founded the University of Virginia after retiring from public office . Virginia Virginia University of Virginia University of Virginia,"Thomas Jefferson did found the University of Virginia, as documented in historical records. Sources: University of Virginia (https://en.wikipedia.org/wiki/University_of_Virginia); Thomas Jefferson - Wikipedia (https://en.wikipedia.org/wiki/Thomas_Jefferson)","TRUE. Thomas Jefferson did indeed found the University of Virginia. He was instrumental in its establishment, designing the campus and curriculum, and it opened in 1825. The claim that he did not found it is false.","FALSE. Thomas Jefferson is widely recognized as the founder of the University of Virginia. He conceived the school, designed its campus and curriculum, led the effort that secured its 1819 charter, and served as its first rector. His tombstone lists him as the “Father of the University of Virginia.”"
52907,The CONCACAF Champions League is almost an annual continental football club competition.,True,True,False,False,"CONCACAF_Champions_League#0: The CONCACAF Champions League is an annual continental football club competition organized by CONCACAF for the top football clubs in North America , Central America and the Caribbean . North America North America Central America Central America Caribbean Caribbean CONCACAF CONCACAF football association football","The CONCACAF Champions League, now known as the CONCACAF Champions Cup, is an almost annual continental club competition for teams from North America, Central America, and the Caribbean, held regularly with scheduled rounds each year as of 2025. Sources: CONCACAF Champions Cup - Wikipedia (https://en.wikipedia.org/wiki/CONCACAF_Champions_Cup); Concacaf announces schedule for 2025 Concacaf Champions Cup ... (https://www.concacaf.com/champions-league/news/concacaf-announces-schedule-for-2025-concacaf-champions-cup-round-one-and-round-of-16-matches/)","FALSE. The CONCACAF Champions League is an annual continental football club competition, not ""almost"" annual. It is held every year for clubs from North America, Central America, and the Caribbean.","FALSE. Explanation: The CONCACAF Champions League (2008–2023) was an annual continental club competition organized by CONCACAF, held every year (though formats and calendar timing changed). “Almost annual” is inaccurate."
53760,Garden State was chosen in an official manner.,True,True,True,False,Garden_State_-LRB-film-RRB-#6: It was an official selection of the Sundance Film Festival . Sundance Sundance Film Festival Sundance Film Festival Sundance Film Festival,"The nickname 'Garden State' was officially adopted by the New Jersey state legislature in 1954, overriding the governor's veto, and was added to license plates by 1959, confirming an official designation process. Sources: The History Behind New Jersey's 'Garden State' Moniker - Magic 98.3 (https://magic983.com/2024/11/08/new-jerseys-garden-state-moniker/); Nickname | NJ.gov (https://www.nj.gov/nj/about/facts/nickname.shtml)","TRUE. The nickname ""Garden State"" for New Jersey was chosen in an official manner. It was adopted as the state's official nickname and appears on New Jersey license plates. The term was popularized by Abraham Browning in the 19th century and was later officially recognized.","FALSE. “Garden State” is a long-standing nickname for New Jersey that arose from popular usage (often attributed—disputably—to an 1876 speech by Abraham Browning). New Jersey has not adopted it as an official state nickname by statute; it’s used on license plates since the 1950s, but that’s not the result of a formal selection of an official nickname. (Slight uncertainty stems from the license-plate authorization, which is official usage but not an official designation.)"
54411,Babur was born in 1483.,True,True,False,True,"Babur#0: Babur -LRB- -LSB- بابر , lit = Tiger , translit = Bābur -RSB- 14 February 148326 December 1530 -RRB- , born Ẓahīr-ud-Dīn Muḥammad -LRB- -LSB- ظهیرالدین محمد , translit = Ẓahīr ad-Dīn Muḥammad -RSB- -RRB- , was a conqueror from Central Asia who , following a series of setbacks , finally succeeded in laying the basis for the Mughal dynasty in the Indian subcontinent and became the first Mughal emperor . Mughal dynasty Mughal Empire Indian subcontinent Indian subcontinent Babur#0: Babur -LRB- -LSB- بابر , lit = Tiger , translit = Bābur -RSB- 14 February 148326 December 1530 -RRB- , born Ẓahīr-ud-Dīn Muḥammad -LRB- -LSB- ظهیرالدین محمد , translit = Ẓahīr ad-Dīn Muḥammad -RSB- -RRB- , was a conqueror from Central Asia who , following a series of setbacks , finally succeeded in laying the basis for the Mughal dynasty in the Indian subcontinent and became the first Mughal emperor . Mughal dynasty Mughal Empire Indian subcontinent Indian subcontinent Babur#0: Babur -LRB- -LSB- بابر , lit = Tiger , translit = Bābur -RSB- 14 February 148326 December 1530 -RRB- , born Ẓahīr-ud-Dīn Muḥammad -LRB- -LSB- ظهیرالدین محمد , translit = Ẓahīr ad-Dīn Muḥammad -RSB- -RRB- , was a conqueror from Central Asia who , following a series of setbacks , finally succeeded in laying the basis for the Mughal dynasty in the Indian subcontinent and became the first Mughal emperor . Mughal dynasty Mughal Empire Indian subcontinent Indian subcontinent Babur#0: Babur -LRB- -LSB- بابر , lit = Tiger , translit = Bābur -RSB- 14 February 148326 December 1530 -RRB- , born Ẓahīr-ud-Dīn Muḥammad -LRB- -LSB- ظهیرالدین محمد , translit = Ẓahīr ad-Dīn Muḥammad -RSB- -RRB- , was a conqueror from Central Asia who , following a series of setbacks , finally succeeded in laying the basis for the Mughal dynasty in the Indian subcontinent and became the first Mughal emperor . Mughal dynasty Mughal Empire Indian subcontinent Indian subcontinent","Babur was born on February 14, 1483, in Andijan, in the Fergana Valley, present-day Uzbekistan, as confirmed by multiple sources including GeeksforGeeks and Wikipedia. Sources: Babur - Founder of Mughal Empire ( History, Early Life, & ... (https://www.geeksforgeeks.org/social-science/babur-founder-of-mughal-empire-history-early-life-achievements/); Babur (https://en.wikipedia.org/wiki/Babur)","FALSE. Babur was born on February 14, 1483.","TRUE. Babur (Zahir-ud-din Muhammad Babur), founder of the Mughal Empire, was born on 14 February 1483 in Andijan, Fergana Valley (present-day Uzbekistan)."
55041,The Times is a website.,False,False,True,False,"The_Times#0: The Times is a British daily -LRB- Monday to Saturday -RRB- national newspaper based in London , England . London London national newspaper Newspaper#National The_Times#2: The Times and its sister paper The Sunday Times -LRB- founded in 1821 -RRB- are published by Times Newspapers , since 1981 a subsidiary of News UK , itself wholly owned by News Corp. . News UK News UK The Sunday Times The Sunday Times sister paper sister paper News Corp News Corp Sister_paper#0: A sister paper is one of two or more newspapers which share a common owner , but are published with different content , different names , and sometimes -LRB- but not necessarily -RRB- in different geographical areas . The_Times#9: For much more than a century The Times has been an integral and important part of the political structure of Great Britain . The_Times#15: The Times is the first newspaper to have borne that name , lending it to numerous other papers around the world , including The Times of India -LRB- founded in 1838 -RRB- , The Straits Times -LRB- Singapore -RRB- -LRB- 1845 -RRB- , The New York Times -LRB- 1851 -RRB- , The Irish Times -LRB- 1859 -RRB- , Le Temps -LRB- France -RRB- -LRB- 1861-1942 -RRB- , the Cape Times -LRB- South Africa -RRB- -LRB- 1872 -RRB- , the Los Angeles Times -LRB- 1881 -RRB- , the Trenton Times -LRB- 1882 -RRB- , The Seattle Times -LRB- 1891 -RRB- , The Manila Times -LRB- 1898 -RRB- , The Daily Times -LRB- Malawi -RRB- -LRB- 1900 -RRB- , El Tiempo -LRB- Colombia -RRB- -LRB- 1911 -RRB- , The Canberra Times -LRB- 1926 -RRB- , Times of Malta -LRB- 1935 -RRB- , and The Washington Times -LRB- 1982 -RRB- . The Times of India The Times of India The Straits Times The Straits Times The New York Times The New York Times The Irish Times The Irish Times Le Temps Le Temps (Paris) Cape Times Cape Times Los Angeles Times Los Angeles Times Trenton Times Trenton Times The Seattle Times The Seattle Times The Manila Times The Manila Times The Daily Times The Daily Times (Malawi) El Tiempo El Tiempo (Colombia) The Canberra Times The Canberra Times Times of Malta Times of Malta The Washington Times The Washington Times The_Times#21: The Times was printed in broadsheet format for 219 years , but switched to compact size in 2004 in an attempt to appeal more to younger readers and commuters using public transport . broadsheet broadsheet compact compact (newspaper) Broadsheet#0: A broadsheet is the largest newspaper format and is characterized by long vertical pages -LRB- typically 22 in -RRB- . newspaper format newspaper format","The Times is primarily a newspaper publication with an online presence, not just a website; it has print editions and digital subscriptions but is not solely a website. Sources: The Times (https://en.wikipedia.org/wiki/The_Times); The Times: UK & World News - Apps on Google Play (https://play.google.com/store/apps/details?id=uk.co.thetimes&hl=en_US)","TRUE. ""The Times"" is a well-known newspaper that also has an online presence, making it a website as well. It is important to note that ""The Times"" can refer to different publications in various countries, such as ""The Times"" in the UK or ""The New York Times"" in the US, both of which have websites.","FALSE. The Times is primarily a newspaper (a news organization), though it operates a website. The brand is not itself a website."
55956,Adam Lambert was the first openly gay artist to top the album charts.,True,True,True,False,"Adam_Lambert#10: The album premiered at number one on the U.S. Billboard 200 , making him the first openly gay artist to top the album charts . Adam_Lambert#10: The album premiered at number one on the U.S. Billboard 200 , making him the first openly gay artist to top the album charts .","Adam Lambert's album Trespassing was the first by an openly gay male artist to top the Billboard 200 chart, making him the first openly gay male artist to achieve this feat according to multiple sources including Billboard and Out.com. Sources: Adam Lambert Makes History As The First Openly Gay Male Artist To ... (https://www.imdb.com/news/ni28715372/); Adam Lambert: First Out Gay Artist to Debut #1 on Billboard Album ... (https://www.out.com/entertainment/music/2012/05/23/adam-lambert-first-out-gay-artist-hit-1-billboard-album-chart)","TRUE. Adam Lambert became the first openly gay artist to top the Billboard 200 album chart with his album ""Trespassing"" in 2012. Prior to this, no openly gay artist had achieved this milestone.","FALSE. Explanation: In 2012, Adam Lambert became the first openly gay artist to top the US Billboard 200 albums chart (with Trespassing). But he was not the first openly gay artist to top album charts anywhere; for example, Elton John (openly gay by 1988) had UK No. 1 albums before 2012, and Will Young (openly gay) topped the UK albums chart in 2002. If the claim had specified the US Billboard 200, it would be true."
56284,Chest sensation is one symptom of pulmonary embolism.,True,False,True,True,"Pulmonary_embolism#1: Symptoms of a PE may include shortness of breath , chest pain particularly upon breathing in , and coughing up blood . chest pain chest pain shortness of breath dyspnea Shortness_of_breath#1: The American Thoracic Society defines it as `` a subjective experience of breathing discomfort that consists of qualitatively distinct sensations that vary in intensity '' , and recommends evaluating dyspnea by assessing the intensity of the distinct sensations , the degree of distress involved , and its burden or impact on activities of daily living . American Thoracic Society American Thoracic Society activities of daily living activities of daily living","The statement is false because pulmonary embolism symptoms typically include chest pain, not a general 'chest sensation' . Sources: Pulmonary embolism - Symptoms and causes (https://www.mayoclinic.org/diseases-conditions/pulmonary-embolism/symptoms-causes/syc-20354647); Pulmonary embolus Information | Mount Sinai - New York (https://www.mountsinai.org/health-library/diseases-conditions/pulmonary-embolus)","TRUE. A pulmonary embolism can cause a variety of symptoms, including chest pain or discomfort. This sensation often feels like sharp, stabbing pain that may worsen with deep breathing, coughing, or physical activity.","TRUE. Explanation: While “chest sensation” is vague, chest pain or chest discomfort/tightness is a common symptom of pulmonary embolism, often sharp and worse with deep breathing or coughing. Mild uncertainty due to the imprecise wording."
60044,"None of the actors in Men in Black II were born on September 15, 1968.",False,True,True,True,"Men_in_Black_II#0: Men in Black II -LRB- stylized as MIIB -RRB- is a 2002 American science fiction action comedy film starring Tommy Lee Jones , Will Smith , Lara Flynn Boyle , Johnny Knoxville , Rosario Dawson , Tony Shalhoub and Rip Torn . Tommy Lee Jones Tommy Lee Jones Will Smith Will Smith Lara Flynn Boyle Lara Flynn Boyle Johnny Knoxville Johnny Knoxville Rosario Dawson Rosario Dawson Tony Shalhoub Tony Shalhoub Rip Torn Rip Torn science fiction science fiction film action comedy film action film#Subgenres Men in Black Men in Black (film) Will_Smith#0: Willard Carroll Smith Jr. -LRB- born September 15 , 1968 -RRB- is an American actor , producer , rapper , and songwriter .","None of the main actors in Men in Black II, including Will Smith (born September 25, 1968) and Tommy Lee Jones, were born on September 15, 1968, as confirmed by Will Smith's birth date on Wikipedia and the cast lists from IMDb and Wikipedia. Sources: Men in Black II - Wikipedia (https://en.wikipedia.org/wiki/Men_in_Black_II); Men in Black II (2002) - Full cast & crew - IMDb (https://www.imdb.com/title/tt0120912/fullcredits/); Will Smith - Wikipedia (https://en.wikipedia.org/wiki/Will_Smith)","TRUE. None of the main actors in ""Men in Black II,"" such as Will Smith, Tommy Lee Jones, or others, were born on September 15, 1968. Will Smith was born on September 25, 1968, and Tommy Lee Jones was born on September 15, 1946. Therefore, the claim is true.","TRUE. None of the credited Men in Black II actors have the birthdate September 15, 1968. Closest: Will Smith was born September 25, 1968, and Tommy Lee Jones was born September 15, 1946. Other principal cast (Lara Flynn Boyle, Rosario Dawson, Johnny Knoxville, Rip Torn, Tony Shalhoub, etc.) have different dates."
61641,Francis I of France had the popular nickname Francis of the Large Nose.,False,True,True,True,"Francis_I_of_France#11: He was also known as François au Grand Nez -LRB- `` Francis of the Large Nose '' -RRB- , the Grand Colas , and the Roi-Chevalier -LRB- the `` Knight-King '' -RRB- for his personal involvement in the wars against his great rival the Holy Roman Emperor and King of Spain Charles V. Holy Roman Emperor Holy Roman Emperor Charles V Emperor Charles V","Francis I of France was indeed nicknamed 'Francis of the Large Nose' or 'François au Grand Nez' due to his prominent nose, as noted in multiple sources. Sources: Francis I, King of France | Monarchies Wiki (https://monarchies.fandom.com/wiki/Francis_I_of_France); Francis I of France - Wikipedia (https://en.wikipedia.org/wiki/Francis_I_of_France); Francis I of France | Military Wiki - Fandom (https://military-history.fandom.com/wiki/Francis_I_of_France)","TRUE. Francis I of France was indeed nicknamed ""Francis of the Large Nose"" due to his prominent nose. This nickname was used during his time and is noted in historical accounts.",TRUE. Francis I (François Ier) was commonly nicknamed “François au Grand Nez” in French—literally “Francis with the Big/Large Nose”—a reference to his prominent nose. This nickname appears alongside others like “le Roi-Chevalier.”
62298,Recovery is an Eminem song.,False,True,False,False,"Recovery_-LRB-Eminem_album-RRB-#0: Recovery is the seventh studio album by American rapper Eminem . Eminem Eminem Recovery_-LRB-Eminem_album-RRB-#2: Originally planned to be released as Relapse 2 , the album was renamed to Recovery when Eminem found the music of the new album different from its predecessor . Eminem Eminem Relapse Relapse (Eminem album) Recovery_-LRB-Eminem_album-RRB-#5: Production of the album took place during 2009 to 2010 at several recording studios and was handled by various record producers , including Alex da Kid , Just Blaze , Boi-1da , Jim Jonsin , DJ Khalil , Mr. Porter , and Dr. Dre . Alex da Kid Alex da Kid Boi-1da Boi-1da Dr. Dre Dr. Dre DJ Khalil DJ Khalil Jim Jonsin Jim Jonsin Just Blaze Just Blaze Mr. Porter Kon Artis Recovery_-LRB-Eminem_album-RRB-#6: Eminem also collaborated with artists such as Pink , Lil Wayne , Slaughterhouse and Rihanna for the album . Eminem Eminem Pink Pink (singer) Lil Wayne Lil Wayne Slaughterhouse Slaughterhouse (group) Rihanna Rihanna Recovery_-LRB-Eminem_album-RRB-#7: Recovery featured more introspective and emotional content than its predecessor and the theme of the album revolved around his positive changes , anxiety , and emotional drives . Recovery_-LRB-Eminem_album-RRB-#8: To promote the album , he performed the album 's songs live on televised shows , at award ceremonies , musical events and also headed The Recovery Tour . The Recovery Tour The Recovery Tour Recovery_-LRB-Eminem_album-RRB-#9: It spawned four singles ; `` Not Afraid '' , `` Love the Way You Lie '' , `` No Love '' , and `` Space Bound '' , with the former two both reaching number one on the Billboard Hot 100 . Not Afraid Not Afraid Love the Way You Lie Love the Way You Lie No Love No Love Space Bound Space Bound Recovery_-LRB-Eminem_album-RRB-#10: The album has sold over 4 million copies in the United States and nearly 10 million copies worldwide . Recovery_-LRB-Eminem_album-RRB-#15: Recovery went on to become the best selling album of 2010 in the US and worldwide . Recovery_-LRB-Eminem_album-RRB-#16: At the 2011 Grammys It was nominated for Album of the Year , Song of the Year and Record of the Year for the Album and the international chart topping single `` Love the Way You Lie '' . Love the Way You Lie Love the Way You Lie 2011 Grammys 2011 Grammys Album of the Year Grammy Award for Album of the Year Song of the Year Grammy Award for Song of the Year Record of the Year Grammy Award for Record of the Year","Recovery is the seventh studio album by Eminem, released in 2010, and includes songs such as 'Not Afraid' and 'Love the Way You Lie,' confirming it is an Eminem album. Sources: Eminem: Recovery (album) (https://www.eminem.net/albums/recovery/); Eminem — “Recovery” Turns 15 (https://eminem.news/recovery-turns-15.html)","FALSE. ""Recovery"" is not a song by Eminem; it is the title of his seventh studio album, released in 2010. The album includes songs like ""Not Afraid"" and ""Love the Way You Lie,"" but there is no song titled ""Recovery"" on the album.","FALSE. Recovery is the title of Eminem’s 2010 studio album, not a song; there’s no official Eminem track named “Recovery.”"
63627,Rhythm Nation was covered by an American singer and songwriter.,True,False,True,True,"Rhythm_Nation#23: It has been covered by Pink , Crystal Kay , and Girls ' Generation and has also been performed on Glee , The X-Factor , and Britain 's Got Talent . Pink Pink (singer) Crystal Kay Crystal Kay Glee Glee (TV series) The X-Factor The X-Factor Pink_-LRB-singer-RRB-#0: Alecia Beth Moore -LRB- born September 8 , 1979 -RRB- , known professionally as Pink -LRB- frequently stylized as -RRB- , is an American singer , songwriter , dancer , and actress .","The song 'Rhythm Nation' was originally performed and released by American singer Janet Jackson, but there is no evidence in the provided sources that it was covered by another American singer and songwriter. Sources: Rhythm Nation (https://en.wikipedia.org/wiki/Rhythm_Nation); Janet Jackson's Rhythm Nation 1814 (https://en.wikipedia.org/wiki/Janet_Jackson's_Rhythm_Nation_1814)","TRUE. The song ""Rhythm Nation"" by Janet Jackson has been covered by various artists, including American singer and songwriter Richard Cheese, known for his lounge-style covers of popular songs.","TRUE. The song has been covered in tributes and live performances by American singer-songwriters (for example, Tinashe and Kelly Clarkson have performed “Rhythm Nation”). Some uncertainty on specific events, but multiple U.S. artists have indeed covered it."
64142,The Fame sold 4.7 million digital copies as of April 2016.,True,False,True,False,The_Fame#13: It has sold 4.7 million copies in the United States as of April 2016 and is the seventh best-selling digital album in history .,"The Fame sold 1.086 million digital copies in the US as of March 2019, not 4.7 million, according to Wikipedia. Sources: The Fame - Wikipedia (https://en.wikipedia.org/wiki/The_Fame)","TRUE. As of April 2016, Lady Gaga's album ""The Fame"" had indeed sold approximately 4.7 million digital copies. This figure aligns with reported sales data from that time period.","FALSE. Explanation: The 4.7 million figure cited for The Fame around 2016 refers to its total U.S. album sales (physical + digital), not digital-only. Its U.S. digital album sales were far lower; very few albums have ever approached even 3 million digital-only sales."
64660,Charles de Gaulle was used as the basis of a French political stance.,False,True,True,True,Charles_de_Gaulle#0: Charles André Joseph Marie de Gaulle -LRB- -LSB- ʃaʁl də ɡol -RSB- ; 22 November 1890 -- 9 November 1970 -RRB- was a French general and statesman . general army general,"Gaullism is explicitly described as a French political stance based on the thought and action of Charles de Gaulle, the WWII French Resistance leader and founding President of the Fifth Republic. Sources: Gaullism - Wikipedia (https://en.wikipedia.org/wiki/Gaullism); Gaullism Facts for Kids (https://kids.kiddle.co/Gaullism)","TRUE. Charles de Gaulle, a prominent French military leader and statesman, inspired ""Gaullism,"" a political stance characterized by strong nationalism, a focus on French independence, and a central role for the state in economic affairs. Gaullism influenced French politics significantly, especially during and after his presidency.","TRUE. Explanation: “Gaullism” (gaullisme) is a distinct French political ideology derived from Charles de Gaulle’s ideas and leadership, emphasizing national independence, a strong executive, and French grandeur. Several major French parties and movements have been rooted in this Gaullist stance."
66211,Psych (season 2) originally aired off of the USA Network.,False,True,False,False,"Psych_-LRB-season_2-RRB-#0: The second season of Psych originally aired in the United States on USA Network from July 13 , 2007 to February 15 , 2008 . USA Network USA Network Psych Psych","Psych season 2 originally aired on USA Network from July 13, 2007 to February 15, 2008, confirming the original network as USA Network. Sources: Psych season 2 - Wikipedia (https://en.wikipedia.org/wiki/Psych_season_2); Season Two - Psych Wiki - Fandom (https://psychusa.fandom.com/wiki/Season_Two)","FALSE. ""Psych"" (season 2) originally aired on the USA Network. The show was a USA Network original series throughout its run.","FALSE. Psych is a USA Network series, and Season 2 originally aired on the USA Network (premiering July 13, 2007). Any later broadcasts elsewhere were not the original airings."
67818,"On January 5, 1998, Sonny Bono perished.",False,True,True,True,"Sonny_Bono#0: Salvatore Phillip `` Sonny '' Bono -LRB- -LSB- ˈboʊnoʊ -RSB- February 16 , 1935 -- January 5 , 1998 -RRB- was an American singer , producer , and politician who came to fame in partnership with his second wife Cher , as the popular singing duo Sonny & Cher . Cher Cher Sonny & Cher Sonny & Cher","Sonny Bono died on January 5, 1998, in a skiing accident at Heavenly Mountain Resort, as confirmed by multiple sources including Britannica and Tahoe Ski World. Sources: Sonny Bono died 23 years ago in Heavenly ski accident (https://www.tahoeskiworld.com/sonny-bono-died-23-years-ago-heavenly/); Sonny Bono | Biography, TV Shows, Death, Cher, & Facts | Britannica (https://www.britannica.com/biography/Sonny-Bono)","TRUE. Sonny Bono died on January 5, 1998, in a skiing accident at Heavenly Mountain Resort near South Lake Tahoe, California.","TRUE. Sonny Bono died on January 5, 1998, in a skiing accident at Heavenly Mountain Resort near South Lake Tahoe, California."
68043,Uranium-235 was discovered by a person who was born in August.,True,False,True,True,"Uranium-235#6: It was discovered in 1935 by Arthur Jeffrey Dempster . Arthur Jeffrey Dempster Arthur Jeffrey Dempster Arthur_Jeffrey_Dempster#0: Arthur Jeffrey Dempster -LRB- August 14 , 1886 -- March 11 , 1950 -RRB- was a Canadian-American physicist best known for his work in mass spectrometry and his discovery of the uranium isotope 235U . Canadian Canadians American United States physicist physicist mass spectrometry mass spectrometry uranium uranium isotope isotope Uranium-235#6: It was discovered in 1935 by Arthur Jeffrey Dempster . Arthur Jeffrey Dempster Arthur Jeffrey Dempster Arthur_Jeffrey_Dempster#0: Arthur Jeffrey Dempster -LRB- August 14 , 1886 -- March 11 , 1950 -RRB- was a Canadian-American physicist best known for his work in mass spectrometry and his discovery of the uranium isotope 235U . Canadian Canadians American United States physicist physicist mass spectrometry mass spectrometry uranium uranium isotope isotope Uranium-235#6: It was discovered in 1935 by Arthur Jeffrey Dempster . Arthur Jeffrey Dempster Arthur Jeffrey Dempster Arthur_Jeffrey_Dempster#0: Arthur Jeffrey Dempster -LRB- August 14 , 1886 -- March 11 , 1950 -RRB- was a Canadian-American physicist best known for his work in mass spectrometry and his discovery of the uranium isotope 235U . Canadian Canadians American United States physicist physicist mass spectrometry mass spectrometry uranium uranium isotope isotope","There is no information available that suggests Uranium-235 was discovered by someone born in August, as it was discovered by Arthur Jeffrey Dempster in 1935. Sources: Uranium-235 (https://en.wikipedia.org/wiki/Uranium-235)","TRUE. Uranium-235 was discovered by Arthur Jeffrey Dempster, who was born on August 14, 1886.","TRUE. Uranium‑235 was identified in 1935 by Arthur Jeffrey Dempster, a physicist born on August 14, 1886."
69238,No Country for Old Men is a drama.,False,True,True,True,"No_Country_for_Old_Men_-LRB-film-RRB-#0: No Country for Old Men is a 2007 American neo-western neo-noir thriller film written and directed by Joel and Ethan Coen , based on Cormac McCarthy 's novel of the same name . No Country for Old Men No Country for Old Men Cormac McCarthy Cormac McCarthy neo-western Western (genre)#Contemporary Western neo-noir neo-noir thriller film thriller (genre) Joel and Ethan Coen Coen brothers novel of the same name No Country for Old Men","No Country for Old Men is widely described as a drama, as well as a neo-Western and thriller, with sources calling it a crime drama and a film with dramatic themes. Sources: 'No Country for Old Men': The Coen Brothers and Cormac ... (https://cinephiliabeyond.org/no-country-for-old-men/); No Country for Old Men - Wikipedia (https://en.wikipedia.org/wiki/No_Country_for_Old_Men); A Soul at Hazard: No Country for Old Men's 10th Anniversary (https://talkfilmsociety.com/articles/a-soul-at-hazard-no-country-for-old-mens-10th-anniversary)","TRUE. ""No Country for Old Men"" is primarily classified as a crime drama and thriller. It contains elements typical of a drama, such as intense character development and moral themes, alongside its crime and thriller aspects.","TRUE. The film is widely classified as a crime/neo‑Western thriller and also as a drama; major databases (e.g., IMDb, Rotten Tomatoes) include “Drama” among its genres."
69883,Chris Benoit is from North America.,False,True,True,True,"Chris_Benoit#0: Christopher Michael Benoit -LRB- -LSB- bəˈnwa -RSB- ; May 21 , 1967 -- June 24 , 2007 -RRB- was a Canadian professional wrestler . professional wrestler Professional wrestling","Chris Benoit was born in Montreal, Quebec, Canada, and grew up in Edmonton, Alberta, both locations in North America. Sources: Chris Benoit - Biography (https://www.imdb.com/name/nm0072240/bio/); Chris Benoit (https://en.wikipedia.org/wiki/Chris_Benoit)","TRUE. Chris Benoit was born in Montreal, Quebec, Canada, which is in North America.","TRUE. Chris Benoit was Canadian—born in Montreal, Quebec, and raised in Edmonton, Alberta. Canada is in North America."
70041,2 Hearts is a musical composition by Minogue.,True,True,True,False,"2_Hearts_-LRB-Kylie_Minogue_song-RRB-#0: `` 2 Hearts '' is a song recorded by Australian singer Kylie Minogue for her tenth studio album , X -LRB- 2007 -RRB- . Kylie Minogue Kylie Minogue X X (Kylie Minogue album) 2_Hearts_-LRB-Kylie_Minogue_song-RRB-#0: `` 2 Hearts '' is a song recorded by Australian singer Kylie Minogue for her tenth studio album , X -LRB- 2007 -RRB- . Kylie Minogue Kylie Minogue X X (Kylie Minogue album) 2_Hearts_-LRB-Kylie_Minogue_song-RRB-#0: `` 2 Hearts '' is a song recorded by Australian singer Kylie Minogue for her tenth studio album , X -LRB- 2007 -RRB- . Kylie Minogue Kylie Minogue X X (Kylie Minogue album) 2_Hearts_-LRB-Kylie_Minogue_song-RRB-#0: `` 2 Hearts '' is a song recorded by Australian singer Kylie Minogue for her tenth studio album , X -LRB- 2007 -RRB- . Kylie Minogue Kylie Minogue X X (Kylie Minogue album)","The song '2 Hearts' was originally by Kish Mauve and later recorded by Australian singer Kylie Minogue for her tenth studio album 'X' in 2007, making it a musical composition associated with Minogue as well. Sources: Two Hearts (Kish Mauve song) (https://en.wikipedia.org/wiki/Two_Hearts_(Kish_Mauve_song)); 2 Hearts | Kylie Wiki - Fandom (https://kylie-minogue.fandom.com/wiki/2_Hearts)","TRUE. ""2 Hearts"" is a musical composition by Kylie Minogue. It was released as the lead single from her tenth studio album, ""X,"" in 2007.","FALSE. 2 Hearts is a song recorded by Kylie Minogue, but it was written/composed by Jim Eliot and Mima Stilwell (Kish Mauve), not by Minogue."
72194,Mellila is a city.,True,True,True,False,"Melilla#0: Melilla -LRB- -LSB- məˈliːjə -RSB- ; -LSB- meˈliʎa -RSB- , -LSB- meˈliʝa -RSB- ; Mřič -LSB- , Maliliyyah -RRB- is a Spanish autonomous city located on the north coast of Africa , sharing a border with Morocco with an area of 12.3 km2 . Spanish Spain Africa Africa Morocco Morocco Melilla#1: Melilla , along with Ceuta , is one of two permanently inhabited Spanish cities in mainland Africa . Spanish Spain Africa Africa Ceuta Ceuta","Melilla is officially recognized as an autonomous city of Spain located on the North African coast, confirming its status as a city. Sources: Melilla (https://en.wikipedia.org/wiki/Melilla); Melilla | Facts, Points of Interest, & Map | Britannica (https://www.britannica.com/place/Melilla)","TRUE. Melilla is a city. It is an autonomous city of Spain located on the north coast of Africa, bordering Morocco.","FALSE. Mellila (spelled this way) is known as a small town and rural commune in Settat Province, Morocco—not a city. The city you might be thinking of is Melilla (Spain), which is spelled differently."
73412,Marco Polo was an Asia.,True,,False,False,"Marco_Polo#6: The three of them embarked on an epic journey to Asia , returning after 24 years to find Venice at war with Genoa ; Marco was imprisoned and dictated his stories to a cellmate . at war with Venetian–Genoese Wars Genoa Republic of Genoa",,"FALSE. Marco Polo was not an Asia; he was a Venetian merchant and explorer from the Republic of Venice. He is famous for his travels to Asia, particularly his journey to China, but he himself was European.","FALSE. Explanation: Marco Polo was a Venetian (Italian) explorer. He was not “an Asia” (a continent), nor was he Asian; he traveled extensively in Asia but was European."
74163,"George III of the United Kingdom experienced Great Britain as a dominant European power, including over the territories it controlled in America and India.",False,True,True,True,"George_III_of_the_United_Kingdom#7: However , many of Britain 's American colonies were soon lost in the American War of Independence . American War of Independence American Revolutionary War","George III reigned during a period when Great Britain was a dominant European power with extensive territories in America and India, as evidenced by Britain's victory in the Seven Years' War and its control over colonial and Indian possessions during his reign. Sources: George III - Wikipedia (https://en.wikipedia.org/wiki/George_III); United Kingdom - The Napoleonic Wars | Britannica (https://www.britannica.com/place/United-Kingdom/The-Napoleonic-Wars)","TRUE. George III reigned from 1760 to 1820, a period during which Great Britain was indeed a dominant European power. During his reign, Britain had significant influence and control over territories in America and India. However, it's important to note that his reign also saw the loss of the American colonies following the American Revolutionary War. Despite this, Britain's power and influence continued to grow, particularly in India, where the British East India Company expanded its control.","TRUE. George III reigned from 1760–1820. Early in his reign, Britain emerged from the Seven Years’ War as a leading great power, expanding control in North America (e.g., Canada) and establishing dominance in India via the East India Company. Though Britain lost the 13 American colonies in 1783, it retained significant American territories (Canada, Caribbean) and vastly expanded its power in India; by the end of the Napoleonic Wars (1815) Britain was a dominant European and global power. Note: he was King of Great Britain and Ireland until 1801, then of the United Kingdom, but the substance of the claim holds."
77028,Janet Leigh was a singer.,True,True,True,False,"Janet_Leigh#0: Janet Leigh -LRB- born Jeanette Helen Morrison ; July 6 , 1927 -- October 3 , 2004 -RRB- was an American actress , singer , dancer and author .","Janet Leigh was known as an actress, singer, dancer, and author, as confirmed by multiple sources including Wikipedia and Kids Kiddle, which state she was a singer in addition to her acting career. Sources: Janet Leigh - Wikipedia (https://en.wikipedia.org/wiki/Janet_Leigh); Janet Leigh Facts for Kids (https://kids.kiddle.co/Janet_Leigh)","TRUE. Janet Leigh was primarily known as an actress, but she also had singing abilities. She performed songs in some of her films, such as ""My Sister Eileen"" (1955), where she showcased her singing talent.","FALSE. Janet Leigh was primarily an actress. While she appeared in musical films, her singing was typically dubbed by professional vocalists, and she did not have a notable career as a singer. (Some sources loosely list her as a singer because of her roles in musicals.)"
78855,Henry Condell had zero widows.,False,False,True,False,"Henry_Condell#55: His widow , Elizabeth , was buried there on 3 October 1635 . Henry_Condell#0: Henry Condell -LRB- 5 September 1576 -LRB- baptised -RRB- -- December 1627 -RRB- was an actor in the King 's Men , the playing company for which William Shakespeare wrote . baptised Baptism William Shakespeare William Shakespeare Henry_Condell#15: Condell was definitely in London by 24 October 1596 , when he married , at St Laurence Pountney , Elizabeth Smart -LRB- d. 1635 -RRB- , the only child of John Smart of the Strand , gentleman . St Laurence Pountney St Laurence Pountney Strand Strand, London","Henry Condell was married to Elizabeth Smart, who was his widow and survived him until 1635, so he had at least one widow. Sources: Dictionary of National Biography, 1885-1900/Condell ... (https://en.wikisource.org/wiki/Dictionary_of_National_Biography,_1885-1900/Condell,_Henry_(d.1627)); The Players in The Book of WIll - Northlight Theatre (https://northlight.org/the-players/)","TRUE. Henry Condell, an actor and a colleague of William Shakespeare, was married to Elizabeth Smart. There is no historical record indicating that he had more than one wife or that he left behind a widow upon his death. Therefore, the claim that he had zero widows is true.","FALSE. Henry Condell was married to Elizabeth, who survived him and is recorded as his widow; she died in 1635."
78859,Lemmy was recognized for his looks.,True,True,False,False,"Lemmy#2: He was known for his appearance -LRB- including his friendly mutton chops -RRB- , his distinctive gravelly voice and distinctive bass playing style . friendly mutton chops sideburns","Lemmy was indeed recognized for his distinctive appearance, which included his signature friendly mutton chops and military-influenced fashion sense. Sources: Lemmy - Wikipedia (https://en.wikipedia.org/wiki/Lemmy); Lemmy Kilmister IMPORTANT UPDATE From Burslem to ... (https://www.youtube.com/watch?v=I_0lGKvJ0ZI)","FALSE. Lemmy Kilmister, the frontman of Motörhead, was primarily recognized for his music, distinctive voice, and charismatic stage presence rather than his looks. He was known for his unique style, including his mutton chops and cowboy hat, but his recognition was largely due to his contributions to rock and heavy metal music.","FALSE. Lemmy (of Motörhead) was famous for his music, voice, bass style, and hard-living persona—not for being good-looking. He did have a distinctive look (mutton chops, hat, facial warts) that made him recognizable, but he wasn’t celebrated “for his looks.” (Ambiguity noted: if “recognized” means “recognizable,” his look was iconic.)"
80303,Sandra Bullock was part of the George Lopez crew.,True,True,False,True,"Sandra_Bullock#17: She was an executive producer of the ABC sitcom , George Lopez , and made several appearances during its run . sitcom sitcom ABC American Broadcasting Company George Lopez George Lopez (TV series) Sandra_Bullock#17: She was an executive producer of the ABC sitcom , George Lopez , and made several appearances during its run . sitcom sitcom ABC American Broadcasting Company George Lopez George Lopez (TV series) Sandra_Bullock#17: She was an executive producer of the ABC sitcom , George Lopez , and made several appearances during its run . sitcom sitcom ABC American Broadcasting Company George Lopez George Lopez (TV series)","Sandra Bullock served as a co-executive producer on the George Lopez sitcom and made several appearances on the show, effectively being part of the crew. Sources: Sandra Bullock (https://en.wikipedia.org/wiki/Sandra_Bullock); Sandra Bullock | George Lopez Wiki - Fandom (https://georgelopez.fandom.com/wiki/Sandra_Bullock)","FALSE. Sandra Bullock was not part of the ""George Lopez"" crew in terms of being a regular cast or crew member. However, she was an executive producer for the show, which means she was involved in its production but not as part of the on-screen or direct production crew.","TRUE. Sandra Bullock helped develop and served as an executive producer of the ABC sitcom “George Lopez” (through her company Fortis Films), and she also made guest appearances. That makes her part of the show’s production crew."
80984,Clueless (film) was followed by one young adult novel.,False,True,False,False,"Clueless_-LRB-film-RRB-#7: The film was followed by a spin-off television sitcom and series of books . television sitcom Clueless (TV series) series of books Clueless (novels) Clueless_-LRB-novels-RRB-#0: The Clueless series is a series of young adult novels , mainly written by H. B. Gilmour and Randi Reisfeld . H. B. Gilmour H. B. Gilmour","The film Clueless was followed by a spin-off television sitcom and a series of books, indicating at least one young adult novel was produced after the film. Sources: Clueless - Wikipedia (https://en.wikipedia.org/wiki/Clueless)","FALSE. The film ""Clueless"" was followed by a series of young adult novels, not just one. These books expanded on the characters and stories from the film.",FALSE. Clueless spawned a TV series and a whole line of YA tie-in novels—dozens written by H.B. Gilmour and Randi Reisfeld—not just one.
81609,The Hit is a painting.,False,True,False,False,"The_Hit_-LRB-1984_film-RRB-#0: The Hit is a 1984 British road crime film directed by Stephen Frears and starring John Hurt , Terence Stamp , Laura del Sol and Tim Roth . Stephen Frears Stephen Frears John Hurt John Hurt Tim Roth Tim Roth Laura del Sol Laura del Sol Terence Stamp Terence Stamp British Cinema of United Kingdom road road film crime film crime film The_Hit_-LRB-1984_film-RRB-#1: The film was Stamp 's first starring role in over a decade and Roth won an Evening Standard award as an apprentice hit man . Evening Standard award Evening Standard British Film Awards hit man Contract killing The_Hit_-LRB-1984_film-RRB-#4: The title music is provided by Roger Waters and Eric Clapton . Roger Waters Roger Waters Eric Clapton Eric Clapton The_Hit_-LRB-1984_film-RRB-#5: Spanish flamenco guitarist Paco de Lucia performed the soundtrack music . Spanish Spain flamenco flamenco Paco de Lucia Paco de Lucia The_Hit_-LRB-1984_film-RRB-#6: The film was released on DVD by The Criterion Collection in April 2009 . The Criterion Collection The Criterion Collection","The Hit is indeed a painting by Frederic Leighton, as confirmed by multiple sources. Sources: Hit | 19th Century European Paintings & Sculpture | 2024 - Sotheby's (https://www.sothebys.com/buy/b3310952-f332-4270-8b01-84bd1ca86300/lots/4504ec4a-38ce-4483-85ec-0a9bdd07be9f); The Hit by Frederic Leighton: Buy fine art print - MeisterDrucke (https://www.meisterdrucke.us/fine-art-prints/Frederic-Leighton/71720/The-Hit.html); File:Frederic Leighton - The Hit.jpg - Wikimedia Commons (https://commons.wikimedia.org/wiki/File:Frederic_Leighton_-_The_Hit.jpg)","FALSE. ""The Hit"" is not known as a painting. It is more commonly recognized as a 1984 British crime film directed by Stephen Frears. There is no widely recognized painting by this name.","FALSE. Explanation: “The Hit” is best known as a 1984 British crime film directed by Stephen Frears, not a painting. There’s no widely recognized painting by that exact title."
82883,Craig David has been nominated for several Grammy Awards.,False,True,True,False,"Craig_David#5: David has been nominated for thirteen Brit Awards : four times for Best British Male , and twice received a Grammy Award nomination for Best Male Pop Vocal Performance . Brit Awards Brit Awards Grammy Award Grammy Award Best Male Pop Vocal Performance Grammy Award for Best Male Pop Vocal Performance","Craig David has been nominated for two Grammy Awards for Best Male Pop Vocal Performance in 2002 and 2003, confirming multiple Grammy nominations. Sources: Craig David - 🎵 Benny Sutton Music (https://www.bennysutton.com/musicians/286-craig-david); Craig David | TheAudioDB.com (https://www.theaudiodb.com/artist/113883-Craig-David)",TRUE. Craig David has been nominated for two Grammy Awards. He received nominations for Best Male Pop Vocal Performance in 2002 and 2003.,"FALSE. Craig David has received two Grammy nominations (commonly cited alongside his 14 BRIT nominations), which doesn’t meet the usual “several” (three or more). Minor uncertainty only about wording; counts are widely reported as two."
83454,Scandinavia does not contain Greenland.,False,True,True,True,"Scandinavia#4: The remote Norwegian islands of Svalbard and Jan Mayen are usually not seen as a part of Scandinavia , nor is Greenland , an overseas territory of Denmark . Norwegian Norwegian language Denmark Denmark Svalbard Svalbard Jan Mayen Jan Mayen Greenland Greenland","Scandinavia is generally defined as Norway, Sweden, and Denmark, and does not include Greenland, which is an autonomous territory within the Kingdom of Denmark but geographically part of North America, not Scandinavia. Sources: Scandinavia | Definition, Countries, Map, & Facts (https://www.britannica.com/place/Scandinavia); Greenland - Wikipedia (https://en.wikipedia.org/wiki/Greenland)","TRUE. Scandinavia traditionally refers to the region consisting of three countries: Norway, Sweden, and Denmark. Greenland is an autonomous territory within the Kingdom of Denmark but is not considered part of Scandinavia.","TRUE. Scandinavia typically means Norway, Sweden, and often Denmark (or just the Scandinavian Peninsula). Greenland, though an autonomous territory within the Kingdom of Denmark and part of the broader Nordic region, is not considered part of Scandinavia."
84272,Mud has a Canadian in its cast.,False,False,True,False,"Mud_-LRB-2012_film-RRB-#1: The film stars Matthew McConaughey , Tye Sheridan , Jacob Lofland , Sam Shepard , and Reese Witherspoon . Matthew McConaughey Matthew McConaughey Tye Sheridan Tye Sheridan Jacob Lofland Jacob Lofland Sam Shepard Sam Shepard Reese Witherspoon Reese Witherspoon Tye_Sheridan#0: Tye Kayle Sheridan -LRB- born November 11 , 1996 -RRB- is an American actor . Matthew_McConaughey#0: Matthew David McConaughey -LRB- -LSB- məˈkɒnəheɪ -RSB- born November 4 , 1969 -RRB- is an American actor . Jacob_Lofland#0: Jacob Seth Lofland -LRB- born July 30 , 1996 -RRB- is an American actor best known for his role as Neckbone in the film Mud and for his role as Aris in Maze Runner : The Scorch Trials . Sam_Shepard#0: Samuel Shepard Rogers III -LRB- born November 5 , 1943 -RRB- , known professionally as Sam Shepard , is an American playwright , actor , author , screenwriter , and director , whose body of work spans over half a century . Reese_Witherspoon#0: Laura Jeanne Reese Witherspoon -LRB- -LSB- ˈriːs_ˈwɪðərspuːn -RSB- born March 22 , 1976 -RRB- is an American actress , producer , and entrepreneur .",The cast list of the film 'Mud' does not include any Canadian actors; all listed main and supporting actors are American according to multiple sources including Wikipedia and IMDb. Sources: Mud (2012 film) (https://en.wikipedia.org/wiki/Mud_(2012_film)); Mud (2012) - Full cast & crew (https://www.imdb.com/title/tt1935179/fullcredits/),"TRUE. The film ""Mud"" features Sarah Paulson, who was born in Tampa, Florida, but she is of Canadian descent through her mother. While she is primarily identified as an American actress, her Canadian heritage allows for the claim to be considered true, albeit indirectly.","FALSE. The 2012 film Mud (dir. Jeff Nichols) stars Matthew McConaughey, Tye Sheridan, Reese Witherspoon, Sam Shepard, Michael Shannon, Sarah Paulson, Ray McKinnon, Joe Don Baker, Paul Sparks, etc.—all American. I find no credited Canadian among the principal cast. (Slight uncertainty for very minor/local credits.)"
85350,"Andrew Kevin Walker was born on Monday August 14, 1964.",True,True,True,False,"Andrew_Kevin_Walker#0: Andrew Kevin Walker -LRB- born August 14 , 1964 -RRB- is an American BAFTA-nominated screenwriter . American United States BAFTA British Academy of Film and Television Arts screenwriter screenwriter","Multiple reliable sources confirm Andrew Kevin Walker was born on August 14, 1964, and August 14, 1964 was a Friday, not a Monday, but the statement only specifies the date, which is correct. Sources: Andrew Kevin Walker - Wikipedia (https://en.wikipedia.org/wiki/Andrew_Kevin_Walker); Andrew Kevin Walker - Biography - IMDb (https://www.imdb.com/name/nm0001825/bio/)","TRUE. Andrew Kevin Walker was born on August 14, 1964, and that date was indeed a Monday.","FALSE. Andrew Kevin Walker’s birth date is widely listed as August 14, 1964, but that date fell on a Friday (1964’s Doomsday is Saturday; 8/8/1964 was Saturday, so 8/14/1964 was Friday), not a Monday."
86914,Gin is a berry flavoured spirit.,True,False,False,True,Gin#0: Gin is a spirit which derives its predominant flavour from juniper berries -LRB- Juniperus communis -RRB- . spirit distilled beverage juniper berries Juniper berry,"Gin is a spirit flavored primarily with juniper berries, which impart a piney, evergreen flavor, not a berry flavor in the sense of sweet or fruity berries; juniper berries are botanicals but not typically described as 'berry flavored' like fruit berries. Sources: What Does Gin Taste Like? Delving Into the Flavors and Profiles of ... (https://www.revivalistgin.com/gin-academy/blog-post-title-four-yjces-mkzac-dwy96); What Does Gin Taste Like? - Kinnitty Castle Spirits (https://kinnittycastlespirits.com/blog/what-does-gin-taste-like/)","FALSE. Gin is not a berry-flavored spirit; it is a distilled alcoholic drink that derives its predominant flavor from juniper berries. While juniper berries are used in its production, gin is not generally described as ""berry-flavored"" in the way that fruit-flavored spirits are. The flavor profile of gin can include a variety of botanicals, but the key characteristic is the juniper.","TRUE. Gin is legally defined as a juniper-flavoured spirit: it’s made by flavoring neutral alcohol with juniper “berries” (plus other botanicals). Note: juniper “berries” are seed cones, and the flavor isn’t like sweet fruit berries."
87187,The Washington Monument is between 560 ft and 575 ft tall.,True,False,False,False,"Washington_Monument#1: Located almost due east of the Reflecting Pool and the Lincoln Memorial , the monument , made of marble , granite , and bluestone gneiss , is both the world 's tallest stone structure and the world 's tallest obelisk , standing 554 ft tall according to the National Geodetic Survey -LRB- measured 2013 -- 14 -RRB- or 555 ft tall according to the National Park Service -LRB- measured 1884 -RRB- . National Park Service National Park Service obelisk obelisk Reflecting Pool Lincoln Memorial Reflecting Pool Lincoln Memorial Lincoln Memorial marble marble granite granite bluestone gneiss Gneiss National Geodetic Survey National Geodetic Survey","The Washington Monument's official architectural height is precisely 554 feet 7 11/32 inches, which is just under 555 feet and thus below the stated range of 560 to 575 feet. Sources: NOAA study uses latest technology to compute updated Washington ... (https://oceanservice.noaa.gov/news/feb15/washington-monument.html); Washington Monument | History, Height, Dimensions, Date, & Facts (https://www.britannica.com/topic/Washington-Monument-Washington-DC); Washington Monument - Wikipedia (https://en.wikipedia.org/wiki/Washington_Monument)",FALSE. The Washington Monument is approximately 555 feet tall. It does not fall within the range of 560 ft to 575 ft.,"FALSE. The Washington Monument’s official height is about 555 feet (555 ft 5⅛ in / ~169 m), well below 560–575 feet."
87414,John Goodman is a singer.,False,False,True,False,"John_Goodman#0: John Stephen Goodman -LRB- born June 20 , 1952 -RRB- is an American actor .","John Goodman is primarily known as an American actor, not a singer, as confirmed by multiple authoritative sources including Wikipedia and Britannica. Sources: John Goodman - Wikipedia (https://en.wikipedia.org/wiki/John_Goodman); John Goodman | Movies, TV Shows, & Facts | Britannica (https://www.britannica.com/biography/John-Goodman)","TRUE. John Goodman is primarily known as an actor, but he has also showcased his singing abilities in various roles, such as in the film ""The Blues Brothers 2000"" and in musical performances on television.","FALSE — John Goodman is primarily an actor. He has sung in roles (e.g., Blues Brothers 2000, The Jungle Book 2), but he isn’t generally regarded as a singer by profession."
90080,Terry Crews played on the Los Angeles Rams in 1996.,False,True,True,False,"Terry_Crews#9: In football , Crews played as a defensive end and linebacker in the National Football League -LRB- NFL -RRB- for the Los Angeles Rams , San Diego Chargers and Washington Redskins , as well as in the World League of American Football with Rhein Fire . linebacker linebacker Los Angeles Rams Los Angeles Rams San Diego Chargers San Diego Chargers Rhein Fire Rhein Fire Washington Redskins Washington Redskins National Football League National Football League World League of American Football World League of American Football Los_Angeles_Rams#14: After the 1994 NFL season , the Rams left California and moved east to St. Louis , Missouri . St. Louis St. Louis 1994 NFL season 1994 NFL season","Terry Crews was drafted by the Los Angeles Rams in the 11th round of the 1991 NFL Draft and played six games for them, confirming he played for the Rams, though not specifically in 1996 but starting in 1991. Sources: What Teams Did Terry Crews Play for in the NFL? (https://www.nbc.com/nbc-insider/what-teams-did-terry-crews-play-for-in-the-nfl); Which NFL teams did Terry Crews play for? All you need to know ... (https://www.sportskeeda.com/nfl/news-which-nfl-teams-terry-crews-play-for-all-need-know-brooklyn-nine-nine-star-s-pro-football-career)","TRUE. Terry Crews was a professional football player before becoming an actor. He played for several NFL teams, including the Los Angeles Rams, during his career. He was with the Rams in 1991, not 1996, but he was part of the team at one point. The claim is slightly inaccurate regarding the year, but he did play for the Rams.","FALSE. Terry Crews was drafted by and played for the Los Angeles Rams in the early 1990s (starting in 1991). By 1996, the Rams had already relocated and were the St. Louis Rams (move occurred in 1995), and Crews was bouncing between other teams (e.g., Washington in 1995, Philadelphia in 1996)."
91498,Tiber Oil Field is a landlocked oil field.,True,False,False,False,Tiber_Oil_Field#0: The Tiber Oil Field is a deepwater offshore oil field located in the Keathley Canyon block 102 of the United States sector of the Gulf of Mexico . United States United States Gulf of Mexico Gulf of Mexico Keathley Canyon Keathley Canyon oil field oil field,"The Tiber Oil Field is a deepwater offshore oil field located in the Gulf of Mexico, not a landlocked oil field. Sources: Tiber Oil Field - Wikipedia (https://en.wikipedia.org/wiki/Tiber_Oil_Field); Tiber Oil Field - Wikiwand (https://www.wikiwand.com/en/articles/Tiber_oilfield)",FALSE. The Tiber Oil Field is not landlocked; it is located in the Gulf of Mexico. It is an offshore oil field discovered by BP in 2009.,"FALSE. Tiber is an offshore, ultra-deepwater oil field in the Gulf of Mexico (BP discovery, 2009), not landlocked."
92641,David Packouz was born in the 1980's.,True,True,False,True,"David_Packouz#0: David Mordechai Packouz -LRB- -LSB- pækhaʊs -RSB- born February 16 , 1982 -RRB- is an American former arms dealer , musician , inventor and entrepreneur .","David Packouz was born in 1982, which falls within the 1980s decade. Sources: David Packouz Age, Birthday, Zodiac Sign and Birth Chart - Ask Oracle (https://www.ask-oracle.com/birth-chart/david-packouz/); David Packouz, Date of Birth, Place of Birth - Born Glorious (https://www.bornglorious.com/person/?pi=23016530)","FALSE. David Packouz was born on February 16, 1982.","TRUE. David Packouz was born in 1982, which is in the 1980s."
93307,Food Network is offered in a federal democracy based on a constitution.,True,False,True,True,"Food_Network#8: As of February 2015 , Food Network is available to approximately 96,931,000 pay television households -LRB- 83.3 % of households with television -RRB- in the United States . United States United States United_States#0: The United States of America -LRB- USA -RRB- , commonly known as the United States -LRB- U.S. -RRB- or America , is a constitutional federal republic composed of 50 states , a federal district , five major self-governing territories , and various possessions . territories Territories of the United States constitutional constitutional federal republic federal republic states U.S. state federal district Washington, D.C. self-governing territories Territories of the United States various possessions United States Minor Outlying Islands","Food Network is a television channel and not a country; therefore, it does not have a government type such as a federal democracy based on a constitution, which applies to countries like Brazil. Sources: Brazil (https://en.wikipedia.org/wiki/Brazil)","TRUE. Food Network is available in the United States, which is a federal democracy based on a constitution. The U.S. operates under a federal system of government where power is divided between a central government and individual states, and it is governed by the U.S. Constitution.","TRUE. Food Network airs in the United States, which is a federal constitutional democracy (federal republic), so it is indeed offered in a federal democracy based on a constitution."
93546,Advertising is used to sell a way of doing things.,False,,True,True,"Advertising#0: Advertising is an audio or visual form of marketing communication that employs an openly sponsored , nonpersonal message to promote or sell a product , service or idea . marketing marketing communication communication promote promotion (marketing) Advertising#9: Commercial ads often seek to generate increased consumption of their products or services through `` branding , '' which associates a product name or image with certain qualities in the minds of consumers . products product (business) services service (economics)",,"TRUE. Advertising often promotes not just products or services, but also lifestyles, values, and behaviors associated with them. It aims to influence consumer habits and perceptions by suggesting a particular way of living or doing things that aligns with the advertised product.","TRUE. Advertising doesn’t just promote products; it often sells associated lifestyles, behaviors, and ways of doing things—e.g., “Just Do It” promoting an active mindset, or software ads selling new workflows. It’s a common strategy to market a solution or lifestyle rather than a mere item."
93894,Johnny Van Zant released a solo album in 1992.,False,False,True,False,"Johnny_Van_Zant#5: They later changed their name to The Johnny Van Zant Band releasing their debut solo album , No More Dirty Deals , in 1980 . The Johnny Van Zant Band The Johnny Van Zant Band Van Zant Van Zant No More Dirty Deals No More Dirty Deals Johnny_Van_Zant#7: Van Zant released three more solo albums between 1981 and 1985 , before taking a break from the music business . Van Zant Van Zant Johnny_Van_Zant#11: He released another solo album , Brickyard Road , in 1990 , which featured the popular title track , which was a # 1 hit on the U.S. Mainstream Rock Tracks chart for three weeks . Brickyard Road Brickyard Road Mainstream Rock Tracks Mainstream Rock Tracks","There is no evidence that Johnny Van Zant released a solo album in 1992; however, he did release a collection titled *The Johnny Van Zant Collection* in 1992. Sources: Love Is Not Enough - song and lyrics by Johnny Van Zant (https://open.spotify.com/track/0kntNAK59IpufMAto87Vtd)","TRUE. Johnny Van Zant released a solo album titled ""Brickyard Road"" in 1990. While the claim states 1992, the album was indeed released in the early 1990s, which might lead to some confusion. However, the specific year mentioned in the claim is incorrect.","FALSE. Johnny Van Zant’s last solo album was Brickyard Road in 1990. In 1992 he was active with Lynyrd Skynyrd (their albums around then were Lynyrd Skynyrd 1991 and The Last Rebel in 1993), not releasing a solo album."
96765,Nymphomaniac (film) is not part of a trilogy.,False,False,True,False,"Nymphomaniac_-LRB-film-RRB-#13: Nymphomaniac is the third and final installment in von Trier 's unofficially titled `` Depression Trilogy '' , having been preceded by Antichrist and Melancholia . Antichrist Antichrist (film) Melancholia Melancholia (2011 film)","Nymphomaniac is a two-part film (Vol. I and Vol. II) directed by Lars von Trier and is considered the concluding part of his 'Depression Trilogy', thus it is part of a trilogy. Sources: Review: Nymphomaniac (Vols I & II) - Whitlock&Pope (https://whitlockandpope.com/2014/02/25/review-nymphomaniac-vols-i-ii/); Depression Trilogy - IMDb (https://www.imdb.com/list/ls064844985/)","TRUE. ""Nymphomaniac"" is not part of a trilogy. It is a two-part film directed by Lars von Trier, consisting of ""Nymphomaniac: Volume I"" and ""Nymphomaniac: Volume II."" There is no third installment, so it is not a trilogy.","FALSE. Nymphomaniac is widely recognized as the third film in Lars von Trier’s “Depression Trilogy,” following Antichrist (2009) and Melancholia (2011). While Nymphomaniac was released in two volumes, it completes this thematic trilogy. Uncertainty: low."
96943,Hot Right Now is off of DJ Fresh's fourth album.,False,False,True,False,"Hot_Right_Now#0: `` Hot Right Now '' is a single by British drum and bass producer DJ Fresh , released as the second single from his third studio album , Nextlevelism . DJ Fresh DJ Fresh Nextlevelism Nextlevelism drum and bass drum and bass","""Hot Right Now"" is from DJ Fresh's third studio album, Nextlevelism, not his fourth album. Sources: Hot Right Now (https://en.wikipedia.org/wiki/Hot_Right_Now); DJ Fresh discography (https://en.wikipedia.org/wiki/DJ_Fresh_discography)","TRUE. ""Hot Right Now"" is a single by DJ Fresh featuring Rita Ora, and it is from DJ Fresh's third studio album, ""Nextlevelism,"" not his fourth. However, since ""Nextlevelism"" is often mistakenly referred to as his fourth due to earlier compilations, the claim can be considered technically true in some contexts.","FALSE. Hot Right Now (featuring Rita Ora) is from DJ Fresh’s third studio album, Nextlevelism (2012), not a fourth album."
97458,The final season of Lost was watched by by an average of 9.6 million viewers per episode.,False,False,True,False,"Lost_-LRB-TV_series-RRB-#15: During its sixth and final season , the show averaged over 11 million U.S. viewers per episode .","The final season of Lost averaged about 11.4 million viewers per episode, not 9.6 million, according to Nielsen ratings reported by multiple sources including the LA Times and CBS News. Sources: 'Lost' finale draws more than 13 million obsessed viewers (https://www.latimes.com/archives/blogs/company-town-blog/story/2010-05-24/lost-finale-draws-more-than-13-million-obsessed-viewers); ""Lost"" Ratings Show Finale Produces Highest Numbers In Two Years (https://www.cbsnews.com/news/lost-ratings-show-finale-produces-highest-numbers-in-two-years/)","TRUE. The final season of ""Lost,"" which aired in 2010, averaged approximately 9.6 million viewers per episode. This figure aligns with reported viewership statistics for the sixth season.","FALSE. Nielsen-reported averages for Lost’s final season (Season 6, 2010) are about 10 million viewers per episode (roughly 10.1M in the U.S. live+same-day). 9.6 million understates the season average. Note: exact figures vary slightly by measurement (e.g., inclusion of DVR)."
97576,Yin and yang is a Taoist moral concept.,True,False,False,False,"Yin_and_yang#13: In Taoist metaphysics , distinctions between good and bad , along with other dichotomous moral judgments , are perceptual , not real ; so , the duality of yin and yang is an indivisible whole . Taoist Taoism","Yin and yang is a metaphysical and cosmological concept in Taoism describing complementary opposites and their dynamic balance, not primarily a moral concept; Taoist ethics like compassion and humility are related but distinct from yin and yang itself. Sources: Taoism | Definition, Principles & Symbol - Lesson - Study.com (https://study.com/learn/lesson/taoism-symbol-principles-yin-yan.html); Yin and yang (https://en.wikipedia.org/wiki/Yin_and_yang)","FALSE. Yin and yang is a concept from Chinese philosophy that describes the dualistic nature of reality, emphasizing balance and harmony between opposite forces. While it is associated with Taoism, it is not specifically a moral concept. Instead, it is more about understanding the natural world and the interdependence of opposing elements.","FALSE. Yin–yang in Chinese and Daoist thought is a cosmological/ontological principle of complementary, interdependent forces (e.g., dark/light, passive/active), not a moral dichotomy like good vs. evil. It predates Daoism and was integrated into it, but it is not a specifically “moral” concept."
97589,The Adventures of Pluto Nash was released in Africa.,False,False,True,True,"The_Adventures_of_Pluto_Nash#2: The film was released in the United States on August 16 , 2002 .","There is no evidence from the release information that The Adventures of Pluto Nash was released in Africa; release dates are listed for countries in North America, Europe, Australia, and Latin America but not Africa. Sources: Release info - The Adventures of Pluto Nash (2002) - IMDb (https://www.imdb.com/title/tt0180052/releaseinfo/); The Adventures of Pluto Nash - Box Office Mojo (https://www.boxofficemojo.com/releasegroup/gr3383316997/)","TRUE. ""The Adventures of Pluto Nash"" was released internationally, including in Africa. While specific release details for every African country might not be readily available, the film had a global distribution strategy typical of major studio releases.","TRUE — It had a theatrical release in at least one African country (e.g., South Africa received it in late 2002). Slight uncertainty on exact date, but it did play there."
99213,Virginia's largest export by monetary value is a computer component.,True,False,True,True,"Virginia#19: Virginia 's economy changed from primarily agricultural to industrial during the 1960s and 1970s , and in 2002 computer chips became the state 's leading export by monetary value . state U.S. state computer chips integrated circuit","Virginia's largest export by monetary value is bituminous coal, not a computer component, with coal exports valued at $4.2 billion compared to computer and electronic products at $2.3 billion or less according to multiple sources. Sources: Virginia | United States Trade Representative (https://ustr.gov/map/state-benefits/va); Virginia's Top 10 Exports (https://www.worldstopexports.com/virginias-top-10-exports/); [PDF] ADVISORY COMMITTEE ON INTERNATIONAL TRADE (https://www.vedp.org/sites/default/files/acit/Open%20Session%20Presentation%20-%20ACIT%20Meeting%20-%20June%2011,%202024.pdf)","TRUE. Virginia's largest export by monetary value is indeed computer components, specifically integrated circuits and other electronic components. This is due to the state's strong technology sector and the presence of major tech companies and data centers.","TRUE. Integrated circuits (“computer chips”) have consistently been Virginia’s top merchandise export by value in recent years, driven largely by Micron’s semiconductor plant in Manassas. This makes a computer component the state’s largest export."
100446,Shomu Mukherjee died of a heart attack in November.,False,False,True,False,"Shomu_Mukherjee#9: He died of a heart attack on 10 April 2008 at the age of 64 . Shomu_Mukherjee#0: Shomu Mukherjee -LRB- or Shomu Mukherji -RRB- -LRB- 19 June , 1943 -- 10 April 2008 -RRB- was a Bengali Indian director , writer and producer . Bengali Bengali people Shomu_Mukherjee#9: He died of a heart attack on 10 April 2008 at the age of 64 .","Shomu Mukherjee died of a heart attack in April, not November, at the age of 64. Sources: Film maker Shomu Mukherji passes away (https://www.hindustantimes.com/entertainment/film-maker-shomu-mukherji-passes-away/story-AflUPJH0xvCJSuezBd4E5I.html); Shomu Mukherjee - Wikipedia (https://en.wikipedia.org/wiki/Shomu_Mukherjee)","TRUE. Shomu Mukherjee, an Indian filmmaker, passed away from a heart attack on April 10, 2008. The claim about the month is incorrect, but the cause of death is accurate.","FALSE. Shomu Mukherjee (Indian filmmaker, Kajol’s father) died of a heart attack on 10 April 2008 in Mumbai, not in November."
101604,The second album of Danny Brown was named XXX.,True,False,False,True,"Danny_Brown#3: Brown began to gain major recognition after the release of his second studio album , XXX , which received critical acclaim and earned him such accolades as Spin , as well as Metro Times `` Artist of the Year '' . XXX XXX (Danny Brown album) Spin Spin (magazine) Metro Times Metro Times","Danny Brown's second studio album is titled 'Old', released in 2013, while 'XXX' is a mixtape released earlier in 2011. Sources: Old (Danny Brown album) - Wikipedia (https://en.wikipedia.org/wiki/Old_(Danny_Brown_album)); XXX (Danny Brown album) (https://en.wikipedia.org/wiki/XXX_(Danny_Brown_album))","FALSE. Danny Brown's second album is titled ""The Hybrid,"" released in 2010. ""XXX"" is his third album, released in 2011.","TRUE. Danny Brown’s first album was The Hybrid (2010), and his follow-up release was XXX (2011). Note: some outlets originally labeled XXX a mixtape, but it’s widely regarded (and often listed) as his second album."
102884,See You on the Other Side was certified gold in the US in January 2016.,False,False,True,False,"See_You_on_the_Other_Side_-LRB-Korn_album-RRB-#3: The album was first certified gold in the United States on January 12 , 2006 ; a subsequent platinum record certification was awarded on March 16 , 2006 . gold gold record platinum record platinum record","See You on the Other Side was certified gold in the US on January 12, 2006, not in January 2016, and it was certified platinum on March 16, 2006. Sources: See You on the Other Side (Korn album) - Wikipedia (https://en.wikipedia.org/wiki/See_You_on_the_Other_Side_(Korn_album)); See You On the Other Side | Korn Wiki | Fandom (https://korn.fandom.com/wiki/See_You_On_the_Other_Side)","TRUE. ""See You on the Other Side"" by Korn was certified gold by the RIAA in January 2016. This certification indicates that the album sold over 500,000 units in the United States.","FALSE. Most likely referring to Korn’s 2005 album “See You on the Other Side,” which was certified Gold by the RIAA in January 2006 (and later Platinum), not January 2016. I’m not aware of any work by that title receiving a new U.S. Gold certification in Jan 2016."
103116,"Jack Dylan Grazer is a child actor, who is an American.",True,True,True,False,"Jack_Dylan_Grazer#0: Jack Dylan Grazer -LRB- born September 3 , 2003 -RRB- is an American child actor and was born in Los Angeles , California to parents Angela Lafever and Gavin Grazer . Los Angeles Los Angeles, California California California child actor child actor","Jack Dylan Grazer was born in Los Angeles, California, USA, and is an American actor who began his career as a child actor. Sources: Jack Dylan Grazer - Biography - IMDb (https://www.imdb.com/name/nm6244013/bio/); Jack Dylan Grazer - Ethnicity of Celebs | EthniCelebs.com (https://ethnicelebs.com/jack-dylan-grazer)","TRUE. Jack Dylan Grazer is an American actor who began his career as a child actor. He is known for roles in films such as ""It"" and ""Shazam!""","FALSE. Jack Dylan Grazer is American, but he was born in 2003 and is now an adult actor; calling him a “child actor” is outdated."
104930,"The Stanford prison experiment was funded by an organization that coordinates, executes, and promotes the science and technology programs of the U.S. Army and Marine Corps.",True,False,True,False,"Stanford_prison_experiment#2: It was funded by the U.S. Office of Naval Research as an investigation into the causes of difficulties between guards and prisoners in the United States Navy and United States Marine Corps . U.S. Office of Naval Research Office of Naval Research United States Navy United States Navy United States Marine Corps United States Marine Corps Office_of_Naval_Research#0: The Office of Naval Research -LRB- ONR -RRB- is an organization within the United States Department of the Navy that coordinates , executes , and promotes the science and technology programs of the U.S. Navy and Marine Corps through schools , universities , government laboratories , nonprofit organizations , and for-profit organizations . United States Department of the Navy United States Department of the Navy Marine Corps United States Marine Corps","The Stanford Prison Experiment was funded by the U.S. Office of Naval Research, which is not described as coordinating, executing, and promoting the science and technology programs of the U.S. Army and Marine Corps, though it did have interest from both the Navy and Marine Corps. Sources: Stanford Prison Experiment | History & Facts | Britannica (https://www.britannica.com/event/Stanford-Prison-Experiment); Enclothed Cognition & The Stanford Prison Experiment (https://www.knowledgelost.org/psychology/enclothed-cognition-the-stanford-prison-experiment/)","TRUE. The Stanford prison experiment was funded by the Office of Naval Research, which is an organization that coordinates, executes, and promotes the science and technology programs of the U.S. Navy and Marine Corps. While the claim mentions the U.S. Army, the core of the claim regarding military funding is accurate.","FALSE. The Stanford prison experiment was funded by the U.S. Office of Naval Research, which coordinates, executes, and promotes science and technology programs for the U.S. Navy and Marine Corps—not the Army."
105176,The Washington Wizards were the winners of four conference titles.,True,True,False,True,"Washington_Wizards#12: They have won four conference titles -LRB- 1971 , 1975 , 1978 , 1979 -RRB- , and seven division titles -LRB- 1971 , 1972 , 1973 , 1974 , 1975 , 1979 , 2017 -RRB- . 1978 1978 NBA Finals 1971 1970–71 NBA season 1975 1974–75 NBA season 1979 1978–79 NBA season 1972 1971–72 NBA season 1973 1972–73 NBA season 1974 1973–74 NBA season 2017 2016–17 NBA season","The Washington Wizards have indeed won four conference titles, which occurred in the years 1971, 1975, 1978, and 1979. Sources: Washington Wizards - Wikipedia (https://en.wikipedia.org/wiki/Washington_Wizards); Washington Wizards Playoff History - Sportskeeda (https://www.sportskeeda.com/basketball/washington-wizards-playoff-history)","FALSE. The Washington Wizards have won four conference titles, but they were achieved when the team was known as the Washington Bullets. The Bullets won the Eastern Conference titles in 1971, 1975, 1978, and 1979.","TRUE. The Wizards franchise (then known as the Bullets) won four Eastern Conference titles: 1971, 1975, 1978, and 1979."
105540,Nymphomaniac (film) is not an installment in a trilogy.,False,False,True,False,"Nymphomaniac_-LRB-film-RRB-#2: The film was originally supposed to be only one complete entry ; but , because of its multiple hour length , von Trier made the decision to split the project into two separate films .","Nymphomaniac is part of Lars von Trier's 'Depression Trilogy' and is released in two volumes, making it an installment in a trilogy. Sources: Review: Nymphomaniac (Vols I & II) - Whitlock&Pope (https://whitlockandpope.com/2014/02/25/review-nymphomaniac-vols-i-ii/); Depression Trilogy (https://www.imdb.com/list/ls064844985/)","TRUE. ""Nymphomaniac"" is not part of a trilogy. It is a two-part film directed by Lars von Trier, consisting of ""Nymphomaniac: Volume I"" and ""Nymphomaniac: Volume II."" There is no third installment, so it is not a trilogy.","FALSE Nymphomaniac is widely regarded as the third and final installment of Lars von Trier’s “Depression Trilogy,” following Antichrist (2009) and Melancholia (2011)."
106478,AMGTV has science fiction television programming.,False,False,True,True,"AMGTV#0: AMGTV is an American family-oriented television network featuring television programming consisting of drama , sports , movies , entertainment , how-to , hunting and fishing , children 's shows , and other features .","AMGTV's programming primarily includes Adventure, Sports, Drama, Comedy, Health, Travel, and Children's programs, with no specific mention of science fiction content in the sources reviewed. Sources: AmgTV Network Channels | TV Apps (https://channelstore.roku.com/details/68d5f580a27d644e69597542268b9d83:68929c6b4c96e726cd4506edfd33acbd/amgtv-network); TelVue® launches AMGTV® Channel on Roku® OTT (https://telvue.com/telvue-launches-amgtv-channel-on-roku-ott/)","TRUE. AMGTV is known for offering a variety of programming, including science fiction television shows.","TRUE. AMGTV’s lineup includes genre categories such as science fiction, and it has carried classic/low-cost sci‑fi series and movies in its schedule. Mild uncertainty: schedules vary by market and over time."
106668,Sean Penn has acted in 13 films.,True,False,False,False,"Sean_Penn#5: Following his film debut in the drama Taps -LRB- 1981 -RRB- and a diverse range of film roles in the 1980s , including Fast Times at Ridgemont High -LRB- 1982 -RRB- , Penn garnered critical attention for his roles in the crime dramas At Close Range -LRB- 1986 -RRB- , State of Grace -LRB- 1990 -RRB- , and Carlito 's Way -LRB- 1993 -RRB- . Taps Taps (film) Fast Times at Ridgemont High Fast Times at Ridgemont High At Close Range At Close Range State of Grace State of Grace (film) Sean_Penn#6: He became known as a prominent leading actor with the drama Dead Man Walking -LRB- 1995 -RRB- , for which he earned his first Academy Award nomination and the Best Actor Award at the Berlin Film Festival . Academy Award Academy Award for Best Actor Dead Man Walking Dead Man Walking (film) Best Actor Award Best Actor Award (Cannes Film Festival) Berlin Film Festival 46th Berlin International Film Festival Sean_Penn#7: Penn received another two Oscar nominations for Woody Allen 's comedy-drama Sweet and Lowdown -LRB- 1999 -RRB- and the drama I Am Sam -LRB- 2001 -RRB- , before winning his first Academy Award for Best Actor in 2003 for Mystic River and a second one in 2008 for Milk . Academy Award Academy Award for Best Actor Mystic River Mystic River (film) Milk Milk (film) Woody Allen Woody Allen Sweet and Lowdown Sweet and Lowdown I Am Sam I Am Sam Sean_Penn#8: He has also won a Best Actor Award of the Cannes Film Festival for the Nick Cassavetes-directed She 's So Lovely -LRB- 1997 -RRB- , and two Best Actor Awards at the Venice Film Festival for the indie film Hurlyburly -LRB- 1998 -RRB- and the drama 21 Grams -LRB- 2003 -RRB- . Best Actor Award Best Actor Award (Cannes Film Festival) Cannes Film Festival Cannes Film Festival Nick Cassavetes Nick Cassavetes Best Actor Awards Volpi Cup Venice Film Festival Venice Film Festival Hurlyburly Hurlyburly (film) 21 Grams 21 Grams Sean_Penn#11: Penn made his feature film directorial debut with The Indian Runner -LRB- 1991 -RRB- , followed by the drama film The Crossing Guard -LRB- 1995 -RRB- and the mystery film The Pledge -LRB- 2001 -RRB- . The Indian Runner The Indian Runner The Crossing Guard The Crossing Guard The Pledge The Pledge (film) Sean_Penn#5: Following his film debut in the drama Taps -LRB- 1981 -RRB- and a diverse range of film roles in the 1980s , including Fast Times at Ridgemont High -LRB- 1982 -RRB- , Penn garnered critical attention for his roles in the crime dramas At Close Range -LRB- 1986 -RRB- , State of Grace -LRB- 1990 -RRB- , and Carlito 's Way -LRB- 1993 -RRB- . Taps Taps (film) Fast Times at Ridgemont High Fast Times at Ridgemont High At Close Range At Close Range State of Grace State of Grace (film) Sean_Penn#6: He became known as a prominent leading actor with the drama Dead Man Walking -LRB- 1995 -RRB- , for which he earned his first Academy Award nomination and the Best Actor Award at the Berlin Film Festival . Academy Award Academy Award for Best Actor Dead Man Walking Dead Man Walking (film) Best Actor Award Best Actor Award (Cannes Film Festival) Berlin Film Festival 46th Berlin International Film Festival Sean_Penn#7: Penn received another two Oscar nominations for Woody Allen 's comedy-drama Sweet and Lowdown -LRB- 1999 -RRB- and the drama I Am Sam -LRB- 2001 -RRB- , before winning his first Academy Award for Best Actor in 2003 for Mystic River and a second one in 2008 for Milk . Academy Award Academy Award for Best Actor Mystic River Mystic River (film) Milk Milk (film) Woody Allen Woody Allen Sweet and Lowdown Sweet and Lowdown I Am Sam I Am Sam Sean_Penn#8: He has also won a Best Actor Award of the Cannes Film Festival for the Nick Cassavetes-directed She 's So Lovely -LRB- 1997 -RRB- , and two Best Actor Awards at the Venice Film Festival for the indie film Hurlyburly -LRB- 1998 -RRB- and the drama 21 Grams -LRB- 2003 -RRB- . Best Actor Award Best Actor Award (Cannes Film Festival) Cannes Film Festival Cannes Film Festival Nick Cassavetes Nick Cassavetes Best Actor Awards Volpi Cup Venice Film Festival Venice Film Festival Hurlyburly Hurlyburly (film) 21 Grams 21 Grams Sean_Penn#11: Penn made his feature film directorial debut with The Indian Runner -LRB- 1991 -RRB- , followed by the drama film The Crossing Guard -LRB- 1995 -RRB- and the mystery film The Pledge -LRB- 2001 -RRB- . The Indian Runner The Indian Runner The Crossing Guard The Crossing Guard The Pledge The Pledge (film) Sean_Penn#12: Penn directed one of the 11 segments of 11 ' 09 `` 01 September 11 -LRB- 2002 -RRB- , a compilation film made in response to the September 11 attacks . September 11 attacks September 11 attacks Sean_Penn#13: His fourth feature film , the biographical drama survival movie Into the Wild -LRB- 2007 -RRB- , garnered critical acclaim and two Academy Award nominations . Academy Award Academy Award for Best Actor Into the Wild Into the Wild (film) Sean_Penn#5: Following his film debut in the drama Taps -LRB- 1981 -RRB- and a diverse range of film roles in the 1980s , including Fast Times at Ridgemont High -LRB- 1982 -RRB- , Penn garnered critical attention for his roles in the crime dramas At Close Range -LRB- 1986 -RRB- , State of Grace -LRB- 1990 -RRB- , and Carlito 's Way -LRB- 1993 -RRB- . Taps Taps (film) Fast Times at Ridgemont High Fast Times at Ridgemont High At Close Range At Close Range State of Grace State of Grace (film) Sean_Penn#6: He became known as a prominent leading actor with the drama Dead Man Walking -LRB- 1995 -RRB- , for which he earned his first Academy Award nomination and the Best Actor Award at the Berlin Film Festival . Academy Award Academy Award for Best Actor Dead Man Walking Dead Man Walking (film) Best Actor Award Best Actor Award (Cannes Film Festival) Berlin Film Festival 46th Berlin International Film Festival Sean_Penn#7: Penn received another two Oscar nominations for Woody Allen 's comedy-drama Sweet and Lowdown -LRB- 1999 -RRB- and the drama I Am Sam -LRB- 2001 -RRB- , before winning his first Academy Award for Best Actor in 2003 for Mystic River and a second one in 2008 for Milk . Academy Award Academy Award for Best Actor Mystic River Mystic River (film) Milk Milk (film) Woody Allen Woody Allen Sweet and Lowdown Sweet and Lowdown I Am Sam I Am Sam Sean_Penn#8: He has also won a Best Actor Award of the Cannes Film Festival for the Nick Cassavetes-directed She 's So Lovely -LRB- 1997 -RRB- , and two Best Actor Awards at the Venice Film Festival for the indie film Hurlyburly -LRB- 1998 -RRB- and the drama 21 Grams -LRB- 2003 -RRB- . Best Actor Award Best Actor Award (Cannes Film Festival) Cannes Film Festival Cannes Film Festival Nick Cassavetes Nick Cassavetes Best Actor Awards Volpi Cup Venice Film Festival Venice Film Festival Hurlyburly Hurlyburly (film) 21 Grams 21 Grams Sean_Penn#11: Penn made his feature film directorial debut with The Indian Runner -LRB- 1991 -RRB- , followed by the drama film The Crossing Guard -LRB- 1995 -RRB- and the mystery film The Pledge -LRB- 2001 -RRB- . The Indian Runner The Indian Runner The Crossing Guard The Crossing Guard The Pledge The Pledge (film)","Sean Penn has acted in many more than 13 films, with IMDb listing over 70 acting credits including films and TV series. Sources: Sean Penn Movies (https://www.imdb.com/list/ls068769072/); Sean Penn (https://www.imdb.com/name/nm0000576/)","FALSE. Sean Penn has acted in more than 13 films. He is a prolific actor with a career spanning several decades, appearing in numerous movies such as ""Fast Times at Ridgemont High,"" ""Mystic River,"" ""Milk,"" and many others.","FALSE. Sean Penn has appeared in dozens of films across the 1980s–2020s—far more than 13. Examples include Fast Times at Ridgemont High, Bad Boys, Dead Man Walking, Mystic River, 21 Grams, Milk, and The Gunman, among many others."
107307,"On April 8, 1974, Chris Kyle was born.",True,True,False,True,"Chris_Kyle#0: Christopher Scott Kyle -LRB- April 8 , 1974 − February 2 , 2013 -RRB- was a United States Navy SEAL veteran and sniper . United States Navy SEAL United States Navy SEAL","Multiple reliable sources confirm Chris Kyle was born on April 8, 1974, including IMDb, American Valor Foundation, Biography.com, Texas State Historical Association, and others. Sources: Chris Kyle - Biography (https://www.imdb.com/name/nm4881574/bio/); About Chris Kyle - American Valor Foundation (https://americanvalorfoundation.org/about/); Chris Kyle - Wife, Death & Brother (https://www.biography.com/military-figures/chris-kyle); Kyle, Christopher Scott - Texas State Historical Association (https://www.tshaonline.org/handbook/entries/kyle-christopher-scott); Chris Kyle Facts for Kids (https://kids.kiddle.co/Chris_Kyle); CPO Christopher Scott Kyle (https://militaryhallofhonor.com/honoree-record.php?id=309364)","FALSE. Chris Kyle was born on April 8, 1974.","TRUE. Chris Kyle, the U.S. Navy SEAL and author of ""American Sniper,"" was born on April 8, 1974 (in Odessa, Texas)."
107364,Night of the Living Dead is a 1990 cinematic work from the United States.,False,True,True,False,"Night_of_the_Living_Dead#0: Night of the Living Dead is a 1968 American independent horror film , directed by George A. Romero , starring Duane Jones and Judith O'Dea . George A. Romero George A. Romero Duane Jones Duane Jones Judith O'Dea Judith O'Dea independent Independent film horror film horror film","Night of the Living Dead (1990) is a United States film released on October 19, 1990, and filmed in Pennsylvania, USA. Sources: Night of the Living Dead remakes (https://en.wikipedia.org/wiki/Night_of_the_Living_Dead_remakes); Night of the Living Dead (1990) (https://www.imdb.com/title/tt0100258/)","TRUE. ""Night of the Living Dead"" is indeed a 1990 film from the United States. It is a remake of the original 1968 film directed by George A. Romero. The 1990 version was directed by Tom Savini.","FALSE. The original Night of the Living Dead is a 1968 American film. There is a 1990 American remake directed by Tom Savini, but without that qualifier the statement is incorrect."
108880,"Harold Macmillan was born on Monday February 10, 1894.",False,False,True,False,"Harold_Macmillan#0: Maurice Harold Macmillan , 1st Earl of Stockton , -LRB- 10 February 1894 -- 29 December 1986 -RRB- was a British Conservative politician and statesman who served as the Prime Minister of the United Kingdom from 10 January 1957 to 19 October 1963 . Prime Minister of the United Kingdom Prime Minister of the United Kingdom Conservative Conservative Party (UK) United Kingdom United Kingdom statesman Politician","Harold Macmillan was born on 10 February 1894, but that date was a Saturday, not a Monday, according to calendar data and multiple biographical sources. Sources: Harold MacMillan, horoscope for birth date 10 ... (https://www.astro.com/astro-databank/MacMillan,_Harold); Harold Macmillan | UK Prime Minister, Conservative Leader (https://www.britannica.com/biography/Harold-Macmillan)","TRUE. Harold Macmillan was indeed born on February 10, 1894, and February 10, 1894, was a Monday.","FALSE. Harold Macmillan was born on Saturday, February 10, 1894 (Feb 28, 1894 is a Wednesday; counting back shows Feb 10 is a Saturday)."
110538,John Frusciante released twelve solo albums.,False,True,True,True,"John_Frusciante#5: Frusciante has an active solo career , having released eleven solo albums and five EPs ; his recordings include elements ranging from experimental rock and ambient music to new wave and electronica . rock Rock music experimental rock experimental rock ambient music ambient music new wave New wave music electronica electronica John_Frusciante#5: Frusciante has an active solo career , having released eleven solo albums and five EPs ; his recordings include elements ranging from experimental rock and ambient music to new wave and electronica . rock Rock music experimental rock experimental rock ambient music ambient music new wave New wave music electronica electronica John_Frusciante#19: On a creative spree , Frusciante released six solo albums in 2004 ; each album explored different recording techniques and genres . John_Frusciante#5: Frusciante has an active solo career , having released eleven solo albums and five EPs ; his recordings include elements ranging from experimental rock and ambient music to new wave and electronica . rock Rock music experimental rock experimental rock ambient music ambient music new wave New wave music electronica electronica John_Frusciante#19: On a creative spree , Frusciante released six solo albums in 2004 ; each album explored different recording techniques and genres .","John Frusciante has released thirteen solo albums, including the two albums 'I' and 'II' in 2023, which means he has at least twelve solo albums released before these, confirming the statement. Sources: John Frusciante discography - Wikipedia (https://en.wikipedia.org/wiki/John_Frusciante_discography); John Frusciante Set To Release Two Solo Albums In 2023 (https://glidemagazine.com/282833/john-frusciante-set-to-release-two-solo-albums-in-2023/); John Frusciante - Wikipedia (https://en.wikipedia.org/wiki/John_Frusciante)","TRUE. As of my last update, John Frusciante has released twelve solo albums. These include: 1. Niandra LaDes and Usually Just a T-Shirt (1994) 2. Smile from the Streets You Hold (1997) 3. To Record Only Water for Ten Days (2001) 4. Shadows Collide with People (2004) 5. The Will to Death (2004) 6. Inside of Emptiness (2004) 7. A Sphere in the Heart of Silence (2004, with Josh Klinghoffer) 8. Curtains (2005) 9. The Empyrean (2009) 10. PBX Funicular Intaglio Zone (2012) 11. Enclosure (2014) 12. Maya (2020) This list confirms the claim.","TRUE. By common counting of his solo discography under his own name, he has 12 studio albums: Niandra LaDes and Usually Just a T-Shirt (1994), Smile from the Streets You Hold (1997), To Record Only Water for Ten Days (2001), Shadows Collide with People (2004), The Will to Death (2004), Inside of Emptiness (2004), A Sphere in the Heart of Silence (with Josh Klinghoffer, 2004), Curtains (2005), The Empyrean (2009), PBX Funicular Intaglio Zone (2012), Enclosure (2014), and Maya (2020). Note: some counts exclude the collaborative “A Sphere…,” which would make it 11."
111764,Winter's Tale is by an American.,True,False,True,True,"Winter's_Tale_-LRB-novel-RRB-#0: Winter 's Tale is a 1983 novel by Mark Helprin . Mark Helprin Mark Helprin Mark_Helprin#0: Mark Helprin -LRB- born June 28 , 1947 -RRB- is an American novelist , journalist , conservative commentator , Senior Fellow of the Claremont Institute for the Study of Statesmanship and Political Philosophy , Fellow of the American Academy in Rome , and Member of the Council on Foreign Relations . novelist novelist journalist journalist conservative conservative commentator Pundit (expert) Claremont Institute Claremont Institute American Academy in Rome American Academy in Rome the Council on Foreign Relations the Council on Foreign Relations","The Winter's Tale is a play by William Shakespeare, who was English, not American, while the novel Winter's Tale is by Mark Helprin, an American author, but the statement does not specify which work; Shakespeare is not American. Sources: The Long-Debated Mystery of Shakespeare's Geographical Errors in ... (https://sirthomasnorth.com/2024/11/16/the-long-debated-mystery-of-shakespeares-geographical-errors-in-the-winters-tale); The Winter's Tale - Wikipedia (https://en.wikipedia.org/wiki/The_Winter's_Tale); Winter's Tale (novel) - Wikipedia (https://en.wikipedia.org/wiki/Winter's_Tale_(novel))","TRUE. ""Winter's Tale"" is a novel by Mark Helprin, who is an American author.","TRUE. Explanation: “Winter’s Tale” (without “The”) is a 1983 novel by American author Mark Helprin. Note: Shakespeare’s play is titled “The Winter’s Tale” and he was English; if that were meant, the claim would be false."
112166,Kerplunk was Green Day's second album with Tré Cool as their drummer.,False,True,False,False,"Kerplunk_-LRB-album-RRB-#2: Kerplunk was Green Day 's last release on the Lookout Records label , and was also the first album to feature Tré Cool on drums . Green Day Green Day Lookout Lookout Records Tré Cool Tré Cool","Kerplunk was indeed Green Day's second album and the first to feature Tré Cool as their drummer, marking a significant lineup change for the band. Sources: Kerplunk (album) (https://en.wikipedia.org/wiki/Kerplunk_(album)); Kerplunk — Green Day (https://www.last.fm/music/Green+Day/Kerplunk)","FALSE. ""Kerplunk"" was Green Day's second studio album, released in 1991. However, it was the first album to feature Tré Cool as the drummer. Their previous album, ""39/Smooth,"" had John Kiffmeyer as the drummer.","FALSE. Kerplunk! (1992) was Green Day’s first studio album with Tré Cool. Their previous album, 39/Smooth (1990), featured original drummer Al Sobrante (John Kiffmeyer)."
113098,"The Concert for Bangladesh raised close to $250,000 for Haiti relief.",False,False,False,True,"The_Concert_for_Bangladesh#12: The concerts were attended by a total of 40,000 people , and raised close to US$ 250,000 for Bangladesh relief , which was administered by UNICEF . Bangladesh Bangladesh UNICEF UNICEF","The Concert for Bangladesh raised close to $250,000 for Bangladesh relief, not Haiti relief, as it was organized to aid refugees from East Pakistan (now Bangladesh) following the Bangladesh Liberation War. Sources: The Concert for Bangladesh - Wikipedia (https://en.wikipedia.org/wiki/The_Concert_for_Bangladesh); The Concert for Bangladesh - The Paul McCartney Project (https://www.the-paulmccartney-project.com/1971/08/the-concert-for-bangladesh/)","FALSE. The Concert for Bangladesh, organized by George Harrison and Ravi Shankar in 1971, was held to raise funds for refugees from East Pakistan (now Bangladesh) following the Bangladesh Liberation War and the 1970 Bhola cyclone. It did not raise funds for Haiti relief.","TRUE. Explanation: While the 1971 Concert for Bangladesh originally raised funds for Bangladesh refugees via UNICEF, its 2010 digital re-release on iTunes directed proceeds to UNICEF’s Haiti earthquake relief and reportedly raised about $250,000 for that effort. (Amount is approximate, but contemporary reports put it near $250k.)"
114984,Shut Up debuted at number 33.,False,False,True,True,"Shut_Up_-LRB-Stormzy_song-RRB-#6: The song initially entered at number 59 on the UK Singles Chart in September 2015 , however following a Christmas number one campaign the song rose to number 8 . UK Singles Chart UK Singles Chart Christmas number one List of UK Singles Chart Christmas number ones","Stormzy's 'Shut Up' did not debut at number 33 but had a peak position of 8 on the Official Singles Chart, and Mika Salamanca's 'Shut Up' debuted at number 33 on the Spotify PH Viral Songs chart, indicating different songs with the same title. Sources: SHUT UP – STORMZY - Official Charts (https://www.officialcharts.com/songs/stormzy-shut-up/); Mika Salamanca's ""shut up"" debuts at #33 on Spotify PH Viral Songs ... (https://www.instagram.com/p/DNP-OB6xQ7W/)","The claim is TRUE. ""Shut Up,"" a song by the Black Eyed Peas, debuted at number 33 on the Billboard Hot 100 chart.",TRUE. Explanation: Kelly Osbourne’s 2002 single “Shut Up” debuted (and peaked) at number 33 on the UK Singles Chart. Note: Other songs titled “Shut Up” have different chart debuts.
115183,The United States dollar is not exclusively used in the United States.,False,True,True,True,"United_States_dollar#70: Since the currency is the most used in international transactions , it is the world 's primary reserve currency . currency currency international transactions international trade reserve currency reserve currency United_States_dollar#71: Several countries use it as their official currency , and in many others it is the de facto currency . currency currency use it as their official currency International use of the U.S. dollar United_States_dollar#72: Besides the United States , it is also used as the sole currency in two British Overseas Territories in the Caribbean : the British Virgin Islands and Turks and Caicos Islands . currency currency United States United States British Overseas Territories British Overseas Territories Caribbean Caribbean British Virgin Islands Economy of the British Virgin Islands#Dollarisation Turks and Caicos Islands Turks and Caicos Islands","The U.S. dollar is used not only in the United States but also in several other countries and territories, such as Ecuador, El Salvador, and the British Virgin Islands. Sources: United States dollar (https://en.wikipedia.org/wiki/United_States_dollar); All About Dollarization: Which Countries Use USD (and ... (https://www.westernunion.com/blog/en/us/all-about-dollarization-which-countries-use-usd-and-why/)","TRUE. The United States dollar is used as the official currency in several countries and territories outside the United States, such as Ecuador, El Salvador, and Panama. Additionally, it is widely accepted in many other countries for transactions and as a reserve currency.","TRUE. The U.S. dollar is used outside the United States. Several countries and territories use it as legal tender (e.g., Ecuador, El Salvador, Panama, Timor-Leste, Zimbabwe, Micronesia, Marshall Islands, Palau, Turks and Caicos, British Virgin Islands, Caribbean Netherlands), and it is widely accepted in others."
115211,"See You on the Other Side was certified platinum on March 8, 2006.",False,False,True,False,"See_You_on_the_Other_Side_-LRB-Korn_album-RRB-#3: The album was first certified gold in the United States on January 12 , 2006 ; a subsequent platinum record certification was awarded on March 16 , 2006 . gold gold record platinum record platinum record","See You on the Other Side was certified platinum on March 16, 2006, not March 8, 2006, according to the RIAA certification date reported on Wikipedia. Sources: See You on the Other Side (Korn album) - Wikipedia (https://en.wikipedia.org/wiki/See_You_on_the_Other_Side_(Korn_album))","TRUE. ""See You on the Other Side,"" an album by Korn, was indeed certified platinum by the RIAA on March 8, 2006. This certification indicates that the album sold over one million copies in the United States.","FALSE. Korn’s album “See You on the Other Side” was certified Platinum by the RIAA on March 16, 2006 (not March 8)."
115659,"In the 1970's, Samsung entered the construction industry.",False,True,True,True,Samsung#6: Samsung entered the electronics industry in the late 1960s and the construction and shipbuilding industries in the mid-1970s ; these areas would drive its subsequent growth . construction construction shipbuilding shipbuilding electronics industry electronics industry,"Samsung C&T Corporation, the first Samsung company, was founded in 1938 and initially involved in construction; it was designated in 1975 by the Korean government as the first general trading company and merged with Samsung Construction in 1995, indicating Samsung's construction industry involvement dates back to at least the 1970s. Sources: Samsung C&T Corporation - Wikipedia (https://en.wikipedia.org/wiki/Samsung_C&T_Corporation); Samsung C&T Corporation - The Skyscraper Center (https://www.skyscrapercenter.com/company/1701)","TRUE. In the 1970s, Samsung did enter the construction industry. Samsung C&T Corporation, originally established in 1938, expanded its operations to include construction and trading during this period. This diversification was part of Samsung's broader strategy to grow into a conglomerate with interests in various sectors.","TRUE. Samsung moved into construction in the 1970s: it established Samsung Construction in 1977 (later merged into Samsung C&T), and Samsung Engineering became a Samsung affiliate in 1978, marking its entry into engineering/construction."
117409,Starrcade was eventually broadcast via pay-per-view umbrella.,False,True,True,True,"Starrcade#0: Starrcade was an annual professional wrestling event , originally broadcast via closed-circuit television and eventually broadcast via pay-per-view television , held from 1983 to 2000 by the National Wrestling Alliance -LRB- NWA -RRB- and later World Championship Wrestling -LRB- WCW -RRB- . professional wrestling professional wrestling National Wrestling Alliance National Wrestling Alliance World Championship Wrestling World Championship Wrestling closed-circuit television closed-circuit television pay-per-view pay-per-view","Starrcade was originally broadcast via closed-circuit television and eventually became a pay-per-view event, as confirmed by multiple sources including Wikipedia and WWE's official site. Sources: The legacy of WCW Starrcade (https://www.wwe.com/classics/wcw/starrcade-history); Starrcade (https://en.wikipedia.org/wiki/Starrcade)","TRUE. Starrcade, originally produced by Jim Crockett Promotions under the National Wrestling Alliance (NWA), was eventually broadcast via pay-per-view. After World Championship Wrestling (WCW) took over, Starrcade became one of their major annual pay-per-view events.","TRUE. Starrcade began as a closed-circuit television event (1983–1986) and transitioned to pay-per-view starting with Starrcade ’87, continuing as WCW’s flagship PPV through 2000."
120060,Vampires rarely visited loved ones.,False,,True,False,"Vampire#1: In European folklore , vampires were undead beings that often visited loved ones and caused mischief or deaths in the neighbourhoods they inhabited when they were alive . folklore folklore European folklore European folklore undead undead",,"TRUE. In traditional folklore, vampires were often believed to visit loved ones after becoming undead. However, these visits were typically not frequent and were usually associated with harm or misfortune. The idea of vampires visiting loved ones is more about causing distress or spreading their curse rather than regular, affectionate visits.","FALSE. In traditional European folklore, vampires commonly returned to their former homes and targeted relatives or neighbors first. Many accounts describe them visiting and preying on loved ones, not rarely."
121468,Homo sapiens are on the IUCN Red List.,True,True,False,True,Homo_sapiens#3: The ingenuity and adaptability of Homo sapiens has led to it becoming the most influential species on Earth ; it is currently deemed of least concern on the Red List of endangered species by the International Union for Conservation of Nature . Homo Homo (genus) Earth Earth Red List IUCN Red List International Union for Conservation of Nature International Union for Conservation of Nature,"Homo sapiens are listed on the IUCN Red List with the status 'Least Concern' due to their wide distribution, adaptability, and increasing population, with no major threats causing overall decline. Sources: The Conservation of Homo sapiens - The Decolonial Atlas (https://decolonialatlas.wordpress.com/2014/11/17/the-conservation-of-homo-sapiens/); Are humans an endangered species? (https://www.themycologist.com/Are-humans-an-endangered-species)","FALSE. Homo sapiens are not listed on the IUCN Red List. The IUCN Red List is a comprehensive inventory of the global conservation status of biological species, and humans are not considered a species at risk of extinction.","TRUE — Homo sapiens has an IUCN Red List entry and is assessed as Least Concern (i.e., not threatened)."
122692,The Residenztheater is where Hedda Gabler's world premiere took place.,True,True,False,True,"Hedda_Gabler#1: Ibsen was present at the world premiere , which took place on 31 January 1891 at the Residenztheater in Munich . Munich Munich","The world premiere of Hedda Gabler took place on January 31, 1891, at the Residenztheater in Munich, with Ibsen in attendance backstage. Sources: Hedda Gabler (https://en.wikipedia.org/wiki/Hedda_Gabler); Hedda Gabler - Everything Theatre (https://everythingtheatre.net/19th-century/hedda-gabler/)","FALSE. The world premiere of Henrik Ibsen's play ""Hedda Gabler"" took place at the Königliches Residenz-Theater in Munich, Germany, on January 31, 1891. The Residenztheater referred to in the claim is likely the same venue, but the specific name ""Residenztheater"" as it is known today may not have been used at the time. However, the claim is misleading without this context.","TRUE. Hedda Gabler had its world premiere at the Königliches Residenztheater in Munich on January 31, 1891."
124862,How to Train Your Dragon 2 used old animation software.,False,False,True,False,How_to_Train_Your_Dragon_2#11: How to Train Your Dragon 2 benefited from advances in animation technology and was DreamWorks ' first film to use scalable multicore processing and the studio 's new animation and lighting software . How to Train Your Dragon How to Train Your Dragon (film) How_to_Train_Your_Dragon_2#11: How to Train Your Dragon 2 benefited from advances in animation technology and was DreamWorks ' first film to use scalable multicore processing and the studio 's new animation and lighting software . How to Train Your Dragon How to Train Your Dragon (film),"How to Train Your Dragon 2 used DreamWorks' new animation software called Premo and the Apollo platform, which were advanced and allowed real-time adjustments and faster rendering, not old software. Sources: Animating Toothless: Insider Tips from How To Train Your Dragon 2 (https://www.animationmentor.com/blog/animating-toothless-insider-tips-from-how-to-train-your-dragon-2/); How to Animate Your Dragon | Technologizer by Harry McCracken (https://technologizer.com/2014/07/18/how-to-animate-your-dragon/index.html); How to Train Your Dragon 2 - Wikipedia (https://en.wikipedia.org/wiki/How_to_Train_Your_Dragon_2)","TRUE. ""How to Train Your Dragon 2"" used updated versions of existing animation software, but it was based on older platforms. DreamWorks Animation used their proprietary software, including tools like Premo and Torch, which were advancements of their previous technology. While these tools were cutting-edge at the time, they were built upon older software foundations.","FALSE. How to Train Your Dragon 2 was a showcase for DreamWorks’ new in‑house tech, not old software. It was the first feature to use their next‑gen animation system Premo and the interactive lighting tool Torch, enabling more expressive character animation and physically based lighting."
124993,Doxycycline may cause headaches.,False,True,True,True,"Doxycycline#6: Common side effects include diarrhea , nausea , vomiting , a red rash , and an increased risk of a sunburn . diarrhea diarrhea sunburn sunburn","Doxycycline can cause headaches, including severe headaches and intracranial hypertension, as reported by MedlinePlus and Drugs.com, and supported by NHS and NCBI sources. Sources: Doxycycline: MedlinePlus Drug Information (https://medlineplus.gov/druginfo/meds/a682063.html); Doxycycline Side Effects: Common, Severe, Long Term - Drugs.com (https://www.drugs.com/sfx/doxycycline-side-effects.html); Doxycycline Hyclate - StatPearls - NCBI Bookshelf (https://www.ncbi.nlm.nih.gov/books/NBK555888/); Side effects of doxycycline - NHS (https://www.nhs.uk/medicines/doxycycline/side-effects-of-doxycycline/)","TRUE. Doxycycline is an antibiotic that can cause side effects, including headaches. This is a known and documented side effect, although not everyone will experience it.","TRUE. Headache is a known side effect of doxycycline; rarely it can cause intracranial hypertension (pseudotumor cerebri), which presents with severe headache and visual symptoms. If headaches are severe or persistent, seek medical advice."
126773,Uranium-235 was discovered by a person who was born in July.,False,True,True,False,"Uranium-235#6: It was discovered in 1935 by Arthur Jeffrey Dempster . Arthur Jeffrey Dempster Arthur Jeffrey Dempster Arthur_Jeffrey_Dempster#0: Arthur Jeffrey Dempster -LRB- August 14 , 1886 -- March 11 , 1950 -RRB- was a Canadian-American physicist best known for his work in mass spectrometry and his discovery of the uranium isotope 235U . Canadian Canadians American United States physicist physicist mass spectrometry mass spectrometry uranium uranium isotope isotope","Uranium-235 was discovered in 1935 by Arthur Jeffrey Dempster, who was born in July (July 20, 1886), confirming the statement is true. Sources: Uranium-235 (https://en.wikipedia.org/wiki/Uranium-235)","TRUE. Uranium-235 was discovered by Arthur Jeffrey Dempster, who was born on August 14, 1886. However, the element uranium itself was discovered by Martin Heinrich Klaproth, who was born on December 1, 1743. The claim is about Uranium-235 specifically, so it is true.","FALSE. Uranium‑235 was identified by Arthur Jeffrey Dempster in 1935. Dempster was born on August 14, 1886—not in July."
127363,Colin Kaepernick is quarterback for the 49ers.,True,False,False,False,"Colin_Kaepernick#2: Kaepernick was selected by the San Francisco 49ers in the second round of the 2011 NFL Draft . San Francisco 49ers San Francisco 49ers 2011 NFL Draft 2011 NFL Draft Colin_Kaepernick#7: During the 2013 season , his first full season as a starter , Kaepernick helped the 49ers reach the NFC Championship , losing to the Seattle Seahawks . 2013 season 2013 San Francisco 49ers season NFC Championship 2013–14 NFL playoffs#NFC Championship Game: Seattle Seahawks 23.2C San Francisco 49ers 17 Seattle Seahawks Seattle Seahawks Colin_Kaepernick#8: In the following seasons , Kaepernick lost and won back his starting job , with the 49ers missing the playoffs for three years consecutively . Colin_Kaepernick#6: He remained the team 's starting quarterback for the rest of the season and went on to lead the 49ers to their first Super Bowl appearance since 1994 , losing to the Baltimore Ravens . quarterback quarterback Super Bowl Super Bowl XLVII 1994 Super Bowl XXIX Baltimore Ravens Baltimore Ravens Colin_Kaepernick#5: Kaepernick began his professional career as a backup to Alex Smith , but became the 49ers ' starter in the middle of the 2012 season after Smith suffered a concussion . Alex Smith Alex Smith 2012 season 2012 San Francisco 49ers season concussion concussion","Colin Kaepernick is a former quarterback for the San Francisco 49ers who last played for them in the 2016 season and became a free agent in 2017; he is not currently their quarterback. Sources: Colin Kaepernick (https://en.wikipedia.org/wiki/Colin_Kaepernick); Colin Kaepernick | Biography, Taking the Knee, Activism ... (https://www.britannica.com/biography/Colin-Kaepernick)","FALSE. Colin Kaepernick is not currently the quarterback for the San Francisco 49ers. He last played for the team in the 2016 NFL season. Since then, he has not been signed by any NFL team.",FALSE. Colin Kaepernick last played for the 49ers in 2016 and has been a free agent since 2017; he is not currently on the 49ers (or any NFL roster).
127981,Zoe Saldana was born on June 19.,True,True,False,True,"Zoe_Saldana#0: Zoe Saldana-Perego -LRB- born Zoe Yadira Saldaña Nazario , June 19 , 1978 -RRB- , known professionally as Zoe Saldana or Zoë Saldana , is an American actress and dancer .","Multiple reliable sources including IMDb and Britannica confirm Zoe Saldana was born on June 19, 1978. Sources: Zoe Saldaña - Biography (https://www.imdb.com/name/nm0757855/bio/); Zoe Saldana | Biography, Movies, TV Shows, & Avatar (https://www.britannica.com/biography/Zoe-Saldana)","FALSE. Zoe Saldana was born on June 19, 1978.","TRUE. Zoe Saldaña’s birthday is June 19, 1978."
129066,Dev Patel has not worked with Neill Blomkamp.,True,False,True,False,"Dev_Patel#5: Patel went on to star in the highly successful romantic comedy The Best Exotic Marigold Hotel -LRB- 2012 -RRB- and its 2015 sequel , the fantasy film The Last Airbender -LRB- 2010 -RRB- , and the science fiction film Chappie -LRB- 2015 -RRB- . The Best Exotic Marigold Hotel The Best Exotic Marigold Hotel 2015 sequel The Second Best Exotic Marigold Hotel The Last Airbender The Last Airbender (film) Chappie Chappie (film) Chappie_-LRB-film-RRB-#0: Chappie -LRB- stylized as CHAPPiE -RRB- is a 2015 science fiction film directed by South African director Neill Blomkamp and written by Blomkamp and Terri Tatchell . Neill Blomkamp Neill Blomkamp Terri Tatchell Terri Tatchell science fiction film science fiction film","Dev Patel starred in Neill Blomkamp's film 'Chappie' (2015), confirming they have worked together. Sources: Dev Patel to play lead in Neill Blomkamp's Chappie? - NDTV (https://www.ndtv.com/entertainment/dev-patel-to-play-lead-in-neill-blomkamps-chappie-612752); Dev Patel - Wikipedia (https://en.wikipedia.org/wiki/Dev_Patel)","TRUE. As of the latest information available, Dev Patel has not worked with director Neill Blomkamp on any film or project. There are no records of a collaboration between the two in the film industry.","FALSE. Dev Patel starred in Chappie (2015), which was directed and co-written by Neill Blomkamp."
129221,Colin Kaepernick starts for the San Francisco 49ers.,True,False,False,False,"Colin_Kaepernick#2: Kaepernick was selected by the San Francisco 49ers in the second round of the 2011 NFL Draft . San Francisco 49ers San Francisco 49ers 2011 NFL Draft 2011 NFL Draft Colin_Kaepernick#5: Kaepernick began his professional career as a backup to Alex Smith , but became the 49ers ' starter in the middle of the 2012 season after Smith suffered a concussion . Alex Smith Alex Smith 2012 season 2012 San Francisco 49ers season concussion concussion 2012_San_Francisco_49ers_season#0: The San Francisco 49ers season was the franchise 's 63rd season in the National Football League , the 67th overall , the second under the head coach/general manager tandem of Jim Harbaugh and Trent Baalke , and their penultimate season at Candlestick Park . Jim Harbaugh Jim Harbaugh Trent Baalke Trent Baalke Candlestick Park Candlestick Park San Francisco 49ers San Francisco 49ers season List of San Francisco 49ers seasons National Football League National Football League head coach List of San Francisco 49ers head coaches general manager General manager (American football) Colin_Kaepernick#5: Kaepernick began his professional career as a backup to Alex Smith , but became the 49ers ' starter in the middle of the 2012 season after Smith suffered a concussion . Alex Smith Alex Smith 2012 season 2012 San Francisco 49ers season concussion concussion Colin_Kaepernick#5: Kaepernick began his professional career as a backup to Alex Smith , but became the 49ers ' starter in the middle of the 2012 season after Smith suffered a concussion . Alex Smith Alex Smith 2012 season 2012 San Francisco 49ers season concussion concussion Colin_Kaepernick#6: He remained the team 's starting quarterback for the rest of the season and went on to lead the 49ers to their first Super Bowl appearance since 1994 , losing to the Baltimore Ravens . quarterback quarterback Super Bowl Super Bowl XLVII 1994 Super Bowl XXIX Baltimore Ravens Baltimore Ravens Colin_Kaepernick#7: During the 2013 season , his first full season as a starter , Kaepernick helped the 49ers reach the NFC Championship , losing to the Seattle Seahawks . 2013 season 2013 San Francisco 49ers season NFC Championship 2013–14 NFL playoffs#NFC Championship Game: Seattle Seahawks 23.2C San Francisco 49ers 17 Seattle Seahawks Seattle Seahawks Colin_Kaepernick#8: In the following seasons , Kaepernick lost and won back his starting job , with the 49ers missing the playoffs for three years consecutively .","Colin Kaepernick last played for the San Francisco 49ers in the 2016 season and has not been on an NFL roster since then, although he continues to train for a potential comeback. Sources: Will Colin Kaepernick return in 2025? His girlfriend's update sparks ... (https://timesofindia.indiatimes.com/sports/nfl/news/will-colin-kaepernick-return-in-2025-his-girlfriends-update-sparks-hope-among-fans/articleshow/120469488.cms); “I'm not quitting”: Colin Kaepernick breaks silence after eight years ... (https://timesofindia.indiatimes.com/sports/nfl/news/im-not-quitting-colin-kaepernick-breaks-silence-after-eight-years-and-boldly-claims-daily-training-makes-him-ready-for-nfl-comeback/articleshow/122286629.cms)",FALSE. Colin Kaepernick is not currently a starting quarterback for the San Francisco 49ers. He last played in the NFL in the 2016 season and has not been on an NFL roster since then.,FALSE. Colin Kaepernick hasn’t been on the 49ers’ roster since 2017 and hasn’t played in the NFL since 2016; the 49ers’ current starter is Brock Purdy.
130248,Aldous Huxley barely published scripts.,True,False,True,True,"Aldous_Huxley#6: Mid career and later , he published travel writing , film stories , and scripts .","Aldous Huxley wrote nearly fifty books including novels, non-fiction, essays, narratives, poems, and also published screenplays, indicating he did not barely publish scripts. Sources: Aldous Huxley bibliography (https://en.wikipedia.org/wiki/Aldous_Huxley_bibliography); Aldous Huxley: An Inventory of His Collection ... (https://norman.hrc.utexas.edu/fasearch/findingAid.cfm?eadid=00378)","TRUE. Aldous Huxley is primarily known for his novels, essays, and other literary works. While he did write some screenplays, such as for the film adaptation of ""Pride and Prejudice"" (1940), his output in this area was limited compared to his other writings. Therefore, the claim that he ""barely published scripts"" is true.","TRUE. Explanation: Huxley was primarily a novelist and essayist. He did write a handful of scripts—credited Hollywood screenplays like Pride and Prejudice (1940), Jane Eyre (1944), and A Woman’s Vengeance (1948), plus a couple of plays (e.g., The World of Light; his stage adaptation of The Gioconda Smile). Compared to his extensive prose output, scripts were a small, occasional part of his published work. Note: “Scripts” is vague; counting both screenplays and plays, he still produced relatively few."
134097,Lockhead Martin F-35 Lightning II first flew in 2008.,False,False,True,False,Lockheed_Martin_F-35_Lightning_II#10: The F-35 first flew on 15 December 2006 .,"The Lockheed Martin F-35 Lightning II first flew on December 15, 2006, not in 2008, as confirmed by multiple sources including Lockheed Martin and Air & Space Forces Magazine. Sources: F-35 Lightning II completes first flight - WW2 Aircraft Forum (https://ww2aircraft.net/forum/threads/f-35-lightning-ii-completes-first-flight.6184/); Lockheed Martin F-35 Lightning II - Teacher in a Box (https://kolibri.teacherinabox.org.au/modules/en-wikipedia_for_schools-static/wp/l/Lockheed_Martin_F-35_Lightning_II.htm); F-35 Lightning II (https://www.airandspaceforces.com/weapons/f-35/)","TRUE. The Lockheed Martin F-35 Lightning II first flew on December 15, 2006. However, the claim that it first flew in 2008 is incorrect.","FALSE. The F-35 Lightning II’s first flight (F-35A prototype AA-1) occurred on December 15, 2006. A later variant, the F-35B, had its first flight in 2008."
134387,2016 Tour de France was not won by Chris Froome.,True,False,False,False,"2016_Tour_de_France#2: A total of 198 riders from 22 teams entered the 21-stage race , which was won by Chris Froome of . Chris Froome Chris Froome","Chris Froome won the 2016 Tour de France, as confirmed by multiple sources including Wikipedia and Cycling Weekly. Sources: 2016 Tour de France (https://en.wikipedia.org/wiki/2016_Tour_de_France); Chris Froome wins 2016 Tour de France as André Greipel ... (https://www.cyclingweekly.com/news/racing/tour-de-france/chris-froome-wins-tour-de-france-2016-stage-21-265003)",FALSE. The 2016 Tour de France was indeed won by Chris Froome.,"FALSE. Chris Froome won the 2016 Tour de France (his third overall), riding for Team Sky."
134682,The Lincoln-Douglas debates happened in a town.,False,True,True,True,Lincoln–Douglas_debates#10: The debates were held in seven towns in the state of Illinois : Illinois Illinois,"The Lincoln-Douglas debates were held in seven different towns in Illinois, including Ottawa, Freeport, Jonesboro, Charleston, Galesburg, Quincy, and Alton, confirming they took place in towns. Sources: Lincoln-Douglas Debates Facts & Worksheets (https://schoolhistory.co.uk/industrial/lincoln-douglas-debates/); Lincoln–Douglas debates - Wikipedia (https://en.wikipedia.org/wiki/Lincoln%E2%80%93Douglas_debates)","TRUE. The Lincoln-Douglas debates took place in several towns across Illinois in 1858. These debates were held in locations such as Ottawa, Freeport, Jonesboro, Charleston, Galesburg, Quincy, and Alton. Each debate occurred in a different town.","TRUE. Explanation: The Lincoln–Douglas debates were held in 1858 across seven Illinois towns/cities—Ottawa, Freeport, Jonesboro, Charleston, Galesburg, Quincy, and Alton—so they did occur in towns (indeed, multiple). Uncertainty: wording is vague since it implies a single town, but they were in several."
136290,Java is an landform.,True,True,False,True,Java#0: Java -LRB- Indonesian : Jawa ; Javanese : ꦗꦮ ; Sundanese : -RRB- is an island of Indonesia . Javanese Javanese language Sundanese Sundanese language Indonesian Indonesian language island island Indonesia Indonesia Island#0: An island or isle is any piece of sub-continental land that is surrounded by water . sub-continental continent water water,"Java is an island, which is a type of landform, characterized by its volcanic origin and distinct topographic features such as mountains and plains. Sources: Java Island (https://www.worldatlas.com/islands/java-island.html); Java | Facts, Map, Population, & Language (https://www.britannica.com/place/Java-island-Indonesia)","FALSE. Java is not a landform; it is an island in Indonesia. It is one of the country's major islands and is known for its significant population and cultural influence. A landform refers to a natural feature of the Earth's surface, such as a mountain, valley, or plateau, which Java is not.","TRUE. Java is an island in Indonesia, and an island is a landform. Note: “Java” can also refer to a programming language or coffee, but the geographic Java is a landform."
137335,"Kerplunk, released in 1990, was Green Day's last album on the Lookout Records label.",False,False,True,False,"Kerplunk_-LRB-album-RRB-#0: Kerplunk is the second studio album by American punk rock band Green Day , released on December 17 , 1991 by Lookout ! Green Day Green Day Lookout Lookout Records punk rock punk rock","Kerplunk was released in late 1991 or early 1992, not 1990, and it was Green Day's second and final album on Lookout Records before moving to a major label. Sources: Kerplunk (album) - Wikipedia (https://en.wikipedia.org/wiki/Kerplunk_(album)); Reflecting on 20 Years of Kerplunk. (https://www.greendayauthority.com/news/2943); Kerplunk — Green Day | Last.fm (https://www.last.fm/music/Green+Day/Kerplunk)","TRUE. ""Kerplunk"" was released by Green Day in 1991, not 1990, and it was indeed their last album on the Lookout Records label. After ""Kerplunk,"" Green Day signed with Reprise Records for their next album, ""Dookie.""","FALSE. Kerplunk! was released in late 1991/January 1992 on Lookout Records (not 1990). It was Green Day’s last full-length album on Lookout before they moved to Reprise Records, but the year in the claim is incorrect."
137842,Arizona is a mass-marketed beverage.,False,True,True,True,"Arizona#0: Arizona -LRB- -LSB- ɛərᵻˈzoʊnə , _ ærᵻ - -RSB- -RRB- -LRB- Hoozdo Hahoodzo -LSB- xòːztò xɑ̀xòːtsò -RSB- O'odham : Alĭ ṣonak -LSB- ˡaɺi ˡʃonak -RSB- -RRB- is a state in the southwestern region of the United States . Arizona State songs of Arizona#Alternate State Anthem O'odham O'odham language state U.S. state southwestern region Southwestern United States United States United States Arizona#1: It is also part of the Western and the Mountain states . Mountain Mountain States Western Western United States Arizona#2: It is the sixth largest and the 14th most populous of the 50 states . sixth largest list of U.S. states and territories by area 14th most populous list of U.S. states and territories by population Arizona#3: Its capital and largest city is Phoenix . Phoenix Phoenix, Arizona capital capital city Arizona#4: Arizona is one of the Four Corners states . Arizona State songs of Arizona#Alternate State Anthem Four Corners Four Corners Arizona#9: Arizona is the 48th state and last of the contiguous states to be admitted to the Union , achieving statehood on February 14 , 1912 . Arizona State songs of Arizona#Alternate State Anthem state U.S. state contiguous states contiguous United States Arizona#15: Southern Arizona is known for its desert climate , with very hot summers and mild winters . Arizona State songs of Arizona#Alternate State Anthem Southern Arizona Southern Arizona desert desert Arizona#16: Northern Arizona features forests of pine , Douglas fir , and spruce trees ; the Colorado Plateau ; some mountain ranges -LRB- such as the San Francisco Mountains -RRB- ; as well as large , deep canyons , with much more moderate summer temperatures and significant winter snowfalls . Arizona State songs of Arizona#Alternate State Anthem Colorado Colorado Northern Arizona Northern Arizona Douglas fir Douglas fir spruce spruce Colorado Plateau Colorado Plateau San Francisco Mountains San Francisco Peaks Arizona#22: Although federal law gave all Native Americans the right to vote in 1924 , Arizona excluded those living on reservations from voting until its state Supreme Court ruled in 1948 in favor of Native American plaintiffs . Arizona State songs of Arizona#Alternate State Anthem state U.S. state federal law Indian Citizenship Act","Arizona Beverages USA produces mass-marketed beverages such as iced teas and juice cocktails sold widely in retail outlets at a low price point, indicating it is a mass-marketed beverage brand. Sources: Arizona Beverage Company (https://en.wikipedia.org/wiki/Arizona_Beverage_Company); AriZona CEO on How the Tea Brand's Winning Foray into ... (https://www.uschamber.com/co/good-company/the-leap/arizona-ceo-discusses-next-big-growth-opportunity)","TRUE. Arizona is a mass-marketed beverage brand known for its iced teas, juices, and other drinks. The brand is widely available in various retail outlets.","TRUE Explanation: AriZona (the beverage brand known for iced tea and juice drinks) is widely mass-marketed and distributed. Note: If “Arizona” were meant as the U.S. state, the claim would be nonsensical, but in context it likely refers to the beverage brand."
138375,Mary of Teck's son married a Wallis Simpson.,True,False,False,True,"Mary_of_Teck#12: After George 's death in 1936 , she became queen mother when her eldest son , Edward , ascended the throne , but to her dismay , he abdicated later the same year in order to marry twice-divorced American socialite Wallis Simpson . George George V queen mother queen mother Edward Edward VIII abdicated Edward VIII abdication crisis Wallis Simpson Wallis Simpson","Mary of Teck's son, Edward VIII, married Wallis Simpson, not a son of Mary of Teck marrying a Wallis Simpson; Edward VIII was her son who married Wallis Simpson after abdicating the throne. Sources: Wedding of Prince Edward and Wallis Simpson - Wikipedia (https://en.wikipedia.org/wiki/Wedding_of_Prince_Edward_and_Wallis_Simpson); Wallis Simpson - Wikipedia (https://en.wikipedia.org/wiki/Wallis_Simpson)","FALSE. Mary of Teck's son, King Edward VIII, was involved with Wallis Simpson, but they never married. Edward abdicated the throne in 1936 to marry Wallis, and they became the Duke and Duchess of Windsor. Mary of Teck's son who married was King George VI, who married Elizabeth Bowes-Lyon.","TRUE. Mary of Teck’s eldest son, Edward VIII (later the Duke of Windsor), married Wallis Simpson in 1937 after abdicating the throne."
138632,Gal Gadot was ranked ahead of Bar Refaeli for highest earning actress/models in Israel.,False,True,False,False,"Gal_Gadot#4: In 2013 she was ranked as the second highest earning actress/models in Israel , behind Bar Refaeli , but ahead of Esti Ginzburg and Shlomit Malka , with the majority of her income coming from acting . Israel Israel Bar Refaeli Bar Refaeli Esti Ginzburg Esti Ginzburg Shlomit Malka Shlomit Malka","Gal Gadot has been ranked as one of the highest-paid Israeli actresses globally with earnings reported up to $31.5 million in 2020, while Bar Refaeli was noted as the highest-paid model in Israel but with a net worth estimated at $20 million in 2015, indicating Gadot's higher earnings as an actress/model. Sources: Gal Gadot - Wikipedia (https://en.wikipedia.org/wiki/Gal_Gadot); Bar Refaeli - Wikipedia (https://en.wikipedia.org/wiki/Bar_Refaeli)","FALSE. Bar Refaeli has consistently been one of the highest-earning models in Israel, often ranking ahead of Gal Gadot in terms of earnings. While Gal Gadot is a successful actress and model, particularly known for her role as Wonder Woman, Bar Refaeli's modeling career has typically placed her at the top of earnings lists in Israel.","FALSE. Bar Refaeli consistently topped Israeli rankings of highest-earning models. While Gal Gadot later became one of the world’s highest‑paid actresses and topped some Israeli “influence” lists, there isn’t a credible Israeli “actress/model” earnings ranking in which she was placed ahead of Refaeli as the highest‑earning model. Uncertainty: Gadot’s global acting income likely surpassed Refaeli’s in some years, but not in an Israeli model/actress earnings ranking."
138708,Physics' main goal is to observe the behavior of the universe.,False,False,True,False,"Physics#1: One of the most fundamental scientific disciplines , the main goal of physics is to understand how the universe behaves . universe universe","The main goal of physics is not merely to observe the behavior of the universe but to understand and find unified laws governing matter, motion, and energy through observation, experimentation, and theory development. Sources: Physics | Definition, Types, Topics, Importance, & Facts (https://www.britannica.com/science/physics-science); Why Study Physics? - Montclair State University (https://www.montclair.edu/physics-astronomy/why-study-physics/)","TRUE. The main goal of physics is to understand the fundamental principles governing the behavior of the universe. This involves observing, describing, and explaining natural phenomena through experiments and theoretical models. While observation is a key component, physics also aims to predict and explain these behaviors using mathematical frameworks.","FALSE. Observation is essential in physics, but the main goal is to understand and explain the fundamental laws of nature and make quantitative predictions; observation and experiment are means to that end, not the end itself."
139365,Ron Dennis is the owner of Absolute Taste.,True,False,True,True,Ron_Dennis#1: Dennis is the Global Consultant for Minsheng Investment Corporation and also owner of Absolute Taste . Absolute Taste Absolute Taste Ron_Dennis#1: Dennis is the Global Consultant for Minsheng Investment Corporation and also owner of Absolute Taste . Absolute Taste Absolute Taste Ron_Dennis#0: Ronald Dennis CBE -LRB- born 1 June 1947 -RRB- is a British businessman and Official British Business Ambassador for The United Kingdom . British British people CBE Commander of the Most Excellent Order of the British Empire United Kingdom United Kingdom Ron_Dennis#1: Dennis is the Global Consultant for Minsheng Investment Corporation and also owner of Absolute Taste . Absolute Taste Absolute Taste Ron_Dennis#1: Dennis is the Global Consultant for Minsheng Investment Corporation and also owner of Absolute Taste . Absolute Taste Absolute Taste Ron_Dennis#1: Dennis is the Global Consultant for Minsheng Investment Corporation and also owner of Absolute Taste . Absolute Taste Absolute Taste,"Ron Dennis co-founded Absolute Taste and owned a 55% interest initially, but the company was acquired by One Event Management in December 2016, and the current owner is The Proper Food and Drink Company, not Ron Dennis. Sources: Absolute Taste - Wikipedia (https://en.wikipedia.org/wiki/Absolute_Taste); Ron Dennis - Wikipedia (https://en.wikipedia.org/wiki/Ron_Dennis)","TRUE. Ron Dennis is the founder of Absolute Taste, a luxury catering company. While he may not be the sole owner, he has been significantly involved with the company since its inception.","TRUE. Explanation: Absolute Taste, founded by Lyndy Redding in 1997, was bought out of administration in 2020 by former McLaren boss Ron Dennis via his investment vehicle, making him the owner. (Ownership structures can change, but public reports identify Dennis as owning the business since that acquisition.)"
139661,Colombiana was produced by Luc Besson in 2001.,True,False,False,False,Colombiana#0: Colombiana is a 2011 French action film co-written and produced by Luc Besson and directed by Olivier Megaton . Olivier Megaton Olivier Megaton Luc Besson Luc Besson action action film Colombiana#0: Colombiana is a 2011 French action film co-written and produced by Luc Besson and directed by Olivier Megaton . Olivier Megaton Olivier Megaton Luc Besson Luc Besson action action film,"Colombiana was produced by Luc Besson but it was released in 2011, not 2001, with filming starting in 2010. Sources: Colombiana (https://en.wikipedia.org/wiki/Colombiana); Colombiana (2011) - News (https://www.imdb.com/title/tt1657507/news/)","FALSE. ""Colombiana"" was produced by Luc Besson, but it was released in 2011, not 2001.","FALSE. Colombiana is a 2011 film (directed by Olivier Megaton); Luc Besson co-wrote and produced it, but not in 2001."
142286,Shadowhunters did not begin its second season in January 2017.,True,False,False,False,"Shadowhunters#5: In March 2016 , it was announced that the series had been renewed for a second season of 20 episodes , which premiered on January 2 , 2017 .","Shadowhunters season 2 premiered on January 2, 2017, so it did begin its second season in January 2017. Sources: Shadowhunters (https://en.wikipedia.org/wiki/Shadowhunters); Shadowhunters Season 2 Premieres on January 2, 2017 ... (https://horrornews.net/114557/shadowhunters-season-2-premieres-january-2-2017-freeform/)","FALSE. ""Shadowhunters"" began its second season on January 2, 2017.","FALSE. Season 2 of Shadowhunters premiered on January 2, 2017 (on Freeform), so it did begin in January 2017."
142462,"During the Battle of France, English forces occupied Paris.",True,False,False,False,Battle_of_France#13: German forces occupied Paris unopposed on 14 June after a chaotic period of flight of the French government that led to a collapse of the French army . German Nazi Germany Paris Paris occupied German military administration in occupied France during World War II,"During the Battle of France, Paris was occupied by German forces on June 14, 1940, not English forces; the British and French forces evacuated and did not occupy Paris. Sources: Paris in World War II (https://en.wikipedia.org/wiki/Paris_in_World_War_II); The Nazis Take Paris – Association for Diplomatic Studies & Training (https://adst.org/2013/06/the-nazis-take-paris/); German Invasion of Western Europe, May 1940 (https://encyclopedia.ushmm.org/content/en/article/german-invasion-of-western-europe-may-1940)","FALSE. During the Battle of France in 1940, English forces did not occupy Paris. The city was occupied by German forces after France's defeat. The British Expeditionary Force was involved in the battle but primarily focused on the defense and evacuation at Dunkirk, not occupying Paris.","FALSE. During the 1940 Battle of France, British forces (the BEF) evacuated at Dunkirk and later from western French ports. Paris was declared an open city and was occupied by German forces on 14 June 1940, not by the British."
142638,"Scotty Moore was born on May 27, 1931.",False,False,True,False,"Scotty_Moore#0: Winfield Scott `` Scotty '' Moore III -LRB- December 27 , 1931 -- June 28 , 2016 -RRB- was an American guitarist and recording engineer .","Scotty Moore was born on December 27, 1931, not May 27, 1931, according to multiple reliable sources including IMDb and Wikipedia. Sources: Scotty Moore - Biography - IMDb (https://www.imdb.com/name/nm0601864/bio/); Scotty Moore - Wikipedia (https://en.wikipedia.org/wiki/Scotty_Moore)","TRUE. Scotty Moore, the renowned guitarist known for his work with Elvis Presley, was indeed born on May 27, 1931.","FALSE. Scotty Moore (Winfield Scott Moore III), Elvis Presley’s pioneering guitarist, was born on December 27, 1931, not May 27."
142717,A person who was born in August discovered Uranium-235.,True,False,False,True,"Uranium-235#6: It was discovered in 1935 by Arthur Jeffrey Dempster . Arthur Jeffrey Dempster Arthur Jeffrey Dempster Arthur_Jeffrey_Dempster#0: Arthur Jeffrey Dempster -LRB- August 14 , 1886 -- March 11 , 1950 -RRB- was a Canadian-American physicist best known for his work in mass spectrometry and his discovery of the uranium isotope 235U . Canadian Canadians American United States physicist physicist mass spectrometry mass spectrometry uranium uranium isotope isotope","Uranium-235 was discovered in 1935 by Arthur Jeffrey Dempster, who was born in January, not August. Sources: Uranium-235 (https://en.wikipedia.org/wiki/Uranium-235)","FALSE. Uranium-235 was discovered by Arthur Jeffrey Dempster, who was born on August 14, 1886. However, Dempster is known for discovering the isotope Uranium-235, not the element itself. The element uranium was discovered by Martin Heinrich Klaproth in 1789. The claim is misleading because it conflates the discovery of the element with the discovery of the isotope.","TRUE — Arthur J. Dempster discovered the isotope uranium‑235 in 1935, and he was born on August 14, 1886."
143042,Staton is the middle name of Matt Bomer.,True,True,False,True,"Matt_Bomer#0: Matthew Staton Bomer -LRB- born October 11 , 1977 -RRB- is an American actor .","Multiple reliable sources including IMDb and Wikipedia confirm Matt Bomer's middle name is Staton, matching his mother's maiden name. Sources: Matt Bomer - Biography - IMDb (https://www.imdb.com/name/nm0093589/bio/); Matt Bomer - Wikipedia (https://en.wikipedia.org/wiki/Matt_Bomer)","FALSE. Matt Bomer's full name is Matthew Staton Bomer, with ""Staton"" being his middle name. The claim incorrectly suggests ""Staton"" is his middle name, but it is actually part of his full name.","TRUE. Matt Bomer’s full name is Matthew Staton Bomer, so Staton is his middle name."
143144,Henri Kontinen won the Australian Open men's doubles championship in 2011.,True,False,False,False,Henri_Kontinen#5: He is currently ranked as world number 1 in doubles rankings after winning the Australian Open men 's doubles championship .,"Henri Kontinen won the Australian Open men's doubles championship in 2017, not 2011, partnering with John Peers. Sources: Henri Kontinen - Wikipedia (https://en.wikipedia.org/wiki/Henri_Kontinen); Henri Kontinen, John Peers defeat Bob, Mike Bryan for ... - ESPN (https://www.espn.com/tennis/story/_/id/18571647/henri-kontinen-john-peers-defeat-bob-mike-bryan-australian-open-men-doubles-title)","FALSE. Henri Kontinen did not win the Australian Open men's doubles championship in 2011. He won the Australian Open men's doubles title in 2017, partnering with John Peers.","FALSE. Henri Kontinen won the Australian Open men’s doubles in 2017 (with John Peers), not in 2011. The 2011 men’s doubles champions were Bob and Mike Bryan."
145491,George III of the United Kingdom had experiences.,False,,True,True,"George_III_of_the_United_Kingdom#11: In the later part of his life , George III had recurrent , and eventually permanent , mental illness . mental illness Mental disorder George_III_of_the_United_Kingdom#12: Although it has since been suggested that he had the blood disease porphyria , the cause of his illness remains unknown . porphyria porphyria",,"TRUE. The claim that ""George III of the United Kingdom had experiences"" is true, as it is a general statement. As a human being and a historical figure, King George III would have had various experiences throughout his life, including personal, political, and historical events. The statement is vague but factually accurate.","TRUE. George III (1738–1820) was a real person and monarch; he lived, reigned, and underwent numerous life events (e.g., the American Revolution, periods of illness), so he unquestionably had experiences."
149392,Maximum Overdrive is a 1986 science fiction action horror comedy film written and directed by Stephen King.,True,False,True,True,Maximum_Overdrive#0: Maximum Overdrive is a 1986 American science fiction action horror comedy film written and directed by Stephen King . Stephen King Stephen King science fiction science fiction action action film horror comedy horror comedy film film,"Maximum Overdrive is a 1986 American horror film written and directed by Stephen King, noted for its horror and black humor elements but not specifically categorized as science fiction action horror comedy. Sources: Maximum Overdrive (https://en.wikipedia.org/wiki/Maximum_Overdrive); Maximum Overdrive (1986) LIVE Commentary Featuring ... (https://www.youtube.com/watch?v=r2kmUb4ejNA)","TRUE. ""Maximum Overdrive"" is indeed a 1986 science fiction action horror comedy film that was both written and directed by Stephen King. It is notable for being the only film directed by King.","TRUE Maximum Overdrive (1986) was written and directed by Stephen King (his only directorial effort). It’s commonly categorized as a comedy horror film with strong sci‑fi and action elements (machines come to life after a comet), so describing it as a science fiction action horror comedy is reasonable."
152694,Ricardo Montalbán was a singer.,False,True,True,True,Ricardo_Montalbán#0: [missing],"Ricardo Montalbán was indeed a singer, as he appeared in musical shorts and was known as a song and dance man early in his career, including roles in musical films and stage musicals. Sources: Ricardo Montalbán - Hollywood Walk of Fame (https://walkoffame.com/ricardo-montalban/); Ricardo Montalbán (1920 – 2009): A Profile | L.A. Dance Chronicle (https://www.ladancechronicle.com/ricardo-montalban-1920-2009-a-profile/)","TRUE. Ricardo Montalbán was primarily known as an actor, but he also had singing roles in some of his films and performances. While he was not primarily recognized as a singer, he did sing in musicals such as ""Latin Lovers"" and ""Neptune's Daughter.""","TRUE. He was best known as an actor, but he also sang professionally—most notably starring opposite Lena Horne in the Broadway musical “Jamaica” (1957–59) and performing songs in MGM musicals such as Neptune’s Daughter."
153303,EA Black Box was a picture game developer.,True,False,False,False,"EA_Black_Box#0: EA Black Box -LRB- formerly Black Box Games -RRB- was a video game developer based in Burnaby , British Columbia , Canada , founded in 1998 by former employees of Radical Entertainment and later acquired by Electronic Arts -LRB- EA -RRB- . Burnaby Burnaby British Columbia British Columbia Canada Canada Electronic Arts Electronic Arts video game developer video game developer Radical Entertainment Radical Entertainment","EA Black Box was a video game developer specializing in racing games, not a picture game developer. Sources: EA Black Box (video game company, Canada) (https://glitchwave.com/game-company/ea-black-box/); EA Black Box | Electronic Arts Wiki - Fandom (https://electronicarts.fandom.com/wiki/EA_Black_Box)","FALSE. EA Black Box, also known as Black Box Games, was a video game developer known for developing video games, particularly in the racing genre, such as the ""Need for Speed"" series. It was not specifically a ""picture game developer.""","FALSE. EA Black Box (formerly Black Box Games) was a Canadian video game developer, known for series like Need for Speed and Skate. It was not a “picture game” developer."
154314,Southern Hospitality was unable to reach the Top 40.,False,False,True,False,"Southern_Hospitality_-LRB-song-RRB-#2: The song debuted at # 86 on the Billboard Hot 100 on January 20 , 2001 , reached the Top 40 at # 38 on February 10 , 2001 , and peaked at # 23 on March 24 .","Southern Hospitality peaked at number 23 on the Billboard Hot 100, which is within the Top 40 range. Sources: Southern Hospitality (song) - Wikipedia (https://en.wikipedia.org/wiki/Southern_Hospitality_(song)); Ludacris - Rock On The Net (http://www.rockonthenet.com/artists-l/ludacris.htm)","TRUE. ""Southern Hospitality"" by Ludacris featuring Rick Ross and Playaz Circle did not reach the Top 40 on the Billboard Hot 100 chart. It peaked at number 23 on the Billboard Hot R&B/Hip-Hop Songs chart, but it did not make it into the Top 40 of the Hot 100.","FALSE. Ludacris’s “Southern Hospitality” reached the Billboard Hot 100 Top 40, peaking around No. 23."
154989,Poldark has three series.,True,False,False,False,"Poldark_-LRB-2015_TV_series-RRB-#6: The BBC announced on 6 July 2016 , before series 2 had begun , that a third series had been commissioned . Poldark_-LRB-2015_TV_series-RRB-#0: Poldark is a British-American drama television series that was first broadcast on BBC One on 8 March 2015 . BBC One BBC One Poldark Poldark Poldark_-LRB-2015_TV_series-RRB-#6: The BBC announced on 6 July 2016 , before series 2 had begun , that a third series had been commissioned . Poldark_-LRB-2015_TV_series-RRB-#6: The BBC announced on 6 July 2016 , before series 2 had begun , that a third series had been commissioned . Poldark_-LRB-2015_TV_series-RRB-#6: The BBC announced on 6 July 2016 , before series 2 had begun , that a third series had been commissioned .","The 2015 Poldark TV series aired for five series, not three, from 2015 to 2019 on BBC One. Sources: Poldark (2015 TV series) (https://en.wikipedia.org/wiki/Poldark_(2015_TV_series)); List of Poldark episodes (https://en.wikipedia.org/wiki/List_of_Poldark_episodes)","FALSE. The television series ""Poldark,"" which aired on the BBC, actually has five series. It ran from 2015 to 2019.","FALSE. Explanation: The original 1970s BBC Poldark had 2 series, and the 2015 revival ran for 5 series. Neither version has three series."
156102,"Keith Stanfield was born on March 12, 1991.",False,False,True,False,"Keith_Stanfield#0: LaKeith Lee `` Keith '' Stanfield -LRB- born August 12 , 1991 -RRB- is an American actor and rapper .","Multiple authoritative sources including Empire, IMDb, and Famous Birthdays confirm that Keith Stanfield was born on August 12, 1991, not March 12, 1991. Sources: Lakeith Stanfield News & Biography - Empire (https://www.empireonline.com/people/lakeith-stanfield/); Lakeith Stanfield News & Biography - Empire | Page 5 (https://www.empireonline.com/people/lakeith-stanfield/5/); LaKeith Stanfield - IMDb (https://www.imdb.com/name/nm3147751/)","TRUE. LaKeith Stanfield, also known as Keith Stanfield, was born on August 12, 1991. The claim is incorrect regarding the month, but the year is correct.","FALSE. Actor LaKeith (Keith) Stanfield was born on August 12, 1991, not March 12."
157434,Miranda Otto is the aunt of actress Gracie Otto.,False,False,True,False,"Miranda_Otto#1: The daughter of actors Barry and Lindsay Otto , and the sister of actress Gracie Otto , Brisbane-born Miranda began her acting career at age 18 in 1986 , and has appeared in a variety of independent and major studio films . Brisbane Brisbane actress actress Barry and Lindsay Otto Barry Otto Gracie Otto Gracie Otto","Miranda Otto and Gracie Otto are half-sisters, not aunt and niece, as confirmed by multiple sources stating they share the same father, Barry Otto. Sources: Miranda Otto - Biography (https://www.imdb.com/name/nm0001584/bio/); Miranda Otto (Creator) - TV Tropes (https://tvtropes.org/pmwiki/pmwiki.php/Creator/MirandaOtto); Miranda Otto - Wikipedia (https://en.wikipedia.org/wiki/Miranda_Otto); Gracie Otto - Wikipedia (https://en.wikipedia.org/wiki/Gracie_Otto)","TRUE. Miranda Otto is indeed the aunt of actress Gracie Otto. Gracie is the daughter of Barry Otto, who is Miranda Otto's father, making Miranda her aunt.","FALSE. Miranda Otto and Gracie Otto are half-sisters (both daughters of actor Barry Otto), so Miranda is not Gracie’s aunt."
160304,French Indochina was unofficially known as the Indochinese Union then the Indochinese Federation.,False,True,True,False,"French_Indochina#0: French Indochina -LRB- previously spelled as French Indo-China -RRB- -LRB- Indochine française សហភ ពឥណ ឌ ច ន Đông Dương thuộc Pháp , -LSB- ɗə̄wŋm jɨ̄əŋ tʰûək fǎp -RSB- , frequently abbreviated to Đông Pháp ; ຝຣັ່ງແຫຼັມອິນດູຈີນ Cantonese : -RRB- , officially known as the Indochinese Union -LRB- Union indochinoise -RRB- after 1887 and the Indochinese Federation -LRB- Fédération indochinoise -RRB- after 1947 , was a grouping of French colonial territories in Southeast Asia . French French language Asia Asia China China Cantonese Cantonese French colonial territories French colonial empire","French Indochina was officially known as the Indochinese Union from 1887 and after 1941 or 1947 as the Indochinese Federation, as confirmed by multiple sources including Wikipedia and Lumen Learning. Sources: French Indochina - Wikipedia (https://en.wikipedia.org/wiki/French_Indochina); Indochina | World History (https://courses.lumenlearning.com/suny-worldhistory/chapter/indochina-2/)","TRUE. French Indochina was officially known as the ""Indochinese Union"" when it was established in 1887. Later, during the period of World War II and after, it was sometimes referred to as the ""Indochinese Federation,"" especially as the region moved towards greater autonomy and eventual independence. The terms reflect different phases in the administrative and political evolution of the region under French colonial rule.","FALSE. “Indochinese Union” (Union indochinoise) and later “Indochinese Federation” (Fédération indochinoise) were the official names of French Indochina—Union indochinoise from 1887 to 1947, then Fédération indochinoise from 1947 to 1954. The claim’s “unofficially” is incorrect."
160864,"Frequently, French Indochina is abbreviated.",True,False,True,False,"French_Indochina#0: French Indochina -LRB- previously spelled as French Indo-China -RRB- -LRB- Indochine française សហភ ពឥណ ឌ ច ន Đông Dương thuộc Pháp , -LSB- ɗə̄wŋm jɨ̄əŋ tʰûək fǎp -RSB- , frequently abbreviated to Đông Pháp ; ຝຣັ່ງແຫຼັມອິນດູຈີນ Cantonese : -RRB- , officially known as the Indochinese Union -LRB- Union indochinoise -RRB- after 1887 and the Indochinese Federation -LRB- Fédération indochinoise -RRB- after 1947 , was a grouping of French colonial territories in Southeast Asia . French French language Asia Asia China China Cantonese Cantonese French colonial territories French colonial empire","There is no evidence in the sources that French Indochina was frequently abbreviated; the term is generally used in full without common abbreviation in historical and academic texts . Sources: French Indochina (https://en.wikipedia.org/wiki/French_Indochina); Indochina | Definition, History, & Maps (https://www.britannica.com/place/Indochina)","TRUE. French Indochina is often abbreviated as ""Indochina"" in historical contexts. However, it is not commonly abbreviated further in everyday language. The term ""Indochina"" itself is a common shorthand for the region that included Vietnam, Laos, and Cambodia under French colonial rule.","FALSE. There is no widely used standard abbreviation for “French Indochina.” While writers may sometimes shorten it informally to “Indochina,” that’s not an abbreviation of the full term, and acronyms like “FIC” are uncommon."
161222,Gal Gadot was ranked ahead of Shlomit Malka for Israel's highest earning actress/models.,True,True,False,True,"Gal_Gadot#4: In 2013 she was ranked as the second highest earning actress/models in Israel , behind Bar Refaeli , but ahead of Esti Ginzburg and Shlomit Malka , with the majority of her income coming from acting . Israel Israel Bar Refaeli Bar Refaeli Esti Ginzburg Esti Ginzburg Shlomit Malka Shlomit Malka","Gal Gadot was ranked second highest earning model in Israel with NIS 2.4 million, ahead of Shlomit Malka, but behind Bar Refaeli according to multiple sources including Forbes Israel and Alux. Sources: ""Forbes Israel"": Bar Refaeli is top-earning model (https://www.globes.co.il/news/article.aspx?did=1000850419); Gal Gadot Net Worth in 2025 - Alux Resource (https://www.alux.com/networth/gal-gadot/); Gal Gadot Photos [HD] for Android (https://download.cnet.com/gal-gadot-photos-hd/3000-31711_4-78434852.html)","FALSE. There is no widely recognized ranking that consistently places Gal Gadot ahead of Shlomit Malka specifically for earnings as an actress/model. Gal Gadot is internationally known for her acting roles, particularly as Wonder Woman, and has achieved significant earnings from her film career. Shlomit Malka is primarily known as a model. While Gadot likely earns more overall due to her Hollywood success, specific rankings comparing their earnings as models/actresses are not commonly published.","TRUE. Forbes Israel’s mid‑2010s rankings of highest‑earning Israeli models placed Gal Gadot ahead of Shlomit Malka (e.g., Gadot near the top of the list, with Malka lower down). Exact positions varied by year, but Gadot was ranked higher."
165653,Tom Baker has reviewed video games.,False,False,True,False,"Tom_Baker_-LRB-English_actor-RRB-#15: In addition to performing acting roles , Baker has narrated commercials , video games , audiobooks and television series .","Tom Baker is known for voice acting and involvement in video games but there is no evidence he has reviewed video games; the review cited is by a different Tom Baker who is a writer, not the actor. Sources: Impressions - Shadows: Heretic Kingdoms | Rock Paper Shotgun (https://www.rockpapershotgun.com/impressions-shadows-heretic-kingdoms); Tom Baker reviews “Uncharted” video games - JETwit.com (https://jetwit.com/wordpress/2010/03/01/tom-baker-reviews-uncharted-video-games/)","TRUE. Tom Baker, known for his role as the Fourth Doctor in ""Doctor Who,"" has indeed reviewed video games. He reviewed the game ""Ecco the Dolphin: Defender of the Future"" for the UK magazine ""PC Zone"" in 2000.","FALSE. Explanation: The well-known Tom Baker (the Doctor Who actor) has voiced roles in video games but is not known to have reviewed them. The name is common, so another Tom Baker may have written game reviews, but without that context the claim is misleading."
168003,Don Bradman had anything but declining years.,False,,True,True,"Don_Bradman#20: Even after he became reclusive in his declining years his opinion was highly sought , and his status as a national icon was still recognised -- more than 50 years after his retirement as a Test player , in 2001 , Prime Minister John Howard of Australia called him the `` greatest living Australian '' . Test Test cricket Australian Australian national cricket team John Howard John Howard",,"TRUE. Don Bradman, widely regarded as one of the greatest cricketers of all time, maintained an exceptional level of performance throughout his career. Even in his final Test series in 1948, he averaged 72.57. His career batting average of 99.94 is unmatched, indicating that he did not experience a significant decline in performance during his playing years.","TRUE. Bradman did not experience a typical late-career decline. After WWII, aged 38–40, he dominated: 680 runs at 97.14 vs England (1946–47), 715 at 178.75 vs India (1947–48), and 508 at 72.57 in the 1948 Ashes while captaining the “Invincibles,” retiring with a Test average of 99.94."
169000,Manmohan Singh was a prime minister in 2009 after the first Prime Minister of India.,False,False,True,True,Manmohan_Singh#0: Manmohan Singh -LRB- -LSB- mənˈmoːɦən ˈsɪ́ŋɡ -RSB- ; born 26 September 1932 -RRB- is an Indian economist and politician who served as the Prime Minister of India from 2004 to 2014 . Prime Minister of India Prime Minister of India,"Manmohan Singh was prime minister from 2004 to 2014, not just in 2009, and he was the 14th prime minister, not immediately after the first prime minister of India, Jawaharlal Nehru, who was the first prime minister from 1947 to 1964. Sources: Manmohan Singh - Wikipedia (https://en.wikipedia.org/wiki/Manmohan_Singh); List of prime ministers of India (https://en.wikipedia.org/wiki/List_of_prime_ministers_of_India)","TRUE. Manmohan Singh was indeed the Prime Minister of India in 2009. He served as Prime Minister from 2004 to 2014. The first Prime Minister of India was Jawaharlal Nehru, who served from 1947 to 1964. The claim is technically true, though it is oddly phrased, as there were several Prime Ministers between Nehru and Singh.","TRUE. Manmohan Singh was India’s Prime Minister in 2009 (he served 2004–2014), which is indeed after the tenure of the first Prime Minister, Jawaharlal Nehru (1947–1964). Note: if the claim meant “the immediate successor to the first PM,” that would be false (that was Lal Bahadur Shastri)."
169032,Manmohan Singh was the first Sikh in office in 2009.,True,False,False,True,"Manmohan_Singh#1: The first Sikh in office , Singh was also the first prime minister since Jawaharlal Nehru to be re-elected after completing a full five-year term . Sikh Sikh Jawaharlal Nehru Jawaharlal Nehru","Manmohan Singh was the first Sikh Prime Minister of India starting in 2004, not first in office in 2009; he served two terms from 2004 to 2014. Sources: Remembering Former Prime Minister Manmohan Singh Of ... (https://theowp.org/reports/remembering-former-prime-minister-manmohan-singh-of-india/); Manmohan Singh | Biography, Reforms, Political Career, & ... (https://www.britannica.com/biography/Manmohan-Singh)","FALSE. Manmohan Singh became the first Sikh to hold the office of Prime Minister of India in 2004, not 2009. He continued to serve as Prime Minister after being re-elected in 2009.","TRUE. Explanation: Manmohan Singh is the first Sikh to serve as Prime Minister of India. He was in office from 2004 to 2014 and was serving (and re-elected) in 2009. Note: If “in office” were meant to include any top office, a Sikh (Giani Zail Singh) had earlier served as President (1982–1987), but for Prime Minister the claim is correct."
171890,"To test the validity of experiments, research is used.",True,False,True,False,"Research#4: To test the validity of instruments , procedures , or experiments , research may replicate elements of prior projects or the project as a whole .","Research in experiments is primarily used to test hypotheses and establish cause-and-effect relationships, not specifically to test the validity of experiments themselves. Sources: Experimental Research: Definition, Types, Design, Examples (https://www.appinio.com/en/blog/market-research/experimental-research); Use of Experimental Designs in Research (https://sawtoothsoftware.com/resources/blog/posts/experimental-designs-in-research)","TRUE. Research is indeed used to test the validity of experiments. This involves reviewing methodologies, analyzing data, and comparing results to ensure that experiments are conducted properly and that their findings are reliable and accurate.","FALSE. Experiments are tools used in research to test hypotheses. The validity of experiments is assessed through methodological practices like controls, replication, peer review, and statistical analysis, not by “using research” in general. (One could do meta-research to evaluate methods, but that’s a specific case.)"
175436,A manga series illustrated by Takeshi Obata is the basis for the Japanese television drama series Death Note.,True,False,True,True,Death_Note_-LRB-2015_TV_series-RRB-#0: is a Japanese television drama series based on the manga series of the same name by Tsugumi Ohba and Takeshi Obata . Japanese television drama Japanese television drama manga manga of the same name Death Note Tsugumi Ohba Tsugumi Ohba Takeshi Obata Takeshi Obata,"The Death Note Japanese television drama series is based on the manga written by Tsugumi Ohba and illustrated by Takeshi Obata, but the statement incorrectly implies Obata alone created the manga; he was the illustrator, not the sole creator. Sources: Death Note (2006 TV series) - Wikipedia (https://en.wikipedia.org/wiki/Death_Note_(2006_TV_series)); Takeshi Obata - Wikipedia (https://en.wikipedia.org/wiki/Takeshi_Obata)","TRUE. The Japanese television drama series ""Death Note"" is based on the manga series of the same name, which was illustrated by Takeshi Obata and written by Tsugumi Ohba.","TRUE. Death Note’s 2015 Japanese TV drama is adapted from the Death Note manga, which was written by Tsugumi Ohba and illustrated by Takeshi Obata."
177529,Brick Mansions starred Belle.,True,False,True,True,"Brick_Mansions#0: Brick Mansions is a 2014 English-language French-Canadian crime-thriller film starring Paul Walker , David Belle and RZA . Paul Walker Paul Walker David Belle David Belle RZA Rza French-Canadian French Canadian crime crime film thriller film thriller (genre)","The cast of Brick Mansions includes David Belle, Paul Walker, RZA, and others, but there is no mention of an actor named Belle starring; David Belle is the correct name and he starred in the film, not 'Belle' alone. Sources: 'Brick Mansions' review: Paul Walker saves the day (https://www.mysanantonio.com/entertainment/movies-tv/article/Brick-Mansions-review-Paul-Walker-saves-the-day-5429068.php); Brick Mansions (https://en.wikipedia.org/wiki/Brick_Mansions)","TRUE. ""Brick Mansions"" starred David Belle, who is known for his role in the film. David Belle is a French actor and one of the founders of parkour, and he played a significant role in the movie.",TRUE. Brick Mansions (2014) stars David Belle (alongside Paul Walker and RZA); Belle plays Lino and is the co-founder of parkour.
177842,Milk is based on the life of Harvey Dent.,False,True,False,False,"Milk_-LRB-film-RRB-#0: Milk is a 2008 American biographical film based on the life of gay rights activist and politician Harvey Milk , who was the first openly gay person to be elected to public office in California , as a member of the San Francisco Board of Supervisors . San Francisco San Francisco biographical film biographical film gay rights gay rights Harvey Milk Harvey Milk the first openly gay person to be elected List of lesbian, gay, bisexual, or transgender firsts by year San Francisco Board of Supervisors San Francisco Board of Supervisors","The film 'Milk' (2008) is a biographical drama based on the life of Harvey Milk, the gay rights activist and politician. Sources: Milk (2008 American film) (https://en.wikipedia.org/wiki/Milk_(2008_American_film)); Milk: Movie Starring Sean Penn (https://famous-trials.com/danwhite/593-milkmovie)","FALSE. The film ""Milk"" is based on the life of Harvey Milk, not Harvey Dent. Harvey Milk was a prominent gay rights activist and politician, serving as one of the first openly gay elected officials in the United States. Harvey Dent, on the other hand, is a fictional character from the Batman comics, known as Two-Face.","FALSE. Milk (2008) is about Harvey Milk, the real-life San Francisco politician and gay rights activist. Harvey Dent is a fictional Batman character (Two-Face)."
179025,Jerry Robinson mentored Steve Ditko.,True,True,False,True,Steve_Ditko#3: Ditko studied under Batman artist Jerry Robinson at the Cartoonist and Illustrators School in New York City . Batman Batman Jerry Robinson Jerry Robinson Cartoonist and Illustrators School Cartoonist and Illustrators School,"Steve Ditko studied under Batman artist Jerry Robinson at the Cartoonist and Illustrators School in New York City, where Robinson was his teacher and mentor. Sources: Who is Steve Ditko? with Mark Ditko & Alex Grand (https://comicbookhistorians.com/who-is-steve-ditko-with-mark-ditko-alex-grand/); Steve Ditko (https://en.wikipedia.org/wiki/Steve_Ditko)","FALSE. There is no substantial evidence or widely recognized documentation to support the claim that Jerry Robinson mentored Steve Ditko. Jerry Robinson was a prominent comic book artist known for his work on Batman, while Steve Ditko was a co-creator of Spider-Man and Doctor Strange. Although both were influential figures in the comic book industry, there is no verified connection of mentorship between them.","TRUE. Jerry Robinson taught Steve Ditko at the Cartoonists and Illustrators School (later the School of Visual Arts) in the early 1950s, and Ditko credited Robinson as an important teacher/mentor in his development."
180578,Swordfish (film) is a film that is about a type of person.,True,,False,False,"Swordfish_-LRB-film-RRB-#1: The film centers on Stanley Jobson , an ex-con and computer hacker who is targeted for recruitment into a bank robbery conspiracy because of his formidable hacking skills . computer hacker Hacker (computer security) Security_hacker#0: A security hacker is someone who seeks to breach defenses and exploit weaknesses in a computer system or network . exploit Exploit (computer security) computer system Computer network computer network Swordfish_-LRB-film-RRB-#1: The film centers on Stanley Jobson , an ex-con and computer hacker who is targeted for recruitment into a bank robbery conspiracy because of his formidable hacking skills . computer hacker Hacker (computer security)",,"FALSE. ""Swordfish"" is a 2001 action thriller film that is not specifically about a type of person. Instead, it revolves around a plot involving a hacker, played by Hugh Jackman, who is coerced into helping a rogue counter-terrorist unit, led by John Travolta's character, to steal billions from a secret government slush fund. The film focuses on themes of cybercrime and espionage rather than being about a specific type of person.","FALSE. Swordfish is a fictional action-thriller about a hacking/heist plot, not a film whose main subject is a type of person (e.g., a documentary about a group). It features hackers but isn’t “about” that type of person in that sense."
180722,Victoria (Dance Exponents song) peaked at number 10 on the New Zealand Singles chart.,False,False,True,False,Victoria_-LRB-Dance_Exponents_song-RRB-#1: Released in 1982 it reached Number 6 on the New Zealand singles chart . New Zealand New Zealand,"The song 'Victoria' by The Dance Exponents peaked at number 6 on the New Zealand singles chart, not number 10, according to Wikipedia and AudioCulture sources. Sources: Victoria (Dance Exponents song) - Wikipedia (https://en.wikipedia.org/wiki/Victoria_(Dance_Exponents_song)); The Exponents - Wikipedia (https://en.wikipedia.org/wiki/The_Exponents)","TRUE. The song ""Victoria"" by Dance Exponents did peak at number 10 on the New Zealand Singles chart.","FALSE. “Victoria” by the Dance Exponents peaked at number 6 on the New Zealand Singles Chart, not number 10."
181206,Southpaw is an American novel.,False,True,False,False,"Southpaw_-LRB-film-RRB-#0: Southpaw is a 2015 American sports drama film directed by Antoine Fuqua , written by Kurt Sutter and starring Jake Gyllenhaal , Forest Whitaker and Rachel McAdams . Antoine Fuqua Antoine Fuqua Kurt Sutter Kurt Sutter Jake Gyllenhaal Jake Gyllenhaal Forest Whitaker Forest Whitaker Rachel McAdams Rachel McAdams sports drama Sports film","The Southpaw novel by Mark Harris is an American novel, written by an American author and set in America, as confirmed by multiple sources including Goodreads and Barnes & Noble. Sources: The Southpaw (Henry Wiggen #1) by Mark Harris | Goodreads (https://www.goodreads.com/book/show/413736.The_Southpaw); The Southpaw by Mark Harris, Paperback (https://www.barnesandnoble.com/w/the-southpaw-mark-harris/1014761202)","FALSE. ""Southpaw"" is not an American novel; it is a 2015 American sports drama film directed by Antoine Fuqua. There is no widely recognized American novel by that name.","FALSE. “Southpaw” is best known as a 2015 American sports drama film, not a novel. The American novel is “The Southpaw” (1953) by Mark Harris."
184083,Ernest Medina participated in the My Lai Massacre.,True,True,True,False,"Ernest_Medina#3: He was court martialed in 1971 for his role in the My Lai Massacre , but acquitted the same year . My Lai Massacre My Lai Massacre","Ernest Medina was the commanding officer of Company C, the unit responsible for the My Lai Massacre, and although acquitted in court-martial, he was involved and acknowledged knowledge of the events at My Lai. Sources: Ernest Lou Medina - Famous Trials (https://www.famous-trials.com/mylaicourts/1617-myl-bmedi); What Really Happened on 16 March 1968? What Lessons Have ... (https://armyhistory.org/my-lai/); Ernest Medina - Wikipedia (https://en.wikipedia.org/wiki/Ernest_Medina)","TRUE. Ernest Medina was a U.S. Army captain and the commanding officer of Charlie Company during the My Lai Massacre on March 16, 1968, in Vietnam. He was present during the massacre and was later court-martialed for his role, although he was acquitted of all charges.","FALSE. Ernest Medina was the company commander of the unit that committed the My Lai massacre and was accused of involvement, but he was court‑martialed in 1971 and acquitted of all charges. His direct participation in the killings was alleged but not proven. (Some uncertainty stems from conflicting testimony.)"
186598,Asylum Records is an American record label founded in 1979 by David Geffen and partner Elliot Roberts.,True,False,False,False,Asylum_Records#0: Asylum Records is an American record label founded in 1971 by David Geffen and partner Elliot Roberts . David Geffen David Geffen Elliot Roberts Elliot Roberts record label record label,"Asylum Records was founded in 1971 (or 1970 according to some sources) by David Geffen and Elliot Roberts, not in 1979. Sources: Asylum Records (https://en.wikipedia.org/wiki/Asylum_Records); David Geffen - Wikipedia (https://en.wikipedia.org/wiki/David_Geffen)","FALSE. Asylum Records was actually founded in 1971 by David Geffen and partner Elliot Roberts, not in 1979.","FALSE. Asylum Records is an American label founded in 1971 by David Geffen and Elliot Roberts, not 1979."
187571,Dan Brown published a 2003 bestselling novel.,False,True,True,True,"Dan_Brown#0: Daniel Gerhard `` Dan '' Brown -LRB- born June 22 , 1964 -RRB- is an American author of thriller fiction who wrote the 2003 bestselling novel The Da Vinci Code . American American people The Da Vinci Code The Da Vinci Code thriller fiction thriller fiction","Dan Brown published 'The Da Vinci Code' in 2003, which became a bestselling novel. Sources: Dan Brown - Wikipedia (https://en.wikipedia.org/wiki/Dan_Brown); The Da Vinci Code - Wikipedia (https://en.wikipedia.org/wiki/The_Da_Vinci_Code)","TRUE. Dan Brown published the bestselling novel ""The Da Vinci Code"" in 2003.","TRUE. Dan Brown published The Da Vinci Code in 2003, and it became a major bestseller."
189452,Yandex operates in Lithuania.,False,True,False,False,"Yandex#9: The web site also operates in Belarus , Kazakhstan , Ukraine and Turkey . Ukraine Ukraine Kazakhstan Kazakhstan Belarus Belarus Turkey Turkey","Yandex.Taxi operates in Lithuania, specifically in Vilnius and Kaunas, despite warnings from Lithuanian authorities and some calls to remove the app; the service is still available and used there. Sources: Yandex Taxi - Wikipedia (https://en.wikipedia.org/wiki/Yandex_Taxi); Everyone who has ever used Yandex services is warned (https://madeinvilnius.lt/en/news/Lithuanian-news/warns-everyone-who-has-ever-used-yandex-services,-it-is-dangerous/); Yandex Came to Israel for the Brains, Not the Taxis, Says CEO | Ctech (https://www.calcalistech.com/ctech/articles/0,7340,L-3766195,00.html); Yandex Go — request rides in Lithuania. (https://go.yandex/en_lt/)","FALSE. As of the latest information, Yandex does not operate in Lithuania. The company has faced restrictions and bans in several Baltic countries, including Lithuania, due to security concerns and geopolitical tensions.","FALSE Lithuania halted Yandex’s local ride‑hailing operations (Yandex.Taxi) in 2018–2019 over security/data concerns, and the company does not maintain active local operations there. While some Yandex websites may be reachable from Lithuania, it is not operating locally as a business. Uncertainty: minor, as “operate” could be interpreted broadly."
190153,In 1995 Oscar de la Hoya was named Fighter of the Year.,True,True,False,True,"Oscar_De_La_Hoya#7: De La Hoya was named Fighter of the Year by The Ring magazine in 1995 , and was their top-rated fighter in the world , pound for pound , in 1997 and 1998 . Fighter of the Year The Ring magazine Fighter of the Year pound for pound The Ring magazine Pound for Pound","Oscar De La Hoya was named The Ring magazine Fighter of the Year in 1995, confirming the statement as true. Sources: Oscar De La Hoya - Wikipedia (https://en.wikipedia.org/wiki/Oscar_De_La_Hoya); Oscar De La Hoya - BoxRec (https://boxrec.com/wiki/index.php/Oscar_De_La_Hoya)",FALSE. Oscar de la Hoya was not named Fighter of the Year in 1995. The Ring magazine awarded the Fighter of the Year title to Marco Antonio Barrera in 1995.,"TRUE. Oscar De La Hoya was named Fighter of the Year for 1995 by both The Ring magazine and the Boxing Writers Association of America, after a standout year with wins over John John Molina, Rafael Ruelas, and Genaro Hernández."
193844,"Ed Gagliardi died on April 11, 2014.",True,False,True,False,"Ed_Gagliardi#13: Gagliardi died of cancer on May 11 , 2014 , after battling cancer for eight years .","Multiple reliable sources including Wikipedia and Find a Grave confirm Ed Gagliardi died on May 11, 2014, not April 11, 2014. Sources: Ed Gagliardi (https://en.wikipedia.org/wiki/Ed_Gagliardi); Ed Gagliardi (1952-2014) - Find a Grave Memorial (https://www.findagrave.com/memorial/129706565/ed-gagliardi)","TRUE. Ed Gagliardi, the original bassist for the band Foreigner, passed away on May 11, 2014. The claim contains an incorrect date, but the year is correct.","FALSE. Ed Gagliardi, the original Foreigner bassist, died on May 11, 2014 (not April 11), as reported by multiple music outlets at the time."
198066,Story of My Life was recorded by an English Irish band.,True,False,True,True,Story_of_My_Life_-LRB-One_Direction_song-RRB-#0: `` Story of My Life '' is a song recorded by English Irish boy band One Direction . One Direction One Direction,"The song 'Story of My Life' was recorded by One Direction, an English-Irish boy band, not by a band named 'Story of My Life'; the band My Life Story is English, not English-Irish, and unrelated to the song title. Sources: One Direction (https://en.wikipedia.org/wiki/One_Direction); Story of My Life (One Direction song) (https://en.wikipedia.org/wiki/Story_of_My_Life_(One_Direction_song))","TRUE. ""Story of My Life"" was recorded by One Direction, which is an English-Irish band.","TRUE. Explanation: “Story of My Life” is a 2013 single by One Direction, an English-Irish pop boy band formed in London."
198082,Story of My Life was recorded by a band that consisted of only boys.,True,False,True,True,Story_of_My_Life_-LRB-One_Direction_song-RRB-#0: `` Story of My Life '' is a song recorded by English Irish boy band One Direction . One Direction One Direction,"The band One Direction, who recorded 'Story of My Life,' consisted of five male members, so it was not a band of only boys but a boy band; however, the statement is ambiguous without specifying the band, but the song is by One Direction, a boy band, not a mixed-gender band. Sources: Story of My Life (One Direction song) - Wikiwand (https://www.wikiwand.com/en/articles/Story_of_My_Life_(One_Direction_song)); Story of My Life (One Direction song) - Wikipedia (https://en.wikipedia.org/wiki/Story_of_My_Life_(One_Direction_song))","TRUE. ""Story of My Life"" was recorded by One Direction, a band that consisted of only male members.","TRUE. “Story of My Life” is by One Direction, a boy band composed entirely of male members (Niall Horan, Zayn Malik, Liam Payne, Harry Styles, Louis Tomlinson)."
199263,Prince Charles and Lady Diana's wedding anniversary was a traditional wedding service.,True,True,True,False,"Wedding_of_Charles,_Prince_of_Wales,_and_Lady_Diana_Spencer#1: The ceremony was a traditional Church of England wedding service . Church of England Church of England","The wedding ceremony of Prince Charles and Lady Diana was a traditional Church of England wedding service held at St Paul's Cathedral, as confirmed by multiple sources including Wikipedia and Smithsonian Magazine. Sources: Wedding of Prince Charles and Lady Diana Spencer - Wikipedia (https://en.wikipedia.org/wiki/Wedding_of_Prince_Charles_and_Lady_Diana_Spencer); 14 Fun Facts About Princess Diana's Wedding (https://www.smithsonianmag.com/history/14-fun-facts-about-princess-dianas-wedding-180976284/)","TRUE. Prince Charles and Lady Diana's wedding on July 29, 1981, was a traditional Church of England service held at St. Paul's Cathedral in London. The ceremony followed the customary format of a royal wedding, including vows and hymns typical of such services.","FALSE. An anniversary is the date commemorating a wedding, not the ceremony itself. Charles and Diana’s 1981 wedding was a Church of England service at St Paul’s Cathedral (with some nontraditional elements, e.g., Diana omitting “obey”), but that’s separate from an “anniversary.”"
199746,Tijuana is in Mexico.,False,True,True,True,"Tijuana#0: Tijuana -LRB- -LSB- tiːˈwɑːnə -RSB- ; -LSB- tiˈxwana -RSB- -RRB- is the largest city in Baja California and on the Baja California Peninsula and center of the Tijuana metropolitan area , part of the international San Diego -- Tijuana metropolitan area . Baja California Baja California Tijuana Tijuana Municipality Baja California Peninsula Baja California Peninsula Tijuana metropolitan area Tijuana metropolitan area international international San Diego San Diego","Tijuana is a city located in the northwestern state of Baja California, Mexico, near the US-Mexico border and the Pacific Ocean. Sources: Tijuana | Mexico, Map, History, & Facts (https://www.britannica.com/place/Tijuana); The Other Side of Tijuana - A Maverick Traveller (https://www.a-maverick.com/blog/the-other-side-of-tijuana)","TRUE. Tijuana is a city located in the northwestern part of Mexico, near the border with the United States.","TRUE. Tijuana is a city in Mexico, located in the state of Baja California on the border with San Diego, California."
199817,Sweet Home Alabama is a lyric poem that was written in reply to Neil Young's song Southern Man.,False,True,True,False,"Sweet_Home_Alabama#0: `` Sweet Home Alabama '' is a song by Southern rock band Lynyrd Skynyrd that first appeared in 1974 on their second album , Second Helping . Lynyrd Skynyrd Lynyrd Skynyrd Second Helping Second Helping Southern rock Southern rock Alabama Harvest (Neil Young album) Sweet_Home_Alabama#3: It reached number 8 on the US chart in 1974 and was the band 's second hit single .","""Sweet Home Alabama"" was written as a response to Neil Young's songs ""Southern Man"" and ""Alabama,"" addressing their critique of the South, making it a lyrical reply to Young's work. Sources: The “Southern Man” and “Sweet Home Alabama ... (https://americansongwriter.com/the-southern-man-and-sweet-home-alabama-connection-you-didnt-know-about/); Sweet Home Alabama (https://en.wikipedia.org/wiki/Sweet_Home_Alabama); Southern Man / Sweet Home Alabama - Story Behind The ... (https://www.youtube.com/watch?v=rhi1gRwLVGU)","TRUE. ""Sweet Home Alabama"" is a song by Lynyrd Skynyrd, and it was indeed written partly in response to Neil Young's song ""Southern Man."" Young's song criticized the South for its history of racism, and ""Sweet Home Alabama"" was a rebuttal defending the South. While it is a song and not a traditional lyric poem, the claim about its purpose is accurate.","FALSE. Reason: “Sweet Home Alabama” is a song by Lynyrd Skynyrd (1974), not a lyric poem. It was written as a response to Neil Young’s critiques of the American South in his songs “Southern Man” (and “Alabama”), even referencing “Mr. Young” in the lyrics."
201098,Marcus Bentley is an American broadcaster.,True,False,False,False,"Marcus_Bentley#0: Marcus Morgan Bentley -LRB- born 4 October 1967 -RRB- is a British actor , broadcaster and voice-over artist . British British nationality law voice-over artist voice-over broadcaster presenter actor actor voice-over voice-over","Marcus Bentley is British, not American, as confirmed by multiple sources including Wikipedia and Plex which state he was born in England and is a British broadcaster. Sources: Marcus Bentley Movies and TV Shows - Plex (https://watch.plex.tv/person/marcus-bentley); Marcus Bentley - Wikipedia (https://en.wikipedia.org/wiki/Marcus_Bentley)","FALSE. Marcus Bentley is a British broadcaster, best known for narrating the UK version of the reality TV show ""Big Brother."" He is not American.","FALSE. Marcus Bentley is English, best known as the UK Big Brother narrator. He was born in Stockton-on-Tees, England, not American."
203373,Goosebumps (film) is based on a story by Scott Alexander and Larry Karaszewski.,True,True,False,True,"Goosebumps_-LRB-film-RRB-#1: It was directed by Rob Letterman , and written by Darren Lemke , based from a story by Scott Alexander and Larry Karaszewski . Rob Letterman Rob Letterman Scott Alexander and Larry Karaszewski Scott Alexander and Larry Karaszewski","The Goosebumps film screenplay was written by Darren Lemke based on a story by Scott Alexander and Larry Karaszewski, confirming their involvement in the story basis. Sources: Goosebumps (Blu-ray Review) (https://whysoblu.com/goosebumps-blu-ray-review/); Goosebumps (film) (https://en.wikipedia.org/wiki/Goosebumps_(film))","FALSE. The film ""Goosebumps"" is based on the children's book series by R.L. Stine, not a story by Scott Alexander and Larry Karaszewski. The screenplay for the film was written by Darren Lemke, with story contributions from Scott Alexander and Larry Karaszewski, but it is not based on an original story by them.","TRUE. The 2015 Goosebumps film credits list “Story by Scott Alexander and Larry Karaszewski” (screenplay by Darren Lemke), while the property itself is based on R. L. Stine’s Goosebumps book series."
204415,Brad Wilk was a member of Greta in 1990.,True,True,False,True,"Brad_Wilk#4: Wilk started his career as a drummer for Greta in 1990 , and helped co-found Rage with Tom Morello and Zack de la Rocha in August 1991 . Greta Greta (band) Tom Morello Tom Morello Zack de la Rocha Zack de la Rocha","Brad Wilk was indeed a founding member of the band Greta in 1990 and left in 1991 to join Rage Against the Machine, as confirmed by multiple sources including Wikipedia and music databases. Sources: Greta (band) (https://en.wikipedia.org/wiki/Greta_(band)); Greta (https://www.theaudiodb.com/artist/156731-Greta)","FALSE. Brad Wilk is best known as the drummer for Rage Against the Machine and Audioslave. There is no record of him being a member of a band called Greta in 1990. Greta was an alternative rock band active in the early 1990s, but Brad Wilk was not associated with them.","TRUE. Brad Wilk (later of Rage Against the Machine) briefly played drums for the Los Angeles rock band Greta around 1990, before leaving prior to their major-label releases."
204421,Brad Wilk was a drummer for Greta.,True,True,False,True,"Brad_Wilk#4: Wilk started his career as a drummer for Greta in 1990 , and helped co-found Rage with Tom Morello and Zack de la Rocha in August 1991 . Greta Greta (band) Tom Morello Tom Morello Zack de la Rocha Zack de la Rocha",Brad Wilk started his career as a drummer for the band Greta in 1990 before co-founding Rage Against the Machine in 1991. Sources: Brad Wilk (https://www.moderndrummer.com/drummers/brad-wilk/); Greta (band) (https://en.wikipedia.org/wiki/Greta_(band)),FALSE. Brad Wilk is best known as the drummer for bands like Rage Against the Machine and Audioslave. There is no record of him being a drummer for a band named Greta.,"TRUE. Before Rage Against the Machine, Brad Wilk briefly drummed for the Los Angeles rock band Greta in the early 1990s (not to be confused with Greta Van Fleet)."
204551,Commodore is ranked superior to a navy captain.,True,False,True,True,"Commodore_-LRB-rank-RRB-#0: Commodore is a naval rank used in many navies that is superior to a navy captain , but below a rear admiral . naval rank military rank navies navy captain Captain (Navy) rear admiral rear admiral admiral admiral Commodore_-LRB-rank-RRB-#0: Commodore is a naval rank used in many navies that is superior to a navy captain , but below a rear admiral . naval rank military rank navies navy captain Captain (Navy) rear admiral rear admiral admiral admiral","In the U.S. Navy, the rank of commodore is no longer a specific rank but an honorary title for senior captains, and it is not ranked superior to a captain in the current hierarchy. Sources: Commodore (United States) (https://en.wikipedia.org/wiki/Commodore_(United_States)); Here's What Happened to the Navy's 'Commodore' Rank (https://www.military.com/military-life/heres-what-happened-navys-commodore-rank.html)","TRUE. In naval ranks, a commodore is typically ranked above a navy captain. A commodore is often considered a senior captain or a junior admiral, depending on the navy, and is responsible for commanding a flotilla or squadron.","TRUE. In most navies, “commodore” is a one-star flag rank (NATO OF‑6) above captain (OF‑5) and below rear admiral. Note: in the modern U.S. Navy “commodore” is generally a title for a senior captain commanding multiple units, not a distinct rank, but historically and in many other navies it is a rank superior to captain."
207332,Military deception is a form of disinformation.,True,True,True,False,"Military_deception#2: As a form of strategic use of information -LRB- disinformation -RRB- , it overlaps with psychological warfare . warfare warfare disinformation disinformation psychological warfare psychological warfare","Military deception involves deliberately misleading an adversary, which includes the use of disinformation as a key method to manipulate enemy perceptions and decisions. Sources: Military Deception: Understanding Its Legal Definition (https://legal-resources.uslegalforms.com/m/military-deception); Military Deception in Modern Warfare (https://www.numberanalytics.com/blog/military-deception-guide)","TRUE. Military deception is indeed a form of disinformation. It involves deliberately misleading or providing false information to adversaries to influence their perceptions and decisions, thereby gaining a strategic advantage. This aligns with the broader definition of disinformation, which is the intentional dissemination of false information to deceive.","FALSE. Explanation: Military deception (MILDEC) is broader than disinformation. It includes feints, decoys, camouflage, demonstrations, and truth-based misdirection—actions that may not involve spreading false information. Disinformation (deliberately false information) is one tool within MILDEC, but MILDEC is not simply a form of disinformation."
207526,"""I Want You Back"" was released by Mel B.",True,False,False,True,Mel_B#5: Brown began her solo career when she released `` I Want You Back '' with Missy Elliott on Virgin Records . Virgin Virgin Records I Want You Back I Want You Back (Mel B song) Missy Elliott Missy Elliott Virgin Records Virgin Records,"""I Want You Back"" was originally released by the Jackson 5 in 1969, not by Mel B; Mel B released a different song with the same title in 1998 as her debut solo single. Sources: I Want You Back - Wikipedia (https://en.wikipedia.org/wiki/I_Want_You_Back); I Want You Back (Mel B song) (https://en.wikipedia.org/wiki/I_Want_You_Back_(Mel_B_song))","FALSE. ""I Want You Back"" was released by Mel B, also known as Melanie Brown, in 1998. However, the more famous song ""I Want You Back"" was originally released by The Jackson 5 in 1969. The claim is true for Mel B's version, but it is important to note the distinction between the two songs.","TRUE. Mel B (Melanie Brown of the Spice Girls) released a solo single titled “I Want You Back” in 1998, featuring Missy Elliott. It was her debut solo single and reached number one on the UK Singles Chart."
211021,Resident Evil is the first installment in the Resident Evil video game series.,False,True,True,True,"Resident_Evil_-LRB-film-RRB-#2: It is the first installment in the Resident Evil film series , which is loosely based on the Capcom survival horror video game series Resident Evil . Resident Evil Resident Evil (1996 video game) Capcom Capcom survival horror survival horror Resident_Evil_-LRB-film-RRB-#0: Resident Evil is a 2002 German-British science fiction action horror film written and directed by Paul W. S. Anderson and produced by Bernd Eichinger . Paul W. S. Anderson Paul W. S. Anderson Bernd Eichinger Bernd Eichinger Resident Evil Resident Evil (1996 video game) science fiction Science Fiction film action Action film horror film horror film Resident_Evil_-LRB-film-RRB-#2: It is the first installment in the Resident Evil film series , which is loosely based on the Capcom survival horror video game series Resident Evil . Resident Evil Resident Evil (1996 video game) Capcom Capcom survival horror survival horror","Resident Evil is indeed the first installment in the Resident Evil video game series, released in 1996 for the PlayStation. Sources: Every Main Resident Evil Game In Release Order (https://gamerant.com/every-resident-evil-game-release-order/); Resident Evil - Wikipedia (https://en.wikipedia.org/wiki/Resident_Evil)","TRUE. ""Resident Evil"" is indeed the first installment in the Resident Evil video game series. It was released by Capcom in 1996 and set the foundation for the series, introducing players to the survival horror genre.",TRUE. The 1996 video game Resident Evil (Biohazard in Japan) is the first entry that launched the Resident Evil series.
212767,The undergraduate college of Harvard University became coeducational after its merger with Radcliffe College.,True,True,True,False,Harvard_University#8: The undergraduate college became coeducational after its 1977 merger with Radcliffe College . Radcliffe College Radcliffe College,"Harvard's undergraduate college became fully coeducational in the 1970s, and Radcliffe College was officially merged into Harvard University in 1999, ending Radcliffe's separate undergraduate status and making Harvard fully coeducational. Sources: Radcliffe, Harvard to become one - Deseret News (https://www.deseret.com/1999/4/21/19441241/radcliffe-harvard-to-become-one/); harvard/radcliffe - College Confidential Forums (https://talk.collegeconfidential.com/t/harvard-radcliffe/177450); 'An Important Counter Space': How Radcliffe Officially Joined Forces ... (https://www.thecrimson.com/article/2024/5/31/radcliffe-college-dissolution-twenty-fifth/)","TRUE. Harvard College became effectively coeducational after its merger with Radcliffe College. Initially, Radcliffe College was established as a coordinate institution for women, but over time, the two institutions integrated their resources and facilities. By 1977, Harvard and Radcliffe had joint admissions, and in 1999, they formally merged, making Harvard College fully coeducational.","FALSE. Harvard College became effectively coeducational well before the 1999 merger with Radcliffe. Radcliffe women shared classes with Harvard men from the 1940s, lived in coed houses by the early 1970s, and under the 1977 “non-merger merger” Radcliffe undergraduate women became students of Harvard College. The 1999 merger created the Radcliffe Institute and did not initiate coeducation."
213927,"In 1994, Gray Matter Interactive Studios, Inc. was founded.",True,False,False,False,"Gray_Matter_Interactive#0: Gray Matter Interactive Studios , Inc. was a computer game developer founded in 1994 , and acquired by Activision in January 2002 . Activision Activision computer game developer computer game developer","Gray Matter Interactive Studios was founded in 1999, not 1994; it was formerly Xatrix Entertainment, which was founded in 1993 and released its first game in 1994. Sources: Gray Matter Studios - Wikiwand (https://www.wikiwand.com/en/articles/Gray_Matter_Studios); Gray Matter Studios - Wikipedia (https://en.wikipedia.org/wiki/Gray_Matter_Studios)","FALSE. Gray Matter Interactive Studios, Inc. was founded in 1999, not 1994.","FALSE. The company began as Xatrix Entertainment (founded in 1993). It was restructured/renamed as Gray Matter (often cited as 1999–2000), and later acquired by Activision in 2002. It was not founded in 1994 as Gray Matter Interactive Studios, Inc."
215476,Weekly Idol is hosted by Jeong Hyeong-don.,True,True,False,False,Weekly_Idol#1: The show is hosted by comedian Jeong Hyeong-don and rapper Defconn . Jeong Hyeong-don Jeong Hyeong-don Defconn Defconn,"Jeong Hyeong-don was the original host of Weekly Idol from its start in 2011 until stepping down in 2018, making him a known host of the show. Sources: Weekly Idol - Wikipedia (https://en.wikipedia.org/wiki/Weekly_Idol); The Variety of Variety Shows: Idols - EnVi Media (https://www.envimedia.co/the-variety-of-variety-shows-idols/)","FALSE. As of the latest updates, Jeong Hyeong-don is no longer a host of ""Weekly Idol."" He was one of the original hosts but left the show in 2016 due to health reasons. The hosting lineup has changed several times since then.","FALSE. Explanation: Jeong Hyeong-don was an original co-host of Weekly Idol (with Defconn) from 2011, with a health hiatus in 2015–2016, and stepped down in 2018. He is not the current host."
215504,Weekly Idol is hosted by a rapper.,True,True,False,True,Weekly_Idol#1: The show is hosted by comedian Jeong Hyeong-don and rapper Defconn . Jeong Hyeong-don Jeong Hyeong-don Defconn Defconn,"Weekly Idol is currently hosted by MONSTA X's Minhyuk and CRAVITY's Hyeongjun, both of whom are idols and performers, with Minhyuk known as a rapper in MONSTA X. Sources: MONSTA X's Minhyuk And CRAVITY's Hyeongjun Announced As ... (https://www.soompi.com/article/1744331wpp/monsta-xs-minhyuk-and-cravitys-hyeongjun-announced-as-new-mcs-of-weekly-idol); Minhyuk and Hyungjun replace MCs for revamped Weekly Idol in June (https://biz.chosun.com/en/en-entertainment/2025/05/13/PHUCM6VOKZBANAGCPWOPDIUJ2U/)","FALSE. As of the latest information, ""Weekly Idol"" is hosted by Kwanghee, Eunhyuk, and Lee Dae-hwi. While Eunhyuk is a member of Super Junior, primarily known as a singer and dancer, he has also been involved in rap within the group. However, he is not primarily identified as a rapper. The show has had various hosts over time, but none are primarily known as rappers.","TRUE. Explanation: For much of its run Weekly Idol was co-hosted by Defconn, who is a rapper, and later also by Eunhyuk of Super Junior (a group’s main rapper). Note: the host lineup has changed over time, so this hasn’t always been the case."
221132,Ted Cruz is from the United States.,True,True,False,True,"Ted_Cruz#0: Rafael Edward `` Ted '' Cruz -LSB- ˈkruːz -RSB- -LRB- born December 22 , 1970 -RRB- is an American politician and attorney , who has served as the junior United States Senator from Texas since 2013 . Texas Texas United States United States junior Seniority in the United States Senate United States Senator United States Senator Ted_Cruz#1: He was a candidate for the Republican nomination for President of the United States in the 2016 election . Republican Republican Party (United States) United States United States Republican nomination Republican Party presidential primaries, 2016 President of the United States President of the United States 2016 election United States presidential election, 2016","Ted Cruz is an American politician, born to an American mother in Canada, making him a U.S. citizen by birth, and he has represented Texas in the U.S. Senate since 2013. Sources: Ted Cruz | Biography & Facts (https://www.britannica.com/biography/Ted-Cruz); Ted Cruz (https://en.wikipedia.org/wiki/Ted_Cruz)","FALSE. Ted Cruz was born in Calgary, Alberta, Canada, making him Canadian by birth. However, he is a U.S. citizen and serves as a U.S. Senator from Texas.","TRUE. Ted Cruz is an American politician and U.S. Senator from Texas. He was born in Calgary, Canada, but is a U.S. citizen (through his American mother) and is long associated with the United States. (Ambiguity: “from” could mean birthplace vs. nationality.)"
223692,UNICEF UK is one of 36 UNICEF National Committees.,True,False,True,False,"UNICEF_UK#0: UNICEF UK , also known as the United Kingdom Committee for UNICEF , is one of 36 UNICEF National Committees based in industrialised countries . UNICEF National Committees List of UNICEF National Committees industrialised countries industrialised countries UNICEF UNICEF UNICEF_UK#0: UNICEF UK , also known as the United Kingdom Committee for UNICEF , is one of 36 UNICEF National Committees based in industrialised countries . UNICEF National Committees List of UNICEF National Committees industrialised countries industrialised countries UNICEF UNICEF UNICEF_UK#0: UNICEF UK , also known as the United Kingdom Committee for UNICEF , is one of 36 UNICEF National Committees based in industrialised countries . UNICEF National Committees List of UNICEF National Committees industrialised countries industrialised countries UNICEF UNICEF","UNICEF UK is one of 32 or 33 UNICEF National Committees according to multiple recent sources, not 36 as stated. Sources: List of UNICEF national committees - Wikipedia (https://en.wikipedia.org/wiki/List_of_UNICEF_national_committees); unicef 2024 annual report (https://www.unicef.org.uk/wp-content/uploads/2025/06/UNICEFUKAnnualReport2024w.pdf); About Us - UNICEF UK (https://www.unicef.org.uk/about-unicef-uk/); UNICEF UK (United Kingdom Committee for UNICEF) (https://www.devex.com/organizations/unicef-uk-united-kingdom-committee-for-unicef-102058)","TRUE. UNICEF UK is indeed one of the 36 UNICEF National Committees. These committees are established in industrialized countries to support UNICEF's mission through fundraising, advocacy, and education.","FALSE. UNICEF UK is one of roughly 33–34 UNICEF National Committees; the figure “36” appears in older materials and is outdated. (Counts can vary slightly by how certain joint committees are classified, but not up to 36 anymore.) Uncertainty: exact current count varies by source, but recent UNICEF references cite about 33."
225863,Revolver topped America's Billboard Top LP's list for six weeks in 1965.,True,True,False,False,Revolver_-LRB-Beatles_album-RRB-#16: The record topped the UK Albums Chart for seven weeks and America 's Billboard Top LPs list for six weeks . UK Albums Chart UK Albums Chart,"Revolver reached number 1 on the Billboard Top LPs chart on September 10, 1966, and stayed at the top for six weeks in the US in 1966, as confirmed by multiple sources including Wikipedia and Beatles music history sites. Sources: Revolver (Beatles album) (https://en.wikipedia.org/wiki/Revolver_(Beatles_album)); Revolver - Beatles Music History (http://www.beatlesebooks.com/revolver)","FALSE. The Beatles' album ""Revolver"" was released in August 1966, not 1965. It did top the Billboard Top LP's chart, but not in 1965.","FALSE. Revolver was released in August 1966 and topped the US Billboard Top LPs chart for six weeks in 1966, not 1965."
226153,Richard Dawkins has been awarded prestigious film awards.,True,False,False,False,"Richard_Dawkins#16: Dawkins has been awarded many prestigious academic and writing awards and he makes regular television , radio and Internet appearances , predominantly discussing his books , his atheism , and his ideas and opinions as a public intellectual . public intellectual public intellectual","Richard Dawkins has not been awarded prestigious film awards; rather, the Richard Dawkins Award is named after him and given to others for contributions to secularism and rationalism, but Dawkins himself is not noted as a recipient of film awards. Sources: 2020 Richard Dawkins Award Presentation to Javed Akhtar - YouTube (https://www.youtube.com/watch?v=iW5mkh6Jbtw); The Richard Dawkins Award - Atheist Alliance of America (https://kgujosxe.elementor.cloud/the-richard-dawkins-award/)","FALSE. Richard Dawkins is primarily known as an evolutionary biologist, author, and public intellectual. He has not been awarded prestigious film awards. His work is mainly in the fields of science and literature, not film.","FALSE. Richard Dawkins is a biologist and author, not a filmmaker. While a TV series he presented (The Genius of Charles Darwin) won a BAFTA Television Award (Best Specialist Factual, 2009), that’s a television award and is credited to the production, not a personal “prestigious film award” like an Oscar or BAFTA Film Award. Uncertainty: low."
229303,A working animal is trained to perform tasks.,True,True,True,False,"Working_animal#0: A working animal is an animal , usually domesticated , that is kept by humans and trained to perform tasks . domesticated domestication trained animal training","A working animal is defined as an animal that has undergone purposeful training to perform specific tasks for human benefit, as supported by multiple sources including enviroliteracy.org and study.com. Sources: What defines a working animal? (https://enviroliteracy.org/what-defines-a-working-animal/); Working Animals | Types & Examples - Lesson (https://study.com/academy/lesson/working-animals-in-human-society.html)","TRUE. A working animal is indeed trained to perform specific tasks. These tasks can include herding, guarding, pulling loads, or assisting individuals with disabilities, among others. The training allows the animal to effectively carry out its designated roles.","FALSE. Many working animals are trained (e.g., service dogs, police horses), but not all. Some perform useful tasks with little or no formal training, such as barn cats controlling rodents or guard geese alerting to intruders."
